video_id,summary,category
7349900395843472672,"A man in a suit and tie is being interviewed by another man in a suit and tie. The man in the suit and tie is holding a microphone with the logo of the channel ""heute.de"" on it. The man being interviewed is wearing a cap with the Russian flag on it. The background shows a crowd of people and a building.",Politics
7326597898358066465,"The video is a humorous comparison between a person's reaction to their cat's behavior and the reaction of a smartphone. The video is divided into two parts, each showing a different reaction.

In the first part, the person is shown in a room with a cat sitting on a bed. The person is holding a smartphone and looking at it with a surprised expression. The text on the screen reads ""Pov: Les appels avec mon chachet qui n'a jamais fait deja demeurer."" This translates to ""Pov: The calls with my cat who has never stayed in bed before.""

In the second part, the person is shown in",7. Pets & Animals
7302484543691328810,"The video is a series of black screens with white text. The text reads ""EMERGENCY RELIEF DISTRICT OCTOBER 1TH, 2023. Stop the killing. Stop hate. Time to donate."" The text is repeated multiple times throughout the video. The video does not contain any other visual elements or audio.",1. News
7339991555408694561,"The video shows a person in a store, holding a brown hoodie with the word ""Balea"" on it. The person is pointing at different products on the shelves, which are labeled with prices and product names. The products are displayed in a variety of colors and sizes, and the person seems to be discussing the best-selling products from Balea. The video focuses on the Balea products, including the Vital Augencreme, Aqua Augen Roll-On, belebende Augenpflege, Vital Plus straffende Augencreme, and Q10 Anti-Falten Augencreme. The person is seen pointing at the",Beauty Care
7351403366368546081,"The video showcases a series of events where a group of humans, referred to as ""tributes,"" are sent to an intergalactic battle royale. Initially, the humans are overwhelmed by the aliens, who are superior in numbers and weaponry. However, the humans manage to adapt and evolve, using their own weapons and tactics to counter the aliens' advantages. Despite the odds, the humans continue to fight, eventually overcoming the aliens and emerging victorious. The video highlights the resilience and determination of the humans, who are able to overcome the challenges posed by the aliens and emerge as the victors.",1. Entertainment & Shows
7380379588242804001,A person is lying in bed with a pink pillow behind them. They are wearing a black shirt with blue writing on it. The person is making a peace sign with their fingers.,Politics
7291005324717313313,"The video features two women standing in front of a large building with a body of water in the background. The woman in the pink coat is speaking, while the woman in the green dress is listening. The video discusses the rise of the anti-immigration party AfD in Germany and its impact on the new citizenship rules. The video also mentions the Bundesrat, the German upper house of parliament, and its inability to block the law. The video concludes with the woman in the pink coat expressing her commitment to keeping the viewer updated on the situation.",Politics
7184540937974975786,"The video shows a person in a car, wearing a black tank top and white headphones around their neck. They are holding a small container of a brow lift product and a spoolie brush. The person demonstrates the product by applying it to their eyebrows and then using the spoolie brush to shape and lift their eyebrows. The video also includes text overlays that read ""e.l.f brow lift review"" and ""So I literally been seeing this all over TikTok so I had to try it I ran to Alto to get the brow lift clear by ALF for like $10. I lied it's $6 so even better. We're gonna see what the hype",Beauty Care
7343334803665603883,"The video features a woman with long, wavy hair, wearing a dark sweater and multiple necklaces, sitting in front of a cosmic-themed background. She is holding a makeup brush and appears to be speaking or presenting something. The text ""TikTok BAN TOMORROW"" is displayed at the top of the screen, indicating that the video is related to a potential ban on TikTok. The woman is seen gesturing with her hands and holding the makeup brush, suggesting she is explaining or demonstrating something related to makeup or beauty. The video also includes text overlays that provide additional information about the potential ban on TikTok and the importance of the issue. The",Science & Technology
7343662075299761440,"The video begins with a person wearing a pink sweater with a black bow tie, standing in a room with a white wall and a shelf in the background. The person is looking at the camera with a serious expression. The scene then transitions to a close-up of a person with long blonde hair, wearing a white shirt with a red tie, standing in a dimly lit room with a green hue. The person appears to be in a state of shock or fear. The video then cuts back to the person in the pink sweater, who is now looking at the camera with a more relaxed expression. The final frame shows the person in the pink sweater with a black bow tie,",1. News
7394913119375527210,"A person wearing a camouflage cap and a gray shirt is speaking in front of a plain wall. They are making hand gestures and moving their head slightly. The background includes a wooden shelf with various items on it, and a green bottle is visible on the shelf. The person continues to speak, using hand gestures to emphasize their points.",Politics
7327439802637307178,"The video features a person in a camouflage hoodie standing next to a white Chevrolet Silverado truck. The person is pointing at the truck and talking about its features. The video also includes text overlays that read ""This is the CHEPAEST Brand New Truck You Can Buy Today *2024 Chevy W/T* part 2"" and ""This is the CHEPAEST Brand New Truck You Can Buy Today *2024 Chevy W/T* part 1."" The person is also seen pointing at the truck's wheels and talking about its features. The video concludes with the person standing next to the truck, talking about its features",Sports
7296461109572275488,"The video features a series of interviews with Trump supporters who express their disagreement with Trump on the issue of unions. The interviews take place in various settings, including outdoors and in a parking lot, and the participants are seen wearing red hats with the ""Make America Great Again"" slogan and red shirts with the ""Trump"" logo. The participants express their views on the importance of unions, with one participant stating that Trump supports unions and another participant expressing that Trump does not support unions. The participants also discuss the impact of Trump's policies on unions, with one participant stating that Trump's policies have led to the destruction of union jobs. The video concludes with the participants moving on from the interview, with one",Politics
7385384197864557855,"The video features a series of images from a debate between two men, one in a suit and the other in a suit with a blue tie. The background is blue with the CNN logo. The text overlay reads ""My favorite prt of the debate wasa-hitting whoever wasn't talking."" The images show the men speaking at a podium, with the man in the suit with a blue tie gesturing with his hands. The man in the suit with a red tie is seen speaking into a microphone. The video appears to be a compilation of clips from a debate, with the text overlay suggesting a humorous or critical take on the debate format.",Politics
7358352976639184146,"The video shows a view from inside a car on a rainy day, with the windshield wipers moving back and forth. The rain is falling heavily, and the car's headlights are on, illuminating the wet road ahead. The road is empty, with no other vehicles visible. The video captures the motion of the car as it drives through the rain, with the windshield wipers occasionally stopping to clear the rain from the windshield. The video also shows a view of the road from the inside of a car, with the windshield wipers moving back and forth. The road is empty, with no other vehicles visible. The video captures the motion of the car as it drives through the",1. News
7371030140370963713,"The video is a series of gameplay clips from the game Overwatch, showcasing various characters and their abilities. The first clip shows a character with blue and green glowing hands, with the text ""overwatch is so broken"" and ""very good"" appearing on the screen. The second clip features a character with a blue and black suit, with the text ""I'm stuck"" and ""hello?"" appearing on the screen. The third clip shows a character with a blue and white suit, with the text ""hello?"" and ""you were eliminated from the game"" appearing on the screen. The fourth clip shows a character with a blue and white suit, with the text ""you were eliminated from the game",Sports
7328941581862473006,"The video begins with a close-up of a fighter jet on a runway, with the word ""HIGH"" in bright yellow letters superimposed over the image. The jet is stationary, and the background is a cloudy sky. The scene then transitions to a different angle, showing the jet in flight with a cargo plane in the background. The jet is seen from a distance, with the cargo plane in the foreground. The jet is then shown in a close-up, with the cargo plane in the background. The jet is seen from a distance, with the cargo plane in the foreground. The jet is then shown in a close-up, with the cargo plane in the background. The jet",1. News
7295860137162591519,"The video features a person wearing a plaid shirt, sitting in front of a blue background. The person is speaking and the text overlays the video with various statements about the actions of Israel and Palestine. The text mentions that Israel and Palestine are often seen as the perpetrators of atrocities, but the person argues that these actions are often justified by the actions of the other side. The person also mentions that the actions of Israel and Palestine are often justified by the actions of the other side, and that these actions are often justified by the actions of the other side. The person also mentions that the actions of Israel and Palestine are often justified by the actions of the other side, and that these actions are often",Politics
7407540452611640606,The video shows a man in a blue shirt and black gloves sitting at a desk in an office. He is wearing a black mask and has a serious expression on his face. The man is holding a passport and appears to be speaking to someone off-camera. The background of the video is a white wall with a door. The man is seen holding a passport and speaking to someone off-camera. The video ends with the man continuing to speak to someone off-camera.,Travel & Events
7372987016914455841,"The video shows a cricket match between Pakistan and England. The players are wearing different colored uniforms, with the Pakistan team in orange and the England team in green. The match is taking place in a large stadium with a crowd of spectators. The players are seen running and playing the game.",Sports
7366561209996332320,The video shows a person with long black hair wearing a white shirt. The person is sitting in a room with a yellow wall and a black TV in the background. The person is holding a blue object in their hand and appears to be talking or explaining something. The person's nails are painted white and they are wearing a gold watch on their left wrist. The person's hair is straight and falls over their shoulders. The person is making hand gestures while talking.,Entertainment & Shows
7334130841016274222,"The video features a black sports car parked in a parking lot. The car is sleek and has a low profile, with a prominent front grille and large alloy wheels. The background of the video is a mix of greenery and trees, with a clear sky overhead. The text overlay on the video reads, ""I don't reverse park to look cool, a mf ust can't park forward..."" This suggests that the person filming the video is frustrated with their friends' behavior, as they are not able to park their cars properly. The video also includes a meme with the text, ""All my friends are dead, leave them in the cold, put them in the tundra I go great",1. News
7380389929790033185,"The video features a romantic dance between two characters in a dark, dramatic setting. The male character, dressed in a blue and brown outfit, is holding the female character, who is wearing a white dress, in a close embrace. The dance is performed in a spotlight, highlighting the intensity of their connection. The male character's movements are fluid and graceful, while the female character's movements are more reserved and elegant. The background is dark and moody, with a hint of a castle or building structure visible. The video ends with the male character and female character still in their embrace, with the male character's hand gently resting on the female character's head.",Sports
7343754603927850245,"The video is a series of images that appear to be from a protest or rally, with people holding signs and flags. The images are overlaid with text that reads ""FREE PALESTINE"" and ""Remember, you can post one video each day using this filter and it will still count. So, if you post once every Monday, Tuesday, Wednesday, private or public, it will count as three quotes."" The images show people in various poses, some holding signs and others holding flags. The colors in the images are mostly red, white, and black, with the flags being green, white, and black.",Politics
7357827492289465646,"The video features a person wearing a white t-shirt with a cartoon character on it. The person is standing in a room with shelves and a refrigerator in the background. The person is making various hand gestures and movements, possibly expressing frustration or frustration with the idea of eating. The text on the screen changes throughout the video, indicating different thoughts and emotions. The person seems to be talking about the inconvenience of grocery shopping, cooking, and eating, and how they would prefer not to do any of these things. The person also mentions that they have ADHD and that feeding themselves is hard for them. The video ends with the person saying they are over it and don't want to do any of these things",Entertainment & Shows
7366736772253977889,"The video is a series of clips that discuss the potential impact of rising sea levels on the country of Tuvalu, a small island nation in the Pacific. The video begins with an aerial view of Tuvalu, showing its small size and the surrounding ocean. It then shows a map of the Pacific, highlighting Tuvalu's location. The video then shows footage of the sea level rising, with the text ""The sea level in Tuvalu is now 15 cm higher than it was 30 years ago."" It then shows footage of the sea level rising even higher, with the text ""If Tuvalu vanishes, its people will flee and its government fears it may",Politics
7342750088902511915,"The video shows a person standing in a bathroom, taking a selfie with a phone. The person is wearing a black t-shirt and black shorts. The bathroom has a tiled wall with blue and yellow stripes, and there is a mirror above a sink. The person is holding a colorful phone case with a floral design.",1. News
7325461211653492010,"The video shows a person wearing a purple hoodie with the word ""Champion"" written on it. The person is standing in front of a white wall and a wooden door. The person is talking to the camera and gesturing with their hands. The person is also seen adjusting their hair and looking at the camera. The video ends with the person still talking to the camera and gesturing with their hands.",Entertainment & Shows
7363144949442825518,"The video features a person with long blonde hair, wearing a black shirt with a graphic design, standing in a room with a door in the background. The person is speaking, and the text overlay on the screen reads, ""why is finding a girl friend no im not trying to fall in love with, im trying to fall in love with her."" The person appears to be expressing a desire to form a romantic connection with someone, but not necessarily a romantic relationship. The video does not contain any other discernible objects or actions.",1. Entertainment & Shows
7375972216707484960,"The video features a man in a white shirt standing in front of a screen displaying a list of Labour's policy steps for change. The man gestures towards the screen as he speaks, and the text on the screen changes to reflect the policy steps being discussed. The video concludes with the man standing in front of the screen, with the text ""Thanks for the plug Rishi"" displayed at the top of the screen.",Politics
7363604482355137799,"A woman is standing in a kitchen, holding a large box. She is talking to the camera and showing the box to the viewer. The box is filled with various items, including a large white bag and a black bag. The woman is then seen sitting at a table, using a tablet to search for a product. She finds a product on a website and purchases it. The video ends with the woman standing in front of a mirror, holding the large box.",Entertainment & Shows
7341253553245408558,"The video features a woman in a light blue shirt with a floral pattern, speaking directly to the camera. She is in a well-lit room with a window in the background. The woman discusses her family's financial situation, mentioning that she bought a house for her entire family, but who's paying for it. She expresses her frustration with her brothers not moving out when she and her husband want to have babies. The woman also shares her family's immigration story and her goal to take care of her family. She mentions that she expects her brothers to pay rent, but she will be the one to take care of them. The video ends with the woman expressing her gratitude for being able to take care",1. News
7346960504490937642,"The video starts with a woman lying on a bed, wearing a white tank top and a necklace. She is holding a phone and looking at it. The scene transitions to a black and white image of a car driving down a road, with a woman in a white dress sitting in the back seat. The car is a classic model with a convertible top. The video then shows a close-up of a woman's hand with a ring on it, followed by a man and a woman sitting in a convertible car. The man is wearing a suit, and the woman is wearing a white dress. The video then shows a man and a woman standing on a boat, with the man in a",Entertainment & Shows
7203774185322188037,"The video begins with a person standing in front of a door with a sign that reads ""A STUDENT'S HOME."" The person is wearing a black shirt and gray pants. The door is open, and the person is holding a piece of paper. The person then walks into the room and sits down at a desk. The desk is cluttered with papers and a computer monitor. The person appears to be working on something, possibly studying or working on a project. The video then shows the person standing in front of a door with a sign that reads ""Vor der Abschlussprüfung."" The person is wearing a blue shirt and gray pants. The door is open",1. Entertainment & Shows
7324373228028300577,"The video is a series of humorous and relatable scenarios that highlight the challenges and frustrations of working in finance. It starts with a man walking down a street at night, followed by a scene of a man in a suit and tie in a subway, and ends with a man in a bed reading a book. The video also includes scenes of a man in a suit and tie walking down a street at night, a man in a suit and tie in a subway, and a man in a bed reading a book. The video also includes scenes of a man in a suit and tie walking down a street at night, a man in a suit and tie in a subway, and a man in a bed reading",Entertainment & Shows
7404376866108312865,"The video is a compilation of various scenes showing the aftermath of a military operation in Kursk, Russia. It begins with a chaotic scene of people running and being escorted by police officers, indicating a recent conflict. The footage then transitions to a more serene setting where a man in a denim jacket is speaking to the camera, suggesting a shift in perspective from the chaos to a more reflective tone. The narrative continues with a woman in a white shirt standing in front of a building, possibly a government or public building, and a man in a patterned jacket speaking to the camera, indicating a continuation of the reflective tone. The video then shows a woman in a blue shirt standing in front of a",Politics
7379002112652660014,"The video features a person wearing a white shirt with a graphic design, standing in front of a window with blinds. The person is holding a necklace with the name ""RITANA"" written on it. The necklace is displayed on a white card with the text ""Fashion Jewelry"" and a logo. The person appears to be expressing gratitude to someone named Sarah, as indicated by the text on the card. The video concludes with a close-up of the necklace on the card, emphasizing the name ""RITANA"".",1. News
7394618529569344811,"The video features a series of scenes showing different individuals, including a woman in a suit and a man in a suit, speaking at podiums. The woman is identified as Vice President Kamala Harris, and the man is identified as President Joe Biden. The video also includes text overlays and graphics that provide context and information about the events being depicted. The video is set in a formal setting, with the individuals speaking at podiums in front of a backdrop with American flags and other symbols. The video also includes a graphic that shows President Biden calling into a meeting with Vice President Harris, and another graphic that shows President Biden thanking campaign staff for their work. The video concludes with a graphic that shows",Politics
7366286242406829345,A man in a grey hoodie and black shorts is standing in front of a DJ controller. He is playing music on the controller.,"Music, Singing, & Dancing"
7325205573941710111,"A person is sitting in a room with a black dresser and a mirror in the background. They are wearing a black t-shirt with a picture of a man on it. The person is talking to the camera and making hand gestures. The text on the screen reads ""Reply to Lisa Mae's comment hanging around for the ghost hunting"" and ""30. Haid it reoccuring for 2 years I decided to eliminate it."" The person continues to talk and make hand gestures, and the text on the screen changes to ""this is take two..."" and ""let me slow it down."" The person continues to talk and make hand gestures, and the text on the screen changes to",Science & Technology
7352304151897951521,"The video begins with a person standing in a living room, wearing a black shirt and red pants. The room is well-lit with large windows and a chandelier. The person is holding a pair of shoes and appears to be talking to the camera. The scene then transitions to the same person sitting on a couch, wearing a black shirt and red pants. The person is holding a pair of shoes and appears to be talking to the camera. The video then shows the person standing in a different room, wearing a black shirt and red pants. The room is well-lit with large windows and a chandelier. The person is holding a pair of shoes and appears to be talking to the",Comedy
7365063366907333921,"The video showcases a breathtaking view of a city skyline at sunset. The sky is painted with hues of pink, purple, and orange, creating a stunning backdrop for the city's illuminated buildings. The city's lights reflect off the water, adding to the beauty of the scene. The video captures the city from a distance, allowing viewers to appreciate the architectural details and the vibrant colors of the sunset. The video does not contain any text or additional information.",1. News
7346235933882076448,"The video shows a man in a green hoodie and blue jeans using a blue mechanical device to work on a wooden post in a field. He is seen bending over and using the device to work on the post, which is surrounded by a dirt ground and some trees in the background.",1. Sports
7305148019727420718,"The video features a woman with long black hair wearing a white turtleneck and a brown and white fur coat. She is standing in front of a movie poster for the film ""Watcher."" The poster shows a woman with long blonde hair in a dark room. The woman in the video is gesturing with her hands and appears to be talking or explaining something. The background of the video is dark and moody, with a blue light source visible in the upper left corner. The text on the poster reads ""WATCHER"" and ""EVIL WANTS TO BE SEEN."" The video also includes a scene from the movie where a man is seen walking down a dark street",8. Entertainment & Shows
7395252325104766216,"The video begins with a scene from a first-person shooter game, featuring a virtual environment with buildings and a clear sky. The player's perspective is shown, with a score of 0:10 remaining. The scene then transitions to a close-up of a cat's face, with the cat's eyes and mouth open, as if it is looking at something. The cat's face is superimposed onto the game's environment, creating a humorous effect. The cat's face is then replaced with a sniper rifle, and the cat's mouth is replaced with a gun barrel, creating a humorous effect. The cat's face is then replaced with a green helmet, and the cat's",01
7354853011887312160,"The video is a humorous take on a pizza night, featuring a group of people gathered around a table with pizza. The text overlay humorously questions what their favorite pizza toppings are, with the person in the blue hoodie responding with ""pineapple doesn't belong on pizza..."" and ""muppet"" as their favorite topping. The video then shows a close-up of a person eating a pizza with pineapple toppings, with the text ""Why did you eat the whole pineapple pizza?"" appearing on the screen. The person in the blue hoodie is seen eating the pizza, with the text ""Looks like you do like it...pizza..."" appearing on the screen. The video",Entertainment & Shows
7355938811429260550,"The video shows a person wearing headphones and singing along to a song. The lyrics of the song are displayed on the screen, and the person is reacting to the lyrics with various emotions. The video also includes comments from other viewers, some of whom are expressing their enjoyment of the song.","Music, Singing, & Dancing"
7363655590524226862,"The video features a person sitting at a desk with a computer and a cup on it. The person is wearing a dark shirt with the words ""LOVE HOPE CUR"" on it. The background is a blue and purple neon light. The person is talking about Discord and how it has been affected by a shady website that has been scraping the data of over 114 million Discord users. The person also mentions that Discord has changed its terms of services, making it so that users cannot sue them in the case of a class action lawsuit. The person is also talking about a website called spy.pet that has been posting on Telegram about fixes that they are working",News
7337977691611696417,"The video shows a person driving a car, wearing a white sweater and a seatbelt. The person is seen gesturing with their hands and talking to the camera. The car is driving through a city street with buildings and other cars visible through the windows. The person appears to be in a conversation with the camera, possibly discussing the driving experience or expressing frustration.",1. News
7335864619187146016,"The video is a series of maps and images that compare the population and geography of Wyoming and Colorado. It starts with a map of the United States highlighting the states of Wyoming and Colorado, with the text ""Why Wyoming Is 'Epiypt' And Colorado Is Not"" at the top. The video then shows a map of the Rocky Mountains, with the text ""ROCKY MOUNTAINS"" in a red box. It then shows a map of the Yellowstone Plateau, with the text ""Yellowstone's Four Year Une"" in a red box. The video then shows a map of the Rocky Mountains, with the text ""ROCKY MOUNTAINS"" in",Science & Technology
7356565580603870497,"The video features a series of conversations between different individuals, each with their own unique background and context. The first person, dressed in a dark suit, is seen speaking into a microphone, with the text overlay suggesting a discussion about mental health and the Prime Minister's response. The scene transitions to another individual, also in a dark suit, who is engaged in a conversation with a person in a pink outfit, with the text overlay indicating a discussion about the Prime Minister's response to a mental health issue. The conversation continues with the individual in the dark suit speaking into the microphone, with the text overlay suggesting a discussion about the Prime Minister's response to a mental health issue. The video then transitions to a",Politics
7407322364309949728,"The video shows a group of people performing on stage. They are dressed in casual clothing and are dancing energetically. The stage is brightly lit with colorful lights, and the background features a large screen with a blue and pink design. The performers are moving in sync with each other, and the audience can be seen in the foreground, watching the performance. The video also includes a text overlay that reads ""I don't wanna die Before we love, we love, this feeling, babe Cause it's enough, enough, can't be this way Before we love, we love, this feeling, babe I love it, I like it, but I don't wanna die Ooh,","Music, Singing, & Dancing"
7395058028594122014,"The video features a series of individuals in various settings, each with a caption that references a political figure or event. The captions suggest that the individuals are discussing or referencing the political climate and the importance of the election. The video also includes a black screen with the text ""I want to thank you for joining me"" and ""John F. Kennedy Presidential Library and Museum."" The video does not provide any additional context or information about the individuals or the events they are referencing.",Politics
7357035995667107114,"The video shows a woman in a black shirt with a colorful design and a red shirt with a white collar standing in a brightly lit restaurant. She is holding a drink in her hand and appears to be talking to someone off-camera. The background is filled with various items, including a menu board with different drinks listed, a counter with a drink dispenser, and a seating area with tables and chairs. The woman is seen drinking from the drink and then placing it down on the counter. She then stands up and walks away from the counter, leaving the drink behind. The video ends with the woman standing in front of the counter, looking at the drink.",Entertainment & Shows
7322958700291853614,"The video is a compilation of various segments from a news broadcast, featuring different individuals and topics. The segments are set in a studio with a blue background and the Fox News logo visible. The individuals are dressed in formal attire, and the topics discussed include political figures, health care, immigration, and economic issues. The video also includes a graphic with the text ""What was Trump asked about?"" and a list of questions, such as ""What was Trump asked about?"" and ""What was Trump asked about? B. Covid-19, Covid-19, Covid-19, Covid-19, Covid-19, Covid-19, Covid-19, Covid-",Politics
7333721172363922734,"The video shows a man in a blue shirt and khaki pants standing in front of a black Toyota car in a parking lot. He is wearing sunglasses and a blue jacket. The text ""Toyota coulver"" is displayed at the top of the screen, and there are emojis next to the text. The man appears to be dancing or moving around energetically, and the video ends with him still in front of the car.",1. News
7320342127790148907,"The video depicts a series of interactions between a police officer and a group of individuals in a room with blue lockers. The officer, dressed in a police uniform, is seen making various gestures and movements, including pointing, holding a phone, and gesturing towards the camera. The text overlay throughout the video reads ""TYRANT COPS MAKE BIG MISTAKE - Silverthorne Colorado - FBI Amaganset Press,"" indicating that the video is likely a commentary or critique of the actions of the police officers. The video also includes a series of text overlays that provide context and information about the situation, such as the officer's age and the fact that they have never been arrested or",News
7287998089279917345,"The video begins with a person standing outdoors, wearing a dark jacket and a white shirt with a black logo. The person is holding a smartphone and appears to be speaking. The background shows a park with trees and a path. The scene transitions to a close-up of a laptop screen displaying the Amazon website. The text on the screen reads, ""Hallo, amelie,"" and then changes to ""Hallo, amelie,"" followed by ""Hallo, amelie,"" and then ""Hallo, amelie,"" and finally ""Hallo, amelie."" The text then changes to ""Hallo, amelie,"" followed by ""Hallo, amel",1. News
7340766599860849926,"The video shows a man in a military uniform standing at a podium, speaking into a microphone. He is wearing a dark blue uniform with various medals and insignia on the left side of his chest. The background features a large building with the words ""The Pentagon"" and ""Washington"" visible. The man is identified as Patrick Ryder, a U.S. Air Force Brigadier General. The video also includes a caption that reads, ""Well, just to be clear, we have no plans to send U.S. service members to fight in Ukraine. The president has been pretty clear on that, and that continues to be our position. As it relates to providing assistance to Ukraine,",News
7324688586807201070,"The video shows a young woman sitting in a classroom, wearing a white sweater and a beige scarf. She is looking at a piece of paper in front of her. The background shows a window with blinds, a bulletin board with papers and a shelf with books and other items. The text overlay on the video reads ""Special Ed teacher trying to figure out whether their student is crying."" The woman appears to be in a classroom setting, possibly a school or a tutoring environment. The video does not provide any additional context or information about the woman or the situation.",1. News
7195058735914519809,"The video begins with a view of a construction site where a tall building is being demolished. A crane is seen lifting a large piece of the building, which then falls to the ground, causing a massive explosion. The scene shifts to a wider view of the demolition site, showing the partially demolished building and the surrounding area. The video then transitions to an aerial view of the demolition site, where the building is being completely demolished. The debris is seen flying through the air, and the surrounding area is covered in dust and smoke. The video concludes with a view of a tall building being demolished, with the debris flying through the air and the surrounding area covered in dust and smoke.",1. News
7360854136440540459,"The video is a series of scenes from a movie or TV show, featuring a man in a gray shirt and a man in a black leather jacket. The man in the gray shirt is seen in various settings, including a room with a door, a hallway, and an outdoor setting. The man in the black leather jacket is seen in different settings as well, including a room with a staircase and a hallway. The video also includes text overlays with dialogue and captions, such as ""Can I help you?"" and ""This is about you and me doing our best to keep Huel happy."" The video ends with a black screen displaying the word ""HUELL"" in white letters.",1. News
7408631372044111135,The video shows a person with tattoos petting a kitten on a white surface. The kitten is small and has a black and white coat. The person is holding the kitten gently. The video also shows a group of kittens huddled together on a white surface. The kittens are small and have different coat colors. The video ends with a close-up of a kitten with a bandage on its head.,Pets & Animals
7383460841204534534,"The video begins with a close-up of a wooden surface, where a small metal object is placed. A pair of pliers is then used to grip the object, and a hammer is used to strike it, causing it to break. The video then shows a close-up of a metal object being sharpened on a grinding wheel, with sparks flying. Finally, a hand holding a metal object is shown, with the object being sharpened on a grinding wheel.",Science & Technology
7340748820130647326,"The video shows a group of people sitting at a table in an office setting, discussing the new $20 minimum wage law in California. One person is holding a sandwich and appears to be asking questions about the exemption for fast food chains that have bakeries. The video also includes text overlays that provide additional information about the topic.",Politics
7289539647825382698,"The video features a woman in a kitchen, wearing a peach-colored shirt with a floral pattern and dark blue shorts. She is dancing energetically, moving her arms and body in various directions. The kitchen is well-lit, with a white countertop and cabinets in the background. The woman's movements are lively and expressive, with her arms raised and her body swaying to the rhythm of the music. The video does not contain any text or subtitles.",1. News
7390878944012045598,"The video is a series of clips from a gaming session where a person is playing a game called ""Roblox."" The person is dressed in various outfits and is interacting with other players in the game. The game features a virtual environment with a pool, palm trees, and a grand staircase. The person is seen walking around the pool area, interacting with other players, and trying to win the game. The person is also seen in a different outfit in a different game, and the text ""COSPLAY?"" appears on the screen. The person is also seen in a different outfit in a different game, and the text ""THAT'S WHAT I'M TALKING ABO",Sports
7390133152670420266,"The video shows a person wearing a black shirt with a skull design and a necklace with a cross pendant. The person is standing in a room with a wooden dresser and various items on it. The person is wearing hoop earrings and has long hair. The lighting in the room is dim, and there is a red light on the person's forehead. The person appears to be speaking or singing, as indicated by the audio in the caption.",1. News
7373916497896377617,"A person is making a cake. They start by mixing ingredients in a bowl. Then, they pour the batter into a cake pan and place it in the oven. After baking, the cake is decorated with a layer of caramel and a border of biscuits.",Food
7303250453079280927,"The video is a promotional video for an airline pass that allows for four round-trip tickets to various destinations, including Tahiti, Paris, Auckland, and Tokyo. The pass costs $1,525 and is available for purchase through a reservation center. The video emphasizes the cost of the pass and the limited availability of the tickets. The video also includes a call to action for viewers to purchase the pass before it sells out.",Travel & Events
7330776298576514347,"The video features two individuals sitting at a table with a large, colorful, and interactive game board in front of them. The game board has a large wheel with different colored sections, each labeled with a word or phrase. The individuals are engaged in a game where they spin the wheel and choose which word or phrase they think is more important or useful. The words and phrases on the wheel include ""Onomatopoeia,"" ""Nice, let's go,"" ""Useful body part,"" ""Eyes,"" ""Eyes,"" ""The Beatles,"" ""The Eagles,"" and ""Fad."" The individuals take turns spinning the wheel and selecting a word or phrase, with the person on",Science & Technology
7386716685945900320,"The video shows a man in a suit and tie standing in front of a crowd of people. He is holding a pair of glasses and appears to be talking to someone off-camera. The crowd is cheering and waving their hands, indicating that they are excited about something. The man in the suit is then seen walking away from the crowd, and the video ends with him standing alone in front of the crowd.",Sports
7390820226562084139,"The video is a humorous take on a rainy day scenario where a group of anthropomorphic animal characters are trying to find a lost item. The video starts with a group of characters standing under an umbrella in the rain, looking for something. One of the characters, a brown bear, is holding a purple umbrella and talking to the others. The text on the screen reads ""When you're just trying to have a brasummer."" The bear then says, ""Little did I know, I was swimming with a pack of thieves."" The other characters look at the bear with concern. The bear then says, ""Calm down, DW. Someone probably put it in the lost and found. We'll",Film & Animation
7361435694725696810,"The video is a series of tweets from a person who is addressing the audience at a live show. The tweets are written in a conversational style and express the person's thoughts and feelings about the show and the audience. The tweets are written in a mix of English and Spanish, with some of the words and phrases being in Spanish. The tweets are written in a casual and informal style, and the person seems to be addressing the audience directly, as if they are in the same room as them. The tweets also seem to be addressing the audience's behavior and attitudes, and the person seems to be trying to encourage the audience to behave in a certain way. The tweets also seem to be addressing the audience",Entertainment & Shows
7317028968568343850,"The video is a series of humorous and instructional clips demonstrating various ways to talk to girls. The first clip shows a person using a tool to cut a piece of wood, with the text ""how do I talk to girls I'm shy?"" displayed at the top. The person then uses a different tool to cut a piece of wood, with the text ""I'll give you guys the best advice"" at the top. The next clip shows a person using a pair of pliers to cut a piece of wood, with the text ""if you wanna"" at the top. The person then uses a different tool to cut a piece of wood, with the text ""to girls"" at the top",Comedy
7393735339996712225,"The video features a person wearing a white and blue striped shirt with a blue collar, standing in front of a door. The person is holding a phone and appears to be speaking or reacting to something. The background is a plain wall with a door visible. The person is wearing a watch on their left wrist. The video includes text overlays in French, which appear to be part of a conversation or a message. The text reads: ""QUAND ON A 11 DE VUE LE \""M\"" VENTE E \""MILLION\"" MAISQUAND ON A 1 K DE VUE, SE L'ELLE K \""VIENT DE QUE MO\""? �",Sports
7286953369133174062,"The video shows a man in a yellow shirt and black pants standing on a sidewalk next to a road. He is holding onto a large, black and white parachute. The background features a mountainous landscape with trees and buildings. The man begins to run towards the camera, and as he gets closer, the parachute starts to inflate. The man then jumps off the sidewalk and into the air, with the parachute fully inflated. He floats in the air, and the parachute billows out behind him. The video ends with the man still floating in the air, with the parachute still billowing out behind him.",Sports
7210197949433892142,"The video showcases a picturesque beach scene with a clear blue sky and calm ocean waters. The beach is bustling with people enjoying the sunny weather, with some lying on beach chairs and others walking along the shore. The beach is lined with umbrellas and beach towels, indicating a popular spot for relaxation and sunbathing. The video is overlaid with text in Italian, providing a list of the beach's favorite attributes, such as its ""iconic and icy"" feel, its ""reasonable"" food options, and its ""delicious"" umbrellas. The text also mentions the beach's ""great peachy bellies"" and its ""reasonable"" prices. The video concludes with a",Favorite beach in Capri
7317451980497046826,"The video is a compilation of morbid facts about the Church of Scientology. It features a series of images of people associated with the church, including the wife of Scientology leader David Miscavige, Lisa McPherson, and Charles Manson. The video also includes quotes from former Scientologists and critics of the church, such as Leah Remini and L. Ron Hubbard's own son. The quotes suggest that the church has a history of abuse, death, and controversy. The video is presented in a collage format, with each image accompanied by a caption that provides additional information about the person or event. The overall tone of the video is serious and somber, reflecting the dark",Science & Technology
7346304747646848288,"A group of people are shopping in a grocery store. They are looking at the shelves and picking out items. One person is wearing a blue jacket and is looking at the shelves. Another person is wearing a black jacket and is also looking at the shelves. There are boxes of food on the shelves, including a box of Cheerios. The people are talking to each other and laughing.",Entertainment & Shows
7357381570371603717,"The video shows a group of people dancing in a room. One person is wearing a white shirt and brown boots, while another is wearing a black and white patterned dress. The person in the white shirt is dancing with the person in the black and white dress. The person in the white shirt is also dancing with another person in a white dress. The person in the white shirt is dancing with a person in a white dress. The person in the white shirt is dancing with a person in a white dress. The person in the white shirt is dancing with a person in a white dress. The person in the white shirt is dancing with a person in a white dress. The person in the white shirt is",1. Entertainment & Shows
7319635608945675528,"The video features a young man performing a dance routine on a stage. He is dressed in a white sweatshirt with a graphic design, black and white striped pants, and red sneakers. The stage is dimly lit with purple lighting, and there is a small audience seated in the background. The dancer's movements are fluid and energetic, with a variety of poses and gestures that suggest a choreographed routine. The video captures the dancer's performance from different angles, including close-ups and wider shots that show the audience and the stage setting.",Dance
7288048371019926814,"The video shows a woman standing outside in a cold environment, wearing a white shirt. She is holding a thermometer and appears to be checking the temperature. The background is a wooden deck with a white railing. The woman is wearing a nose ring and has long, dark hair. The video also includes text overlays that read ""Ready to the cow your mom's comment"" and ""I feel like she's just in a freezing room."" The woman is seen adjusting her hair and looking at the thermometer.",1. News
7302492057975688490,"The video features a person wearing a tie-dye tank top with a watermelon pattern. The person is standing in front of a white wall with a ceiling fan. The person is wearing a pair of sunglasses on their head. The video includes text overlays that read ""From the river to the sea"" and ""From the river to the sea."" The video also includes a logo for the Filter Creator Fund, which is a non-profit organization that supports Palestine.",1. News
7289320054347468078,"The video features a person sitting at a desk, typing on a laptop. The background includes a painting with a sunset-like color scheme. The person is wearing a dark shirt and has short, light-colored hair. Throughout the video, the text on the screen changes to provide different information. Initially, the text reads, ""Hakeem Jeffries will expel the head of the Republican Party."" Later, the text changes to, ""Hakeem Jeffries will expel the head of the Republican Party and then he will be replaced by a Democrat."" The person continues typing on the laptop, and the text remains the same throughout the video. The video does not show any significant changes in the person",Entertainment & Shows
7346011922946510126,"The video starts with a person wearing a beige hoodie and a backpack, standing outdoors with trees and a street in the background. The person is wearing sunglasses and has a backpack on their back. The scene transitions to a news article from NBC News, which discusses RFK Jr.'s consideration of Aaron Rodgers as his vice presidential running mate. The article mentions that Rodgers has no governing experience and is a former professional athlete. The video then shows a screenshot of a CNN article about RFK Jr.'s VP prospect, mentioning Rodgers' involvement in conspiracy theories. The video concludes with a person wearing a beige hoodie and a backpack, standing indoors with a plain background.",Politics
7366304208150121774,"The video features a series of individuals making heart shapes with their hands in front of their faces, with the text ""Millennials try new Gen Z handcart"" appearing at the top of the screen. The individuals are dressed in various outfits, including a red shirt, a red jacket with ""Los Angeles"" written on it, a beige jacket over a graphic t-shirt, and a yellow jacket. The background of the video is a room with a shelf, a plant, and a framed picture. The video also includes text at the bottom of the screen that reads ""Amy 1995"" and ""Christina 1990,"" indicating the years in which the",Entertainment & Shows
7360733570232552710,"The video features a person standing outdoors, holding a large, ornate clock with a black background and gold accents. The clock has Roman numerals and is labeled ""Украина"" (Ukraine). The person is dressed in a black shirt and light blue jeans. The background is a park with trees and a paved path. The video includes text overlays with contact information, including a phone number and email address. The person appears to be showcasing the clock, possibly for sale or as a decorative piece. The video does not contain any audio, as indicated by the audio transcript.","1. Music, Singing, & D"
7369576124948548897,"The video shows a dog wearing a red shirt with a logo on it. The dog is standing in a grassy field and appears to be barking or growling. The text in the video is in Russian and appears to be a translation of the dog's actions. The text reads ""Когда он пытается забыть тысячими с подружками"" which translates to ""When he tries to forget thousands of friends."" The dog's actions are exaggerated and humorous, and the text reinforces the idea that the dog is trying to forget its friends.",7. Pets & Animals
7393839173922327841,"A map of the United States is shown with a blue and red color scheme. The blue color represents the states that voted for Joe Biden, while the red color represents the states that voted for Donald Trump. The map also shows the number of votes each candidate received in each state.",Politics
7388205937036725537,"The video shows a person in a blue and white jacket driving a car. The person is wearing a seatbelt and appears to be talking to the camera. The background is a dark interior of the car, with some equipment visible. The text overlay at the top of the video reads ""POV: Trying to activate my Supacell power"" with emojis of a battery and a lightning bolt. The person seems to be trying to activate something, possibly related to the Supacell power, but the video does not provide any further context or explanation.",1. News
7362611852360174881,"The video begins with a black screen displaying the text ""4TO ЛОВОВЬ выява ПЕРЕСТРЕЛКИ ЯСНОЙ"" in white letters, which translates to ""4TO LOVVY unveils the red lightning"". The scene then transitions to a dark, nighttime setting with a cityscape in the background. A red sports car is seen driving through the city, with the text ""КОТОРИЙ"" (which translates to ""whom"") appearing on the",1. News
7368846954471640362,"A person with long red hair is standing in a kitchen, wearing a black sweatshirt with green text. The person is gesturing with their hands while talking. The kitchen has white cabinets and a light fixture on the ceiling. The person is also wearing glasses.",Comedy
7108772250320473349,"The video showcases various activities and attractions in the Greek island of Paros. It begins with a person standing in front of a scenic view of the island, with the text ""Paros 5 out of the box activities!"" displayed at the top. The person is wearing a red and white striped shirt and appears to be speaking. The video then transitions to a list of activities, each accompanied by a corresponding image. The first activity is to have a meal in the traditional village of Lefkest, followed by a 3.5 kilometer hike on the old Byzantine road to the village of Prodromos. The second activity is to visit the beach of Kalogero, which offers a natural",Travel & Events
7349908267742743854,"The video features a person wearing a red shirt with a black design, speaking into a microphone. The background is a room with shelves containing various items, including what appears to be a framed picture and some books. The person is discussing the legal implications of Donald Trump's actions, specifically his claim of immunity. The video includes text overlays that provide commentary on the topic, with phrases such as ""Trump works against this is legal team in President Trump a Immunity claim!"" and ""Donald Trump has destroyed his immunity claim."" The person also mentions that Trump's actions made the work of his defense team harder and that the case is a matter of legal scholars' opinion. The video concludes with the person",Politics
7273897683918621994,"The video showcases a football game between two teams, one in white and yellow uniforms and the other in maroon and yellow uniforms. The game is played in a stadium filled with spectators, many of whom are wearing red and white. The players are seen running, tackling, and catching the ball. The video also includes scenes of players celebrating, with one player in a white uniform raising his arms in triumph. The video concludes with a close-up of a player in a white uniform, with the text ""@MICHIGANVSUS"" visible in the bottom right corner.",Sports
7374631394108181806,"The video shows a woman standing in front of a bed in a bedroom. She is wearing denim shorts and white sneakers. The bed has a tufted headboard and is made with white sheets and pillows. The woman appears to be talking about packing because her spouse was brought to the USA at age 4. She mentions that her DREAMER age 19 got married in 2017, and her daughter left the USA for her husband's job in Mexico in 2020. She also mentions that she and her daughter lived in the USA for a year and a half, and then they moved to Mexico. The woman is standing in front of the bed",Entertainment & Shows
7285324334934035745,"The video shows a man in a black shirt and jeans bending over a machine in a gym. He is surrounded by people, some of whom are watching him. The man is holding a device in his hand, which appears to be a pregnancy test. The people in the background are standing and watching the man, some of them are smiling and clapping. The man is looking down at the device, and it appears that he is checking the results of the pregnancy test.",1. News
7374137745364602155,"The video features a woman in a pink jacket and a man in a black shirt inside a car. The woman is speaking, and the man is listening attentively. The text overlay on the video reads ""Mom - Date someone who wants you... Not my type."" This suggests that the woman is giving advice to the man about dating someone who is interested in him. The video does not show any specific actions or movements of the characters, but the woman appears to be speaking directly to the man.",1. News
7345205332383108394,"The video shows a series of scenes depicting the situation in Haiti after the U.S. Marines deployed there to airlift U.S. embassy staff out of the country. The video also highlights the government's loss of credibility and power, leading to the overrun of Haiti's capital by gangs. The government has ruled out using troops to restore order, and the U.S. has called on the Prime Minister to commit to a transitional government and set up elections. The U.S. has also agreed to finance the deployment of a thousand Kenya police officers, but the plan continues to be delayed. Meanwhile, the U.S. has called on the Prime Minister to commit to a transitional government",1. News
7335427690708651272,"The video features a person standing on a city street, wearing a light-colored vest over a white shirt and blue jeans. They are holding a microphone and speaking to the camera. The background shows a busy street with people walking by. The person is seen gesturing with their hands while talking, and the text on the screen changes as they speak, indicating that they are discussing various aspects of Korean culture and society. The video concludes with the person standing alone, looking at the camera with a serious expression.",1. News
7366011789085035809,"A man in a suit and tie is standing at a podium, speaking into a microphone. He is holding a cane in his hand. There is another man standing next to him, also in a suit and tie. The background is blue and white, with a large screen behind them. The man at the podium is talking about the importance of the German people and their role in the country. He is also talking about the future of Germany and the need for unity and cooperation.",Politics
7383627859803393313,"The video shows a man sitting at a desk in an office, wearing a white shirt and a watch. He is talking to the camera and using hand gestures to emphasize his points. The background is a typical office setting with a computer monitor and other office supplies visible. The man is discussing various topics, including the importance of a certain topic, the need for a certain topic, and the content of a certain topic. He also mentions that he is not the only one who knows about the topic and that he is not the only one who is talking about it.",Sports
7362157037511396613,"A woman is unpacking a large box of beauty products from a shipping box. She is sitting on the floor in a living room, surrounded by several other boxes and products. She is wearing a black shirt and white socks. The products include various skincare items, such as bottles and boxes, as well as hair care products. The woman is holding a bottle of lotion and a box of hair care products. She is also holding a bottle of hair care product and a box of skincare products. She is holding a bottle of hair care product and a box of skincare products. She is also holding a bottle of hair care product and a box of skincare products. She is holding a bottle of hair care",Beauty Care
7346042702347406638,"The video is a series of scenes showing a person interacting with different women in various settings. The person is seen sitting on a rooftop in a city with red-tiled roofs, then in a room with a TV, and later in a snowy forest with a group of dogs. The person is also seen in a barber's chair, in a park with ducks, and in a market. The person is wearing different outfits in each scene, and the text overlays provide context to the interactions. The video ends with the person sitting in a car, looking out the window at a cityscape.",Travel & Events
7362203819721166123,"The video shows a group of children holding signs and protesting in front of a building. The signs read ""Thank you. Thank you. Thank you. Pro-Palestinian protests spread to even more college campuses. The protesters now getting a message of support from the people they're fighting for, the children in Gaza. We love the students of Harvard University. We hear the students of Harvard University. We respect the students of your university. Thank you, the students of Columbia University. We respect you. We hear you. We love you."" The children are wearing different colored shirts and are holding up their signs. The video also shows a woman in a green uniform holding a child in a black jacket",Education
7389277272009690401,"The video begins with a boat navigating through icy waters, with the text ""FIRST MIGRANTS SINCE ELECTION"" displayed. The scene transitions to a dock where a large white and orange boat named ""BF HURRICANE"" is being unloaded, with the text ""Dover"" indicating the location. The boat is shown being loaded with cargo, and the text ""A Border Force vessel arrived in Dover after picking up migrants from the English Channel"" provides context. The video then shows the boat being loaded with cargo, with the text ""New home secretary, Vete Cooper, is currently the Border Security command is currently securing the Border"" providing context. The video",News
7315533802409839914,"The video features a person with long blonde hair, wearing a dark jacket, standing in a room with a plant in the background. The person is seen gesturing with their hands while speaking, and the text on the screen changes throughout the video to convey different messages. The text includes phrases such as ""Bill Maher a well-known Islamophobe,"" ""and he completely glosses over the fact that that territory is under Israeli occupation and has been for decades now,"" and ""he doesn't mention that it is routine for Israeli settlers to spit on Christians in Jerusalem."" The person also mentions that the site where Jesus was born, Bethlehem in occupied Palestine, is now overwhelmingly Muslim, and that it",Politics
7355525427160452385,"The video features a woman performing on stage, wearing a black outfit and a cowboy hat. She is surrounded by a crowd of people, some of whom are taking pictures or videos. The text overlay on the video reads ""When Beyoncé points at you in the crowd."" The woman is seen singing and dancing, and the crowd is shown reacting to her performance. The video captures the energy and excitement of the live performance.","3. Music, Singing, & D"
7368383778034601249,"The video shows a computer screen with a 3D model of a room. The room has a desk, a chair, and a trash can. The desk has a computer on it. The trash can is labeled ""Recycle Bin."" The computer screen is showing a 3D model of a room. The room has a desk, a chair, and a trash can. The desk has a computer on it. The trash can is labeled ""Recycle Bin."" The computer screen is showing a 3D model of a room. The room has a desk, a chair, and a trash can. The desk has a computer on it. The trash can is labeled ""Recycle Bin.""",1. News
7386720277557742880,"The video showcases a young woman in a blue gymnastics outfit performing a series of gymnastic moves on a green and blue gymnastics mat. She begins by standing on the mat, then proceeds to perform a series of flips and jumps, showcasing her athleticism and skill. The video captures her movements in detail, highlighting her strength and precision. The background features a large audience seated in bleachers, watching the performance intently. The video concludes with the woman standing on the mat, having completed her routine.",Sports
7297944147648924961,"The video showcases the process of making Slow Cooker French Onion Soup. It begins with a close-up of a white ceramic pot filled with sliced onions, followed by the addition of salt, pepper, garlic, and bay leaves. The ingredients are then stirred and cooked on high heat. The soup is then transferred to a slow cooker, where it simmers for 8-10 hours on high. Finally, the soup is served with a slice of bread and cheese, topped with a crispy crust. The video emphasizes the ease and convenience of making this delicious soup, even while working.",Food
7400109280008867114,"The video features a person wearing a white t-shirt with blue and red text that reads ""HARRIS FOR PRESIDENT"" and a gold necklace. The person is sitting on a bed with a white blanket and a black headboard in the background. The person is speaking and gesturing with their hands, emphasizing the importance of checking voter registration status. The video includes text overlays that read ""DEMOCRATS MUST CHECK/VOTER REGISTRATION STATUS"" and ""HARRIS FOR PRESIDENT"" to reinforce the message. The person appears to be discussing the importance of voter registration for Democrats in red or purple states.",Politics
7331415226442730757,"The video showcases a group of individuals performing a choreographed dance routine on a stage. The dancers are dressed in various outfits, including jackets, hats, and colorful clothing. The stage is illuminated with vibrant lighting, and the background features a large screen displaying a colorful design. The dancers move in sync, performing synchronized movements and gestures. The video also includes text overlays in Korean, which provide context to the performance, such as ""아마도 내 수저 덜었네"" (I don't care) and ""아마도 내 수�","Music, Singing, & Dancing"
7307346522234998049,"The video features a woman sitting on a couch, wearing a dark-colored top. She is speaking to the camera, and the text overlay on the screen reads, ""me when someone asks why I love to watch The Kardashians."" The woman appears to be in a casual setting, possibly a living room, and is engaged in a conversation about her love for the show. The video does not contain any additional visual elements or actions beyond the woman speaking and the text overlay.",8. Entertainment & Shows
7362216509206236449,"The video begins with a person holding a package of ""WC FRISCH Spa Moments"" in a store. The person then moves to a shelf stocked with various items, including a pack of ""Jedes Mal"" and a bottle of ""Mein Mann holmmer 7182992922 ckrdk"". The person then moves to a shelf stocked with various items, including a pack of ""Mercan"" and a bottle of ""Tiger"". The person then moves to a shelf stocked with various items, including a pack of ""Mercan"" and a bottle of ""Tiger"". The person then moves to a shelf stocked with various",1. News
7396760829498002720,"A young woman with long, wavy blonde hair is standing in front of a bookshelf filled with books. She is wearing a white tank top and is speaking directly to the camera. The text on the screen is in German and includes phrases like ""warum ich meine Bücher, die ich schon gelesen habe, nicht einfach verleihe oder verkaufe,"" which translates to ""why I don't just give away or sell my books that I have already read."" The woman gestures with her hands as she speaks, emphasizing her points.",Entertainment & Shows
7343145915886193926,"A man and a woman are standing on a cobblestone street at night. The man is wearing a red jacket and blue jeans, while the woman is wearing a black leather jacket and brown pants. They are talking to each other, and the man is holding a microphone. The woman is holding a small brown purse. The background shows a building with a sign that reads ""МУЗЕЙ"" (Museum). The man and the woman are engaged in a conversation, and the man is gesturing with his hands. The woman is listening attentively to the man. The man is holding a microphone and appears to be interviewing the woman. The woman is wearing a black",Entertainment & Shows
7368596585594359083,"The video is a news report about the German far-right party Alternative for Germany (AfD). It discusses the party's history, its radicalization, and its current status as a potential extremist threat. The video also mentions a recent court decision that upheld a ruling from the lower court, allowing intelligence officers to wiretap party members and recruit informants to monitor the party for extremism. The AfD is currently the second most popular party in Germany and is expected to secure big wins in several eastern states in the upcoming elections. The video encourages viewers to follow for more updates on the AfD's political activities and the ongoing surveillance efforts.",Politics
7395305751469772075,The video shows a woman with long hair sitting in the driver's seat of a car. She is wearing a purple top and a necklace. The video is captioned with a comment from someone who is not visible in the video. The woman is talking to the camera and appears to be making a humorous or satirical point about voting.,Politics
7278695690522348843,"The video is a humorous take on the frustration of people who are mad at Mr. Beast for flying economy class. The video starts with a person in a green hoodie sitting in an airplane, looking at the camera with a surprised expression. The text overlay reads ""PEOPLE ARE MAD AT MR BEAST FOR FLYING ECONOMY? 😂😂😂😂😂😂😂😂😂😂😂😂😂😂😂😂😂😂😂😂😂😂�",Entertainment & Shows
7344030729531067680,"The video features a man in a suit and tie, holding an orange microphone, interviewing another man in a dark suit. They are standing in front of a building with a red sign. The man in the suit is asking questions, and the man in the dark suit is responding. The text on the screen reads ""Fabian Köstr nimmt Politiker HopPart30"" and ""Fabian Köstr nimmt Politiker HopPart30"" repeatedly. The man in the dark suit is also seen holding a microphone with a blue and orange logo. The interview takes place in a busy indoor setting with people walking around. The man in the dark suit",Politics
7395616033127648554,"The video shows a person in a black outfit standing in a room. The person is holding a black bag and appears to be taking a selfie in front of a mirror. The room has a bed with a white blanket and a dresser with a mirror. The person is wearing a black shirt and black pants. The video also includes text overlays that read ""berbine you capsules and you Vag & Stubborn high belly fat was"" and ""berbine you capsules and you Vag & Stubborn high belly fat was.""",1. News
7347525697591725355,"A young man wearing a green shirt stands in front of a bush with red flowers. He is talking to the camera and appears to be explaining something. The text on the screen reads, ""How Zionism is sold to non-Israeli Jews.""",Politics
7376404436505136416,"The video is a humorous take on a traffic warden's interactions with drivers. The warden, dressed in a uniform with a yellow hat and a badge that reads ""Traffic Warden,"" is seen giving tickets to drivers who have parked their vehicles in a designated area. The warden's interactions with the drivers are depicted as humorous, with the warden using exaggerated language and gestures to emphasize the severity of the situation. The video ends with the warden explaining the reason for the ticket and the consequences of not paying it.",Travel & Events
7341059462687509803,"The video is a compilation of various images and text overlays that suggest a narrative about the confinement of Kate Middleton in a tower. The text confirms that Kate Middleton is sedated and locked in a tower, with Camilla Parker being held responsible. The video includes images of Kate Middleton in different outfits, including a red dress, a blue dress, and a black dress, as well as images of Camilla Parker. The video also includes text overlays that suggest the situation is serious and that Kate Middleton is under scrutiny. The video ends with a warning that the situation is ambiguous and that Kate Middleton should be rescued.",1. News
7357877605581802795,"The video is a series of scenes from a video game, likely Roblox, where a character is exploring a virtual environment. The character is seen in various locations, including a dark hallway, a city street, and a park. The character is equipped with a flashlight and is equipped with a gun. The character encounters other characters, some of whom are friendly and others who are hostile. The character is also seen in a virtual store, where they are being chased by another character. The video ends with the character running away from the hostile character.",Gaming
7348220196772990254,"The video is a series of clips showing a person in different settings, including a hotel room, a park, and a subway station, with text overlays providing commentary on the censorship and restrictions in China. The person is using a laptop and a smartphone to access various websites, but is unable to do so due to the Great Firewall of China. The video also includes text overlays discussing the effectiveness of VPNs in China and the lack of freedom of information and expression. The person seems to be trying to convey the message that despite the restrictions, there is still some level of freedom and activity in China, but the government's efforts to control information and access to the internet are significant.",1. News
7323547689201765664,"The video features a person in a garage, wearing a black shirt with a white design and a black cap. The person is speaking and gesturing with their hands, likely discussing the cars they own or are interested in. The background shows a garage with various items, including a green car and a white car. The person mentions five cars from Italy, with the first car being the Ferrari Pro Sangue, a daily driver. The second car is the Ferrari GTC4 Lusso, which is also a daily driver. The third car is the Lamborghini Centenario, which is a supercar. The fourth car is the Ferrari LaFerrari, a hypercar.",Comedy
7388973620116180257,"A man in a suit is giving a speech at a podium. The text on the screen reads ""Jordan Bordeau: Je serai là, pour vous, avec vous, jusqu'à la victoire."" The man is speaking to a crowd of people who are holding French flags and taking photos.",Politics
7392691382218935583,"The video starts with a group of people in white shirts with black designs, standing in a room with a red background. They are holding a black bag with a white logo. The scene then shifts to an airport where a man and a woman are standing in front of a building with a sign that reads ""Welcome to Terminal 4"". The video then shows two men standing in front of a building with a sign that reads ""Welcome to Terminal 4"". The next scene shows a group of people standing in front of a building with a sign that reads ""Welcome to Terminal 4"". The video then shows a group of people standing in front of a building with a sign that reads ""Welcome to Terminal",Sports
7323689375043243269,"The video features a white cat standing on a blue couch in a well-lit room with wooden floors and a chandelier. The cat is holding a small object in its paws, possibly a toy or a treat. The cat appears to be interacting with someone off-camera, as it looks towards the person with a curious expression. The text on the screen reads ""Вам покачиваю карьинкой иконкой"" (I'm making a cat icon for you), suggesting that the cat is being used to create a visual representation of a cat. The cat's body language and facial expressions change throughout the video,",Friends
7383363724628725024,"The video shows a group of people walking down a runway in a large, industrial-looking room. The people are dressed in various outfits, including some in black and others in different colors. The runway is surrounded by a crowd of people sitting on the floor, watching the fashion show.",1. Entertainment & Shows
7339981163756490030,"The video shows a person's hands with long, bright pink nails, which are being painted with a bright pink polish. The person is using a nail polish brush to apply the polish to their nails. The video also shows a nail dryer in the background, which is used to dry the nails after they are painted.",Beauty Care
7318033407785569569,"The video features a man standing next to a red Mercedes-Benz car in a parking lot. The man is wearing a light blue shirt and dark pants. He is talking and gesturing with his hands, possibly explaining something about the car. The background shows a parking structure with multiple levels. The video also includes text overlays that provide information about the car and the man's story. The text overlays read ""Brabus,"" ""created by a guy that was called Mr. Bushman,"" ""Mr. Bushman didn't like the way how his parents treated him,"" ""he parked it in front of their Mercedes shop,"" ""his father told him, listen, you cannot",1. News
7361467847190760750,"The video features a person sitting in front of a wall covered with various posters and decorations. The person is wearing a gray hoodie and is speaking to the camera. The text overlay on the video reads: ""I'm not afraid to admit I'm not afraid to admit I'm not afraid to admit I'm not afraid to admit I'm not afraid to admit I'm not afraid to admit I'm not afraid to admit I'm not afraid to admit I'm not afraid to admit I'm not afraid to admit I'm not afraid to admit I'm not afraid to admit I'm not afraid to admit I'm not afraid to admit I'm not afraid to admit I'm not afraid to admit I'm",Entertainment & Shows
7323131799310306590,"The video is a series of interviews with Jeff Bezos, the founder and CEO of Amazon.com, conducted in various settings, including a store, a hallway, and a kitchen. Bezos is seen speaking to the camera, sharing his thoughts and experiences. The video includes text overlays that provide context and additional information about Bezos' background and accomplishments. The video also features a series of photos of Bezos, including one of him in a suit and tie, and another of him in a blue shirt. The overall tone of the video is informative and humorous, with Bezos' personality and sense of humor being highlighted throughout.",Entertainment & Shows
7353311795374738721,"The video features a person sitting on the floor in a room with a brick wall and a curtain in the background. The individual is wearing a gray hoodie and black pants, and they are holding a phone in their hands. The person appears to be in a state of contemplation or frustration, as indicated by the text overlay on the screen. The text reads: ""Pov: t'es en même temps, tu n'as toujours suivis son carous, mais n'as toujours vu que c'est une façon de faire des choses qui ne sont pas vraiment vraiment vraiment vraiment v",1. News
7329621030023089440,"The video shows a group of people standing in a room, with one person wearing a white hoodie and another wearing a black top. They are posing for a photo together.",1. Entertainment & Shows
7261278269884992795,"The video shows a man and a woman dancing on stage. The man is shirtless and the woman is wearing a white top and shorts. They are surrounded by a crowd of people, some of whom are taking pictures and videos. The stage is lit with red and blue lights, and there are other people on stage, including a man in a suit and a woman in a pink dress. The video ends with a shot of a man and a woman standing in front of a red umbrella.","Music, Singing, & Dancing"
7397527101143878954,"The video shows a series of interactions between a man in a suit and a man in a blue suit in a formal setting, likely a congressional hearing room. The man in the suit is speaking, and the man in the blue suit is listening and responding. The interactions involve questions about the number of Secret Service agents protecting Donald Trump and Joe Biden, and the man in the blue suit is trying to provide a clear and direct answer to the questions. The video also includes text overlays that provide context and additional information about the topic being discussed.",Politics
7353267784886897952,"The video shows two men sitting at a counter in a room. One man is wearing a yellow jacket, and the other is wearing a white hoodie. They are engaged in a conversation, with the man in the yellow jacket gesturing with his hands while speaking. The man in the hoodie listens attentively and occasionally responds. The background features a beige wall and a window with black bars. The video ends with the man in the yellow jacket continuing to speak, while the man in the hoodie remains focused on the conversation.",Entertainment & Shows
7351137146004114693,"The video captures a thrilling moment in a soccer match between Ukraine and Israel. The match is intense, with both teams displaying remarkable skill and determination. The video begins with a close-up of a player in a blue jersey, number 21, who is diving to make a save. The scene then shifts to a player in a yellow jersey, number 8, who is attempting to score a goal. The video captures the player's powerful kick and the resulting goal celebration. The final frames show the player in the blue jersey, number 21, celebrating the goal, while the player in the yellow jersey, number 8, is seen lying on the ground, possibly",5. Sports
7312903813122280746,"The video shows a group of farmers protesting against the draconian regulations against ethm. They are using sprayers to spray the government buildings. The protest is taking place in front of a building with a sign that says ""Farmers in France are rising up against the draconian regulations against ethm. Now they are literally spraying the government buildings."" The protesters are holding signs and chanting slogans. The video also shows a group of people standing in front of a building with a sign that says ""Farmers in France are rising up against the draconian regulations against ethm. Now they are literally spraying the government buildings."" The protesters are holding signs and chanting slogans. The video also shows a",Politics
7357063093962214689,"The video features a person wearing a black jacket with white zippers and a pearl necklace. They are standing in front of a window with blinds and a wall with pictures. The person is speaking German, and the text on the screen reads ""wie ich in die Deutsche abprüfung reiß gehe am."" The person is gesturing with their hands and appears to be explaining something.",1. News
7374800691677629729,"The video features a person standing in front of a large orange truck with the text ""How do you step 4 hours and ovvk15 hours"" displayed at the top. The person is wearing a black shirt and has a microphone clipped to their shirt. The background is a road with trees and a clear sky. The person appears to be speaking or singing, and the video includes multiple instances of the person making hand gestures and moving their arms. The text ""It's in my blood"" is displayed at the bottom of the screen, suggesting a theme of passion or dedication. The video also includes a series of images of the person in different poses, with the text ""MULG",Comedy
7350964297381498154,"The video shows a person rummaging through a pile of trash bins in front of a large, well-manicured hedge. The trash bins are black and blue, and they are filled with various items, including food packaging, clothing, and other household items. The person is seen picking up items from the bins and examining them closely. The video also shows a close-up of a blue recycling bin filled with various items, including a box with a purple lid and a cardboard box with a white label. The video ends with a close-up of a person's hand holding a black object, possibly a tool or a piece of equipment, and examining it closely.",Entertainment & Shows
7405044080729787678,"The video is a series of clips showing a woman in a blue suit standing at a podium, speaking into a microphone. The background is a blue and red striped pattern with stars. The text on the screen reads ""DNC speaker briggugot at copy of Proj:2025"" and ""MCMORROW"" at the bottom. The woman is speaking about the Republican blueprint for a second Trump term, which is a 900-page document. The video also includes text such as ""WHY?"" and ""EXTREME"" at the bottom of the screen.",Politics
7337416931965685034,"The video features a man standing in front of a tree, wearing a plaid shirt. He is talking about the carbon footprint of a tiny rural electric cooperative in eastern Oregon. The video then shows an aerial view of a large data center in the area, with the text ""The Internet company needs huge amounts of electricity to run their computers and cool the hard-working machines."" The man continues to talk about the data center and its impact on the environment. The video ends with a call to action, encouraging viewers to read more at the Oregonian's website.",1. News
7283933352267337002,"The video features a woman in a white t-shirt with the word ""PINK"" on it, wearing a black hair wrap. She is sitting on a couch and talking to the camera. The text ""Mother Gothei but make her Desi"" appears on the screen, suggesting that the woman is a mother who is proud of her daughter's cultural identity. The video then transitions to a woman in a traditional Indian outfit, with intricate jewelry and a headpiece, sitting in a dimly lit room. The video concludes with the woman in the traditional outfit, with the text ""Rapunzel, look at that now. You know what I see? I see a strong, confident,",1. News
7353365116554956074,"The video features a person wearing a colorful jacket with a yellow and purple pattern, standing in front of a disco ball. The background is a vibrant, colorful setting with a grid pattern. The person is smiling and appears to be enjoying themselves. The video then transitions to a framed image of a person in a military uniform, with the same colorful background. The text at the top of the video reads ""YOU ARE MY SUNSHINE BATTLE ROUND OF 16 #4"" and ""2. Chines sunshine."" The video continues to feature the framed image of the person in the military uniform, with the same colorful background. The text at the top of the video remains",Sports
7398943500328242463,A person is making a set of dice with glitter and pink resin. They are using a green mold and a purple mold. They are also using a purple liquid to add color to the resin. The person is wearing blue gloves and is careful not to spill any of the liquids. They are making sure that the resin is evenly distributed in the molds. The person is excited about the results and hopes that the dice will be successful.,Entertainment & Shows
7386453398792441131,"A young woman with long braided hair is sitting on a bed in a bedroom. She is wearing a white t-shirt with the words ""I FEEL GREAT"" printed on it. She is holding a makeup brush and a makeup palette. She is applying makeup to her face and talking to the camera. She is also holding a card with the words ""Blamboni"" and ""Longing Cool Toned Heaven"" printed on it. She is showing the makeup palette to the camera and talking about it.",Beauty Care
7348462120817790240,The video shows a man shopping in a grocery store. He is looking at a shelf of snacks and picking up a box of Cathedral City cheese snacks. He then picks up a box of Dunkin' Donuts cereal and a box of Price Drop cereal. He continues to shop and picks up more boxes of Cathedral City cheese snacks. The video ends with him holding a box of Cathedral City cheese snacks in his hand.,Entertainment & Shows
7360235976494550304,"The video features a series of individuals attempting to jump over a wall in a trampoline park. The first person, wearing a white t-shirt and blue shorts, is seen jumping over the wall. The text ""あなたはないらっち"" (You are not a trampoline) appears on the screen, suggesting a humorous or ironic commentary on the person's attempt. The second person, dressed in black, attempts to jump over the wall but falls short. The third person, also in black, attempts to jump over the wall but falls short. The final person, wearing a white t-shirt and blue shorts, attempts to",bro said sayyaraa
7347591598408043808,"The video showcases various scenes from Sterling, USA, including a map of the United States with ""Random City USA"" written on it, a building with the word ""Sterling"" painted on it, a statue of two people, a historic building, a scenic road, a park, a store, a street with shops, a mountain range, a city street, a tall tower, a lake, and a sunset over the water.",Travel & Events
7310063052341185823,"The video is a compilation of various scenes and statements related to the development and potential use of an invisibility cloak by China. It starts with a person standing in front of a large, transparent sheet, with the text ""not"" appearing on the screen. The scene transitions to a news article about China developing an invisibility cloak, with the text ""China and the development of science that we do not have protection from"" appearing on the screen. The article is titled ""BILBAOHAIR NEWS"" and is dated November 28, 2021.

The video then shows a man in a suit sitting in front of a window, with the text",Science & Technology
7380812058167708960,"The video is a humorous take on the transfer of a football player, Jamal, from England to Germany. It starts with a person in a blue shirt pointing at the screen, which then transitions to a collage of images showing Jamal in different sports uniforms, including a red and white uniform, a black and red uniform, and a blue and white uniform. The text overlay reads ""Germany over England"" and ""Meet Jamal. See Jamal had a problem. Was he English or was he German? See Jamal was born in Germany but he moved to Southampton at age seven after his mum got into the University of Southampton to study. As soon as he arrived he tore up the",Sports
7377701670077205803,"The video shows a person with long hair, wearing a black top and a necklace, in a room with a lamp and a mirror. The person is talking about not wanting to dye their hair pink, but the parasites in them want them to. The person then changes their hair color to red, and the text ""AMBER"" appears on the screen.",1. News
7309888375023045931,"The video features a man wearing a blue jacket with a red and white logo on the front, standing in a workshop with various tools and equipment in the background. The man is speaking, and the text overlays on the screen provide commentary on the situation. The text mentions that the man is using taxpayer dollars to hire additional staff to blur the faces of participants in the January 6th insurrection, and that the Department of Justice already has the unedited videos. The man is also accused of being complicit in the January 6th insurrection. The video concludes with the man continuing to speak, with the text overlay still visible.",Politics
7312875354220285215,"The video features a man in a dark suit and red tie standing in front of a cityscape backdrop. He appears to be delivering a speech or monologue, as indicated by his hand gestures and facial expressions. The video then transitions to a live broadcast of a political event in Coralville, Iowa, where a man in a suit and red tie is speaking at a podium. The broadcast includes a ticker at the bottom of the screen with news headlines and stock market information. The video also includes a graphic showing the Dow Jones Industrial Average at an all-time high, and another graphic showing the stock market with a red arrow pointing to a high point. The video concludes with a graphic showing a",Politics
7283816318883679531,"The video is a series of frames from a video titled ""Things you didn't know about teaching in 2023."" The video features a person with long blonde hair wearing a black shirt with the word ""WAVE"" on it. The person is seen speaking and gesturing with their hands. The background is white with a list of items written in black text. The list includes items such as ""Meetings announced day of,"" ""Students growing up around technology but they literally don't know how to google,"" ""Overstimulated classrooms and lab classrooms are the normal gone are the days where students just do work quietly that doesn't exist anymore,"" and ""Out of 25 students",Education
7317764806767922475,"The video shows a woman and a child in a snowy forest. The woman is wearing a leopard print top and the child is in a blue and white outfit. They are playing with a large metal barrel filled with water. The woman is trying to get the child to jump into the barrel, but the child is hesitant. The woman then uses a black object to stir the water, creating a frothy effect. The child eventually jumps into the barrel, and the woman laughs and claps. The video ends with the woman and child sitting in the barrel, enjoying the water.",Entertainment & Shows
7395290316569382174,"The video features a woman wearing a leopard print top and glasses, standing in front of a blurred background. She is speaking, and the text overlay on the screen provides a detailed explanation of a surprise technique. The woman appears to be explaining the steps involved in the surprise, which involves a combination of surprise, surprise, surprise, surprise, surprise, surprise, surprise, surprise, surprise, surprise, surprise, surprise, surprise, surprise, surprise, surprise, surprise, surprise, surprise, surprise, surprise, surprise, surprise, surprise, surprise, surprise, surprise, surprise, surprise, surprise, surprise, surprise, surprise, surprise, surprise, surprise, surprise, surprise, surprise, surprise, surprise",1. News
7358143601869671685,"The video showcases a breathtaking sunset over the ocean, with the sun casting a warm glow on the water and the sky. The waves gently crash against the shore, creating a serene and peaceful atmosphere. The colors in the sky range from deep oranges and yellows to soft pinks and purples, creating a stunning visual effect. The video captures the beauty of nature and the tranquility of the moment, with no text or subtitles present.",Travel & Events
7366140924629470496,"The video features a woman in a white dress with gold accents walking down a red carpet at an event. The background shows other attendees and photographers. The woman is wearing a long, flowing dress with intricate designs and has long, wavy hair. The video also shows a close-up of the woman's dress, highlighting the detailed embroidery and the flowing fabric. The video includes text overlays asking viewers to guess who the woman is and includes tweets from people who have seen her at the event. The video also shows a woman in a white dress with gold accents sitting next to another woman in a black and white dress.",Entertainment & Shows
7380810864477130016,"The video is a series of images showing a person in a yellow hoodie with a red and black design, standing in front of a large, red, shiny object. The person appears to be in a state of shock or excitement, as indicated by the text ""Can't stop th power *Stops the power*"" displayed on the screen. The background is dark, and the object appears to be a large, shiny, red sphere. The person is wearing a black cap and has long hair. The video seems to be taken at a concert or event, as there are other people visible in the background.",1. News
7346779567639498026,"A young woman with long, wavy hair is standing in front of a white background. She is wearing a black top and has pink hair clips in her hair. She is holding a lipstick and applying it to her lips. She is also wearing a white top. The video is titled ""Pov: you're watching a lip tutorial in 2016"" and shows a woman applying lipstick to her lips.",Beauty Care
7299554274827046187,"The video features a series of individuals discussing the history and identity of Palestine. The first person, wearing a white shirt and headphones, speaks about the history of Palestine, mentioning that it was not a nation before 1948. The second person, wearing a blue shirt, discusses the Palestinian identity and the struggle for independence. The third person, wearing a blue shirt and a beard, speaks about the Palestinian identity and the right to self-determination. The fourth person, wearing a blue shirt, discusses the history of Palestine and the right to self-determination. The fifth person, wearing a blue shirt, discusses the history of Palestine and the right to self-determination. The sixth person, wearing",1. News
7348934489122327841,"The video is a compilation of various scenes from a large public demonstration, likely a protest or rally, with a focus on political and social issues. The footage shows a diverse group of people, including individuals holding signs and banners, engaging in discussions and interactions. The text overlays provide commentary and context to the events, suggesting that the demonstration is related to political issues, such as the Ukraine crisis and the involvement of certain political figures. The video also includes a segment with a man in a dark coat, possibly a news reporter or interviewer, who is asking questions and providing commentary on the events. The overall tone of the video is serious and concerned, with a focus on the political and social implications of",Politics
7282317561864260897,"The video showcases a series of scenes featuring a steam locomotive train, with the text ""Steampunk conversion"" displayed at the bottom of the screen. The train is seen moving along a track, surrounded by lush greenery and trees, with steam billowing from its smokestack. The train is captured from various angles, including a close-up of the train's front and side, and a view from inside the train, where passengers can be seen enjoying the ride. The video also features a close-up of a steampunk-style throne, a collection of steampunk-themed items, and a person dressed in a steampunk costume, adding to the overall steampunk aesthetic.",1. Entertainment & Shows
7343605850105318658,"The video showcases a piano being played by a person whose hands are visible on the keys. The piano is illuminated by a blue light, creating a serene and focused atmosphere. The person's hands move gracefully across the keys, producing a harmonious melody. The video captures the intricate movements of the fingers as they press down on the keys, producing a range of sounds. The person's hands are seen moving in a coordinated manner, indicating a skilled and practiced performance. The video does not contain any additional text or graphics, and the focus remains solely on the piano and the person's hands.","Music, Singing, & Dancing"
7349023065575083306,"The video shows a woman standing in a large auditorium, holding a microphone and speaking passionately. The audience is seated in rows, and the stage is lit with red lighting. The woman is wearing a red shirt and has her hair tied back. The text on the screen reads ""In Germany: Jewish Woman yelling out Palestinians,"" ""Mr. Scholz, you can't talk about democracy, while your money and your weapons are killing Palestinians in Gaza,"" and ""The blood of Palestinians is on your hands!"" The woman continues to speak, and the text on the screen changes to ""In Germany: Jewish Woman yelling out Palestinians,"" ""I'm an Israeli and I'm telling you, Arabs!"" and """,Politics
7223384947938053418,"The video shows a person wearing glasses and a dark shirt with green text. The person is standing in a kitchen with a tiled floor. In the background, there is a person with a white armadillo. The armadillo is rolling around on the floor. The text on the screen reads, ""Armadillos have been given a reputation, specifically the nine banded armadillo that is from the American South. And the reason for this is because they are known for being able to carry leprosy. Leprosy is a very ancient disease that is actually in modern times, not only very curable, but it's actually kind of a weak disease. It basically, if it's",Science & Technology
7386641138611981601,"The video features a person wearing a brown jacket and a blue and white checkered shirt. The person is being painted with makeup by another individual, who is applying makeup to the person's face. The makeup application process is shown in detail, with the person's face being covered in makeup and the makeup artist carefully applying it. The video then transitions to a close-up of the person wearing a black military-style uniform, complete with a hat and gloves. The uniform is detailed with gold accents and a belt. The video concludes with a close-up of the person wearing the black military-style uniform, with the text ""sa kurosaki"" visible on the screen.",1. Entertainment & Shows
7314163714402340102,"The video begins with a close-up of a warp gate, which is a circular structure with a glowing blue light emanating from it. The warp gate is surrounded by a dark background with small white dots, which represent stars. The warp gate is shown in different angles, with the light swirling and changing colors, creating a sense of motion and energy. The warp gate is also shown from a top-down perspective, with the light swirling in a spiral pattern. The video then transitions to a black background with white dots, representing stars, and a white line moving across the screen, creating a sense of motion. The warp gate is shown in a close-up, with the light swirling and changing colors",This is how a warp gate slows a ship down
7385499788764040481,"The video shows a person holding a Kinder candy bar in their hand. The candy bar is white and red, and the person is holding it over a metal container. The person then places the candy bar into the container and stirs it with a spoon. The video then shows the person holding the container and stirring the candy bar inside. The video ends with the person holding the container and stirring the candy bar, with the text ""Das ist schon ein bisschen geil"" (This is already a bit cool) displayed on the screen.",Entertainment & Shows
7276776260431367467,"The video shows a man in a suit and tie holding a microphone, speaking into it. The background is dimly lit, and the man appears to be in a formal setting, possibly a conference or meeting. The text on the screen changes as the man speaks, providing different statements about his actions and their consequences. The man's expressions and body language change as he speaks, indicating that he is conveying different emotions and attitudes. The video does not show any other people or objects, and the focus is solely on the man and his speech.",Film & Animation
7372265021042101550,"The video features a person with long hair, wearing a black shirt, in a room with a window and blinds. The person is seen making various hand gestures and movements, possibly indicating a conversation or reaction to something. The text overlay on the video reads ""Reply to tynesy, ca's comment"" and ""Glasgow,"" suggesting that the person is responding to a comment from someone named Tynesy, who is from Glasgow. The video also includes a text overlay that reads ""What did I think about Glasgow, Scotland? Well, let me tell you, Glasgow probably got the most tens out of any place I went in the UK in terms of food. Now, I had an","3. Music, Singing, & D"
7373730224879521056,"The video features a tiger, depicted in a striking color scheme of orange, black, and white, with a blue object in its mouth. The tiger is positioned on a dark background, and the image is presented in a triangular shape, with the tiger's body occupying the majority of the frame. The tiger's eyes are wide open, and its mouth is open, as if it is roaring or growling. The video does not contain any additional text or subtitles.",7. Sports
7326266761773436166,"The video features a person wearing a black sweatshirt with white text on it, sitting in front of a wall adorned with various posters and a guitar. The individual appears to be speaking, as indicated by their mouth movements and hand gestures. The background includes a bed with a blue blanket and a window with blinds. The person's facial expressions and body language suggest they are engaged in a conversation or monologue. The video does not contain any discernible text or captions.",1. News
7371461402030034218,"The video features a man in a suit and tie standing in an office, holding a card. The text on the screen reads, ""And if Jewish people are gonna vote for Joe Biden, they have to have their head examined."" The man then says, ""The last person I'm gonna take advice from as a Jewish person is a known anti-Semite who's had dinner with anti-Semites, who said there was good people on both sides after Charlottesville. He's the last person I'm gonna take advice from."" The video ends with the man saying, ""I'm going to take advice from.""",Politics
7367380929913900320,"The video features a person wearing a black shirt and headphones, standing on a road with trees in the background. The person is wearing a necklace and has long hair. The video is a selfie, and the person is looking at the camera. The text overlay on the video reads, ""PSA I wore shorts on my walk and the only thing that cared was my mom. No one alerted the town elders at that size 12 queen wore shorts summer heat x. Literally wear your own."" The person is wearing a necklace and has long hair. The video is a selfie, and the person is looking at the camera. The text overlay on the video reads, ""PSA I",1. News
7306264195475983622,"The video features a group of dancers performing on stage. The central figure is a woman with long, wavy hair, wearing a black top and a beige skirt with a chain belt. She is adorned with multiple gold necklaces and white gloves. The background is a vibrant, colorful display with various hues of red, green, and purple. The dancers move in sync, executing a choreographed routine that includes spins, arm gestures, and synchronized steps. The video captures the energy and coordination of the performance, with the central figure taking center stage.","3. Music, Singing, & D"
7360919706913525035,"The video is a series of frames showing a puzzle game with a timer counting down from 60 seconds. The game is set against a black background with a blue border. The puzzle pieces are arranged in a grid, and the player must swap them to form a specific pattern. The text overlay at the top of the screen reads ""USE THESE FILES even if it's your daftas save the effect and boost videos using them."" The player's progress is shown in the bottom right corner of the screen, with the number of moves remaining decreasing as the player makes progress. The video encourages viewers to donate and make a video about the player, who is Moe, to help",1. News
7380730540061691178,"The video begins with a black screen that transitions to a green and black logo with the text ""hulu"" and ""ORIGINAL"" in green. The logo is centered on the screen. The scene then shifts to a silhouette of a person standing in front of a bright light, possibly the sun, with the silhouette being the only visible part of the person. The background is dark, and the silhouette is illuminated by the light, creating a dramatic effect. The video then transitions to a close-up of a person's eye, with the eye being the only visible part of the person. The background is dark, and the eye is illuminated by a light source, creating a dramatic effect.",Entertainment & Shows
7355249683469454634,"The video features a person standing on a beach during sunset, with the ocean waves gently lapping at the shore. The individual is wearing a white hoodie and a baseball cap. The person is seen from the back, with their head slightly tilted to the side, and they are holding a white object in their hand. The background is a serene beach scene with the sun setting in the sky, casting a warm glow over the water. The person appears to be speaking, as indicated by the text overlay on the screen. The text reads: ""the joy of the joy of the joy of jesus, the security of jesus, the peace of jesus, the love of jesus, the","the joy of jesus, the security of j"
7387743887940390177,"The video features a person wearing a white sweater with a zipper, standing in a room with a door and a light fixture in the background. The person is holding their hair up with one hand and appears to be speaking. The text overlay on the video reads, ""Someone in their twenties says they aren't voting."" The person then gestures with their hand, possibly emphasizing a point or making a statement. The video ends with the text, ""You're not really into politics? Okay, fair enough. But what are you into? Transformers? Pokemon, you fucking child?""",1. News
7297354768928853294,The video is a series of text-based messages from a person discussing the challenges of keeping store stock in Texas and the good news about the variety pack and POG. The person is encouraging viewers to text them for updates on store stock and to join their VIP phone number list for exclusive information about new nectar flavors and other goodies. The video ends with a call to action for viewers to join the VIP list and to follow the person on social media for more updates.,Entertainment & Shows
7374908166175280427,"The video shows a person preparing a meal in a kitchen. They start by cutting up vegetables on a cutting board, then mix them in a bowl with a spoon. Next, they cook shrimp in a pan with oil, adding spices and seasoning. Finally, they assemble the shrimp tacos with the cooked shrimp, vegetables, and sauce, and serve them on a plate. The video also includes a can of OLIPO Watermelon Lime soda and a bowl of sour cream on the counter.",Food
7377866805823491371,"The video features a person with curly hair, wearing a dark blue shirt, standing in a room with a painting of a tree on the wall. The person is speaking, and the text overlay on the screen reads, ""You could kiss any woman in the world, feet, who would it be?"" The person then points to themselves and says, ""Megan Fox."" The scene transitions to a close-up of the person, with the text overlay changing to, ""Daenerys."" The video then shows a person sitting on a throne, with the text overlay reading, ""If you can kiss any woman in the world, feet, who would it be?"" The person on the throne is wearing",8. Entertainment & Shows
7149700277782760746,"The video shows a person lying on a bed with a pink blanket. The person has long hair and is wearing a black shirt. The person is lying on their side, with their head resting on the bed. The person is also wearing a necklace. The person is lying on their side, with their head resting on the bed. The person is wearing a black shirt and has long hair. The person is lying on their side, with their head resting on the bed. The person is wearing a black shirt and has long hair. The person is lying on their side, with their head resting on the bed. The person is wearing a black shirt and has long hair. The person is lying on their",Pets & Animals
7384004708165242144,"The video features a woman sitting in a chair in a room with gold wallpaper and a framed picture on the wall. She is wearing a light blue sweatshirt and has a phone in her hand. The video then transitions to a black and white photo of a dog in a field with red flowers. The woman continues to speak, and the text on the screen reads: ""I'm just looking at a wonderful photograph of a little Jack Russell, black and white Jack Russell, called Mika, M-I-K-A. What a lovely name. Oh, my fairy godmother. She is a live wire. But do you know what? You're going to have to watch her paws",Entertainment & Shows
7314367547862781226,"The video showcases a serene winter landscape, beginning with a view of a snow-covered field with trees in the background. The camera then moves closer to the trees, revealing their snow-laden branches and the ground beneath them. As the camera pans, it reveals more of the forest, with the snow-covered ground and trees becoming more prominent. The video continues to focus on the forest, with the camera moving closer to the trees, capturing their snow-laden branches and the ground beneath them. The video concludes with a close-up of a snow-covered tree, with the camera panning to reveal more of the forest and the snow-covered ground beneath the trees.",Science & Technology
7340337384652934446,"The video is a series of images showcasing various celebrities and their last names. The first image shows a woman in a black dress with the text ""I didn't know that some of these Nepo babies are hiding their famous last names."" The second image shows a man in a tuxedo with the text ""Angelina Jolie's birth name is Angelina Jolie Voight."" The third image shows a man in a tuxedo with the text ""Angelina Jolie's birth name is Angelina Jolie Voight."" The fourth image shows a man in a tuxedo with the text ""Angelina Jolie's birth name is Angelina",Entertainment & Shows
7333801200875261185,"The video begins with a dark blue background featuring a world map with a digital texture. The text ""An Election Year Guaranteed To Divide Us"" is prominently displayed in white, capital letters. The scene transitions to a split-screen view with a man in a suit and tie on the left and a man in a suit and tie on the right. The man on the right is gesturing with his hands. The text ""A Second Term We Can All Agree On"" appears in white, capital letters. The video then shows a blue background with the text ""THE DAILY SHOW"" in white, capital letters, followed by ""MONDAYS WITH JON STEWART"" in white",8. Entertainment & Shows
7328517572679372078,"The video features a man sitting at a table in a car dealership, holding a piece of paper with handwritten text. The text on the paper includes a list of prices and a handwritten note that reads ""POV: The customer never stops negotiating."" The man appears to be explaining the negotiation process to the camera, gesturing with his hands and pointing at the paper. The background shows a car dealership setting with a glass window and a car visible through it. The man continues to speak, emphasizing the importance of the negotiation process and the customer's persistence. The video concludes with the man signing the paper, indicating that the deal has been finalized.",Comedy
7375847354341068065,"The video captures a large crowd of people gathered at Hinds Hall in Garmin, Sweden, during a concert. The stage is brightly lit with green and red lights, and the crowd is enthusiastic, with many people holding up their phones to record the event. The text overlay on the video reads ""Hinds Hall in Garmin 🇨🇳🇦🇹🇦🇹🇦🇹🇦🇹🇦🇹🇦🇹🇦🇹🇦🇹🇦🇹🇦🇹🇦🇹","Music, Singing, & Dancing"
7392127900079721761,"The video showcases a woman's tour of her home, specifically her room at Estelle Manor. The room is described as dog-friendly, with a large stable room and a smaller one. The woman highlights the amenities in the room, including a mini bar area, a wine fridge, and a sewing kit. She also mentions the cost of the room, which is £650 per night, and compares it to the cost of staying in a regular stable room, which is £750 per night. The video ends with the woman expressing her interest in finding the cheapest room available without a dog.",Entertainment & Shows
7368121296154086688,"The video shows a table filled with various dishes, including salads, meats, and side dishes. There are also glasses of water and wine on the table. A person is standing in front of the table, talking to the camera. The person is wearing a dark sweater and glasses. The background shows a room with a window and some furniture.",1. News
7378190751211064607,"The video showcases a man demonstrating the features of an expandable camper. The camper is white and has a black wheel. The man is wearing a black t-shirt and jeans. He is kneeling on the grass next to the camper, which is parked on a grassy area with trees in the background. The man is holding a tool and appears to be explaining something about the camper. He is also holding a large, silver, rectangular object, which is likely a part of the camper's interior. The man is pointing to different parts of the camper, including the wheel, the side, and the back. He is also pointing to the interior of the camper,",Travel & Events
7325985650140974382,"The video is a series of experiments conducted by Jamie and Adam to compare the effects of running in the rain versus walking. The experiments involve using artificial rainfall methods, adding dyes to the water, and using tight-fitting clothes to prevent sweat from mixing with rainwater. The results show that running in the rain does get wetter than walking, as indicated by the weight of the work clothes increasing when running. The experiments are conducted in both windy and windless conditions, and the results are compared to other experiments. The video concludes with a discussion about the rigor of the experiments and any potential improvements.",1. News
7406690692765977887,"The video is a series of clips showing a person sitting in a train or bus, with a stranger sitting in the seat next to them. The person in the seat next to them is talking to the person in the seat next to them, and the person in the seat next to them is responding to the person in the seat next to them. The person in the seat next to them is also talking to the person in the seat next to them, and the person in the seat next to them is responding to the person in the seat next to them. The person in the seat next to them is also talking to the person in the seat next to them, and the person in the seat next to",Entertainment & Shows
7309290162540858667,"The video is a news report about a massive home explosion in Arlington, Virginia, outside the Capitol. Police were called to the scene, and they were there for hours trying to execute a search warrant. The explosion caused the house to turn to splinters, and human remains were found inside, believed to be the suspect. The suspect, 56-year-old James Yu, refused to surrender and discharged several rounds from a firearm as officers closed in. The FBI and ATF were on the scene, and authorities said human remains were found at the site. The suspect was inside the residence at the time of the explosion and is presumed to be deceased. The report also mentions a deleted LinkedIn page",1. News
7365274404420406571,"The video shows a man and his dog on a sailboat in New England. The man is shirtless and wearing gray shorts, and the dog is wearing a collar. The man is washing dishes in the kitchen, and later he is cooking food in the galley. The video also shows the man and the dog on the boat, and the man is enjoying the view of the water. The video ends with the man and the dog walking on the dock at night.",Entertainment & Shows
7392992201837464850,"The video starts with a woman standing in front of a glass window, talking about her daughter's first haircut. She then cuts her daughter's hair in a salon. The scene transitions to the daughter getting her hair washed and styled. The woman then takes a selfie with her daughter in a cafe. The video then shows the daughter enjoying a hot chocolate at a cafe. The next scene shows the daughter playing with a toy in a living room. The video then shows the daughter and a friend playing with a toy in a living room. The next scene shows the daughter and a friend playing with a toy in a living room. The next scene shows the daughter and a friend playing",Entertainment & Shows
7395692426888891679,"The video is a series of images and scenes showing different people and events, with text overlays that provide context and commentary. The first image shows a person with a rainbow flag in the background, with the text ""Gay News"" and ""In this election, we each face a question. What kind of country do we want to live in?"" The next image shows a person with an American flag in the background, with the text ""In this election, we each face a question. What kind of country do we want to live in?"" The third image shows a person with a cityscape in the background, with the text ""What kind of country do we want to live in?"" The fourth",Politics
7335178711819373867,"The video shows a series of tweets from the ICCJICJ (@CICJ_Africa) about the South African government filing an emergency request with the International Court of Justice for additional provisional measures specific to the imminent invasion of Rafah. The tweets provide context and information about the case, including the filing of the emergency request and the involvement of the South African legal team. The video also includes a screenshot of a legal document from the International Court of Justice, which discusses the case and the need for emergency measures to protect the Palestinian people living in Rafah.",News
7353793317437590827,"The video shows a man and a woman in a room. The man is standing and the woman is bending over. The man is holding a cup of hot coffee and the woman is holding a cup of hot coffee. The man is saying ""Don't prank your employee when they're holding hot coffee"".",1. News
7377799778299579690,"The video features a woman standing outdoors, with an American flag in the background. She is wearing a black top and has tattoos on her arms. The text overlay on the video reads, ""Isn't it weird you're a fan of an American flag, but you know who you're voting for?"" The woman appears to be speaking directly to the camera, and the video seems to be a commentary on the American flag and the voting process.",1. News
7346724921361435937,"Two girls are walking down a sidewalk in a residential area. They are both wearing black jackets and carrying backpacks. The sidewalk is lined with buildings and trees. The girls are walking in a line, with one girl leading the way.",Travel & Events
7384186520351083781,"The video begins with a person in a light-colored robe sitting in a room, speaking to the camera. The person is wearing a necklace and has blonde hair. The background features a beige wall and a window with dark curtains. The person gestures with their hands while speaking, and the camera zooms in on their face.

The scene transitions to a series of text messages on a phone screen, showing a conversation between the person and another individual. The messages are in Russian, discussing a situation involving a person who did not pay for a product. The person in the robe is shown again, gesturing with their hands while speaking.

The video then shows a series of text",Entertainment & Shows
7396382918039457041,"The video features a man and a woman sitting on a bed in a modern room. The man is wearing a white t-shirt and black shorts, while the woman is dressed in a white t-shirt with red text and blue jeans. The man is holding the woman's leg, and they are engaged in a conversation. The text on the screen changes throughout the video, indicating different stages of their conversation. The man is initially seen with a neutral expression, but as the conversation progresses, his expression changes to one of surprise and then to a more relaxed state. The woman's expression also changes, indicating her engagement in the conversation. The video concludes with the man and woman still sitting on the bed",Entertainment & Shows
7273841367351069998,"The video shows a person wearing gloves and cutting a block of bright yellow soap into smaller pieces. The soap is placed on a marble countertop. The person then holds up a package of the soap, which is labeled ""Ammonia Naturals Turmeric & Kaolin Brightening Soap."" The video concludes with a close-up of the soap package, showing the ingredients listed on the label.",Beauty Care
7277167570946379014,"The video captures a vibrant and energetic atmosphere at a football stadium. The crowd, predominantly dressed in yellow and blue, is seen raising their hands in the air, creating a sea of waving flags and banners. The stadium is filled to capacity, with the spectators' enthusiasm palpable. The video then transitions to a wide shot of the football field, where players are seen in action, adding to the dynamic scene. The crowd's excitement is palpable, with their cheers and chants filling the air. The video concludes with a close-up of the crowd, emphasizing their collective energy and support for the team.",Sports
7365322515998068011,"The video begins with a group of people standing in front of a podium, with a man in a suit and tie speaking at the center. The text overlay reads ""STITCH INCOMING WOKE ENCAMPENTS EXPOSED!!!!"" and ""we're here to discuss the little Gazas that have risen up on campuses across America. So I'm at one of these little Gazas right now and I'm here to expose it for what it really is."" The scene then transitions to a person standing in front of a tent, with the text overlay ""I'm literally in so much danger here. I'm literally in so much danger here."" The video then shows a close",1. News
7362319887361903905,"The video begins with a person wearing sunglasses and a gray shirt, standing in front of a black background. The text overlay reads, ""Seeing Rufuski during Uni ski trip trying to see Uni ski trip trying to see Uni ski trip trying to see Uni ski trip trying to see Uni ski trip trying to see Uni ski trip trying to see Uni ski trip trying to see Uni ski trip trying to see Uni ski trip trying to see Uni ski trip trying to see Uni ski trip trying to see Uni ski trip trying to see Uni ski trip trying to see Uni ski trip trying to see Uni ski trip trying to see Uni",1. Entertainment & Shows
7311332422077975840,"The video shows a series of interactions between a woman and a man, with the woman being the main focus. The woman is wearing a leopard print coat and is seen in various settings, including outdoors and indoors. The man is wearing a purple jacket and a pink tie, and is also seen in different settings. The video includes a mix of serious and humorous moments, with the woman and the man engaging in conversation and the woman expressing frustration and anger. The video also includes a small inset image of a man in a white shirt, which is not fully visible.",Entertainment & Shows
7354415572626509099,"The video begins with a person wearing a maroon beanie and a white shirt, sitting in a room with a white wall and a green shelf in the background. The person is speaking, and the text on the screen reads, ""Eastern United States. Ground shaking larger in the east because of the older, more fractured rocks. In the western United States, the rocks are much younger and less fractured, so the energy of the earthquake is absorbed by the faults and the rocks are less likely to break."" The person continues to speak, and the text changes to, ""Because of a crust."" The scene then transitions to a map of the United States, with the text, ""If we look at",Science & Technology
7378608951975349536,"The video captures a moment of triumph and celebration in a soccer match. The players, dressed in white jerseys, are seen running across the field, their faces filled with joy and relief. The crowd, a sea of spectators, is seen cheering and waving flags, their excitement palpable. The text overlay ""ENGLAND WIN SOCCERAID"" adds a layer of significance to the moment, suggesting that the victory was not only a personal triumph but also a collective one, as the team had raised funds for charity. The video is a snapshot of a moment of triumph, capturing the emotions and excitement of the players and the crowd alike.",Sports
7293239332167617834,"The video features a woman with shoulder-length dark hair, wearing a sleeveless, light-colored top with a leopard print pattern. She is standing in a room with a colorful floral curtain in the background. The room also contains a painting of a deer and a mountain. Throughout the video, the woman is seen gesturing with her hands, possibly emphasizing a point or expressing emotion. The text overlay on the video reads ""some of y'all m"" with a laughing emoji, suggesting a humorous or lighthearted context. The woman's facial expressions and hand movements vary throughout the video, indicating she is speaking or reacting to something off-camera.",1. News
7372186670273137952,"The video showcases a series of food and drink experiences in various locations. It begins with a close-up of a vegan dish, followed by a menu listing vegan options. A person enjoys a burger, and a close-up of a dessert with strawberries and chocolate is shown. A person eats a salad, and a person enjoys a drink with a straw. A person eats a sandwich, and a person enjoys a drink with a straw. A person eats a salad with a spoon, and a person enjoys a drink with a straw. A person eats a sandwich, and a person enjoys a drink with a straw. A person eats a salad with a spoon, and a person enjoys a drink with a",Food
7379475961139547398,"The video features a woman in a black dress with ruffles, standing in a modern kitchen with white chairs and a dining table. She is wearing black high heels and has long blonde hair. The text on the screen reads ""Мени 60 роки"" (My 60 years) and ""Ну, чуждый 60 год"" (Well, 60 years old). The woman then demonstrates how to wear the dress, showing different poses and movements. The video ends with the woman standing confidently in the kitchen, with the text ""Активирую л",3. Entertainment & Shows
7364542326959574314,"The video shows a person lying on a bed, wearing a black shirt. They are holding their hands together and appear to be in a state of relaxation or contemplation. The background includes a bed with pillows and a blanket, as well as a wall with a picture. The person seems to be in a moment of self-reflection or introspection, possibly after finishing a task or achieving a goal. The video does not provide any additional context or information about the person's actions or the setting.",1. News
7309293532467039531,"The video is a compilation of various scenes from a television show, with a recurring theme of a woman named Barbie MagA-A-Nny. The scenes show her sitting on a couch with a group of people, engaged in conversation. The background consistently features a cityscape with tall buildings and a busy street. The video also includes text overlays that read ""Barbie MAGA-A-Nny thought she had a 'gotcha' moment"" and ""Barbie MAGA-A-Nny thought she had a 'gotcha' moment,"" suggesting that the woman is being interviewed or is part of a discussion. The video also includes a news ticker with headlines, such",Politics
7376360928851299590,"The video features a series of individuals discussing various topics, including skincare, hair care, and the use of retinoids. The first person, wearing a white shirt, is seen gesturing with their hands while speaking, with text overlays providing context to their statements. The second person, with long hair, is also seen gesturing while speaking, and the text overlays provide additional information. The third person, with curly hair, is seen gesturing with their hands while speaking, and the text overlays provide further context. The fourth person, with long hair, is seen gesturing with their hands while speaking, and the text overlays provide additional information. The fifth person, with long hair,",Lifestyle
7347847920151956779,"The video shows a person standing in a doorway, wearing a hat and holding a leash. They are looking at a small dog that is standing on the floor. The person then bends down and picks up the dog, carrying it into the house. The dog appears to be excited and happy to be reunited with its owner.",7. Pets & Animals
7291696863449763078,"The video features a person wearing a beige shirt and a black headband, speaking directly to the camera. The person is seen gesturing with their hands and making various facial expressions, indicating they are engaged in a conversation or monologue. The background is a room with a window and some furniture, suggesting an indoor setting. The person's attire and the setting imply a casual, possibly personal or intimate context. The video includes text overlays that provide context to the person's speech, such as references to Israeli actions and the person's own experiences. The person's expressions and gestures suggest a narrative or argument, possibly related to the Israeli actions and the person's own experiences or beliefs. The video does",1. News
7375186781999762721,"A woman in a blue floral dress is standing in front of a table with wine glasses, a bowl of cheese, and a plate of food. She is holding a piece of paper and appears to be talking to someone.",1. News
7309512164870491435,"The video is a compilation of different segments, each featuring a different person speaking about Donald Trump's plans and actions. The first segment shows a man in a suit and red tie speaking to the camera, with the text ""HANNITY ASKS TRUMP IF HE POWER WOULD ABUSE POWER"" displayed at the top. The second segment shows a man in a suit and red tie speaking to the camera, with the text ""TOWN HALL WITH HANNITY"" displayed at the top. The third segment shows a man in a suit and red tie speaking to the camera, with the text ""EXCLUSIVE TOWN HALL WITH DONALD TRUMP",Politics
7325003811632745761,"The video features a person wearing a green shirt, standing against a plain background. The person is making various hand gestures, including pointing, touching their chest, and pointing to their head. The text overlay in German reads ""DEUTSCHE THERAPEUTEN HATTE RECHT,"" which translates to ""German therapists had the right."" The person appears to be speaking or expressing something, possibly about the rights of German therapists. The video does not show any other objects or people, and the focus remains on the person and their gestures.",Entertainment & Shows
7355061931993992480,"The video features a person wearing a blue shirt standing in front of a calendar that reads ""MONDAY"". The person is gesturing with their hands, possibly explaining or emphasizing a point. The background is black, and there is a red dot at the top of the calendar. The text on the calendar reads ""Me mentally preparing myself for work tomorrow"". The person appears to be speaking or singing, as indicated by the audio.",1. News
7330624658686954795,"The video is a series of clips showing a person wearing a bright pink shirt, with the text overlaying the video reading ""That's his supporters Booing m & I ❤️ that 4 min."" The person is seen making various hand gestures and movements, with the background featuring a red shelf with various items on it. The video also includes images of a man in a suit and tie, with the text overlaying the video reading ""Trump booed loring about the Arrahan hostage."" The person in the video is seen making different hand gestures and movements, with the background featuring a red shelf with various items on it. The video also includes images of a man in",Politics
7397794935199567135,"The video shows a woman tied to a tree in the jungle, with a man standing nearby. The woman is covered in mud and appears to be in distress. The video then shows the woman being taken to a hospital, where she is treated for her injuries. The video also shows a close-up of the woman's hand writing a letter, which reveals that she was chained to a tree for 40 days and was left to die by her husband. The video ends with the woman being taken to the hospital and being treated for her injuries.",1. News
7397967668248120622,"A woman is in a room with a pink blanket and a sign that says ""I'm a witch."" She is wearing a black shirt and has green eyeshadow and green earrings. She is holding a pink box with a red lid and a white label. She opens the box and shows the contents, which include a small bottle of lotion, a small container of powder, and a small makeup palette. She shows the contents to the camera and talks about the products.",Beauty Care
7311858161504423214,"The video showcases a collection of BMX bikes, each with unique features and designs. The first bike, a 1987 GT Performer, is highlighted with its pink handlebars and white frame. The second bike, a 1987 GT Performer, is shown with a blue handlebar and white frame. The third bike, a 1987 GT Performer, is featured with a pink handlebar and white frame. The fourth bike, a 1987 GT Performer, is showcased with a blue handlebar and white frame. The fifth bike, a 1987 GT Performer, is presented with a pink handlebar and white",1. News
7299582823940312350,"The video begins with a man sitting on a green leather couch in a dimly lit room, wearing a gray shirt and dark pants. He is holding a black object, possibly a phone, and appears to be in a contemplative or pensive state. The background features a wooden wall with a window and some books on a shelf. The scene then transitions to a close-up of a person wearing a hooded jacket, with the hood pulled up over their head, creating a sense of mystery or secrecy. The lighting is dim, with a blue hue, adding to the enigmatic atmosphere.

The video then shifts to a man in a white shirt, standing in a room with a bright, white",1. News
7331551109649059115,"The video features a black cat playing a violin. The cat is positioned in a dark setting, with its body illuminated by the light of the violin. The cat's fur is shiny and appears to be wet, possibly due to the wetness of the instrument. The cat's eyes are closed, suggesting it is focused on the music. The video captures the cat's movements as it plays the violin, with the strings and bow visible in the frame. The cat's head is tilted slightly to the side, and its mouth is open, indicating it is singing or speaking. The video does not contain any additional text or subtitles.",Pets & Animals
7293441357169937666,"The video features a series of animated scenes with a character in a school uniform and a blonde ponytail. The character is seen interacting with various cars, each with unique designs and colors. The cars are parked in a parking lot, and the character appears to be performing actions such as jumping onto the cars and running alongside them. The background of the video is a parking lot with other cars and buildings visible. The character's actions and the cars' designs suggest a playful and dynamic interaction between the character and the cars.",1. News
7397793782122564896,"The video shows a person lying in bed, wearing a white top and a gold necklace. The person is making various hand gestures, including touching their face and holding their hand up to their face. The person is also seen wearing earrings and a bracelet. The background is a bed with a white and gray patterned blanket. The person appears to be talking or expressing something, possibly about their appearance or a story they are telling. The video does not provide any additional context or information about the person or the setting.",Entertainment & Shows
7359943972216638736,"The video shows a group of people protesting in a city street. They are holding signs and banners, and some of them are wearing orange vests. There are police officers present, and they are trying to control the situation. The protesters are chanting slogans and waving flags. The video also shows a large banner with the text ""Für Palästina"" and ""Widerstand ist Völkerrecht!"" (Resistance is human rights!).",Politics
7344108969151008001,"The video shows a group of people at a wedding reception. There are tables set up with food and drinks, and people are sitting and standing around. A woman in a red dress is sitting at a table with a man in a black suit. They are holding glasses of champagne and smiling at the camera. The woman is holding a piece of paper with the words ""Damian really likes cookies I guess"" written on it. The man is wearing a black suit and a white shirt. The woman is wearing a red dress and has long hair. The man is wearing a black suit and a white shirt. The woman is holding a piece of paper with the words ""Damian really likes cookies I",Entertainment & Shows
7226368631268019482,"The video features a person with long blonde hair, wearing a black leather jacket, standing in a room with a pink towel hanging on the wall. The person is holding a phone, and the text ""Songs for your Insta Story Crush Edition"" is displayed at the top of the screen. The person then takes a selfie, and the text ""EVERY TIME WE TALK, IT'S JUST HURTS SO BAD"" appears. The person continues to take selfies, and the text changes to ""CAUSE I DON'T EVEN KNOW WHAT WE ARE"" and ""I DON'T EVEN KNOW WHERE TO START."" The person continues","3. Music, Singing, & D"
7369594137928109345,"The video shows a shelf in a grocery store with various food items, including a box of Mr. Brain's pork faggots. The box is prominently displayed and features an image of the product on the front. The price tag on the shelf indicates that the pork faggots are priced at 1.60. The video also includes a humorous comment from the person recording the video, questioning the price of the pork faggots and expressing surprise at the cost.",7. Food
7330275353325227297,"The video features a person with extensive tattoos and scars, who is seen in various settings, including a hospital, a restaurant, and a bar. The person is described as having a ""black alien"" appearance and is known as Anthony Lofredo. The video includes text overlays in German that describe the person's appearance, their tattoos, and their experiences with plastic surgery. The person is seen performing various physical activities, such as jumping rope and exercising, and is also seen eating and drinking. The video concludes with the person sitting at a table in a restaurant, eating and drinking.",Sports
7327164126822763808,"The video showcases a series of military parades from different countries, featuring women in uniform marching in formation. The countries represented include China, Russia, Vietnam, South Korea, and North Korea. Each country's flag is displayed at the bottom of the screen, and the text ""women military parades"" appears at the top of the screen. The video captures the precision and discipline of the women in uniform as they march in unison, with the camera capturing the entire formation from different angles. The video also includes a person in a military uniform standing in the background, possibly a commander or instructor. The video concludes with the text ""North Korea"" displayed at the bottom of the screen, indicating the country being featured",Entertainment & Shows
7371855904813157664,"The video features two individuals standing side by side in a room, with a white wall and a bed in the background. The person on the left is wearing a white shirt with a pink design and denim shorts, while the person on the right is wearing a white shirt with a pink design and black pants. The video is titled ""pre summer s"" and includes a list of statistics for each person, such as ""Jula"" with a score of 26/10, ""Statue"" with a score of 71, and ""happiness"" with a score of 158. The video also includes emojis and a flower-shaped decoration on the wall",Entertainment & Shows
7354696392129924385,"The video showcases a series of close-up shots of a red sports car at a car show. The car is detailed with a carbon fiber body and black wheels. The video begins with a close-up of the car's side, highlighting its sleek design and the ""Porsche"" logo. The car is then shown from the front, revealing its sharp lines and aerodynamic shape. The video continues with a focus on the car's front wheel, showcasing its intricate design and the ""Porsche"" logo. The final shot captures the car from the side, emphasizing its sporty aesthetic and the ""Porsche"" logo on the side. Throughout the video, the car is surrounded by a",1. News
7293639077671210286,"The video shows a person feeding fish from a white bucket filled with fish food. The person is standing on a wooden dock by a body of water, and the fish are swimming around the bucket. The person is holding the bucket with both hands and pouring the fish food into the water. The fish are swimming around the bucket and then start to swim away from the bucket. The person then walks away from the bucket and continues to feed the fish. The video ends with the person standing on the dock, watching the fish swim around.",1. Pets & Animals
7357227155979275526,"A group of people are standing on a cobblestone street at dusk. One person is holding a microphone and interviewing the group. The group consists of a man in a beige jacket, a woman in a white top and blue jeans, a young boy in a blue outfit, and a young girl in a blue outfit. The man in the beige jacket is holding a microphone and interviewing the group. The group consists of a man in a beige jacket, a woman in a white top and blue jeans, a young boy in a blue outfit, and a young girl in a blue outfit. The man in the beige jacket is holding a microphone and interviewing the group. The group consists of",Entertainment & Shows
7394532218032491808,"The video features a woman in a pink dress and a man in a black shirt standing on a sidewalk. The woman is holding a pink purse and appears to be talking to the man. The man is wearing a black shirt and has a black belt around his waist. The background shows a street with cars parked along the side and a fence. The sky is cloudy, and the sun is setting, casting a warm glow over the scene. The woman and the man are engaged in a conversation, with the woman gesturing with her hands while talking. The man listens attentively, occasionally nodding his head. The video ends with the woman walking away from the man, who remains standing on the sidewalk.",1. Entertainment & Shows
7354508802932133166,"The video features a series of individuals engaged in various activities, with text overlays providing commentary on their actions. The first individual is seen in a room with a ceiling fan, with the text ""Booktok"" and ""Stitch Inning"" appearing on the screen. The second individual is sitting in a car, with the text ""WHINING ON THE INTERNET"" and ""I'm not sure what his age has to do with anything, especially since if this was a 30-year-old man, you'd probably still disagree with him."" The third individual is sitting in a room with bookshelves, with the text ""Over 80% of the people who purchase",Politics
7344855206242389280,"The video features a woman in a black blazer and a black turtleneck, seated in a room with a wooden background. She is speaking, and the text overlay at the top of the screen reads ""Alice Weidel reagiert auf AFD-chatterläufe"" (Alice Weidel reacts to AFD-chatter). The text at the bottom of the screen reads ""Sollen wir warten, bis unser Schlafwagenvorstand weiter nichts entscheidet? Oder Frau Weidel kann offenbar Prioritäten setzen, aber nur, wenn es um ih",Politics
7377794153071037739,"The video is a series of clips from the TV show ""The Office,"" featuring a character named Jim who is trying to demonstrate his telekinetic powers. The video starts with Jim in a tuxedo, reading from a piece of paper, and ends with him in a suit and bow tie, standing in front of a coat rack. The text in the video suggests that Jim is trying to prove that he can move objects with his mind, but the video does not show any actual telekinetic abilities. The video also includes a woman in a pink shirt and a man in a white shirt, but their roles are not clear from the captions.",4. Comedy
7349706117166959879,"The video features a person standing in a natural setting, surrounded by trees and greenery. The person is wearing a light-colored shirt and appears to be speaking to the camera. The text overlays on the video include phrases such as ""What's up everyone?"", ""I am officially going into the jungle."", ""I don't know how to feel."", ""I'm excited."", ""I'm nervous."", ""You know, I'm normally a very organized and a planner and a control freak and I don't get to control anything here."", ""So I'm along for the ride and, you know, I hope they go easy on me."", and ""See you in the jungle."" The person's",1. News
7308194891656400170,"The video shows a group of people in a stadium, with a large crowd of fans wearing red and white. The fans are cheering and waving their arms in the air, indicating excitement and support for a team or event. The text ""FUMBLE."" appears at the top of the screen, suggesting that the video is related to a sports event or game. The fans are also holding up signs and cheering, which adds to the atmosphere of excitement and support.",Sports
7375105398946139398,"The video shows a woman in a light blue robe standing in a living room, talking to the camera. She is holding a phone and appears to be in a heated discussion with someone off-camera. The room is decorated with a large flat screen TV, a coffee table, and a rug. The woman is seen opening a door, walking outside, and then returning to the house. She is also seen sitting on a chair, holding a phone, and talking to the camera. The video ends with the woman standing in front of a door, talking to the camera.",Entertainment & Shows
7387067236218916129,A woman is in a store and she is looking at a display of cakes. She is trying to decide which one to buy. She then goes to a car and eats a cupcake. She is very happy with the cupcake.,Entertainment & Shows
7323395108378840351,"The video shows a person dancing in a hallway. The person is wearing a gray sweatshirt and jeans. The hallway has tiled floors and a Christmas tree decorated with red ornaments and a fan on the right side. The person dances energetically, moving their arms and legs in various directions.",Humor
7378610696390528289,"The video is a series of frames showing a man in a white lab coat speaking into a microphone, with various images and text overlays providing context and information. The man appears to be giving a speech or presentation, with different images and text appearing above and below him. The text includes phrases such as ""Dissolution of the National Assembly,"" ""Voici tout ce que je vais vous dire,"" ""Il a annoncé la dissolution de l'Assemblée Nationale,"" ""en vertu de l'article 12 de la Constitution,"" ""en vertu de la norme suprême en France,"" ""autrement dit donc",Politics
7292568999932529963,"The video shows a series of images of Malia and Sasha Obama walking in different settings, including a park, a street, and a beach. They are dressed in athletic clothing and carrying water bottles, indicating that they are engaged in physical activity. The video also includes images of the Obamas' family members, including their daughters, as well as other people walking in the background. The video emphasizes the importance of exercise and healthy living, as stated by First Lady Michelle Obama.",Fitness & Health
7360445995945037088,"The video shows a group of wild boars walking on a paved road at night. The boars are seen eating from a pile of food on the ground. A person is seen feeding the boars, and the boars are seen eating the food. The video also shows a person kneeling on the ground, feeding the boars. The boars are seen eating the food, and the person is seen holding a bottle of food. The video ends with the person standing up and walking away.",Sports
7356329953622822187,"The video features a person wearing a colorful cap and a gray shirt with a logo on it. The person is seen in front of a computer screen displaying a stock chart for Trump Media & Technology Group Corp. The stock price is shown to have fallen again today, with a value of 34.21 USD. The person is seen gesturing with their hands while speaking, and the text on the screen changes to provide different insights about the stock's performance. The video also includes text overlays that provide additional commentary on the stock's value and the stock market's sentiment towards Donald Trump's presidency.",Sports
7376774039899082027,"The video shows a group of elderly people in wheelchairs in a museum. They are dressed in formal clothing and are seated in a circle. The video then shows a close-up of one of the elderly people, who is wearing a military uniform. The video then shows a group of elderly people in wheelchairs in a museum. They are dressed in formal clothing and are seated in a circle. The video then shows a close-up of one of the elderly people, who is wearing a military uniform. The video then shows a group of elderly people in wheelchairs in a museum. They are dressed in formal clothing and are seated in a circle. The video then shows a close-up of one",Science & Technology
7394396617882799366,"The video features a person with curly red hair, wearing a dark top, holding a large, colorful drink in their hand. The drink is decorated with various colors and patterns, including pink, white, and blue. The person appears to be in a dimly lit room, with a dark background. The text overlay at the top of the video reads ""POV: Your cousin gives you something to do drink,"" suggesting that the person is reacting to a situation where someone has given them a drink. The video does not provide any additional context or information about the situation or the person's reaction.",1. News
7382929842615979296,"A woman is sitting in a room and talking to the camera. She is wearing a white shirt and has her hand resting on her chin. She is looking at the camera and talking about how she is feeling. She says that she has been feeling really tired and has been working on the laptop for the last few hours. She says that she has been looking at family, hotels, and malls on the internet, but she can't find anything that she likes. She says that she has been feeling really frustrated and that she doesn't know what to do. She says that she has been thinking about buying a new laptop, but she doesn't know if it's worth it. She says that she has",Entertainment & Shows
7283171808595971370,"The video features a woman with long black hair, wearing a gray tank top, standing in a room with a plant in the background. She is holding a phone and appears to be speaking, as indicated by her hand gestures. The text overlay on the video reads, ""NO BECAUSE I'M REAL AORES WHEN THE DUCK DUCK AOKING STAND THE GUY AT THE TEAMKAMAD FOR THEY MAD FAWTFIRS LMAO."" The woman's facial expressions and hand movements suggest she is reacting to something humorous or surprising.",1. News
7299771215755906312,Two women are dancing in a gym. They are wearing black jackets and pants. They are dancing in a room with wooden floors and a gray wall.,Dance
7397523950391086369,"The video begins with a black screen, where a green apple with a crown and a blueberry with a crown appear. The blueberry is holding a heart-shaped balloon, and the apple is holding a heart-shaped balloon. The blueberry then moves to the left, and the apple moves to the right. The blueberry then moves to the left again, and the apple moves to the right again. The blueberry then moves to the left, and the apple moves to the right. The blueberry then moves to the left, and the apple moves to the right. The blueberry then moves to the left, and the apple moves to the right. The blueberry then moves to the",Film & Animation
7410518813021637930,"The video shows a man in a suit and tie sitting in a room with a woman in the background. The man is speaking, and the text overlay on the screen reads, ""Do you think Americans seriously think that this is an important question?"" The woman in the background is wearing a white blazer and appears to be listening to the man. The setting appears to be a formal or professional environment, possibly a meeting or press conference. The video does not provide any additional context or information about the man's identity or the woman's role.",Politics
