video_id,summary,category
7349900395843472672,"The video shows a man in a suit and tie being interviewed by another man holding a microphone. The man in the suit is wearing an orange and black microphone. The background shows a crowd of people and a building with flags. The man in the suit is speaking into the microphone, and the man holding the microphone is listening. The video also shows a man in a gray jacket and a man in a blue cap and tie. The man in the gray jacket is holding a microphone, and the man in the blue cap and tie is also holding a microphone. The background shows a crowd of people and a building with flags. The man in the gray jacket is speaking into the microphone, and the man in",Politics
7326597898358066465,"The video is a humorous comparison between two different cats, one with a smartphone and the other without, as they react to the same situation. The first cat, with a smartphone, is shown in a room with a pink phone in its mouth, while the second cat, without a phone, is shown in a different room with a white cat. The text overlay in the video reads ""Pov: les appels avec mon chacad qui n'a jamais fait de jamais"" (Pov: the calls with my cat who has never made a call before) and ""Moi: ピッチピッチピ",7. Pets & Animals
7302484543691328810,"The video is a black screen with white text. The text reads ""EMERGENCY RELIEF DISTRIBUTION OCTOBER 1TH, 2023. Stop the killing. Stop the hate. Time to donate."" The text is in a bold, sans-serif font and is centered on the screen. The video is likely a call to action for viewers to donate to a relief effort in response to a recent event in Gaza.",1. News
7339991555408694561,"The video showcases a selection of skincare products from Balea, a well-known brand in the beauty industry. The products are displayed on shelves in a store, with each product having its own price tag. The video begins with a person wearing a brown hoodie with the word ""Balea"" written on it, standing in front of the shelves. The person appears to be talking about the products, possibly discussing their features or benefits.

The video then transitions to a close-up view of the Balea products on the shelves. The first product shown is the Vital+ Aqua Augencreme, priced at 3,85 Euro. The second product is the",Beauty Care
7351403366368546081,"The video depicts a series of events involving a group of humans and aliens in a battle. Initially, the humans are shown preparing a sandwich with various ingredients, including cheese and vegetables. The scene transitions to a cooking process where the humans are seen cooking a dish in a pan, with the text ""fast"" appearing on the screen. The cooking process continues with the text ""just"" appearing, indicating a pause in the cooking. The video then shows the humans preparing a sandwich with a human arm, with the text ""then"" appearing, suggesting a sequence of events. The final scene shows the humans preparing a sandwich with a human arm, with the text ""them"" appearing, indicating a continuation of the",1. Entertainment & Shows
7380379588242804001,The video shows a person lying in bed with a pink pillow behind them. The person is wearing a black shirt with blue text on it. The person is holding their hand to their face and appears to be talking or thinking. The background is a white wall with a window. The person is also wearing a necklace with a pendant.,Entertainment & Shows
7291005324717313313,"The video features a woman in a pink coat standing in front of a large building with a river in the background. She is speaking to the camera and discussing the rise of the anti-immigration party AfD in Germany. The video includes text overlays that provide information about the party's performance in state elections and its stance on new citizenship rules. The woman also mentions that the law allowing dual nationality and faster German passport processing is still on track, despite the coalition government's opposition.",Politics
7184540937974975786,"The video shows a person sitting in the driver's seat of a car, wearing a black tank top and white headphones around their neck. They are holding a makeup brush and applying makeup to their eyebrows. The person is wearing a ring on their left hand. The video is titled ""e.l.f brow lift review"" and includes a description of the product and its benefits. The person is seen applying the product to their eyebrows, which appears to be a brow lift product. The video ends with the person giving a thumbs-up gesture and the text ""Let me know what you guys think.""",13. Beauty Care
7343334803665603883,"The video features a woman with long, wavy hair, wearing a dark sweater and a gold necklace, sitting in front of a cosmic-themed background. She is speaking and gesturing with her hands. The text ""TikTok BAN TOMORROW"" appears at the top of the screen, indicating that the video is about a potential ban on the social media app TikTok. The woman appears to be discussing the issue, with the text ""They're trying to ban TikTok tomorrow, and this time it's different"" suggesting that the situation is unique or significant. The video also includes a call to action, with the text ""Call Congress at this number and",1. News
7343662075299761440,"The video begins with a woman in a pink sweater with a black bow tie, standing in a room with a white wall and a shelf in the background. She is looking at the camera with a serious expression. The text ""Me (a huge horror freak) thinking no one could ever affect me"" appears at the top of the screen. The scene then transitions to a man in a white shirt and tie, who is covered in blood and appears to be in a state of shock or distress. The text ""This scene"" appears at the top of the screen. The man is then shown lying on the ground, with blood pooling around him. The text ""And they were both found dead",1. News
7394913119375527210,"The video features a person wearing a gray shirt and a camouflage cap, speaking directly to the camera. The person is seen in different settings, including a room with a wooden shelf and a red object hanging on the wall, and a plain wall with a green bottle. The person's expressions and gestures suggest they are engaged in a conversation or monologue, possibly addressing a specific topic or responding to a comment. The video includes a text overlay that provides context and commentary on the topic being discussed, which appears to be related to the comparison of the number of people killed by different leaders, including Joe Biden, Saddam Hussein, and Vladimir Putin. The video concludes with the person continuing their speech, emphasizing their point",Politics
7327439802637307178,"The video showcases a person in a green hoodie standing next to a white Chevrolet truck. The person is pointing at the truck and discussing its features. The video highlights the truck's lack of options, such as remote start, remote tailgate opening, and remote power close on the tailgate. It also mentions the absence of power folding mirrors and the need for power mirrors. The video concludes with a discussion about the truck's wheels, which are described as heavy-duty and wrapped in 255-7017 general grabbers.",1. News
7296461109572275488,"The video features a series of interactions between Trump supporters and individuals who are critical of Trump's stance on unions. The first frame shows a man wearing a red hat with the text ""MAKE AMERICA GREAT AGAIN"" and a red and white striped shirt, standing in front of a poster of Donald Trump. The text overlay reads, ""Trump Supporters: I Disagree with Trump on..."" followed by a question, ""what do you think about unions?"" The man responds, ""I don't have a say in it, to be honest with you. Listen, I've been working in the unions since 88, okay? And when Trump came in, that's",Politics
7385384197864557855,"The video features a series of images from a CNN broadcast, showing a man in a suit and red tie speaking at a podium. The background is blue with the CNN logo. The text overlay reads ""My favorite prt of the debate was wacha-hitting whoever wasn't talking."" The man appears to be delivering a speech or making a statement. The video is a commentary on the debate, focusing on the moments where the speaker is not engaging with the audience or other speakers.",Politics
7358352976639184146,"The video shows a person driving a car on a highway during a rainstorm. The car is driving on a wet road, and the windshield wipers are on. The person is driving in the rain, and the windshield wipers are moving back and forth. The video also shows a view of the road from inside the car, with the windshield wipers moving back and forth. The video ends with a view of the road from inside the car, with the windshield wipers moving back and forth.",1. News
7371030140370963713,"The video is a series of frames from a gameplay video of a character in a video game. The character is seen running up a set of stairs, with the game's score and time displayed at the top of the screen. The character is also seen using a weapon, and the text ""I'm stuck"" appears on the screen. The character is also seen using a different weapon, and the text ""Hello Spurs?"" appears on the screen. The character is also seen using a different weapon, and the text ""What's happening?"" appears on the screen. The character is also seen using a different weapon, and the text ""I'm coming!"" appears on the screen. The character is also",9. Sports
7328941581862473006,"The video begins with a close-up of a fighter jet on a runway, with the word ""HIGH"" in bright yellow letters superimposed over the image. The jet is stationary, and the background is a cloudy sky. The scene then transitions to a view of the jet in flight, with the word ""HIGH"" still visible. The jet is flying at a high altitude, and the background is a clear blue sky. The video then cuts to a view of the jet flying over the ocean, with the word ""HIGH"" still visible. The jet is flying at a high altitude, and the background is a dark blue sky with clouds. The video concludes with a black screen displaying",1. News
7295860137162591519,"The video features a person wearing a plaid shirt, with a blue background. The person is speaking, and the text overlay on the screen reads, ""I sometimes think about genocide and how barbaric it is and how people ever committed those kind of atrocities and I think we all assume that it could never happen again but it obviously can and probably will. I think about indigenous people and how they were obliterated by colonizers and those settlers did have a legitimate complaint. They were sometimes attacked and women and children were harmed but that kernel of truth was used to justify a greater evil by a larger power to obliterate indigenous people that had no chance to actually fight back. So much about leftist",1. News
7407540452611640606,"The video depicts a man in a blue shirt and black gloves sitting at a desk in an office. He is surrounded by various items, including a computer keyboard, a box, and some papers. The man appears to be speaking to someone off-camera, as indicated by the text overlay that reads ""Those immigration offices when you come back to the US."" The man gestures with his hands as he speaks, and the video ends with him standing up and walking away from the desk.",1. News
7372987016914455841,"The video shows a cricket match between Pakistan and England. The players are seen running on the field, with the crowd in the background. The text ""FREE FREE... FREE FREE..."" is displayed at the top of the screen, and ""PAK vs ENG 25/02/4"" is shown at the bottom.",Sports
7366561209996332320,"The video features a woman with long, dark hair wearing a white shirt. She is sitting in a room with a yellow wall and a shelf in the background. The woman appears to be speaking, as indicated by her hand gestures and facial expressions. The video includes a series of images showing the woman in different poses and expressions, including one where she is holding her hand up to her face. The video also includes text that reads, ""I have never been so angry in my entire life. I don't know if anyone saw the video of Kim Kardashian being interrupted by a pro-Palestinian protester while she was giving an interview in Germany. It makes me feel so angry watching",1. News
7334130841016274222,"The video features a black car parked in a parking lot. The car is sleek and shiny, with a sporty design. The video shows the car from different angles, highlighting its curves and the way it sits on the ground. The background is a typical parking lot scene, with trees and other cars visible. The video also includes text overlays that read ""I don't reverse park to look cool, a mf ust can't park forward"" and ""I don't reverse park to look cool, a mf ust can't park forward."" These overlays suggest that the person in the video is making a statement about their driving habits. The video does not provide any additional context or",1. News
7380389929790033185,"The video features a dramatic scene from a video game, where two characters are engaged in a dance. The character on the left is dressed in a blue and brown outfit, while the character on the right is wearing a white dress. The background is dark, with a spotlight illuminating the dancers. The text overlay on the video suggests that the characters are in a moment of intense emotion, possibly indicating a romantic or dramatic interaction. The video does not provide additional context or information about the characters or the game.",8. Science & Technology
7343754603927850245,"The video features a person wearing a black jacket and a white shirt, standing in front of a backdrop that includes a person holding a Palestinian flag, a person holding a book, and a person holding a flag with a crescent and star. The text ""FREE PALESTINE"" is prominently displayed at the top of the image. The person in the foreground appears to be gesturing with their hand, possibly emphasizing a point or expressing a message. The overall atmosphere of the video seems to be one of solidarity and support for the Palestinian cause.",1. News
7357827492289465646,"The video features a person wearing a white t-shirt with a colorful graphic on it. The person is standing in a kitchen and appears to be talking to the camera. The person is gesturing with their hands and making various facial expressions, indicating that they are expressing frustration or annoyance with the process of eating. The person is also seen making a face with their mouth open and their tongue sticking out, which could be interpreted as a sign of disgust or frustration. The person is also seen making a face with their eyes closed and their mouth open, which could be interpreted as a sign of frustration or annoyance. The person is also seen making a face with their eyes closed and their mouth open,",1. Entertainment & Shows
7366736772253977889,"The video presents a series of scenes showcasing the challenges faced by Tuvalu, a small island nation in the Pacific, due to rising sea levels. The first scene shows an aerial view of Tuvalu, highlighting the country's vulnerability to the effects of climate change. The second scene features a map of the Pacific, with Tuvalu highlighted, emphasizing the global impact of sea level rise. The third scene depicts a meeting room where Tuvalu's government officials are discussing the country's future, with the text ""Tuvalu's government is taking the unusual step of creating a virtual country."" The fourth scene shows a beach with a boat partially submerged in the water, illustrating the threat of",1. News
7342750088902511915,"The video shows a person standing in a bathroom, taking a selfie with a smartphone. The person is wearing a black t-shirt and black shorts. The bathroom has a tiled wall with blue and yellow stripes, and there is a sink and a mirror in the background. The person is also wearing a colorful bracelet and a watch. The video ends with the person standing in front of the mirror, looking at the camera.",1. Entertainment & Shows
7325461211653492010,"The video shows a person wearing a purple hoodie with the word ""Adidas"" written on it. The person is standing in front of a white wall and a wooden door. The person is talking to the camera and appears to be explaining something about their hair. The person is also holding their hair up with their hand. The video ends with the person looking at the camera with a concerned expression.",1. Entertainment & Shows
7363144949442825518,"The video features a woman with long blonde hair, wearing a black shirt with a graphic design. She is standing in a room with a white door in the background. The text overlay on the video reads, ""why is finding har girlfriend no im not trying to be friendly, im trying to be flirtatious."" The woman appears to be speaking directly to the camera, possibly addressing the viewer. The video does not contain any other discernible actions or movements.",1. Entertainment & Shows
7375972216707484960,"The video features a man in a white shirt standing in front of a screen displaying a list of Labour's policy steps for change. The man is seen speaking to the camera, and the text on the screen reads, ""Thanks for the plug Rishi,"" followed by a list of policy steps. The steps include delivering economic stability, cutting NHS waiting times, launching a new Border Security Command, setting up Great British Energy, and recruiting 6,500 new workers. The video concludes with the man continuing to speak to the camera.",Politics
7363604482355137799,"The video showcases a kitchen with a messy floor and various items scattered around. A person is seen holding a transparent container, possibly a water filter, and a bottle of water. The text overlay reads ""Ну нарешті та кухня стоїть. І для зручних і естетичних розкладань речей в шуфлядах я вже отримала частину органайзерів, бо м",Entertainment & Shows
7341253553245408558,"The video features a woman in a light blue shirt with a floral pattern, standing in a room with a window in the background. She is holding a bottle of makeup and appears to be applying it to her face. The text overlay on the video reads, ""So we bought a house for my entire family, but who's paying for it? Do I expect them to pay rent? Are my brothers going to move out when Jacob and I want babies? First, hi, my name is Maymay, and I haven't really talked a lot about this topic because I in no way expect you guys to understand. So first, who pays for our house? The answer is me and Jacob. The",1. News
7346960504490937642,"The video features a woman with long hair, wearing a white tank top, lying on a bed. She is holding a phone and appears to be talking to someone off-camera. The scene transitions to a black and white photo of a couple on a boat, with the woman in a white dress and the man in a suit. The final scene shows the woman lying on a wooden deck, wearing a white dress, with the man standing behind her. The video seems to be a series of photos or clips that depict romantic or intimate moments between the woman and the man, with the woman expressing her love and affection for the man.",1. Entertainment & Shows
7203774185322188037,The video shows a person walking into a room with a door in the background. The person is wearing a dark blue shirt and gray pants. The door is white with a frosted glass panel. The person then walks into a room with a wooden floor and a gray mat on the floor. The person is wearing a dark blue shirt and gray pants. The person then walks into a room with a wooden floor and a gray mat on the floor. The person is wearing a dark blue shirt and gray pants. The person then walks into a room with a wooden floor and a gray mat on the floor. The person is wearing a dark blue shirt and gray pants. The person then walks into a room with,1. Entertainment & Shows
7324373228028300577,"The video depicts a man walking down a street at night, holding a coffee cup and a phone. He is dressed in a suit and tie. The background shows various storefronts, including a clothing store and a jewelry store. The text overlay on the video reads, ""things you need to know before getting a job in finance."" The man appears to be in a hurry, as he is walking quickly and looking at his phone. The video then transitions to a close-up of a meal, showing a variety of food items, including a burger, salad, and vegetables. The text overlay changes to, ""with an extra,"" and then to, ""with an extra side of steak.""",1. Entertainment & Shows
7404376866108312865,"The video shows a group of people, including a woman in a blue shirt and a man in a denim jacket, standing on a street in front of a building. The text at the top of the screen reads ""Das sagen Ihnen zur Kursk-Offenfesie"" (What they say about the Kursk incident). The scene then transitions to a man sitting at a table outdoors, with the same text at the top of the screen. The video then shows a group of people standing on a street, with the same text at the top of the screen. The final scene shows a group of people standing on a street, with the same text at",Travel & Events
7379002112652660014,"The video features a person wearing a white t-shirt with a graphic design, standing in a room with a window in the background. The person is holding their hand to their face, possibly wiping away tears. The text overlay on the video reads, ""Thank you Sarah, as for introducing this wedding ring to me."" The video then transitions to a close-up of a gold necklace with the name ""RATARMA"" on it, displayed on a white card with the text ""Fashion Jewelry"" at the top. The necklace is placed on a piece of fabric with a striped pattern. The video concludes with the necklace still on the card, with the text overlay remaining on the screen",1. News
7394618529569344811,"The video features a series of scenes from a press conference where Vice President Kamala Harris is speaking. The first scene shows her standing in front of a backdrop with the American flag and the word ""DELEGATE"" in bold letters. She is wearing a black suit and has her hair styled in a bob cut. The second scene shows her standing in front of a different backdrop with the word ""DELEGATE"" in bold letters. She is wearing a light blue shirt and has her hair styled in a long, wavy style. The third scene shows her standing in front of a backdrop with the word ""DELEGATE"" in bold letters. She is wearing a black suit and has",1. News
7366286242406829345,A man in a gray hoodie is playing a DJ controller in an office setting. He is wearing black shorts and has a microphone in his hand. He is standing in front of a computer and a window. There is another person in the background. The man is playing music on the DJ controller.,"Music, Singing, & Dancing"
7325205573941710111,"The video begins with a person sitting in a room, wearing a black t-shirt with a graphic on it. The room is dimly lit, with a dresser and a mirror in the background. The person appears to be speaking, as indicated by their mouth movements and hand gestures. The text overlay at the top of the screen reads ""Reply to Lisa Mae's comment hanging around for the ghost hunting,"" suggesting that the person is responding to a comment from someone named Lisa Mae.

The scene then transitions to a different room, where the person is now standing in front of a door. The room is well-lit, with a carpeted floor and a dresser in the background",1. News
7352304151897951521,"The video shows a young man in a black shirt and red pants walking through a living room. He is seen sitting on the floor, surrounded by shoes, and then standing up to continue walking. The room has a large window, a chandelier, and a fireplace. The man appears to be in a state of frustration or anger, as indicated by the text on the screen.",1. News
7365063366907333921,"The video showcases a breathtaking view of a city skyline during sunset. The sky is painted with hues of pink, orange, and purple, creating a stunning backdrop for the city lights. The buildings, tall and modern, stand out against the vibrant sky. The water in the foreground reflects the colors of the sky, adding to the beauty of the scene. The video captures the city's beauty from a distance, with a railing visible in the foreground, suggesting that the viewer is standing on a bridge or viewing the city from a high vantage point. The video does not contain any text or additional information.",1. News
7346235933882076448,"The video shows a person in a green hoodie and black pants using a blue mechanical device to pull a rope attached to a wooden post. The person is positioned on the ground, with the device attached to the post, and is pulling the rope with both hands. The background features a grassy field with trees and a cloudy sky. The person appears to be exerting effort to pull the rope, which is connected to the post.",1. Sports
7305148019727420718,"The video is a series of frames from a movie review. The first frame shows a woman with long black hair wearing a white turtleneck and a brown and white fur coat. The background is dark, and the text ""WATCHER"" is displayed in large white letters. The second frame shows a movie poster for ""WATCHER,"" with the text ""EVIL WANTS TO BE SEEN"" at the top and ""WATCHER"" in large white letters in the center. The third frame shows a woman with long black hair wearing a white turtleneck and a brown and white fur coat, standing in front of a dark background. The text ""WATCHER"" is",8. Entertainment & Shows
7395252325104766216,"The video is a series of frames from a first-person shooter game, likely Counter-Strike, featuring a cat character. The cat is seen in various positions, including holding a sniper rifle, a shotgun, and a handgun. The cat's face is superimposed onto the character's body, giving the impression that the cat is the player. The background is a virtual environment with buildings and a clear sky, typical of the game's setting. The cat's expressions and body language suggest it is engaged in combat, as it is seen aiming and firing the weapons. The cat's face is also superimposed onto a sniper rifle, which is a common weapon in the",01
7354853011887312160,"The video features a group of people sitting around a table, enjoying pizza. One person is wearing a blue hoodie and is seen eating a slice of pizza. The text overlay reads, ""Pineapple doesn't belong on pizza... ABSOLUTELY."" Another person is wearing a green sweater and is also eating pizza. The text overlay reads, ""Why did you eat the whole pineapple pizza?"" The video also includes a text overlay that reads, ""JESUS,"" and another that reads, ""Looks like you like it on pizza..."" The video appears to be a humorous take on the common debate about whether pineapple should be on pizza.",8. Entertainment & Shows
7355938811429260550,The video shows a person wearing headphones and singing into a microphone. The person is sitting in front of a colorful background with a microphone and a keyboard. The person is also wearing a black shirt with a floral design. The video also includes text overlays with lyrics and song titles. The person is singing a song about feeling sad because they were damn good. The video also includes a screenshot of a music AI program with lyrics and song titles.,"3. Music, Singing, & D"
7363655590524226862,"The video features a person sitting at a desk with a computer and a cup of coffee in front of them. The person is wearing a dark shirt with the words ""LOVE HURT CUR"" on it. The background is a neon-lit room with a purple and blue color scheme. The person is talking about Discord, a popular online communication platform, and how it has been affected by a website that has been scraping the data of over 114 million Discord users. The website, Spy.pet, has been offering the messaging history of these users to anyone with a spare couple of bucks. Discord has acknowledged the issue and has started banning accounts affiliated with the website",1. News
7337977691611696417,"The video shows a person driving a car, wearing a white sweater and a seatbelt. The car is red and black, and the person is driving through a city street with buildings and other cars visible in the background. The person is talking to the camera, expressing frustration and confusion about the situation.",1. News
7335864619187146016,"The video is a series of maps and aerial views that compare the geography and population of Wyoming and Colorado. It starts with a map of the United States highlighting the Rocky Mountains and the states of Wyoming and Colorado. The text ""Why Wyoming Is 'Epiphy' And Colorado Is Not"" appears at the top of the screen, indicating the topic of the video. The video then transitions to a series of aerial views of Wyoming and Colorado, showing the vast open landscapes and the Rocky Mountains. The text ""WYOMING'S FOUR YEAR UNE"" appears at the bottom of the screen, indicating the fourth part of the video. The video continues with a map of the United States",1. News
7356565580603870497,"The video features a series of conversations between different individuals, each with their own distinct attire and background. The first individual, dressed in a dark suit, is seen speaking into a microphone, with text overlays indicating their dialogue. The second individual, wearing a pink outfit, is also engaged in a conversation, with text overlays suggesting their response. The third individual, in a dark suit, is shown in a different setting, with text overlays indicating their dialogue. The video captures a series of interactions, each with distinct personalities and backgrounds, set against a backdrop of professional or formal settings. The text overlays provide context to the conversations, suggesting a narrative of empathy, concern, and political discourse.",Entertainment & Shows
7407322364309949728,"The video features a group of people performing on stage. The stage is brightly lit with a vibrant blue and pink background. The performers are dressed in casual clothing, with one person wearing an orange jacket and another wearing a gray shirt. They are dancing and moving energetically, with one person in the center of the stage. The audience is visible in the background, watching the performance. The video also includes a text overlay with the words ""I don't wanna die Before we love, we love, this feeling, babe Cause it's enough, enough, can't be this way Before we love, we love, this feeling, babe I love it, I like it, but I don","3. Music, Singing, & D"
7395058028594122014,"The video features a man in a suit and tie, standing in front of a blue background. He is speaking, and the text overlay on the screen reads, ""I think these issues in this election are way too important for any of us to be distracted, so I stand by what I said in my video."" The man appears to be discussing the importance of the election issues.

The scene then transitions to a shirtless man flexing his muscles on a rocky cliff overlooking the ocean. The text overlay on the screen reads, ""And why lives are so important to me."" The man is wearing a blue cap and black shorts, and he is standing on a rocky outcropping with the",1. News
7357035995667107114,"The video shows a woman in a red shirt standing in a restaurant, holding a drink in her hand. She is talking to another woman who is sitting at a table with a drink in front of her. The woman in the red shirt is then seen drinking from a straw in the drink. The video also shows a menu on the wall behind the woman in the red shirt, listing various drinks and their prices.",1. Entertainment & Shows
7322958700291853614,"The video is a compilation of different segments, each with its own context and message. The first segment features a close-up of a person's face with the text ""what was grump about?"" in bold, red letters. The second segment shows a man and a woman sitting at a news desk, with the text ""GOP CHOICE"" in green letters. The third segment continues with the same man and woman, with the text ""GOP CHOICE"" still visible. The fourth segment features a close-up of a person's face with the text ""it came out of Wuhan. They were saying it came out of caves, bat caves, 2,000",1. News
7333721172363922734,"The video shows a man in a blue shirt and khaki pants standing in front of a black Toyota Camry. He is wearing sunglasses and a blue jacket. The man is dancing and moving his arms around. The background shows other cars and palm trees. The text ""Toyota coulver"" is displayed at the top of the video, and there is a laughing emoji next to it.",1. News
7320342127790148907,"The video depicts a series of interactions between a police officer and a person in a police uniform, likely a sergeant, in a room with blue lockers. The officer is seen gesturing and speaking, while the person in uniform listens and occasionally responds. The video is part of a larger series titled ""TYRANT COPS MAKE BIG MISTAKE Silverthorne Colorado - FBI Amagansett Press."" The officer appears to be explaining something, possibly related to the officer's actions or the situation, while the person in uniform listens and responds. The video includes text overlays that provide context and information about the situation, such as the officer's age and the fact that they have",News
7287998089279917345,"The video shows a person standing on a sidewalk with a laptop in front of them. The laptop screen displays a webpage with various products listed for sale on Amazon. The person is talking about how to save money by shopping on Amazon, specifically mentioning the Amazon Outlet section where discounted items can be found. The video also includes text overlays that provide additional information about the discounted items and the process of finding them on Amazon.",1. News
7340766599860849926,"The video shows a man in a military uniform standing at a podium, speaking into a microphone. He is wearing a name tag that reads ""RIDER."" The background features a large sign that reads ""THE PENTAGON WASHINGTON."" The man appears to be giving a speech or statement, as indicated by the text overlay on the video. The video also includes a caption that reads, ""Well, just to be clear, we have no plans to send U.S. service members to fight in Ukraine. The president has been pretty clear on that, and that continues to be our position. As it relates to providing assistance to Ukraine, I can really only speak in broad terms",1. News
7324688586807201070,"The video shows a young woman sitting in a classroom, wearing a white sweater and a beige scarf. She is looking at a piece of paper in front of her. The background shows a window with blinds, a bulletin board with various papers and notes, and a shelf with books and other items. The text overlay on the video reads, ""Special Ed teacher trying to figure out whether their student is crying."" The woman appears to be in a classroom setting, possibly a school or a tutoring environment, and is engaged in a conversation or activity related to the student's emotional state.",1. News
7195058735914519809,"The video shows a large building being demolished. The building is tall and white, and it is being demolished by a crane. The demolition is causing a lot of dust and debris to be thrown into the air. The video also shows a large plume of smoke rising from the site, indicating that the demolition is causing a significant amount of destruction.",1. News
7360854136440540459,"The video depicts a man in a gray shirt standing in a room with a woman in a black dress. The man is holding a piece of paper and appears to be speaking to the woman. The text ""CAN I HELP YOU?"" is displayed on the screen, indicating that the man is asking for assistance. The woman responds with ""YEAH,"" and the man continues to speak, with the text ""THANKS"" appearing on the screen. The scene then transitions to a black screen with the text ""HUELL"" in white letters, suggesting a possible name or title. The video concludes with the man and the woman standing together, with the man holding the piece of paper and the",1. News
7408631372044111135,"The video shows a person petting a cat on a bed. The cat is lying on a white blanket. The person is wearing a tattoo on their hand. The video also shows a group of kittens on a bed, with one kitten being petted by the person. The kittens are all black and white. The video ends with a message asking for help to replace medications for the kittens.",7. Pets & Animals
7383460841204534534,"The video showcases a series of woodworking tasks, starting with a close-up of a wooden block with a small metal screw embedded in it. The screw is then removed using a pair of pliers, revealing the wood beneath. The process continues with the removal of a larger screw from the same block, followed by the use of a grinder to shave off the wood around the screw. The final step involves the use of a chisel to further refine the wood around the screw, creating a smooth surface. The video concludes with a close-up of the chisel in action, with the background blurred to focus on the woodworking task.",1.5L of water I'm going
7340748820130647326,"The video is a humorous take on California's new $20 minimum wage law for fast food restaurants, specifically focusing on Panera Bread. The video starts with a woman in a blue jacket sitting at a table in an office, with a man in a brown jacket sitting across from her. The woman is holding a piece of paper with the California state seal on it, and the man is holding a sandwich. The text on the screen reads ""How Panera Bread California's New $20 Minimum Wage Law.""

As the video progresses, the woman and the man continue to talk about the new law, with the woman asking the man if he has had a bite to eat. The",1. News
7289539647825382698,"The video features a woman in a kitchen, wearing a peach-colored shirt and denim shorts, dancing energetically. She is holding a piece of paper in her hand, which appears to be a recipe or a note. The kitchen is well-lit, with various items on the counter, including a bottle of water and a bowl. The woman's movements are lively and expressive, with her arms and legs moving in sync with the music. The video does not contain any text or subtitles.",1. News
7390878944012045598,"The video is a series of frames from a video game, specifically a virtual reality game. The game features a character in a virtual environment, which is a room with a pink floor and white walls. The character is wearing a black outfit and has a yellow headpiece. The character is interacting with other characters in the game, including a character with a pink headpiece and a character with a black headpiece. The game also features a menu with options such as ""Starting in..."" and ""Can you get out my face?"" The video also includes text overlays with phrases such as ""Slay, man"" and ""Slay, man. What else do I need? What am I lacking?""",9. Gaming
7390133152670420266,"The video features a person standing in a room with a wooden dresser and various items on it. The person is wearing a black shirt with a graphic design and has long hair. They are also wearing a necklace and have a red light on their forehead. The person appears to be speaking or singing, as indicated by the audio. The background includes a wall with posters and a window. The video does not provide any additional context or information about the person or the room.",1. Entertainment & Shows
7373916497896377617,"The video shows a person preparing a chocolate cake. They start by cutting a piece of the cake and then adding a layer of white frosting on top. The cake is decorated with a border of cookies, and the person adds more frosting to the top. The video then shows the person pouring a white liquid into a bowl, which is likely a mixture of ingredients for the cake. The person stirs the mixture with a whisk, ensuring it is well combined. The video concludes with the person adding more white frosting to the cake, completing the preparation of the dessert.",7. Food
7303250453079280927,"The video is a promotional video for an airline pass that allows you to travel to four destinations: Tahiti, Paris, Auckland, and Tokyo in economy class. The pass costs $1,525 and can be purchased for $750 per round-trip ticket. However, there are only 250 passes available, and they go on sale on November 25th at 9 a.m. Pacific time. The pass is offered by Air Tahiti Nui. The video also includes a message encouraging viewers to purchase the pass quickly, as bots may beat the sale.",1. News
7330776298576514347,"The video features two individuals sitting at a table with a colorful, striped structure in front of them. The structure has a large wheel with a red handle and several slots labeled with different words. The person on the left, wearing a white top, is holding a card with the word ""Eyes"" written on it. The person on the right, wearing a dark shirt, is pointing at the wheel and then at the card with the word ""Eyes"" on it. The video then transitions to a close-up of the wheel, which now has the word ""Eyes"" written on it. The person on the right continues to point at the wheel, and the word ""Eyes""",Entertainment & Shows
7386716685945900320,"The video shows a man in a suit and tie standing in a stadium, with a crowd of people in the background. The man is holding a microphone and appears to be speaking to the audience. The video then transitions to a close-up of the man, who is now sitting down and talking to the camera. The man is wearing a suit and tie, and he is holding a microphone. The background shows a crowd of people, some of whom are wearing hats. The video then transitions to a close-up of the man, who is now sitting down and talking to the camera. The man is wearing a suit and tie, and he is holding a microphone. The background shows a crowd of",1. News
7390820226562084139,"The video shows a cartoon scene where a group of people are standing under umbrellas in the rain. One of the characters, a brown-haired girl, is holding a purple umbrella and talking to the others. The text on the screen says, ""I thought these people were my friends. Little did I know, I was swimming with a pack of thieves."" The girl then says, ""Calm down, DW. Someone probably put it in the lost and found. We'll have to come back Monday. The office is closed. But today's Saturday. That's almost two whole days away."" The girl then says, ""All my important stuff is in that backpack. My glitter,",1. News
7361435694725696810,"The video features a woman standing on a stage in front of a large crowd, with the text ""Every headline show I make my vip's pledge to be a friend to anyone who came alone to show what night."" The woman is wearing a blue and pink outfit and is holding a microphone. The crowd is cheering and waving their hands. The scene then transitions to a close-up of the woman, with the text ""Midway through my set I induct more pop to do the same thing."" The woman is still on stage, and the crowd is still cheering. The final frame shows a poster with the text ""NOMINEE: MY LIVE SET GOT ME NOMINAT","3. Music, Singing, & D"
7317028968568343850,The video shows a person using a knife to cut through a piece of wood. The person is wearing headphones and is in a room with a window in the background. The video also shows a person using a heat gun to cut through a piece of wood. The person is wearing headphones and is in a room with a window in the background. The video also shows a person using a knife to cut through a piece of wood. The person is wearing headphones and is in a room with a window in the background. The video also shows a person using a knife to cut through a piece of wood. The person is wearing headphones and is in a room with a window in the background. The video also shows,1. News
7393735339996712225,"The video features a person wearing a white and blue striped shirt with a blue collar, standing in front of a door. The person is holding a phone and appears to be speaking, as indicated by the text overlay on the screen. The text reads, ""QUAND ON A 11 DE VUE LE \""M\"" VENTE E \""MILLION\"" MAISQUAND ON A 1 K DE VUE, SE L'IL K VENT DE QUE MOT ?"" which translates to ""When you see the \""M\"" on the 11th, the \""Million\"" is more than 1000, and when you see the 1",1. News
7286953369133174062,"The video shows a man in a yellow shirt and black pants standing on a street with a large black and white kite in the air. The kite is attached to a harness that the man is wearing. The man is holding onto the kite string and appears to be preparing to take off. However, the kite does not lift off and instead floats in midair, causing the man to start pumping his paraglider like a bird. The man begins to go up higher, but it almost looks like the video is in reverse.",1. Sports
7210197949433892142,"The video showcases a picturesque beach scene with a clear blue sky and calm ocean waters. The beach is lined with numerous lounge chairs and umbrellas, indicating a popular spot for relaxation. The text overlay on the video provides a list of the beach's features, including its iconic and icy nature, a place to see and be seen, and the presence of Great Beaches. The video also mentions that the food is reasonable and the atmosphere is delightful. The video concludes with a call to action, inviting viewers to share their favorite beach in Capri.",Favorite beach in Capri?
7317451980497046826,"The video is a compilation of morbid facts about the Church of Scientology. It starts with a man in a suit and tie, followed by a woman in a blue dress, and then a man in a suit and tie with a beard. The text at the top of the screen reads ""Morbid Scientology Facts."" The video then shows a woman in a blue dress, followed by a man in a suit and tie with a beard, and then a man in a suit and tie with a mustache. The text at the top of the screen reads ""Morbid Scientology Facts."" The video continues with a man in a suit and tie, followed by a man in a suit and tie",1. News
7346304747646848288,"The video shows a group of people shopping in a grocery store. One person is seen holding a box of cereal, while another person is holding a box of cookies. The video also shows a person in a blue jacket standing in front of a shelf, looking at the items on the shelf.",Entertainment & Shows
7357381570371603717,"The video shows a group of people dancing in a room. One person is wearing a white shirt and a black skirt, another is wearing a white shirt and a black dress, and the third is wearing a white shirt and a black dress. They are dancing in a room with a white wall and a door in the background.",1. Entertainment & Shows
7319635608945675528,"The video shows a person performing a dance routine on a stage. The person is wearing a white sweatshirt with a graphic design on it, black and white striped pants, and red sneakers. The stage is dark, and there are other people visible in the background, some of whom are sitting on the floor. The person in the video is moving energetically, with their arms and legs moving in various directions. The video also includes a text overlay that reads ""J-Wars We're free today, we're not getting so far"" and ""Let's go!""","3. Music, Singing, & D"
7288048371019926814,"The video shows a woman sitting on a bench in a backyard, wearing a white shirt. She is talking to the camera and appears to be explaining something. The background includes a house with a porch and a fence. The woman is wearing a ring on her finger.",1. News
7302492057975688490,"The video features a person wearing a black and white tie-dye tank top with a watermelon slice graphic on it. The person is standing in a room with a white ceiling and a light-colored wall. They are wearing a pair of yellow sunglasses on their head and have long braided hair. The person is holding a watermelon slice in their hand. The text overlay on the video reads, ""From the river to the sea."" The video also includes a watermark that reads, ""The creator of this filter is in the Filter Creator Fund, and all the proceeds go to Palestine, so if there's nothing that you think you can do to help, here's a thing you can do.",1. News
7289320054347468078,"The video features a person sitting at a desk, wearing a dark shirt, with a laptop in front of them. The background includes a painting with a red and orange color scheme. The person is speaking and gesturing with their hands, and there is text overlaid on the video that reads, ""Hakeem Jeffries will explode."" The person appears to be discussing a political scenario involving a potential Speaker of the House of Representatives, with a focus on the possibility of a deal with Democrats. The video ends with the person making a humorous prediction about the reaction of right-wing media figures if the next Speaker of the House is elected with Democratic votes.",1. News
7346011922946510126,"The video features a series of frames showing a person wearing a hoodie and sunglasses, standing outdoors with trees and a street sign in the background. The person is seen in different positions, with the text ""Reply to Coa's comment I respect myself so I'm voting for RFK Jr."" appearing at the top of the frames. The video then transitions to a news article from NBC News, which discusses RFK Jr.'s consideration of Aaron Rodgers as his vice presidential running mate. The article highlights Rodgers' lack of experience and his views on the Sandy Hook school shooting, as well as his connections to conspiracy theories. The video concludes with the person in the hoodie speaking directly to",1. News
7366304208150121774,"The video features a series of individuals making heart shapes with their hands in front of their faces. The first person is wearing a red shirt with the text ""Los Angeles"" on it. The second person is wearing a red jacket with the text ""Los Angeles"" on it. The third person is wearing a beige jacket with a graphic on it. The fourth person is wearing a blue and white plaid jacket. The fifth person is wearing a yellow shirt with a graphic on it. The sixth person is wearing a black shirt with a graphic on it. The seventh person is wearing a black shirt with a graphic on it. The eighth person is wearing a black shirt with a graphic on it. The",1. News
7360733570232552710,"The video features a person standing outdoors, holding a large, black clock-shaped object with the word ""КАИНЕ"" written on it. The person is dressed in a black shirt and light blue jeans. The background is a lush, green park with trees and bushes. The person appears to be speaking, as indicated by the text on the screen. The text includes a phone number, email address, and a website, suggesting that the person is providing information or services related to the clock. The video does not contain any other discernible actions or movements.","1. Music, Singing, & D"
7369576124948548897,"The video shows a person holding a small animal, possibly a rodent, in a grassy field. The animal appears to be a marmot, as indicated by the caption in Russian. The person is wearing a black shirt and is holding the marmot in their arms. The marmot is looking at the camera with its mouth open, possibly in a state of distress or agitation. The background is a grassy field with trees in the distance. The video does not provide any additional context or information about the marmot or the person holding it.",7. Pets & Animals
7393839173922327841,"A screenshot of a political map showing the results of the 2020 presidential election. The map is color-coded to show the results of the election in each state. The map is titled ""Yaps.com"" and shows the number of votes each candidate received in each state. The map also shows the number of electoral votes each candidate received.",Politics
7388205937036725537,"The video shows a person wearing a blue and white jacket with the word ""Turbine"" on it, sitting in a vehicle. The person is holding a phone and appears to be recording themselves. The background is dark, and there are some stickers on the wall. The person is trying to activate their Supacell power, as indicated by the text at the top of the video. The person is also wearing a seatbelt.",1. News
7362611852360174881,"The video begins with a black screen displaying the text ""4TO АЛОВЬБ БЫЛА ПЕРЕСТРЕЛКИЙ ВЫСТАНОВИТЬ МНЕ СКУЧНО"" in white, which translates to ""4TO ALOVB BILA PERESTRЕЛКИЙ VISTАНОВИТЬ ME",1. News
7368846954471640362,"The video features a person with long red hair wearing a black sweatshirt with green text. The person is standing in a kitchen with white cabinets and a refrigerator in the background. The person is speaking and gesturing with their hands, possibly explaining or discussing something. The video also includes text overlays that provide context and commentary on the topic being discussed. The text overlays mention the importance of solidarity among oppressed people, the intersectionality of activism, and the need for influencers to prioritize the needs of their followers over personal gain. The video concludes with a call to action for viewers to stop following influencers who prioritize fame and money over activism and solidarity.",1. News
7108772250320473349,"The video showcases various activities and attractions in the Greek island of Paros. It begins with a person standing in front of a scenic view of the island, with the text ""Paros 5 out of the box activities!"" displayed at the top. The person is wearing a red and white striped shirt and appears to be speaking. The video then transitions to a series of images, each accompanied by a text prompt. The first image shows a person standing on a rocky beach with the text ""1. Go have a meal in the traditional village of Lefkest."" The second image shows a person hiking on a dirt path with the text ""2. Go to the beach of Kalogero."" The",Travel & Events
7349908267742743854,"The video features a person in a red shirt speaking into a microphone, with text overlays providing commentary on the topic of Trump's legal immunity claim. The person is in a room with shelves in the background, and the text overlays suggest that Trump's legal team is working against him in a legal case. The video also includes a quote from a legal scholar, suggesting that Trump's actions have made it difficult for his legal team to make a strong case. The video concludes with a statement about Trump being the worst president of all time, but also the worst client in legal defense.",Politics
7273897683918621994,"The video captures a football game in progress, with players in various uniforms, including a player in a white jersey with the number 9, who is seen throwing a football. The scene is set in a stadium filled with spectators, with the player in the white jersey making a pass to a teammate. The video also shows a player in a black and yellow uniform, with the name ""McCarthy"" and the number 10 on the back, running with the ball. The atmosphere is lively, with the crowd cheering and the players displaying their skills on the field.",Sports
7374631394108181806,"The video shows a woman standing in a bedroom, talking about her life. She mentions that her husband was brought to the USA at age 4, became a DREAMER at age 19, got married in 2017, and left the USA for his father's house in Mexico in 2020. He has been living in the USA without a residence permit for 4-8 weeks, but he has traveled down to Mexico every 4-8 weeks to work. The woman is talking about packing because her husband is a US citizen and has been living in the USA without a residence permit for 4-8 weeks. She mentions that she has been packing",1. News
7285324334934035745,"The video shows a man in a hospital room, surrounded by people. He is holding a baby in his arms, and the baby is crying. The man is trying to comfort the baby, but the baby is not responding. The man then puts the baby down and walks away. The video ends with the man walking out of the room.",1. News
7374137745364602155,"The video features a woman in a pink jacket and a man in a black shirt inside a car. The woman is speaking, and the man is listening attentively. The woman then gestures with her hand, possibly indicating something important. The man continues to listen, and the woman continues to speak. The video ends with the woman still speaking, and the man looking at her.",1. News
7345205332383108394,"The video shows a group of people gathered around a table, with a person in a yellow shirt writing on a piece of paper. The background shows a stone wall and some posters. The text on the screen reads ""HUMANITARIAN."" The scene then transitions to a group of people walking down a street, with the text ""OF THE 15,000 Haitian police officers in the country, over 3,000 of them have fled, and human rights advocates have even accused them of colluding with gangs."" The video then shows a group of people sitting at a table, with the text ""HUMANITARIAN."" The scene then transitions to a",1. News
7335427690708651272,"The video features a person wearing a light-colored sweater with a black and white pattern and blue jeans. They are standing on a city street, with buildings and trees in the background. The person is holding a microphone and appears to be speaking or singing. The text ""think makes"" appears on the screen, followed by ""her,"" and then ""environment?"" The person is then shown standing with their arms crossed, looking thoughtful. The video ends with the person looking down, possibly in contemplation.",1. News
7366011789085035809,"The video shows two men standing on a stage, one of whom is holding a cane. They are both dressed in suits and ties. The man on the left is speaking into a microphone, while the man on the right is looking at him. The stage is decorated with blue and white colors, and there is a large screen behind them displaying the text ""CDU"". The man on the right then embraces the man on the left, and they both stand together on the stage.",Politics
7383627859803393313,"The video features a man in a white polo shirt sitting at a desk in an office setting. He is speaking and gesturing with his hands, and the text ""A ENCORE"" appears on the screen, indicating that he is continuing to speak. The man is also seen with the text ""TALENT"" and ""SE CONTENT."" The video seems to be a commentary or analysis of a situation or topic, as indicated by the text on the screen.",1. News
7362157037511396613,"The video is a tutorial on how to pack cosmetics from Korea for a trip to Ukraine. It starts with a person in a black outfit sitting on the floor, surrounded by various boxes and items. The person is holding a large box labeled ""Най лучше оказаться Висиостица 3 корей"" (The best way to find a beauty consultant in Korea). The person then opens the box and shows the contents, which include various cosmetic products.

The video then transitions to a close-up of the person holding four different bottles of cosmetic products, each with a different color label.",Entertainment & Shows
7346042702347406638,"The video features a series of scenes where a person is interacting with different people in various settings. The first scene shows the person sitting on a rooftop in a city with red-tiled roofs, wearing a black hoodie and white sneakers. The person is holding a white object, possibly a phone or a camera. The background includes a church with a tall spire and a building with a clock tower. The text ""amazingz"" appears on the screen, possibly indicating a positive or impressive moment.

The second scene shows the person standing in a snowy outdoor setting, hugging a dog. The person is wearing a black jacket and is surrounded by several dogs on a sled. The",Travel & Events
7362203819721166123,"The video shows a group of people, including children, gathered in a public space, holding signs and banners. The signs and banners have messages such as ""SEND A MESSAGE TO THE PROTESTS"" and ""We love the students of Harvard University."" The people in the video appear to be protesting or supporting the students of Harvard University. The video also shows a group of people standing in front of a large crowd, holding signs and banners. The signs and banners have messages such as ""We respect the students of your university"" and ""We hear you."" The people in the video appear to be protesting or supporting the students of the university.",1. News
7389277272009690401,"The video shows a large white ship with a red and blue stripe on the side, moving through a body of water. The ship is surrounded by ice, indicating cold weather conditions. The sky is overcast, and the water is calm. The ship is moving slowly, and there are no other vessels in sight. The video then shows a close-up of the ship's bow, with the text ""First migrants since election"" displayed on the screen. The ship is docked at a port, and there are several trucks and other vehicles in the background. The video then shows a view of the ship from the side, with the text ""Border Force vessel arrived in Dover"" displayed on the",1. News
7315533802409839914,"The video features a person with long blonde hair, wearing a dark jacket, standing in a room with a plant in the background. The person is seen gesturing with their hands while speaking, and the text overlays the video with various statements. The first text overlay reads, ""Bill Maher a weknln Islamophobe,"" which translates to ""Bill Maher is a bigot against Islam."" The second text overlay states, ""as something that just a part of history,"" suggesting that the person is discussing a historical context. The third text overlay reads, ""killing 10 million Congolese people,"" which refers to the Congo Civil War, a conflict that resulted in the",Politics
7355525427160452385,"The video features a woman performing on stage, wearing a black hat and a black outfit. She is holding a microphone and singing into it. The background is a large crowd of people, and the stage is brightly lit with spotlights. The text overlay on the video reads ""When Beyoncé points at you in the crowd."" This suggests that the woman is performing in front of a large audience, and the text implies that she is being pointed out by someone in the crowd. The video does not provide any additional context or information about the woman or the performance.","3. Music, Singing, & D"
7368383778034601249,"The video shows a computer screen with a desktop background featuring a 3D model of a room with a desk and chair. The room is filled with various items, including a computer monitor, keyboard, and mouse. The text on the screen reads ""Freundin: Was hast du gegen den Garten tag gemacht? Ich: Aufgeräumt"" (Friend: What did you do in the garden today? Me: Dirty). The video appears to be a humorous or satirical take on a common situation where someone asks their friend what they did in the garden, and the friend responds with a sarcastic or dismissive answer.",1. News
7386720277557742880,"The video shows a group of gymnasts practicing on a gymnastics mat. One gymnast is performing a routine on the uneven bars, while another gymnast is practicing on the parallel bars. The gymnasts are wearing blue and green uniforms, and the gymnasium is filled with spectators.",Sports
7297944147648924961,"The video showcases the process of making Slow Cooker French Onion Soup. It begins with a close-up of a bowl filled with French onion soup, topped with melted cheese and bread. The text overlay reads ""Slow Cooker French Onion Soup."" The video then transitions to a close-up of a bowl containing sliced onions, with the text ""2 tbsp Worcestershire sauce"" appearing on the screen. The next frame shows a pot filled with onions being cooked, with the text ""900ml be fstock"" appearing. The final frame shows a hand holding a piece of bread, with the text ""Serves 6"" appearing. The video concludes with a close-up",1. Food
7400109280008867114,"The video features a person wearing a white shirt with the text ""HARRIS FOR PRESIDENT"" in red and blue. The person is sitting in a room with a white blanket draped over their lap. They are speaking directly to the camera, emphasizing the importance of checking voter registration status for Democrats in red or purple states. The person also mentions that they will be wearing the shirt for the next 90-some days. The video ends with the person saying ""All hotties for Harris"" and ""I will be wearing this shirt for the next 90-some days.""",Politics
7331415226442730757,"The video captures a series of performances by a group of individuals, likely a band or a group of performers, in various settings. The first scene shows a person in a black jacket and jeans dancing in a dimly lit room, with a chandelier in the background. The text overlay suggests that the performance is taking place in a club.

The next scene features a person in a green jacket and white pants, holding a microphone and singing into it. The background is brightly lit, with a large screen displaying colorful visuals. The text overlay indicates that the performance is taking place in a stadium.

The third scene shows a person in a camouflage jacket and white pants, also holding a","3. Music, Singing, & D"
7307346522234998049,"The video shows a woman sitting on a couch in a living room. She is wearing a dark-colored top and has long dark hair. The background is a simple, neutral-colored room with a white wall and a window. The woman is speaking, and the text overlay on the video reads, ""me when someone asks why I love to watch The Kardashians."" The woman appears to be talking about her love for the show, and the text suggests that she is sharing her thoughts on why she enjoys watching it.",8. Entertainment & Shows
7362216509206236449,"The video shows a person with long brown hair, wearing a white shirt, standing in front of a shelf filled with various items. The person is holding a bottle of hand sanitizer and appears to be talking to the camera. The shelf contains a variety of items, including bottles of hand sanitizer, a box of tissues, and other personal care products. The person is seen picking up a bottle of hand sanitizer and talking to the camera, with the text ""Dinge, die ich eingekeauft habe, weil ich eiggesseren habe, ich habe clasics e.g. schon daheim"" appearing on the screen. The person then picks up a",1. News
7396760829498002720,"The video features a woman with long, wavy blonde hair, wearing a white top, standing in front of a bookshelf filled with various books. She is speaking and gesturing with her hands, seemingly explaining or discussing something related to books and reading. The text overlays on the video provide context to her speech, with phrases like ""warum ich meine Bücher, die ich schon gelesen habe, nicht einfach verleihe oder verkaufe,"" which translates to ""why I don't just give away or sell my books that I've already read,"" and ""weil ich habe sie ja schon gelesen,",1. News
7343145915886193926,"The video depicts a series of interactions between two individuals in a nighttime urban setting. The first individual, dressed in a red jacket and blue jeans, engages in a conversation with the second individual, who is wearing a black leather jacket and brown pants. The setting appears to be a cobblestone street with a building in the background. The second individual is holding a microphone, suggesting that they are being interviewed or speaking to the camera.

As the video progresses, the second individual, now wearing a black leather jacket and white sneakers, is seen walking away from the first individual. The first individual is still present, standing on the street. The background remains consistent, with the cobblestone street",Entertainment & Shows
7368596585594359083,"The video shows a man in a white shirt speaking into a microphone with the words ""INTERNATIONAL"" displayed on the screen. The scene then transitions to a large crowd of people in a city square, with the words ""Mace protests against German's far-right A&D over deportation 'masar tepls' AND FANGING"" appearing on the screen. The video then shows a close-up of a sign with the letters ""A&D"" on it, followed by a news article with the headline ""The designation allows intelligence officers to conduct wiretapping of party members and employ informants as a collect."" The video continues with a close-up of a person holding",Politics
7395305751469772075,"The video shows a woman with long hair, wearing a purple top, sitting in the back seat of a car. She is wearing a necklace with a heart-shaped pendant. The video is captioned with a comment from someone named ""Really want to know more comment Trump or Harris."" The woman appears to be speaking, possibly about her political views or a political event. The video does not show any other people or objects, and the background is not visible.",1. News
7278695690522348843,"The video features a person wearing a green hoodie with a cartoon character on it, sitting in an airplane. The person is speaking and gesturing with their hands. The background shows the interior of the airplane, with seats and overhead compartments visible. The person is discussing the controversy surrounding Mr. Beast's decision to fly economy class, as people are upset that he is flying economy class when he is rich. The person also mentions that Mr. Beast provides the best content on YouTube and that he is not insanely rich, but he takes all of the billions of dollars that he's gotten from his videos and puts them back into his videos. The person encourages viewers to not be mad at",1. Entertainment & Shows
7344030729531067680,"The video features a man in a suit and tie, standing in front of a building with a red sign that reads ""Höppart30"". He is holding a microphone and appears to be speaking to another person, who is wearing a black coat and a scarf. The text overlay on the video reads ""Fabian Köstrm nimmt Politiker HopPart30"" and ""heute war hier eine komplett volle Halle und CDU-Mitglieder zuerst. Das wäre ja vielleicht auch... Alle anderen Presseleute sind ja reingekommen. Fünf",Politics
7395616033127648554,"The video shows a woman in a black dress standing in a room. She is holding a black bag and talking to the camera. The room has a bed, a mirror, and some clothes on the floor. The woman is wearing a black dress and has a tattoo on her arm. She is talking about her belly fat and how it was stubborn. She is also talking about her belly button and how it was a little bit loose. The video ends with the woman standing in front of the mirror, looking at herself.",13. Beauty Care
7347525697591725355,"The video features a person wearing a green shirt with the text ""It's not in the Bible"" on it. The person is standing in front of a bush with red flowers, and the background shows a building with a red roof. The person is speaking, and the text overlay on the video reads, ""How Zionism is sold to non-Israeli Jews."" The person is discussing the way Zionism is marketed and sold to American Jews, highlighting the contradictory messages they are often given. The person mentions that they were encouraged to visit Israel, and that they were told that it was the only place in the Middle East where Jews could be safe after the Holocaust. The person also discusses the lack of context",Politics
7376404436505136416,"The video shows a woman, identified as Little Ms Jocelyn, being stopped by a traffic warden in a city street. The traffic warden is wearing a uniform and is holding a ticket. The woman is visibly upset and is making a gesture with her hand, possibly indicating frustration or anger. The video also includes text overlays that suggest the woman is being told that she cannot park in the area, and that the traffic warden is there to enforce the law. The tone of the video is confrontational, with the woman appearing to be in a heated discussion with the traffic warden.",1. News
7341059462687509803,"The video shows a series of images related to the situation of Kate Middleton, who is said to be confined in a tower. The first image shows a woman in a red dress with a crown on her head, while the second image shows a woman in a white dress with a crown on her head. The third image shows a woman in a blue dress with a crown on her head. The fourth image shows a woman in a white dress with a crown on her head. The fifth image shows a woman in a white dress with a crown on her head. The sixth image shows a woman in a white dress with a crown on her head. The seventh image shows a woman in a white dress with",1. News
7357877605581802795,"The video is a series of frames from a video game, specifically from the game ""Roblox"". The game features a character with a dark, spooky appearance, resembling a monster or a ghost. The character is seen in various settings, including a dark tunnel, a green field, and a city street. The character is also seen interacting with other characters, who appear to be human. The character's actions and the reactions of the other characters suggest a sense of fear and danger. The video ends with a message that reads, ""Take one look at me, where the fuck should he run? To some fucking head when he gots this around Guess you didn't think you",9. Gaming
7348220196772990254,"The video depicts a person in a blue shirt with a graphic on it, sitting in a room with a laptop in front of them. The laptop screen shows a message that says ""This site can't be loaded. Try: EMM.Connection.TIMED_OUT."" The person is holding a smartphone in their hand, and the video shows a close-up of the smartphone screen displaying a message that says ""Login failed. We hit an error at the server. Please check the connection. EMM.Connection.TIMED_OUT."" The person is also wearing a hat and glasses. The video then shows a close-up of a computer screen with a message that says ""This site can",1. News
7323547689201765664,"The video features a person in a garage, wearing a black cap and a black shirt with a white logo, discussing five cars from Italy. The person gestures towards the cars, which are displayed in the garage. The first car mentioned is the Ferrari Pro Sangue, a daily driver that the person does not own yet. The second car is the Ferrari GTC4 Lusso, which the person considers a daily car. The third car is the Lamborghini Centenario, a supercar that the person would drive most of the time. The fourth car is the Ferrari LaFerrari, a hypercar that the person would drive as a weekend car. The final car mentioned",Comedy
7388973620116180257,"The video features a man in a suit and tie standing at a podium, delivering a speech. The background is plain and light-colored, and the man appears to be addressing an audience. The text overlay on the screen reads ""Jordan Bordeau: 'J'y serai, vous êtes, jusqu'à la victoire'."" This translates to ""Jordan Bordeau: 'I will be there, you are, until the victory.'"" The video also includes a timestamp at the bottom, indicating that it was recorded on July 24, 2024. The overall tone of the video is serious and focused, suggesting that the",Politics
7392691382218935583,"The video starts with a group of people standing in a room, all wearing white t-shirts with black designs. They are posing for a photo, with one person holding a black jacket. The scene then transitions to an outdoor setting where a group of people are standing in front of a building. The video then shows a group of people sitting on chairs in a room, with one person holding a camera. The final scene shows a group of people standing in front of a building, with one person holding a camera.","3. Music, Singing, & D"
7323689375043243269,"The video features a white cat standing on a blue couch in a well-lit room with wooden floors and a chandelier. The cat is holding a small object in its paws, possibly a toy or a treat. The cat appears to be looking at the camera with a curious expression. The text on the screen reads ""Вам покачиваю карьерикикой у любому человеку, что выкупую среди своих друзей, что выкупу",Comedy
7383363724628725024,"The video depicts a fashion show featuring models in various outfits, including a black and white striped sweater, a black and white striped shirt, and a black and white striped shirt with a hood. The models are walking down a runway, with the audience seated on either side, watching the show. The audience members are dressed in casual clothing, and some are taking photos or clips with their phones. The setting appears to be a large, industrial space with high ceilings and exposed beams. The lighting is bright, and the overall atmosphere is one of a fashion show.",1. Entertainment & Shows
7339981163756490030,"The video showcases a person's hands with long, bright pink nails, which are being painted with a bright pink polish. The person is using a nail art brush to apply the polish to their nails. The video is set in a room with a gray hexagonal tile floor and a white wall. The person is wearing a black shirt and is focused on the task of painting their nails. The video ends with the person holding up their hands to show the completed nails, which are now fully painted and shiny.",1. Beauty Care
7318033407785569569,"The video showcases a man standing next to a red Mercedes-Benz car in a parking lot. The text ""Brabus"" appears on the screen, indicating the brand of the car. The man appears to be explaining something about the car, possibly its features or history. The video then transitions to a close-up of the car's side, highlighting the ""V8 BURBUR"" badge, which suggests a high-performance version of the car. The video concludes with the text ""known"" appearing on the screen, possibly indicating the brand or the type of car.",1. News
7361467847190760750,"The video features a person sitting in front of a wall covered with various posters and decorations. The person is wearing a gray hoodie and is holding a phone. The text overlay on the video reads, ""I'm not afraid to admit I'm not afraid to admit I'm not afraid to admit I'm not afraid to admit I'm not afraid to admit I'm not afraid to admit I'm not afraid to admit I'm not afraid to admit I'm not afraid to admit I'm not afraid to admit I'm not afraid to admit I'm not afraid to admit I'm not afraid to admit I'm not afraid to admit I'm not afraid to admit I'm not afraid to admit I'm not",1. News
7323131799310306590,"The video is a series of interviews with Jeff Bezos, the founder and CEO of Amazon.com, conducted in 2000. The video begins with Bezos being interviewed in a modern office setting, where he is seen talking to another man. The video then transitions to Bezos sitting in front of a pink background, continuing the interview. The text overlay on the video reads ""Jeff Bezos interview on Amazon in 2000"" and ""Jeff Bezos and CEO of Amazon.com,"" indicating that the video is a compilation of interviews with Bezos from that year. The video also includes text overlays that provide additional information about Bez",1. News
7353311795374738721,"The video features a person sitting on the floor, wearing a gray hoodie and black pants, with a gray blanket with yellow patterns draped over their legs. The person is holding a white object, possibly a phone or a small device, in their hands. The background includes a wooden floor and a wall with a mirror. The person appears to be speaking, as indicated by their hand gestures and facial expressions. The video includes text overlays with French language, suggesting that the person is discussing or expressing something related to the video content.",1. News
7329621030023089440,"The video shows a young man and woman posing for a photo in a room with a white wall and a window. The man is wearing a white hoodie and a black bag, while the woman is wearing a black top and white pants. They are standing close to each other, with the man's arm around the woman's shoulder. The background includes a plant and some furniture.",1. Entertainment & Shows
7261278269884992795,"The video shows a group of people on stage, with one person in the center holding a microphone. The stage is lit with red and purple lights, and there are people in the audience taking photos and videos. The person in the center is wearing a white shirt and black pants, and there is a red umbrella in the background. The video ends with a close-up of the person in the center, who is smiling and waving at the camera.",Entertainment & Shows
7397527101143878954,"The video depicts a heated exchange between a senator and a man in a suit, likely a government official, during a congressional hearing. The senator is questioning the number of agents assigned to protect the sitting president, Donald Trump, compared to Joe Biden. The official is refusing to answer the question directly, instead asking the senator to provide a clear and direct answer. The senator is trying to get the official to provide the number of agents assigned to Trump, which is a crucial piece of information for the hearing. The official is also asking the senator to provide the number of agents assigned to Biden, which is another important piece of information. The video is a tense and confrontational exchange between the senator and the official",1. News
7353267784886897952,"The video shows two men sitting at a counter in a room. One man is wearing a yellow jacket, and the other is wearing a white hoodie. They are engaged in a conversation, with the man in the yellow jacket gesturing with his hands while talking. The man in the hoodie listens attentively. The background features a wall with a window and some decorations. The video ends with the man in the yellow jacket continuing to talk, while the man in the hoodie looks on.",Entertainment & Shows
7351137146004114693,"The video captures a soccer match between Ukraine and Israel. The match is intense, with players from both teams actively engaged in the game. The video shows a player in a blue jersey, number 21, attempting to tackle an opponent in a yellow jersey, number 1. The player in blue is seen in various stages of the tackle, from being in a defensive position to being on the ground. The video also shows a player in a yellow jersey, number 1, being tackled by a player in a blue jersey, number 21. The video concludes with the player in blue being on the ground, while the player in yellow is seen running away from the scene",5. Sports
7312903813122280746,The video shows a group of farmers protesting against the draconian regulations against ethm. Now they are literally spraying cow shit at government officials. The protesters are holding signs and chanting slogans. The video also shows a man in a suit and tie standing in front of a building.,1. News
7357063093962214689,"The video features a person wearing a black jacket with white trim and a pearl necklace. The person is seen in a room with a window in the background. The text overlay on the video reads ""wie ich in die Deutsche n254 rein gehe am abprüfung rei gehe am"" and ""und danach gucken wir, was wir dann noch so rasieren können."" This suggests that the person is speaking about their experience in Germany and how they feel about the language they are learning. The person appears to be speaking directly to the camera, possibly in a casual or conversational tone.",1. News
7374800691677629729,"The video features a person wearing a beige outfit and a headset, standing in front of a large orange truck with the text ""MULGREW"" on it. The person appears to be speaking or singing, with the text ""How do you step 4 hours and ovvk15 hours"" displayed at the top of the screen. The background shows a road with trees and a clear sky. The person then holds up a small object, possibly a phone or a device, and continues to speak or sing. The video concludes with the person still in front of the truck, with the text ""It's in my blood"" displayed at the top of the screen.",1. News
7350964297381498154,"The video shows a person rummaging through a trash bin, looking for items. The trash bin is filled with various items, including a box of macaroons, a box of roses, and a box of pizza. The person is looking for something specific, possibly a valuable item or a piece of jewelry. The video ends with the person looking at the items in the trash bin, possibly deciding what to do next.",1. News
7405044080729787678,"The video shows a woman standing on a stage, holding a book. She is wearing a blue suit and has long hair. The background is blue with stars. The text on the screen reads ""DNC speaker briggugat at copy of Proj:2025"". The woman is speaking into a microphone. The video also shows the text ""TERM"" and ""MUCH"" on the screen.",Politics
7337416931965685034,"The video showcases a man standing in front of a tree, wearing a plaid shirt. He is talking about the carbon footprint of a rural electric cooperative in eastern Oregon. The video then transitions to an aerial view of a large data center being built in the area, with the text ""Amazon plans to build 10 more data centers in eastern Oregon in the coming years."" The video also mentions that Amazon wants to move to renewable energy but can't because it needs more electricity than the power grid can handle. The video concludes with a website link for more information.",1. News
7283933352267337002,"The video features a woman in a white shirt with a colorful design, wearing a black headscarf. She is sitting on a couch and talking to the camera. The text ""Mother Ghetl but make her Desi"" appears on the screen, suggesting that the woman is expressing her pride in her daughter. The video then transitions to another woman wearing a traditional Indian outfit, with intricate jewelry and a headscarf. The text ""Rapunzel, look at that now. You know what I see? I see a strong, confident, beautiful young lady. Oh look, you're here too."" appears on the screen, indicating that the woman is admiring the other woman's appearance.",1. News
7353365116554956074,"The video features a person wearing a colorful jacket with a lightning bolt on it. The person is standing in front of a disco ball, which is illuminated with a rainbow of colors. The background is a vibrant, colorful pattern. The person appears to be smiling and looking at the camera. The video also includes text that reads ""You are my sunshine, round of 16, #4, 2. Chines sunshine."" This text suggests that the person is comparing themselves to a Chinese person, possibly in a humorous or satirical way. The video seems to be a playful or lighthearted commentary on the person's identity or relationship with the Chinese person.",1. News
7398943500328242463,"The video showcases the process of creating glittery dice. It begins with a close-up of a hand sprinkling pink glitter onto a green surface, which is likely a mold for the dice. The scene transitions to a purple surface where a hand is seen pouring a clear liquid, possibly a resin, into a mold. The video then shows a purple surface with a hand pressing down on a mold, likely to ensure the resin fills the mold properly. The final scene features a purple surface with a hand holding a purple mold with pink glitter inside it, ready to be cast. The video ends with a message from the creator, expressing excitement for the upcoming part 2 of the video and asking for feedback",Entertainment & Shows
7386453398792441131,"The video depicts a person with long braided hair, wearing a white t-shirt with the text ""FEEL GREAT"" and a graphic of a cat, applying makeup. The person is in a bedroom with a bed and a blue blanket. They are using a makeup brush to apply makeup to their face. The person then holds up a card with the text ""Blamboni beauty"" and ""Longing Cool Toned Heaven"" written on it. The person appears to be excited and happy, as they are smiling and gesturing with their hands. The video ends with the person expressing their gratitude to the person who sent the makeup palette, saying they are friends and that they will be",Beauty Care
7348462120817790240,"The video shows a man in a store looking at a shelf of snacks. He picks up a box of Cathedral City cheese snacks and looks at it. The text on the screen says ""Cathedral City, you just made the old boy happy. They've all done a £2 a pack. Well, you haven't the lot, Mark. You are greedy, though, Mark. That's nothing, is it? I know, but that is greedy, innit? Well, go on then. There you are, Cathedral City. You've now made Mark happy. There you are. He was upset with you. And the pack. And they're the big packs. Dick here."" The",1. News
7360235976494550304,"The video features a person in a white t-shirt and blue shorts performing a series of jumps and flips on a trampoline. The trampoline is surrounded by a green and pink padded area, and the person is seen jumping and flipping in the air. The video ends with the person landing on the trampoline and then walking away.",1. News
7347591598408043808,"The video consists of three different scenes, each showcasing a unique location in the United States. The first scene features a map of the United States with the text ""Random City USA"" overlaid on it. The map is colorful and detailed, with each state labeled. The second scene shows a park with a statue in the foreground and a building in the background. The third scene captures a view of a body of water during sunset, with the sky painted in shades of blue and orange. The video does not provide any additional context or information about the locations shown in the video.",Travel & Events
7310063052341185823,"The video features a series of images showcasing various aspects of a technology called Quantum Stealth, which is being developed by a physicist named Chu. The first image shows a large, transparent panel with the text ""not"" written on it, indicating that the technology is not yet fully developed. The second image shows a blue and black camouflage-patterned aircraft, suggesting that the technology could be used to make objects or people invisible. The third image shows two people in white uniforms standing behind a podium, with the text ""stating"" above them, indicating that they are discussing the technology. The final image shows a person with the text ""very"" above them, suggesting that the technology is very advanced",1. Science & Technology
7380812058167708960,"The video is a humorous take on the debate over whether a player is English or German, featuring a person in a blue shirt making hand gestures to emphasize the points being made. The video starts with a person in a blue shirt standing in front of a wall with a German flag and the text ""Germany over England"" at the top. The person then points to their chest, indicating that the player in question is German. The scene transitions to a person in a red shirt standing on a soccer field, with the text ""meet Jamal"" at the top. The person in the red shirt is then shown with a group of people in red and blue uniforms, with the text ""£18",Sports
7377701670077205803,"The video shows a person with pink hair, wearing a black top and a necklace, sitting in a room with a lamp and a wall with pictures. The person is holding a hair dye and talking about not wanting to dye their hair pink, but the parasites in them want the pink hair. The person then changes the color of their hair to pink.",1. News
7309888375023045931,"The video features a man in a suit and tie standing in front of an American flag, speaking at a podium. The text overlay on the video reads, ""republican take action to protect the insurrectionists from prosecution."" The man appears to be giving a speech or statement, likely related to the January 6th insurrection.

The video then transitions to a different man, who is wearing a blue jacket with a red and white logo on the front. The man is standing in a garage or workshop, with various tools and equipment visible in the background. The text overlay on the video reads, ""but he's also making you and I complicit in the January 6th insurrection",Politics
7312875354220285215,"The video features a man in a suit and tie, standing in front of a cityscape at night. He is speaking and gesturing with his hands. The scene transitions to a news broadcast with a blue background and a city skyline in the background. The broadcast shows stock market data and a ticker with various financial information. The man continues to speak, and the video ends with a close-up of a man in a suit and tie, with the text ""BIDEN 2024!!!"" displayed on the screen.",1. News
7283816318883679531,"The video is a humorous and informative look at the challenges and changes in teaching in 2023. It features a woman with long blonde hair, wearing a black shirt with the word ""SAVE"" on it, speaking directly to the camera. The video is divided into three segments, each focusing on a different aspect of teaching in 2023.

In the first segment, the woman discusses the challenges of meetings that are not planned or scheduled, which can pop up at any time and disrupt the day. She also mentions that students are growing up around technology, but they often don't know how to use it, leading to confusion when they encounter a vocabulary definition on",1. News
7317764806767922475,"The video shows a woman and a child in a snowy forest. The woman is holding the child and they are standing next to a large metal container filled with water. The woman is trying to get the child to jump into the water, but the child is hesitant. The woman then uses a hose to fill the container with water, and the child jumps in. The woman then jumps in, and the child follows. The woman and child are then seen in a hot tub filled with water, and the woman is holding the child. The video ends with the woman and child sitting in the hot tub, enjoying the warm water.",1. Entertainment & Shows
7395290316569382174,"The video features a woman standing in front of a scenic background, wearing a leopard print outfit. She is speaking, and the text overlay on the screen provides a detailed explanation of the benefits of wearing leopard print clothing. The woman gestures with her hands as she speaks, emphasizing her points. The video appears to be a tutorial or informative piece, aimed at educating viewers on the advantages of wearing leopard print clothing.",1. News
7358143601869671685,"The video showcases a breathtaking sunset over the ocean, with the sun setting in the background and the sky painted in hues of orange and yellow. The water is calm, with gentle waves lapping at the shore. The video captures the serene beauty of the sunset, with the sun's reflection shimmering on the water's surface. The sky is filled with clouds, adding to the dramatic effect of the sunset. The video also includes text overlays, such as ""MNL 1/125 SPEED"" and ""SUBSCRIBE,"" which suggest that the video may be from a camera or video recording app. The text ""You think love's a game Thank you. I",1. News
7366140924629470496,"The video showcases a woman in a stunning, intricate, and elaborate dress at a high-profile event, likely a red carpet event. The dress features a long train, a high slit, and intricate designs, including what appears to be mechanical moving butterflies. The woman is seen posing for photos, and the event is attended by other attendees, some of whom are also dressed in formal attire. The video includes text overlays asking viewers to identify the woman, with one tweet from a user named ""Tom Ford's"" asking, ""Who is she? She's gorgeous, who is she?"" The video also includes a screenshot of a tweet from a user named ""Tony Lara,"" which reads,",Entertainment & Shows
7380810864477130016,"The video shows a person in a car with a red background. The person is wearing a black shirt and has a tattoo on their arm. The text on the screen reads ""Can't stop th power *Stops the power*"". The person is driving and the car is moving.","3. Music, Singing, & D"
7346779567639498026,"The video features a person with long, wavy hair wearing a black top and a headband with pink hair clips. They are applying makeup, specifically lipstick, using a lip liner and a lipstick. The person is wearing a white top in the final frames of the video. The text overlay at the top of the video reads ""Pov: you're watching a lip tutorial in 2016."" The person is seen holding a lip liner and a lipstick, and they are applying the lipstick to their lips. The video appears to be a tutorial on how to apply lipstick, with the person demonstrating the steps.",1. News
7299554274827046187,"The video features a series of individuals discussing the history and identity of Palestine. The first individual, wearing a white hoodie, is seen speaking into a microphone with a red background displaying the text ""The Older Milennial Teaches This Young Man Actual History."" The second individual, wearing a dark blue shirt, is shown in a different setting with a plain background. The third individual, wearing a dark blue shirt with a necklace, is seen in a different setting with a plain background. The fourth individual, wearing a dark blue shirt with a necklace, is seen in a different setting with a plain background. The fifth individual, wearing a dark blue shirt with a necklace, is seen in a different setting with",8. Politics
7348934489122327841,"The video features a man in a dark coat speaking into a microphone in front of a crowd. The text on the screen reads ""UNTERVEGS auter FRIENDSEMO"" and ""Saha Wagenknecht."" The man is seen holding a sign that reads ""Vielen Grüße, Vielen Grüße, Vielen Grüße, Vielen Grüße, Vielen Grüße, Vielen Grüße, Vielen Grüße, Vielen Grüße, Vielen Grüße, Vielen Grüße,",Politics
7282317561864260897,"The video showcases a train journey through a scenic landscape, featuring a vintage steam locomotive pulling a series of passenger cars. The train is seen moving through a lush, green environment, with trees and hills in the background. The locomotive is emitting steam, indicating it is in operation. The interior of the train car is visible, with blue upholstered seats and a wooden ceiling. The video captures the train's movement from a stationary position to its journey through the countryside. The text ""Steampunk overture"" appears at the beginning and end of the video, suggesting a theme or title related to the train's journey.",1. News
7343605850105318658,"The video showcases a close-up view of a grand piano, illuminated by a spotlight, with the keys and the piano's body in sharp focus. The piano is positioned in a dimly lit room, with the light source casting a soft glow on the keys and the surrounding area. The video captures the intricate details of the piano's design and the keys, highlighting the craftsmanship and the beauty of the instrument. The video does not contain any text or additional information.","3. Music, Singing, & D"
7349023065575083306,"The video shows a woman standing on a stage in front of a large audience, with the text ""In Germany: Jewish Woman yelling at Palestinians"" displayed on the screen. The woman is wearing a red dress and appears to be speaking passionately. The audience is seated in rows of chairs, and the stage is lit with bright lights. The woman continues to speak, and the text on the screen changes to ""Mr. Scholz, you cannot talk about democracy, The blood of Palestinians is on your hands!"" The woman continues to speak, and the text on the screen changes to ""I am an Israeli and I'm telling you, I'm telling you, I'm telling you, I'm telling you",Politics
7223384947938053418,"The video shows a person with glasses and a shirt with the word ""Summit"" on it, standing in a kitchen. The person is holding a small animal, possibly a puppy, and appears to be talking to the camera. The video then transitions to a close-up of a nine-banded armadillo, a type of armadillo known for its ability to carry leprosy. The armadillo is shown in a natural setting, with its body covered in armor-like scales. The video then provides information about the armadillo's behavior, stating that it is known for digging around in yards and eating bugs. The video concludes with a humorous note about the armadillo's",7. Pets & Animals
7386641138611981601,"The video features a person with a bald head and a beard, wearing a brown jacket and a blue and white checkered shirt. The person is seen applying makeup to their face, with the text ""I put makeup for my grandfather"" displayed at the top of the screen. The makeup application process is shown in detail, with the person using a brush to apply the makeup. The video then transitions to a different person wearing a black military-style uniform with gold accents, including a hat and gloves. The text ""sakurasi"" is displayed at the bottom of the screen, indicating the name of the person in the uniform. The video concludes with the person in the uniform standing against a",1. Entertainment & Shows
7314163714402340102,"The video begins with a view of a space station in orbit around a planet, with a large, glowing, circular structure in the center. The structure is surrounded by a bright, swirling light effect, suggesting a high-energy or advanced technology. The scene then transitions to a close-up of the same structure, now illuminated with a blue light, creating a sense of depth and dimensionality. The final frames show a view of the space station from a different angle, with the glowing structure now visible as a large, circular, glowing object in the center of the frame, surrounded by a bright, swirling light effect. The video concludes with a view of the space station from a different angle, with",Science & Technology
7385499788764040481,"The video shows a person holding a piece of food in their hand, with German text overlaid on the screen. The text reads, ""Deutschland draußen, 33 Grad, Sandra hat Lust auf einen kalten Kinderriegel. Wie bekommt die Sandra jetzt diesen Kinderriegel direkt kalt?"" This translates to, ""Sandra in Germany wants a cold chocolate cookie. How does Sandra get this cold chocolate cookie?""

The video then shows a close-up of a metal container filled with water, with German text overlaid on the screen. The text reads, ""es ist sack",1. News
7276776260431367467,"The video depicts a man in a suit and tie, holding a microphone and speaking into it. The background is dimly lit, with a warm, yellowish glow. The man appears to be giving a speech or making a statement, as indicated by the text overlay on the video. The text reads, ""Anything I've done in my guise as an SS colonel was sanctioned by the OSS as a necessary evil to establish my cover with the Germans. And it was my placement of Lieutenant Raine's dynamite in Hitler and Goebbels's opera box that assured their demise. By the way, that last part's actually true. I want my full military pension and benefits under my proper",1. News
7372265021042101550,"The video features a person with long hair, wearing a black shirt, speaking directly to the camera. The person is in a room with a window in the background. The video includes text overlays that provide context and information about the person's experience in Glasgow, Scotland. The person mentions that Glasgow has the most tens out of any place they visited in the UK in terms of food, and that the people of Glasgow are the nicest they met in the UK. They also mention that the people of Edinburgh are less outgoing and social compared to the people of Glasgow. The person expresses a preference for moving to Scotland over the UK, citing the architecture of Edinburgh as a reason. The video concludes with the",1. Entertainment & Shows
7373730224879521056,"The video showcases a series of images featuring a tiger, each with a different background and color scheme. The first image shows the tiger in a dark, shadowy environment with a blue and red background. The second image features the tiger in a vibrant, colorful setting with a blue and yellow background. The third image presents the tiger in a dark, shadowy environment with a blue and red background, similar to the first image. The fourth image features the tiger in a vibrant, colorful setting with a blue and yellow background, similar to the second image. The fifth image shows the tiger in a dark, shadowy environment with a blue and red background, similar to the first image. The sixth image features",1. Entertainment & Shows
7326266761773436166,"The video features a person wearing a black sweatshirt with white text on it, sitting in front of a wall adorned with various posters and a guitar. The individual appears to be speaking, as indicated by their mouth movements and hand gestures. The background includes a light blue wall, a guitar hanging on the wall, and a poster with a person's face on it. The person is also wearing a necklace with a pendant. The video seems to be a monologue or a conversation, as the person is speaking directly to the camera.",1. News
7371461402030034218,"The video features a man in a suit and tie standing in an office, holding a phone. He is speaking to the camera, and the text overlay on the screen reads, ""And if Jewish people are gonna vote for Joe Biden, they have to have their head examined."" The man then says, ""The last person I'm gonna take advice from as a Jewish person is a known anti-Semite who's had dinner with anti-Semites, who said there was good people on both sides after Charlottesville."" The man continues to speak, and the text overlay changes to, ""He's the last person I'm gonna take advice from."" The video ends with the man still speaking to",Politics
7367380929913900320,"The video shows a woman wearing a black shirt and headphones, standing on a road. She is talking to the camera and sharing her experience of wearing shorts on a walk. The text overlay on the video reads, ""PSA I wore shorts on my walk and the town elders at that size 12 queen wore shorts summer heat x. Literally wear your sweater you don't."" The woman is seen walking on the road, and the background shows a clear sky with some clouds. The video seems to be a personal story or a vlog about the woman's experience of wearing shorts in a warm climate.",1. News
7306264195475983622,"The video features a woman performing on stage, wearing a black top and a beige skirt with chains and a belt. She is dancing energetically, with her arms and legs moving in sync with the music. The background is vibrant and colorful, with a mix of red, green, and blue lights. The woman's outfit is stylish and eye-catching, and she appears to be enjoying her performance.","3. Music, Singing, & D"
7360919706913525035,"The video is a series of frames showing a puzzle game with a timer counting down from 0 to 49. The game is set against a black background with a grid of colored tiles. The tiles are red, white, and green, and the timer is displayed at the top of the screen. The text ""USE THESE FILES"" is shown in red at the top of the screen, and ""even if it's your dads"" is shown in white. The text ""save the effect and boost videos using them"" is shown in red at the bottom of the screen. The video is a call to action for viewers to use the provided files to help save the effect",1. News
7380730540061691178,"The video begins with a black screen that transitions to a green logo with the text ""Hulu Originals"" in white. The scene then shifts to a silhouette of a person standing in a dark, foggy environment, with a bright light source behind them. The person appears to be looking up at the light, creating a sense of awe or wonder. The video then shows a close-up of a hand holding a small, glowing object, possibly a light or a piece of jewelry, with the text ""Lamborghini truck Full of cow More money than the cow Cow"" appearing on the screen. The final frame shows a close-up of a person's hand holding a small,",1. News
7355249683469454634,"The video features a person standing on a beach during sunset, with the ocean in the background. The person is wearing a white hoodie and a cap. The video includes text overlays that read, ""the joy of jesus, the security of jesus, the love of jesus, the peace of jesus, the love of jesus, the joy of jesus, the security of jesus, the love of jesus, the peace of jesus, the love of jesus, the joy of jesus, the security of jesus, the love of jesus, the peace of jesus, the love of jesus, the joy of jesus, the security of","the joy of jesus, the security of j"
7387743887940390177,"The video features a person wearing a white sweater with a zipper, standing in a room with a door in the background. The person is holding their hair up with one hand and appears to be speaking. The text overlay on the video reads, ""Someone in their twenties says they aren't voting."" The person then says, ""You're not really into politics? Okay, fair enough. But what are you into? Transformers? Pokemon, you fucking child?"" The video seems to be a humorous take on the idea that people in their twenties are not interested in politics, but instead are into more ""childish"" things like Transformers and Pokemon.",1. News
7297354768928853294,The video is a series of frames from a TikTok video where a person is talking to the camera. The person is wearing a beige shirt and is standing in front of a wall with various posters and stickers on it. The person is discussing the challenges of keeping 176 HEB store stock and the importance of the variety pack and POG. They also mention that HEB has committed to taking on bigger orders and opening new Buc-ee's test stores. The person encourages viewers to join their VIP phone number list for updates on new nectar flavors and other goodies.,1. News
7374908166175280427,"The video shows a person preparing a meal. The first frame shows a plate of tacos with a side of sour cream. The second frame shows a hand holding a bowl of chopped vegetables, possibly for the tacos. The third frame shows a hand holding a tortilla, which is being cooked in a pan with a sauce. The fourth frame shows the finished dish, with the tacos topped with the sauce and vegetables. The person is using a spoon to mix the sauce with the vegetables. The background includes a can of Oliphant Watermelon Lime soda and a stove.",7. Food
7377866805823491371,"The video features a person with curly hair, wearing a dark blue shirt, standing in a room with a painting on the wall. The person is speaking, and the text overlay on the screen reads, ""You could kiss any woman in the world, feet, who would it be? My beautiful girlfriend, Kaylee. She don't count. You'll do that anyway. Megan Fox."" The person appears to be making a humorous or sarcastic comment about the hypothetical scenario of kissing any woman in the world.",1. Entertainment & Shows
7149700277782760746,"The video shows a person lying on a bed with a cat on their chest. The person is wearing a black shirt and has long blonde hair. The room is dimly lit with pink lighting, and the person is holding a phone. The text on the screen reads, ""I like pauline dreams... are like this.""",Pets & Animals
7384004708165242144,"The video features a woman sitting in a chair in a room with gold wallpaper and framed pictures on the wall. She is wearing a light blue sweater and has short gray hair. The woman is talking about a black and white dog named Mika, who is a Jack Russell. She mentions that Mika is a live wire and has wide paws, and that she might have had a difficult birth or trauma. The woman also mentions that Mika can sense out spirit and that she is loved. The video ends with the woman saying that Mika is adorable and that she loves her name.",7. Pets & Animals
7314367547862781226,"The video showcases a serene winter landscape, beginning with a view of a snow-covered field dotted with trees. The camera pans to reveal a dense forest of pine trees, their branches heavy with snow, creating a picturesque winter scene. The trees are tall and majestic, their green needles contrasting with the white snow. The ground is blanketed in snow, with patches of brown grass peeking through. The sky is overcast, casting a soft light over the scene. The video captures the tranquility of the winter landscape, with no visible human activity or movement. The camera remains stationary throughout, offering a steady view of the forest and the snow-covered field.",1 kg of chicken breast
7340337384652934446,"The video features a series of photos of famous people, with captions indicating that they are ""Nepo babies"" who have changed their last names to fly under the radar. The first photo shows a woman in a black dress, with the caption ""Nepo babies who are hiding their famous last names."" The second photo shows a man in a tuxedo, with the caption ""Angelina Jolie Voight."" The third photo shows a man in a blue shirt, with the caption ""Nicolas Coppola."" The fourth photo shows a man in a suit, with the caption ""Redfoo and Sky Blue from LMFAO are related to the founder of Motown Records,",8. Entertainment & Shows
7333801200875261185,"The video is a promotional graphic for the show ""The Daily Show"" on Comedy Central. It features a dark blue background with a world map in the background. The text ""An Election Year Guaranteed To Divide Us"" is displayed in white at the top of the screen. Below this, the text ""A Second Term We Can All Agree On"" is shown in yellow. The show's title, ""The Daily Show,"" is displayed in white at the bottom of the screen, along with the airing time ""Monday at 11 on Comedy Central and streaming next day on Paramount+."" The Comedy Central logo is also visible in the bottom left corner of the screen.",8. Entertainment & Shows
7328517572679372078,"The video depicts a man sitting at a table in a car dealership, holding a piece of paper with handwritten text. The text on the paper includes a handwritten note that reads ""POV: The customer never stops negotiating."" The man appears to be in the process of negotiating the price of a car, as indicated by the handwritten note and the context provided by the video. The man is seen gesturing with his hands and pointing at the paper, suggesting he is explaining or emphasizing a point. The video also shows the man shaking hands with another person, indicating a successful negotiation. The man is dressed in a dark jacket and a red shirt, and the background shows a car dealership setting with other",1. News
7375847354341068065,"The video captures a large crowd of people gathered at Hinds Hall in Erma, Canada, during a protest. The stage is illuminated with bright lights, and the crowd is densely packed, with many people holding up their phones to record the event. The stage is equipped with multiple screens, one of which displays a live feed of the event. The crowd appears to be engaged and excited, with many people standing and cheering. The atmosphere is lively and energetic, with the crowd's enthusiasm evident in their body language and facial expressions. The video also includes text overlays that provide context to the event, such as the song being played and the message being conveyed by the protesters. The overall atmosphere of the","3. Music, Singing, & D"
7392127900079721761,"The video showcases a woman standing in front of a large wooden cabinet filled with various items, including a coffee machine, glasses, and other kitchenware. The text overlay reads, ""Let me show you around our room here at Estelle Manor. We've got a large stables room because we're here with our small animal. So this is one of the dog-friendly rooms. This is the little foyer bit. And all of this, well, we've got some poo bags and then this little bag that's got a load of dog treats in it, is very sweet we've also been given these snacks and as it's my birthday little macarons with a happy birthday",13. Entertainment & Shows
7368121296154086688,"The video shows a table filled with various dishes, including salads, meats, and other food items. There are also glasses of water and a bottle of juice on the table. A person is standing in front of the table, and the text on the screen reads, ""Коломогу столу гості, як і ми хотіли, Ой, хто б'є, то воно не байде, то..."" which translates to ""I'm tired of serving the table, as I and you wanted, Oh, it's not good, it's not",1. Food
7378190751211064607,"The video showcases a man demonstrating the features of an expandable camper. The camper is equipped with a seven-way wiring harness, electric brakes, and a two-inch ball. It has a trailer light and blinkers, spare tires, and a body made of lightweight aluminum. The camper also has compartments with stainless steel hinges and lockable doors. It comes with a GoSun power center, a 1200-watt inverter, USB ports, and a 12-volt power socket. The video highlights the camper's ground clearance, compartments, and storage features. It also mentions the GoSun cooker and the electrical conduit inside the compartment. The man demonstrates",Travel & Events
7325985650140974382,"The video shows a series of experiments conducted by Jamie and Adam to test the hypothesis that running in the rain is better than walking on rainy days. The experiments involve using artificial rainfall methods and wind as influencing factors to see how much water is absorbed by work clothes. The results show that running in the rain does get wetter than walking, with running weighing 10 grams more than walking. The experiments are conducted in various conditions, including windy and windless conditions, to see how the results change. The video also includes commentary from the creators, Jamie and Adam, who express doubts about the hypothesis and plan to conduct further experiments to improve the results.",1. News
7406690692765977887,"The video shows a man sitting in a crowded train car, looking around and talking to the camera. He is wearing a white shirt and a cap. The train car is filled with people, and the man seems to be trying to get the attention of someone sitting in the seat next to him. The video also includes text overlays with messages such as ""THIS STRANGER SUMMONS ME AND DISSES ME,"" ""WATCH HOW THIS BDS.G,"" and ""DON'T TALK TO ME LIKE THAT."" The man in the video is trying to get the attention of someone sitting in the seat next to him, and he is trying to get them",1. News
7309290162540858667,"The video is a news report about a massive home explosion in Arlington, Virginia, outside the Capitol. Police were called to the scene, and they were there for hours trying to execute a search warrant. The explosion caused the house to turn to splinters, and human remains were found inside, believed to be the suspect. The suspect, 56-year-old James Yu, refused to surrender and discharged several rounds from a firearm as officers closed in. The FBI and ATF were on the scene, and authorities said human remains were found at the site. The suspect was inside the residence at the time of the explosion and is presumed to be deceased. The report also mentions a deleted LinkedIn page",1. News
7365274404420406571,"The video shows a man on a sailboat, washing dishes in a sink. He is shirtless and wearing gray pants. The video then transitions to a man sitting on a boat, holding a glass of orange juice. The next scene shows a man standing on a boat, holding a bottle of dish soap. The final scene shows a man sitting on a boat, holding a bowl of food. The video ends with a view of a dock at night, with boats and buildings in the background.",1. News
7392992201837464850,"The video depicts a mother's daily routine with her daughter, Eve, who is getting her first haircut. The mother, who is a full-time mom, is seen taking care of Eve's hair, which is a significant milestone for the child. The video also shows the mother enjoying a marshmallow hot chocolate at a train station, indicating a sense of relaxation and enjoyment in her daily life. The mother's sentimental feelings towards her daughter's haircut are evident, and she expresses her desire to keep her daughter's hair short for their upcoming trip to Japan. The video also touches on the mother's experiences with her son, Valda, who is back from Denmark, and her feelings of jealousy",Entertainment & Shows
7395692426888891679,"The video features a series of images showcasing different individuals in various settings, each with a message related to the theme of freedom and equality. The first image shows a person with a rainbow flag in the background, with the text ""Gay News"" and ""Reproductive Rights"" displayed at the top. The second image features a person in a blue suit, with the text ""KamalaHarris.com"" at the bottom. The third image shows a person in a yellow shirt with floral patterns, with the text ""The free make"" at the bottom. The final image shows a person in a blue suit, with the text ""Go to KamalaHarris.com and let's",1. News
7335178711819373867,"The video shows a series of tweets from the ICCJICJ, a news organization, reporting on the South African government's request for additional measures from the International Court of Justice (ICJ) to protect the Palestinian people living in Rafah. The tweets provide context and information about the case, including the filing of an emergency request and the specific measures being sought. The video also includes a screenshot of a document from the International Court of Justice, which outlines the case and the measures being requested. The final frame shows a man in a brown shirt speaking, likely providing further commentary on the situation.",1. News
7353793317437590827,"The video shows a man and a woman standing in a room. The man is holding a cup of hot coffee and the woman is bending over. The man then pretends to pour the hot coffee into the woman's face, causing her to react with surprise. The text on the screen reads ""DON'T PRANK YOUR EMPLOYEE WHEN THEY'RE HOIDING HOT COFFEE"".",1. News
7377799778299579690,"The video features a woman standing outdoors, with an American flag in the background. She is wearing a black top and has tattoos on her arms. The text overlay on the video reads, ""Isn't it weird you're a fan of an American flag, but you know who you're voting for?"" The woman appears to be speaking directly to the camera, and the video seems to be a commentary on the American flag and the voting process.",1. News
7346724921361435937,"The video shows two young girls walking down a sidewalk in a residential area. They are both wearing black jackets and carrying backpacks. The background features a building with a red roof and some trees. The girls appear to be walking together, possibly as friends or siblings. The video does not provide any additional context or information.",1. News
7384186520351083781,"The video begins with a person in a light-colored robe, standing in a room with a beige wall and a window with brown curtains. The person is holding a smartphone and appears to be speaking, with text overlays in Russian providing context. The scene transitions to a close-up of the person's hands, showing a pink nail polish and a ring, indicating a personal touch.

The video then shifts to a screenshot of a social media conversation, showing a series of messages from different users. The messages are in Russian and discuss a situation involving a person named Natalia, who is accused of not paying for a product. The conversation includes comments from users like ""Angelica""",Entertainment & Shows
7396382918039457041,"The video features a series of humorous and relatable interactions between two individuals, likely a man and a woman, in a domestic setting. The man, dressed in a white shirt and black shorts, is seen sitting on a bed with his arm around the woman, who is wearing a white shirt with the word ""RUSSIA"" printed on it and blue jeans. The woman is gesturing with her hand, possibly indicating a conversation or reaction to something the man has said.

As the video progresses, the man and woman continue their interaction, with the man making a gesture that suggests he is about to speak. The woman responds with a gesture that indicates she is listening or reacting to the man",Entertainment & Shows
7273841367351069998,"The video showcases a series of frames featuring a stack of rectangular, yellow-colored blocks on a white marble surface. The blocks appear to be made of a soft, pliable material, possibly a type of soap or bath product. The video then transitions to a close-up of a hand wearing a white glove, holding one of the blocks. The hand is seen peeling off the top layer of the block, revealing a yellow, translucent substance underneath. The video concludes with a close-up of a package of the yellow blocks, labeled ""Annoya Nata Turmeric & Kajal Brightening Soap."" The package includes ingredients such as goat milk, lemongrass, turmeric, and",1. News
7277167570946379014,"The video captures a lively and energetic atmosphere at a sports event, likely a soccer match. The crowd is predominantly dressed in blue and yellow, with some individuals wearing black and white. The fans are actively engaged, raising their hands and cheering enthusiastically. The stadium is filled with spectators, creating a vibrant and dynamic environment. The video also shows a view of the field, indicating that the event is taking place in a large stadium with a well-lit field. The atmosphere is one of excitement and support for the team or player in action.",Sports
7365322515998068011,"The video features a series of scenes showing a group of people gathered in front of a podium, with one person speaking into a microphone. The group appears to be discussing the ""little Gazas"" that have risen up on campuses across America. The video also shows a man playing a guitar in front of a tent, and a person standing in front of a sign that reads ""The People's Library."" The video also includes a scene of a person standing in front of a tent with a sign that reads ""REFUGEES ARE PEOPLE TOO."" The video ends with a person standing in front of a tent with a sign that reads ""THE PEOPLE'S LIBRARY",1. News
7362319887361903905,"The video features a woman in a gray sweater, standing in a room with a red and white striped wall. She is wearing sunglasses on her head and has wet hair. The text overlay reads, ""Seeing Rufuski during Uni ski trip after seeing Uni ski trip after watching vape and hates watching on a podcast."" The woman appears to be speaking directly to the camera, possibly narrating her experience or reacting to something. The scene then transitions to a group of people gathered around a person in a giraffe costume, with the text overlay changing to, ""Seeing Rufuski during Uni ski trip after seeing Uni ski trip after watching vape and hates watching",1. Entertainment & Shows
7311332422077975840,"The video depicts a series of interactions between a woman and a man, with the woman being the primary focus. The woman is seen in various settings, including an outdoor area with a fence, a park, and a street, while the man is consistently present in the background. The woman is engaged in conversations with the man, who appears to be a police officer, as indicated by his uniform and badge. The interactions are tense and confrontational, with the woman expressing frustration and the man responding with authority. The video concludes with the woman being arrested for attempted robbery, and the man appearing to be in control of the situation.",Entertainment & Shows
7354415572626509099,"The video begins with a person wearing a red beanie and a white shirt, sitting in a room with a white wall and a green shelf in the background. The text on the screen reads, ""When earthquakes happen on the eastern side of the United States, they can be felt over a much larger area and cause damage over that area more easily because of the composition of the Earth's crust."" The person gestures with their hands while speaking.

The video then transitions to a map of the United States, showing the epicenter of a 4.8 magnitude earthquake that occurred in Lebanon, New Jersey. The map is labeled with the USGS Community Intermap, and the text on the screen",Science & Technology
7378608951975349536,"The video captures a moment of triumph for England in a soccer match. The scene is set in a stadium filled with spectators, with the crowd cheering and celebrating the victory. The players, dressed in white and blue uniforms, are seen celebrating their win, with some players hugging each other and others raising their arms in triumph. The text ""ENGLAND WIN SOCCER"" is prominently displayed at the top of the screen, indicating the outcome of the match. The atmosphere is one of jubilation and excitement, with the players and fans alike expressing their joy and relief.",5. Sports
7293239332167617834,"The video features a person in a light blue, patterned sleeveless top, standing in front of a wall adorned with a colorful floral curtain and a painting of a deer. The individual is seen gesturing with their hands, possibly in a conversation or expressing a point. The text overlay on the video reads ""some of y'all m'n,"" accompanied by a laughing emoji, suggesting a light-hearted or humorous context. The person appears to be in a casual, indoor setting, possibly a home or a personal space. The video does not provide additional context or information about the person's actions or the environment.",1. News
7372186670273137952,"The video showcases a variety of vegan dishes and beverages, starting with a close-up of a colorful wrap filled with vegetables and rice. The scene transitions to a cozy café where a person is enjoying a cup of coffee and a slice of cake. The video then shifts to a person sitting outdoors, holding a slice of pizza, with a scenic view of a city in the background. The final scene features a person sitting on a bench, eating a slice of pizza with a scenic view of a city in the background.",1. Food
7379475961139547398,"The video features a woman in a black dress with ruffles, standing in a modern kitchen with white chairs and a dining table. She is wearing high heels and has long blonde hair. The text on the screen reads ""Мени 60 роки"" (My 60 years) and ""Ну, чуждый 60 годин"" (Well, 60 years old). The woman then changes into a black dress with a ruffled skirt and high heels, and the text changes to ""Мени 60 роки"" (My 60 years","13. Outfit, Style, &"
7364542326959574314,"The video shows a person sitting on a bed, holding a phone and looking at it. The person is wearing a black shirt and has long hair. The background is a room with a bed, a window, and some furniture. The person is talking to the camera and seems to be excited about something.",1. News
7309293532467039531,"The video features a group of people sitting on a couch in a studio, engaged in a discussion. The setting appears to be a television studio, with a news ticker at the bottom of the screen displaying various headlines. The group is dressed in formal attire, with one person wearing a suit and the others in colorful dresses. The scene is set against a backdrop of a cityscape, suggesting a talk show or news broadcast. The video then transitions to a different setting, showing a man in a suit sitting in front of a cityscape backdrop, with a news ticker at the bottom of the screen displaying various headlines. The video then returns to the group of people on the couch, with the same",Entertainment & Shows
7376360928851299590,"The video features a woman in a white shirt, sitting in front of a bookshelf, discussing the benefits of using a specific product, likely a skincare product, to help with aging. She emphasizes the importance of using the product consistently and mentions that it is a natural solution that works well for her. The video also includes a woman with curly hair, wearing a black blazer, who appears to be providing additional information or advice related to the product. The video concludes with the woman in the white shirt continuing her discussion, reinforcing the benefits of using the product for anti-aging purposes.",Entertainment & Shows
7347847920151956779,"The video shows a person standing in a doorway, holding a leash attached to a dog. The person is wearing a black shirt and white pants. The dog is small and appears to be a puppy. The person is talking to the camera, and the text overlay reads, ""POV: you had a dog day and come home just to get tripped up."" The person then bends down and picks up the dog, who is now on the floor. The dog appears to be a small, light-colored puppy. The person then stands up and walks away, leaving the dog on the floor. The video ends with the dog still on the floor, looking up at the person.",7. Pets & Animals
7291696863449763078,"The video depicts a person in a beige shirt and glasses, speaking directly to the camera. The person is expressing frustration and disbelief about how the Israelis think they are victims and how they blame others for their problems. The person also mentions that they are not victims and that they are not blaming the world or other people for what is happening to them. The video includes a screenshot of a text message conversation, where the person is asking for a conversation and expressing frustration with the lack of communication. The person also mentions that they are not victims and that they are not blaming the world or other people for what is happening to them. The video ends with the person expressing their faith in humanity and their belief that",1. News
7375186781999762721,"The video shows a woman in a blue floral dress and hat standing in front of a table with wine glasses, a bowl of food, and a bottle of wine. She is holding a book and appears to be reading or looking at it. The text on the screen says ""When you rock up to your friends place for a quick visit..."" and ""1pm"". The woman then puts down the book and continues to stand in front of the table.",1. News
7309512164870491435,"The video shows a man in a suit and red tie speaking at a podium. The text on the screen reads, ""HANNITY ASKS TRUMP IF HE POWER WOULD ABUSE POWER, TO BREAK THE LAW, TO USE THE GOVERNMENT TO GO AFTER PEOPLE."" The man is then shown sitting at a table with another man, and the text changes to, ""TOWN HALL WITH BREAKING NEWS."" The man is then shown sitting in a chair, and the text changes to, ""and I wanna drill, drill, drill. That's not, that's not, that's not retribution.",Politics
7325003811632745761,"The video features a person wearing a green shirt, standing against a plain background. The person is speaking, and the text overlay on the screen reads ""DEUTSCHE THERAPEUTEN HATTE RECHT"" (German therapists had the right). The person appears to be expressing frustration or disappointment, as indicated by the text overlay. The video seems to be a commentary on the treatment of German therapists, suggesting that they have been unfairly treated or misunderstood. The person's facial expressions and body language convey a sense of resignation and frustration. The video does not show any other objects or actions, and the focus remains on the person's speech and the text overlay.",Entertainment & Shows
7355061931993992480,"The video features a person in a blue shirt standing in front of a calendar with the word ""MONDAY"" at the top. The person is making hand gestures, possibly to emphasize a point or express a feeling. The background is a white wall with a black border. The text ""Me mentally preparing myself for work tomorrow"" appears at the bottom of the screen, suggesting that the person is mentally preparing for work. The person's facial expression and hand gestures convey a sense of determination or focus. The video does not contain any additional audio or visual elements.",1. News
7330624658686954795,"The video is a series of frames from a video that appears to be a reaction to a political event. The first frame shows a person in a pink shirt with a caption that reads ""That's his supporters Booing him & I ❤️ that 4 min."" The second frame shows a person in a red shirt with a caption that reads ""Trump booed lording about the American hostage."" The third frame shows a person in a pink shirt with a caption that reads ""Trump booed lording about the American hostage."" The fourth frame shows a person in a red shirt with a caption that reads ""Trump booed lording about the American hostage."" The fifth frame",Politics
7397794935199567135,"The video shows a woman tied to a tree in the jungle, with a man standing nearby. The woman is covered in mud and appears to be in distress. The video then cuts to a hospital where the woman is being treated. The video also shows a close-up of a letter written by the woman, detailing her experiences and the events leading up to her being rescued.",1. News
7397967668248120622,"The video features a person showcasing a mystery box containing various makeup items. The person, wearing a black shirt and green cactus earrings, is seen holding a small makeup palette and a bottle of Charlotte Tilbury Magic Hydrator Mist. They express their excitement about the box, mentioning that they ordered it to see which products would slay and which would be garbage. The video highlights the items in the box, including a small bottle of the Magic Hydrator Mist, a sample of the Magic Hydrator Mist, a sample of the Magic Body Cream, a sample of the Magic Hydrator Mist, a sample of the Magic Body Cream, a sample of the Magic Hydrator Mist, a sample of the",Beauty Care
7311858161504423214,"The video showcases a collection of bicycles, each with unique features and designs. It begins with a close-up of a bicycle wheel, highlighting its shiny chrome finish and pink accents. The wheel is part of a larger bicycle, which is also chrome-finished and adorned with pink accents. The video then transitions to a different bicycle, this one with a white frame and pink accents, featuring a pink seat and handlebars. The final frame of the video shows a bicycle with a white frame and pink accents, similar to the previous one, but with a different design. The video concludes with a close-up of a bicycle wheel, this time with a white frame and pink accents, featuring a",1. News
7299582823940312350,"The video begins with a person sitting on a green leather couch, wearing a gray shirt and black pants. The person is holding a gun and looking down at it. The background is dimly lit, with a wooden wall and a bookshelf visible. The scene then transitions to a close-up of a person's face, with the person wearing a dark hoodie and looking directly at the camera. The lighting is dark, and the person's face is partially obscured by shadows. The video then shows a close-up of a person's face, with the person wearing a dark hoodie and looking directly at the camera. The lighting is dark, and the person's face is partially obscured by shadows",1. News
7331551109649059115,"The video features a black cat playing a violin, with a dark background. The cat is positioned in the center of the frame, with its head turned to the side, and its eyes focused on the strings of the violin. The cat's fur is dark, and the violin is black, creating a stark contrast. The cat's movements are fluid and graceful, suggesting a skilled performer. The video does not contain any additional text or subtitles.","3. Music, Singing, & D"
7293441357169937666,"The video features a series of animated characters in various cars, each with a different background and setting. The first frame shows a character in a blue dress standing in front of a white car, with the text ""Watch my knife and let me go back"" displayed at the bottom. The second frame shows a character in a red dress standing in front of a pink car, with the same text. The third frame shows a character in a white dress standing in front of a white car, with the same text. The fourth frame shows a character in a blue dress standing in front of a white car, with the same text. The fifth frame shows a character in a red dress standing in front of a",1. Sports
7397793782122564896,"The video shows a person lying in bed, wearing a white top and a gold necklace. The person is holding their hand to their face, possibly in a gesture of surprise or disbelief. The background is a bed with a white and gray patterned blanket. The person appears to be in a state of shock or disbelief, as indicated by their facial expression and hand gesture. The video does not provide any additional context or information about the person or the situation.",Entertainment & Shows
7359943972216638736,"The video shows a group of people protesting in a city street. They are holding signs and banners, and some of them are wearing orange vests. The police are present and are trying to control the situation. The protesters are chanting slogans and waving flags. The video ends with a close-up of a police officer, who is wearing a uniform and a badge.",Politics
7344108969151008001,"The video shows a man in a suit walking through a crowded event, possibly a wedding reception. The man is holding a small object in his hand, which is not clearly visible. The background is filled with people, some of whom are seated at tables with food and drinks, indicating a social gathering. The event is well-lit, with bright lights illuminating the space. The man's attire is formal, suggesting that the event is a special occasion. The video does not provide any additional context or information about the event or the man's identity.",Entertainment & Shows
7226368631268019482,"The video features a person with long blonde hair, wearing a black leather jacket, standing in a room with a pink towel hanging on the wall. The person is holding a phone, and the text ""Songs for your Insta Story Crush Edition"" is displayed at the top of the screen. The person appears to be singing or speaking, with the camera capturing their upper body and the background. The video then transitions to a screen with the text ""Abbrechen"" (Cancel) and ""Eintragen"" (Add) at the top, indicating that the user is about to add a song to their Instagram story. The next frame shows the same person, now with the","3. Music, Singing, & D"
7369594137928109345,The video shows a close-up of a Mr. Brain's box of pork faggots on a grocery store shelf. The box is orange and yellow with an image of the product on the front. The price tag on the shelf indicates that the product is priced at 1.60.,7. Food
7330275353325227297,"The video features a person with extensive tattoos on their face and body, wearing a blue and red striped shirt with a FC Barcelona logo. The person is seen sitting in a gym, wearing camouflage shorts and a blue tank top. The text on the screen reads ""ZUNDER SENI"" and ""ZUNDER SENI"" in yellow and white, respectively. The person is also seen running on a treadmill, with the text ""ZUNDER SENI"" in yellow and white. The video concludes with the person standing in front of a brick building, with the text ""ZUNDER SENI"" in yellow and white.",Sports
7327164126822763808,"The video showcases a group of women in military uniforms performing a synchronized march. The women are dressed in various uniforms, including green, blue, and gray, and are wearing hats. The video also includes text overlays that identify the countries represented by the women, such as ""women in Russia,"" ""women in South Korea,"" and ""women in North Korea."" The video appears to be a compilation of different military marches from various countries, with each segment featuring a different group of women in uniform.",1. News
7371855904813157664,"The video features two young women standing side by side in a room, with a white wall and a window in the background. The woman on the left is wearing a white crop top and denim shorts, while the woman on the right is wearing a white crop top and black pants. The text overlay at the top of the video reads ""pre summer stats"" with emojis, and the text at the bottom of the video reads ""JULIA"" and ""AMELIE"" with emojis. The video appears to be a comparison of the two women's stats, with the text overlay showing their stats in a list format.",Entertainment & Shows
7354696392129924385,"The video showcases a series of close-up shots of a red sports car, likely a Lamborghini, with a focus on its sleek design and polished exterior. The car is displayed in a showroom setting, with a crowd of people gathered around it, indicating its popularity and the event it is part of. The video captures the car's distinctive features, such as its aerodynamic shape and the intricate details of its design, including the carbon fiber texture and the Lamborghini logo. The video also includes a humorous emoji, adding a light-hearted touch to the scene. The overall atmosphere suggests a high-end automotive event, with the car being the center of attention.",1. Autos & Vehicles
7293639077671210286,"The video shows a person feeding fish from a white bucket into a pond. The person is seen scooping the fish out of the bucket and then placing them into the pond. The fish are seen swimming around in the pond, creating ripples and splashes as they move. The person is seen feeding the fish from the bucket, and the fish are seen swimming around in the pond. The person is seen feeding the fish from the bucket, and the fish are seen swimming around in the pond. The person is seen feeding the fish from the bucket, and the fish are seen swimming around in the pond. The person is seen feeding the fish from the bucket, and the fish are seen swimming around in the",1. Pets & Animals
7357227155979275526,"The video depicts a group of people walking down a cobblestone street at dusk. The group includes a man in a beige jacket, a woman in a white shirt, and a child in a blue outfit. The man is holding a microphone, suggesting that he is being interviewed. The child is holding a small orange object, possibly a toy. The background shows a building with a sign that reads ""One Million,"" indicating that the location might be in a European country. The atmosphere is lively, with other people walking in the background and a festive atmosphere suggested by the presence of a balloon. The video also includes text in the audio transcript, which provides additional context and information about the location and the",Entertainment & Shows
7394532218032491808,"The video features a woman in a pink dress and a man in a black shirt standing on a sidewalk. The woman is holding a pink purse and appears to be talking to the man. The man is wearing a black shirt and has a belt with rings on his pants. The background shows a street with parked cars and a fence. The sky is cloudy, and the sun is setting. The woman is then seen walking away from the man, and the man is standing still. The video ends with the woman walking away from the man, and the man standing still.",1. Entertainment & Shows
7354508802932133166,"The video features a series of individuals discussing various topics, including the popularity of romance novels among women, the economic impact of the genre, and the perception of these books as being inferior to others. The video includes a mix of text overlays, such as ""Booktok"" and ""Stitch Inning,"" and subtitles that provide context and commentary on the topics being discussed. The individuals appear to be engaging in a conversation, with some expressing their opinions and others responding to them. The video also includes a reference to a TikTok username, suggesting that the content is being shared on the social media platform.",Entertainment & Shows
7344855206242389280,"The video features a woman in a black blazer and white shirt, seated in a room with a wooden background. She appears to be speaking, as indicated by her mouth movements and hand gestures. The text overlay at the top of the screen reads ""Alice Weidel reagiert auf AFD-chatterläufe,"" which translates to ""Alice Weidel reacts to AFD chatter."" The text at the bottom of the screen reads ""Sollen wir warten, bis unser Schlafwagenvorstand weiter nichts entscheidet? Oder Frau Weidel kann offenbar Prioritäten setzen, ab",Entertainment & Shows
7377794153071037739,"The video shows a man in a tuxedo standing in an office, reading from a piece of paper. He is then seen in a different part of the office, looking at a coat rack. The text in the video says ""Roulette is not a game of skill, it is a game of chance. I could always kind of win at roulette. Oh, really? Mm-hmm. Yeah. How would you do that? Mind control. You can't be serious. That's ridiculous. You know what? Uh, why don't you move that coat rack? Excuse me, everyone. Attention in the office, please. Jim is about to prove his",1. News
7349706117166959879,"The video features a man standing in a natural setting, surrounded by trees and greenery. He is wearing a light-colored shirt and appears to be speaking to the camera. The text overlays on the video read ""What's up everyone?"" and ""I'm Frankie Muniz here and I am officially going into the jungle. I don't know how to feel. I'm excited. I'm nervous. You know, I'm normally a very organized and a planner and a control freak and I don't get to control anything here. So I'm along for the ride and, you know, I hope they go easy on me. That's for sure. See you in the jungle.""",1. News
7308194891656400170,"The video shows a group of people in a stadium, with a large crowd of fans wearing red and white. The crowd is cheering and waving their arms, and some are holding up signs. The text ""FUMBLE."" appears at the top of the screen, suggesting that the video is related to a sports event. The video does not provide any additional context or information about the event or the people in the video.",5. Sports
7375105398946139398,"The video shows a woman in a light blue robe standing in a living room with a large television and a coffee table in the background. She is holding a remote control and appears to be talking to someone off-camera. The text overlay at the top of the video reads ""POV: South African non-sons during winter."" The woman then takes off her robe and sits on a chair, holding a phone and looking at it. The text overlay changes to ""POV: South African non-sons during winter."" The woman then stands up and walks towards a door, which she opens. The text overlay changes to ""POV: South African non-sons during winter."" The",1. News
7387067236218916129,"The video showcases a woman in a white shirt eating a cupcake in a car. She is seen holding the cupcake and taking a bite. The video then transitions to show the woman eating the cupcake outside, with a clear blue sky and greenery in the background. The video also includes a storefront with a sign that reads ""Cakebox"" and a display case filled with various cupcakes. The woman is seen holding a cupcake in her hand and taking a bite. The video also includes a QR code and a sign that reads ""Cakebox's loyalty program and you actually get a free cupcake when you sign up."" The video ends with the",Entertainment & Shows
7323395108378840351,"The video shows a person dancing in a hallway. The person is wearing a gray sweatshirt and black pants. The hallway has white walls and a tiled floor. There is a Christmas tree decorated with red ornaments and a white star on top. The person is dancing energetically, moving their arms and legs in various directions.","3. Music, Singing, & D"
7378610696390528289,"The video is a series of frames from a news broadcast discussing the dissolution of the French National Assembly. The first frame shows a man in a suit and tie standing in front of a large crowd, with the French flag in the background. The text overlay reads ""Dissolution of the National Assembly: Voici tout ce que vous avez fait."" The second frame shows a man in a white lab coat speaking into a microphone, with the text overlay reading ""La dissolution de l'Assemblée Nationale."" The third frame shows a man in a suit and tie standing in front of a building, with the text overlay reading ""La dernière dissolution de l'",Politics
7292568999932529963,"The video shows two women walking on a dirt path in a grassy area. One woman is wearing a black sports bra and black shorts, while the other is wearing a black sports bra and black leggings. They are both holding water bottles and have their hair tied back. The video ends with a red button that says ""FOLLOW"" on it.",Fitness & Health
7360445995945037088,"The video shows a group of people, including a man and a woman, interacting with a group of wild boars on a paved road at night. The man is seen holding a bag of food, which the boars are attracted to. The boars are seen eating from the bag, and the man is seen feeding them. The video also shows the man and the woman standing on the road, observing the boars. The boars are seen eating from the bag, and the man is seen feeding them. The video also shows the man and the woman standing on the road, observing the boars. The boars are seen eating from the bag, and the man is seen feeding them.",Sports
7356329953622822187,"The video features a person wearing a colorful cap and a gray shirt with a logo on it. The person is speaking about the stock price of Trump Media and Technology Group Corp. (DJT) and how it has fallen again. The stock price is shown to be 34.21 USD, and the person mentions that it has lost value if Donald Trump wins the presidency. The video also includes text that reads, ""I love watching it drop every day,"" indicating the person's enjoyment of the stock's decline.",1. News
7376774039899082027,"The video shows a group of elderly people in wheelchairs in a museum. They are dressed in formal attire and are seated in the wheelchairs. The wheelchairs are electric and the people are using them to move around the museum. The video also shows a man in a suit walking around the museum. The video is titled ""This art installation lets elderly world leaders roam around a museum in electric wheelchairs.""",1. News
7394396617882799366,"The video features a person with curly red hair, wearing a dark top, holding a pink and white drink with a straw. The person is in a dimly lit room with a dark background. The text overlay reads ""POV: Your cousin gives you something to do drink."" The person appears to be in a playful or humorous mood, as indicated by the text overlay. The video does not show any other actions or movements, and the focus remains on the person and the drink.",1. News
7382929842615979296,"The video features a person wearing a white t-shirt and blue jeans, sitting in a room with a white wall and a door in the background. The person is holding their head with their hand, appearing to be in a state of distress or frustration. The text overlay on the video reads, ""Ich bin gerade so deprimiert. Ich habe jetzt die letzten anderthalb Stunden damit verbracht, am Laptop irgendwelche Familien, etwas gehobene Hotels auf Mallorca oder generell bei den Jahren abzuklappern. Ich finde",13. Beauty Care
7283171808595971370,"The video features a woman with long black hair, wearing a gray top, standing in a room with a white wall and a plant in the background. She is holding a phone and appears to be speaking, as indicated by the text overlays on the screen. The text reads: ""NO BECAUSE I'M REAL AES,"" ""remember thik duck nock among the stand for the guy at the teamkamad,"" ""they MAD FLAWSHIRT,"" and ""I MAD FLAWSHIRT."" The woman's facial expressions and body language suggest she is speaking animatedly, possibly in a conversation or reacting to something off-camera.",1. News
7299771215755906312,"The video shows two women in a dance studio, performing a choreographed routine. They are dressed in black outfits and are moving in sync with each other. The studio has a wooden floor and a high ceiling with lights. The women are performing a dance routine that includes spins, jumps, and other movements. The video ends with the women standing side by side, looking at the camera.","3. Music, Singing, & D"
7397523950391086369,"The video features a series of animated characters, including a blue character with a red heart on its head, a green apple with a crown, and a purple character with a crown. The characters are set against a black background, and the video begins with the blue character and the green apple. The green apple is then shown with a crown on its head, and the purple character is added to the scene. The video then transitions to a black screen with colorful confetti falling from the top, creating a festive atmosphere. The confetti is in various colors, including pink, yellow, green, and blue. The video concludes with the confetti still falling, creating a sense of celebration and excitement.",6. Film & Animation
7410518813021637930,"The video shows a man in a suit and tie sitting in a room with a woman in the background. The man is speaking, and the text overlay on the screen reads, ""Do you think Americans seriously think that this is an important question?"" The woman in the background is wearing a white blazer and appears to be listening to the man. The setting seems to be a formal event, possibly a press conference or a meeting. The man's attire and the setting suggest that he is a high-ranking official, possibly a politician or government official. The text overlay indicates that the man is asking a question about the importance of a particular issue, and the woman's response is not visible in the video",Politics
