video_id,summary,category
7349900395843472672,"The video shows a man in a suit and tie holding a microphone with a logo on it. He is standing in front of a crowd of people, some of whom are holding Russian flags. The man is speaking into the microphone, and the text on the screen reads ""Undergrundsender Russia Today"" and ""Dobriden! Ich bin's, der verbotene Untergrundsender Russia Today."" The man is also wearing a cap with a Russian flag on it. The video appears to be a news report or interview, as the man is speaking to the camera and the text on the screen provides context for the interview.",Politics
7326597898358066465,"The video is a humorous comparison between a person's reaction to their cat's behavior and the reaction of a smartphone. The video is divided into two parts, each showing a different reaction.

In the first part, the person is shown reacting to their cat's behavior with a surprised expression. The cat is shown with a smartphone in its mouth, and the text ""Pov: les appels avec mon chacad qui n'a jamais fait de cela"" (Pov: the calls with my cat who has never done this) is displayed. The person's reaction is shown with a surprised expression, and the text ""Moi: ハハ",7. Pets & Animals
7302484543691328810,"The video is a series of black screens with white text. The text reads ""EMERGENCY RELIEF DISTRICT OCTOBER 1TH, 2023 STOP THE KILLING STOP HATE. TIME TO DONATE."" The text is repeated multiple times throughout the video. The video does not contain any other visual elements or audio.",1. News
7339991555408694561,"The video shows a person shopping in a store, specifically looking at the skincare products on display. The person is holding a box of Balea's Vital Augencreme, which is priced at 3,85 Euro. The video then transitions to a close-up of the Balea Aqua Augen Roll-On, priced at 2,45 Euro, and the Balea belebende Augenpflege, priced at 2,95 Euro. The video continues to show the Balea Vital Plus straffende Augencreme, priced at 3,95 Euro, and the Balea Q10 Anti-F",Beauty Care
7351403366368546081,"The video showcases a series of events where humans are being hunted by aliens in a battle royale. Initially, the humans are shown being hunted and killed by the aliens, with the text ""people"" appearing on the screen. The humans are then shown being cooked in a pan with tomatoes and onions, with the text ""decision"" appearing. They are then shown being cooked in a pan with meat and vegetables, with the text ""possible"" appearing. They are then shown being cooked in a pan with meat and vegetables, with the text ""not"" appearing. They are then shown being cooked in a pan with meat and vegetables, with the text ""found"" appearing. They are then shown being",1. Entertainment & Shows
7380379588242804001,A person is lying in bed with a pink pillow behind them. They are wearing a black shirt with blue writing on it. The person is making a peace sign with their fingers.,Politics
7291005324717313313,"The video features two women standing in front of a large building with a body of water in the foreground. The woman in the pink coat is speaking, while the woman in the green dress is listening. The video includes text overlays that provide information about the rise of the anti-immigration party AfD in Germany and its impact on the new citizenship rules. The video also discusses the Bundesrat, the German upper house of parliament, and its role in blocking the law. The video concludes with the woman in the pink coat expressing her commitment to keeping the viewer updated on the situation.",Politics
7184540937974975786,"The video shows a person in a car, wearing a black tank top and white headphones around their neck. They are holding a small container of a brow lift product and a spoolie brush. The person demonstrates the product by applying it to their eyebrows and then using the spoolie brush to shape and lift their eyebrows. The video also includes text overlays that read ""e.l.f brow lift review"" and ""I've literally been seeing this all over TikTok so I had to try it."" The person appears to be explaining the benefits of the brow lift product and how it works.",Beauty Care
7343334803665603883,"The video features a woman with long, wavy hair, wearing a dark sweater and a gold necklace, sitting in front of a cosmic-themed background. She is holding a black object, possibly a makeup product, and appears to be speaking or presenting something. The text ""TikTok BAN TOMORROW"" is displayed at the top of the screen, indicating that the video is related to a potential ban on TikTok. The woman is seen gesturing with her hands, possibly emphasizing her points or engaging with the audience. The video also includes a text overlay that reads, ""Scroll mindlessly through TikTok and you're likely crossing paths with someone who's",Science & Technology
7343662075299761440,"The video begins with a person wearing a pink sweater with a black bow tie, standing in a room with a white wall and a shelf in the background. The text overlay reads, ""Me (a huge horror freak) thinking no scene could ever affect me."" The scene then transitions to a person in a white shirt and tie, covered in blood, standing in a dimly lit room with a green hue. The text overlay changes to, ""This scene."" The person in the white shirt and tie appears to be in distress, with their hands raised in a defensive or pleading gesture.",1. News
7394913119375527210,"A person wearing a camouflage cap and a gray shirt is speaking in front of a plain wall. They are making hand gestures and pointing to their chest. The person is also wearing a green and red shirt with a bird on it. The person is talking about war criminals and how people with 350,000 followers can praise them without receiving pushback. The person is also talking about the number of people killed by Saddam Hussein and Vladimir Putin.",Politics
7327439802637307178,"The video features a person in a camouflage hoodie standing next to a white Chevrolet Silverado truck. The person is pointing at the truck and talking about its features. The video also includes text overlays that read ""This is the CHEPAEST Brand New Truck You Can Buy Today *2024 Chevy W/T* part 2"" and ""This is the CHEPAEST Brand New Truck You Can Buy Today *2024 Chevy W/T* part 1."" The person is also seen pointing at the truck's wheels and talking about its features. The video concludes with the person standing next to the truck, talking about its features",Sports
7296461109572275488,"The video features a series of interviews with Trump supporters who express their disagreements with the Democratic Party and its stance on unions. The interviews take place in various outdoor settings, including a parking lot and a street with a clear sky and power lines in the background. The participants are wearing red hats with the ""Make America Great Again"" slogan and red shirts with the ""Trump"" logo. They discuss their views on unions, with one participant stating that they support unions because they believe Trump brings jobs to America. Another participant mentions that Trump's policies are pro-American and that unions are bad for business. The participants also express their frustration with the Democratic Party's stance on unions, with one participant saying that",Politics
7385384197864557855,"The video features a series of images from a debate between two men, one in a suit and the other in a suit with a blue tie. The background is blue with the CNN logo. The text overlay reads ""My favorite prt of the debate wasa-hitting whoever wasn't talking."" The images show the men speaking at a podium, with the man in the suit with a blue tie gesturing with his hands. The man in the suit with a red tie is seen speaking into a microphone. The video appears to be a compilation of clips from a debate, with the text overlay suggesting a humorous or critical take on the debate format.",Politics
7358352976639184146,"The video shows a view from inside a car driving on a wet road during a rainstorm in Dubai. The camera captures the raindrops on the windshield and the reflections of the red taillights of the cars ahead. The scene is dark and gloomy, with the rain making the road slick and the visibility low. The video ends with a close-up of the wet road, showing the reflections of the red taillights of the cars ahead.",1. News
7371030140370963713,"The video is a series of gameplay clips from the game Overwatch, showing a player's experience with the game. The player is using a character with a blue and black color scheme, and the gameplay involves navigating through various levels and fighting enemies. The player's health and ammo levels are displayed on the screen, and the player's actions are highlighted with text overlays. The gameplay is fast-paced and action-packed, with the player using various abilities and strategies to overcome challenges. The video also includes text overlays with humorous commentary, such as ""overwatch is so broken"" and ""I'm stuck,"" which adds a light-hearted tone to the gameplay.",Sports
7328941581862473006,"The video begins with a close-up of a fighter jet on a runway, with the word ""HIGH"" in bright yellow letters superimposed over the image. The jet is stationary, and the background is a cloudy sky. The scene then transitions to a different angle, showing the jet in flight with a cargo plane in the background. The jet is now in motion, and the background is a clear blue sky. The video then shows the jet flying over the ocean, with the word ""HIGH"" still visible. The jet is flying at a high altitude, and the background is a clear blue sky. The video then shows the jet flying over the ocean, with the word ""HIGH",1. News
7295860137162591519,"The video features a person wearing a plaid shirt, sitting in front of a blue background. The person is speaking and the text overlays the video with various statements about the history of violence and injustice. The text mentions the obliteration of indigenous people by colonizers, the use of the ""kernel of truth"" to justify violence, and the power imbalance in society. The person also discusses the feelings of righteousness and the potential for these feelings to lead to violence. The video ends with a statement about the importance of accountability for those with power.",Politics
7407540452611640606,"The video shows a man in a blue shirt and black gloves sitting at a desk in an office. He is wearing a black mask and is surrounded by various items, including a computer keyboard, a box, and some papers. The man appears to be in a state of confusion or frustration, as indicated by his facial expressions and body language. The video also includes text overlays that suggest the man is speaking to someone off-camera, possibly an immigration officer, and that he is being asked to show his passport. The man's actions, such as gesturing with his hands and looking around the room, further emphasize his confusion or frustration.",Travel & Events
7372987016914455841,"The video shows a cricket match between Pakistan and England. The players are wearing different colored uniforms, with the Pakistan team in green and the England team in orange. The match is taking place in a stadium with a large crowd of spectators. The players are actively engaged in the game, with some running and others standing. The video captures the excitement and intensity of the match, with the players competing against each other.",Sports
7366561209996332320,The video shows a person with long black hair wearing a white shirt. The person is sitting in a room with a yellow wall and a black TV in the background. The person is holding a hairbrush and appears to be brushing their hair. The person is also wearing a gold watch and has a gold bracelet on their wrist. The person is making hand gestures and talking to the camera. The video ends with the person continuing to talk and gesture.,Entertainment & Shows
7334130841016274222,"The video features a black sports car parked in a parking lot. The car is sleek and shiny, with a low profile and large alloy wheels. The background is a typical suburban setting, with trees and a fence visible. The video is overlaid with text that reads, ""I don't reverse park to look cool, a mufti can't park forward..."" This suggests that the person filming the video is frustrated with their own parking skills. The video ends with the text, ""All my friends are dead, leave them in the cold, put them in the tundra I go great charm, second I see her, I make her f-""",1. News
7380389929790033185,"The video features a romantic dance between two characters in a dark, dramatic setting. The male character, dressed in a blue and brown outfit, is holding the female character, who is wearing a white dress, in a close embrace. The dance is performed in a spotlight, highlighting the characters' movements and the intensity of their connection. The video concludes with the male character holding the female character in a close embrace, with the female character's face visible in the foreground.",Sports
7343754603927850245,"The video is a series of images that appear to be from a protest or rally, with people holding signs and flags. The images are overlaid with text that reads ""FREE PALESTINE"" and ""PALESTINIAN RIGHTS."" The images also show people in different poses, some with their hands raised in the air, and others with their hands on their hips. The images are in color, with the people in the images wearing different colored clothing. The images are set against a backdrop of a large building and a dome, which may be a mosque. The images are overlaid with text that reads ""FREE PALESTINE"" and ""PALESTINIAN R",Politics
7357827492289465646,"The video features a person wearing a white t-shirt with a cartoon character on it. The person is standing in a room with shelves and a refrigerator in the background. The person is making various hand gestures and movements, possibly expressing frustration or frustration with the idea of eating. The text on the screen changes throughout the video, indicating different thoughts and emotions. The person seems to be talking about the inconvenience of grocery shopping, cooking, and eating, and how they would prefer not to do any of these things. The person also mentions that they have ADHD and that feeding themselves is hard for them. The video ends with the person saying they are over it and don't want to do any of these things",Entertainment & Shows
7366736772253977889,"The video is a series of clips that discuss the potential impact of rising sea levels on Tuvalu, a small island nation in the Pacific. The video begins with an aerial view of Tuvalu, showing its coral islands and the surrounding ocean. It then shows footage of the sea level rising, with the text ""The sea level in Tuvalu is now 15 cm higher than it was 30 years ago."" The video also shows footage of Tuvalu's government, including a man in a suit speaking at a podium and a woman in a blue dress. The video also shows footage of Tuvalu's government creating a virtual country, with the text ""As well",Politics
7342750088902511915,"The video shows a person standing in a bathroom, taking a selfie with a phone. The person is wearing a black t-shirt and black shorts. The bathroom has a tiled wall with blue and yellow stripes, and there is a mirror above a sink. The person is holding a colorful phone case with a floral design.",1. News
7325461211653492010,"The video shows a person wearing a purple hoodie with the word ""Champion"" written on it. The person is standing in front of a white wall and a wooden door. The person is talking to the camera and gesturing with their hands. The person is also seen adjusting their hair and looking at the camera. The video ends with the person still talking to the camera and gesturing with their hands.",Entertainment & Shows
7363144949442825518,"The video features a person with long blonde hair, wearing a black shirt with a graphic design, standing in a room with a white door in the background. The person is speaking, and the text overlay on the video reads, ""why is finding a girl friend no im not trying to fall in love, im trying to fall in love."" The person appears to be expressing a desire to find a romantic partner without the expectation of falling in love.",1. Entertainment & Shows
7375972216707484960,"The video features a man in a white shirt standing in front of a screen displaying a list of Labour's policy steps for change. The man gestures towards the screen as he speaks, and the text on the screen changes to reflect the policy steps being discussed. The video concludes with the man standing in front of the screen, with the text ""Thanks for the plug Rishi"" displayed at the top of the screen.",Politics
7363604482355137799,"A woman is standing in a kitchen, holding a large box. She is talking to the camera and showing the box to the viewer. The box is filled with various items, including a large white bag. The woman is then seen sitting at a table, using a tablet to search for a product. She finds a product on a website and purchases it. The video shows the woman packing the items into a box and then placing the box into a large cardboard box. The video ends with the woman standing in front of a mirror, holding the large box.",Entertainment & Shows
7341253553245408558,"The video features a woman in a light blue shirt with a floral pattern, speaking directly to the camera. She is in a well-lit room with a window in the background. The woman discusses her family's financial situation, mentioning that she bought a house for her entire family, but who's paying for it. She expresses her desire to take care of her family and mentions that she has no expectation of her family paying rent. She also shares her family's history, mentioning that her parents gave up everything for her and her siblings, and that she will be the one to take care of them. The woman emphasizes that she is her parents' retirement plan and that she will be the one to take",1. News
7346960504490937642,"The video starts with a woman lying on a bed, wearing a white tank top and a necklace. She is holding a phone and looking at it. The scene transitions to a black and white image of a car driving down a road, with a woman in a white dress sitting in the back seat. The car is a classic model with a large trunk. The video then shows a close-up of a woman's hand with a ring on it, followed by a man and a woman sitting in a convertible car, with the woman in a white dress and the man in a suit. The video then shows a couple dancing on a boat, with the woman in a white dress and the man in",Entertainment & Shows
7203774185322188037,"The video begins with a person standing in front of a door with a sign that reads ""A STUDENT'S HOME."" The person is wearing a dark blue shirt and gray pants. The door is open, and the person is holding a piece of paper. The person then walks into the room and sits down at a desk. The desk is cluttered with papers and a computer monitor. The person begins to type on the keyboard. The video then shows the person standing in front of a door with a sign that reads ""Vor der Abschlussprüfung."" The person is wearing a dark blue shirt and gray pants. The door is open, and the person is holding",1. Entertainment & Shows
7324373228028300577,"The video is a series of humorous and relatable scenarios about working in finance. It starts with a man walking down a street at night, followed by a close-up of a shelf filled with skincare products. The man then walks into a subway train, and the video continues with scenes of him working in an office, interacting with financial models, and dealing with a stressful situation. The video also includes scenes of him eating a steak box, working late, and responding to emails. The final scene shows him reading a book in a green-lit room, and the video ends with a message about the challenges of working in finance.",Entertainment & Shows
7404376866108312865,"The video is a compilation of various scenes showing the aftermath of a conflict in the region of Kursk, Russia. It begins with a group of people being escorted by police officers through a busy street, indicating a recent conflict. The scene then shifts to a group of people being escorted by police officers through a park, suggesting a shift in the situation. The narrative continues with a man in a denim jacket speaking in front of a building, likely providing commentary on the events. The video then shows a woman in a white shirt standing in front of a building, possibly providing further commentary. The scenes transition to a woman in a patterned jacket speaking in front of a building, followed by a",Politics
7379002112652660014,"The video features a person wearing a white shirt with a graphic design, standing in front of a window with blinds. The person is holding a necklace with the name ""RITANA"" written on it. The necklace is displayed on a white card with the text ""Fashion Jewelry"" and a logo. The person appears to be expressing gratitude to someone named Sarah, as indicated by the text on the card. The video concludes with a close-up of the necklace on the card, emphasizing the name ""RITANA"".",1. News
7394618529569344811,"The video features a series of scenes showing different individuals, including a woman in a suit and a man in a suit, speaking at podiums. The woman is identified as Vice President Kamala Harris, and the man is identified as President Joe Biden. The video also includes text overlays and graphics that provide context and information about the events being depicted. The video is set against a backdrop of American flags and other political symbols, suggesting a political context. The video concludes with a message from President Biden, expressing his support for Vice President Harris and his commitment to working towards a better future for all Americans.",Politics
7366286242406829345,"A man in a grey hoodie and black shorts is standing in an office space, playing a DJ controller. He is surrounded by other people working at their desks. The man is wearing headphones and is focused on his task.","Music, Singing, & Dancing"
7325205573941710111,"A person is sitting in a room with a black dresser and a mirror in the background. They are wearing a black t-shirt with a picture of a man on it. The person is talking to the camera and appears to be explaining something. The video ends with the person sitting in the same room, still wearing the same t-shirt.",Science & Technology
7352304151897951521,"The video begins with a person standing in a living room, wearing a black shirt and red pants. The room is well-lit with large windows and a chandelier. The person is holding a pair of shoes and appears to be talking to the camera. The scene then transitions to the same person sitting on a couch, wearing a black shirt and red pants. The person is holding a pair of shoes and appears to be talking to the camera. The video then shows the person standing in a different room, wearing a black shirt and red pants. The person is holding a pair of shoes and appears to be talking to the camera. The video then shows the person sitting on a couch, wearing a",Entertainment & Shows
7365063366907333921,"The video showcases a breathtaking view of a city skyline during sunset. The sky is painted with hues of pink, purple, and orange, creating a stunning backdrop for the city's illuminated buildings. The city's lights reflect off the water, adding to the beauty of the scene. The video captures the city's skyline from a distance, allowing viewers to appreciate the architectural details and the city's layout. The video also includes a voice-over that repeats the phrase ""I'm the way you are, I'm the way you are, I'm the way you are,"" which could be a part of a song or a motivational message.",1. News
7346235933882076448,"The video shows a man in a green hoodie and blue jeans using a blue mechanical device to work on a wooden post in a field. He is seen bending over and using the device to work on the post, which is surrounded by a dirt ground and some trees in the background.",1. Sports
7305148019727420718,"The video features a woman with long black hair wearing a white turtleneck and a brown and white fur coat. She is standing in front of a movie poster for the film ""Watcher."" The poster shows a woman with long blonde hair in a dark room. The woman in the video is gesturing with her hands and appears to be talking or explaining something. The background of the video is dark and moody, with a blue light source visible in the upper left corner. The text on the poster reads ""WATCHER"" and ""EVIL WANTS TO BE SEEN."" The video also includes a scene from the movie where a man is seen walking down a dark street",8. Entertainment & Shows
7395252325104766216,"The video begins with a first-person perspective of a player in a video game, showcasing a virtual environment with buildings and a clear sky. The player's health is at 100%, and the score is 0-0. The scene then transitions to a close-up of a cat's face, which is superimposed onto the player's avatar, giving the impression that the player is a cat. The cat's face is white with orange patches, and it is wearing a green helmet. The cat is holding a sniper rifle, and the scene is set in a virtual environment with buildings and a clear sky. The cat's face is superimposed onto the player's avatar, giving",0:01
7354853011887312160,"The video is a humorous take on a pizza night, featuring a group of people gathered around a table with pizza. The text overlay humorously questions what their favorite pizza toppings are, with the text ""Pineapple doesn't belong on pizza...."" followed by ""ABSOLUTELY"" and ""MY"" in large letters. The group of people, including a man in a green sweater and a woman in a blue hoodie, are seen enjoying their pizza, with one person even taking a bite of a slice with pineapple on it. The video ends with a close-up of the person in the blue hoodie eating the pizza, with the text ""Why did you eat the",Entertainment & Shows
7355938811429260550,"The video shows a person wearing headphones and singing along to a song. The lyrics of the song are displayed on the screen, and the person is reacting to the lyrics with various emotions. The video also includes comments from other viewers, some of whom are expressing their enjoyment of the song.","Music, Singing, & Dancing"
7363655590524226862,"The video is a series of frames showing a person sitting at a desk with a computer and a cup on it. The person is wearing a dark shirt with the words ""LOVE HOPE CUR"" on it. The background is a blue and purple neon light. The person is talking about Discord, a messaging app, and how it has been affected by a website that has been scraping the data of over 114 million Discord users. The person also mentions that Discord has changed its terms of services, making it so users can't sue them in the case of a class action lawsuit. The person is also talking about a website called spy.pet that has been posting",News
7337977691611696417,"The video shows a person driving a car, wearing a white sweater and a gray shirt. The person is driving through a city street, with buildings and cars visible through the windows. The person is seen gesturing with their hands, possibly talking or expressing frustration. The video ends with the person still driving, with the same gestures and expressions.",1. News
7335864619187146016,"The video is a series of maps and images that compare the population and geography of Wyoming and Colorado. It starts with a map of the United States highlighting the states of Wyoming and Colorado, with the text ""Why Wyoming Is 'Epiypt' And Colorado Is Not"" at the top. The video then shows a map of the Rocky Mountains, with the text ""ROCKY MOUNTAINS"" in a red box. It then shows a map of the Yellowstone Plateau, with the text ""Yellowstone's Four Year Une"" in a red box. The video then shows a map of the Rocky Mountains, with the text ""ROCKY MOUNTAINS"" in",Science & Technology
7356565580603870497,"The video features a series of conversations between different individuals, each with their own unique background and context. The first person, dressed in a dark suit and white shirt, is seen speaking into a microphone, with the text overlay suggesting a discussion about mental health and the Prime Minister's response. The second person, wearing a white shirt and a headset, is also speaking into a microphone, with the text overlay indicating a conversation about the Prime Minister's reaction to a situation. The third person, dressed in a pink outfit, is seen speaking into a microphone, with the text overlay suggesting a conversation about the Prime Minister's response to a situation. The fourth person, dressed in a dark suit and white shirt",Politics
7407322364309949728,"The video shows a group of people performing on stage. They are dressed in casual clothing and are dancing energetically. The stage is brightly lit with colorful lights, and the background features a large screen with a blue and pink design. The performers are moving in sync with each other, and the audience can be seen in the foreground, watching the performance. The video also includes a text overlay that reads ""I don't wanna die Before we love, we love, this feeling, babe Cause it's enough, enough, can't be this way Before we love, we love, this feeling, babe I love it, I like it, but I don't wanna die Ooh,","Music, Singing, & Dancing"
7395058028594122014,"The video features a series of individuals in various settings, each with a caption that appears on the screen. The captions suggest that the individuals are discussing the importance of the election and the issues involved. The video also includes a person standing in front of a podium, likely giving a speech or presentation. The captions suggest that the individuals are discussing the issues in the election and the importance of the election. The video also includes a person standing in front of a podium, likely giving a speech or presentation. The captions suggest that the individuals are discussing the issues in the election and the importance of the election. The video also includes a person standing in front of a podium, likely giving a speech or",Politics
7357035995667107114,"The video shows a woman in a black shirt with a colorful design and a red shirt with a white collar standing in a brightly lit restaurant. She is holding a drink in her hand and appears to be talking to someone off-camera. The background is filled with various items, including a menu board with different drinks listed, a counter with a drink dispenser, and a seating area with tables and chairs. The woman is seen drinking from the drink and then placing it down on the counter. She then stands up and walks away from the counter, passing by a woman in a red shirt who is also standing in the restaurant. The video ends with the woman in the black shirt standing in front of the",Entertainment & Shows
7322958700291853614,"The video is a compilation of various segments from a news broadcast, featuring different individuals and topics. The segments are set in a studio with a blue background and the Fox News logo visible. The individuals are dressed in formal attire, and the topics discussed include political figures, health care, immigration, and economic issues. The video also includes a graphic with the text ""What was Trump asked about?"" and a list of questions, such as ""What was Trump asked about?"" and ""What was Trump asked about? B. Covid-19, Covid-19, Covid-19, Covid-19, Covid-19, Covid-19, Covid-19, Covid-",Politics
7333721172363922734,"The video shows a man in a blue shirt and khaki pants standing in front of a black Toyota car in a parking lot. He is wearing sunglasses and a blue jacket. The text ""Toyota coulver"" is displayed at the top of the screen, and there are emojis next to the text. The man appears to be dancing or moving around energetically, and the video ends with him still in front of the car.",1. News
7320342127790148907,"The video depicts a series of interactions between a police officer and a group of individuals in a room with blue lockers. The officer, dressed in a police uniform, is seen making various gestures and movements, including pointing, holding a gun, and gesturing with his hands. The text overlay throughout the video reads ""TYRANT COPS MAKE BIG MISTAKE - Silverthorne Colorado - FBI Amaganset Press,"" indicating that the video is likely a commentary or critique of the actions of the police officers. The video also includes a text overlay that reads ""PART 3,"" suggesting that this is part of a larger series of videos. The interactions between the officer and the individuals",News
7287998089279917345,"The video begins with a person standing outdoors, wearing a dark jacket and a white shirt with a black logo. The person is holding a smartphone and appears to be speaking. The background shows a park with trees and a path. The scene transitions to a close-up of a laptop screen displaying the Amazon website. The text on the screen reads, ""Hallo, amelie,"" and then changes to ""Amazon Outlet."" The person is seen scrolling through the Amazon Outlet section, which features discounted items in various categories such as electronics, clothing, and home goods. The video emphasizes the benefits of shopping on Amazon Outlet, highlighting the discounted prices and the ease of finding discounted items. The",Entertainment & Shows
7340766599860849926,"The video shows a man in a military uniform standing at a podium, speaking into a microphone. He is wearing a dark blue uniform with various medals and insignia on the left side of his chest. The background features a large building with the words ""THE PENTAGON WASHINGTON"" visible. The man appears to be giving a press briefing or statement, as indicated by the text overlay on the screen. The video also includes a text overlay that reads ""Well, just to be clear, we have no plans to send U.S. service members to fight in Ukraine. The president has been pretty clear on that, and that continues to be our position. As it relates to providing",News
7324688586807201070,"The video shows a young woman sitting in a classroom, wearing a white sweater and a beige scarf. She is looking at a piece of paper in front of her. The text overlay on the video reads ""Special Ed teacher trying to figure out whether their student is crying."" The woman appears to be in a classroom setting, with books and other educational materials visible in the background. The video does not provide any additional context or information about the woman or the situation.",1. News
7195058735914519809,"The video begins with a view of a construction site where a tall building is being demolished. A crane is seen lifting a large piece of the building, which then falls to the ground, causing a massive explosion. The scene shifts to a wider view of the demolition site, showing the partially demolished building and the surrounding area. The video then transitions to an aerial view of the demolition site, where the building is being completely demolished. The debris is seen flying through the air, and the surrounding area is covered in dust and smoke. The video concludes with a view of a tall building in the distance, surrounded by smoke and dust.",1. News
7360854136440540459,"The video is a series of scenes from a movie or TV show, featuring a man in a gray shirt and a man in a black leather jacket. The man in the gray shirt is seen in various settings, including a room with a door, a hallway, and an outdoor setting. The man in the black leather jacket is seen in different settings as well, including a room with a staircase and a hallway. The video also includes text overlays that appear on the screen, such as ""Can I help you?"" and ""HUELL?"" The video seems to be a montage of scenes from the movie or TV show, with the man in the gray shirt and the man in the",1. News
7408631372044111135,"The video shows a person with tattoos petting a kitten on a white surface. The kitten is small and has a black and brown coat. The person is holding the kitten gently. The video also shows a group of kittens huddled together on a white surface. The kittens are small and have different colors, including black, brown, and white. The video also shows a person with tattoos petting a kitten on a white surface. The kitten is small and has a black and brown coat. The person is holding the kitten gently. The video also shows a group of kittens huddled together on a white surface. The kittens are small and have different colors, including black, brown, and white. The",Pets & Animals
7383460841204534534,"The video begins with a close-up of a wooden surface, where a small metal object is placed. A pair of pliers is then used to grip the object, and a hammer is used to strike it, causing it to break. The video then shows a close-up of a metal object being sharpened on a grinding wheel, with sparks flying as the metal is being sharpened. Finally, the video shows a close-up of a metal object being sharpened on a grinding wheel, with sparks flying as the metal is being sharpened.",Science & Technology
7340748820130647326,"The video shows a group of people sitting at a table in an office setting, discussing the new $20 minimum wage law in California. One person is holding a sandwich and appears to be asking questions about the exemption for fast food chains that have bakeries. The video also includes text overlays that provide additional information about the topic being discussed.",Politics
7289539647825382698,"The video features a woman in a kitchen, wearing a peach-colored shirt and denim shorts, dancing energetically. She is surrounded by various kitchen items, including a stove and a refrigerator. The text overlay on the video reads, ""Me, with 0% Palestinain blowdow, withstanding the 10 pesetas Palestine -"" indicating a humorous or satirical context. The woman's movements are animated and expressive, suggesting a lively and engaging performance.",1. News
7390878944012045598,"The video is a series of clips from a gaming session where a person is playing a game called ""Roblox."" The person is dressed in various outfits and is interacting with other players in the game. The game features a virtual environment with a pool, palm trees, and a building. The person is seen walking around the pool area, interacting with other players, and trying to win the game. The person is also seen in a different outfit in a different game, and the text overlay indicates that they are competing for a prize. The person is also seen in a different outfit in a different game, and the text overlay indicates that they are competing for a prize. The person is also seen in",Sports
7390133152670420266,The video shows a person wearing a black shirt with a skull design and a necklace with a cross pendant. The person is standing in a room with a wooden dresser and various items on it. The person is wearing hoop earrings and has long hair. The person is also wearing a necklace with a cross pendant. The person is standing in front of a wall with a black curtain. The person is wearing a necklace with a cross pendant. The person is wearing hoop earrings. The person is wearing a necklace with a cross pendant. The person is wearing hoop earrings. The person is wearing a necklace with a cross pendant. The person is wearing hoop e,1. News
7373916497896377617,"A person is making a cake. They start by mixing ingredients in a bowl. Then, they pour the batter into a pie crust. Next, they add a layer of caramel on top. Finally, they decorate the cake with a topping.",Food
7303250453079280927,"The video is a promotional video for an airline pass that allows for four round-trip tickets to various destinations, including Tahiti, Paris, Auckland, and Tokyo. The pass costs $1,525 and is available for purchase through a reservation center. The video emphasizes the cost of the pass and the limited availability of the tickets. The video also includes a call to action for viewers to purchase the pass before it sells out.",Travel & Events
7330776298576514347,"The video features two individuals sitting at a table with a large, colorful, and interactive game board in front of them. The game board has a large wheel with different colored sections, each labeled with a word or phrase. The individuals are engaged in a game where they spin the wheel and choose which word or phrase they think is more important or useful. The words and phrases on the wheel include ""Onomatopoeia,"" ""Nice, let's go,"" ""Eyes,"" ""Eyes,"" ""Useful body part, useless body part,"" ""The Beatles,"" ""The Eagles,"" ""The Eagles,"" ""The Eagles stand the test of time,"" and ""Fad",Entertainment & Shows
7386716685945900320,"The video begins with a man in a suit and tie standing in front of a crowd of people. The man is then seen sitting in a stadium, surrounded by people. The video then shows a man in a suit and tie standing in front of a crowd of people. The man is then seen sitting in a stadium, surrounded by people. The video then shows a man in a suit and tie standing in front of a crowd of people. The man is then seen sitting in a stadium, surrounded by people. The video then shows a man in a suit and tie standing in front of a crowd of people. The man is then seen sitting in a stadium, surrounded by people. The video then shows",Sports
7390820226562084139,"The video is a humorous take on a rainy day scenario where a group of anthropomorphic animal characters are trying to find a lost item. The video starts with a group of characters standing under an umbrella in the rain, looking for something. One of the characters, a brown bear, is holding a purple umbrella and talking to the others. The text on the screen reads ""When you're just trying to have a brasummer."" The bear then says, ""Little did I know, I was swimming with a pack of thieves."" The other characters look at the bear with concern. The bear then says, ""Calm down, DW. Someone probably put it in the lost and found. We'll",Film & Animation
7361435694725696810,"The video is a series of tweets from a person who is addressing the audience at a live show. The tweets are written in a conversational style and express the person's thoughts and feelings about the show and the audience. The tweets are written in a mix of English and Spanish, and they include references to the show's title, the venue, and the audience. The tweets also include a reference to a music festival and a list of nominees for a music award. The video ends with a promotional image for the music festival and a list of nominees for the music award.",Entertainment & Shows
7317028968568343850,"The video is a series of humorous and instructional clips demonstrating various ways to talk to girls. The first clip shows a person using a tool to cut a piece of wood, with the text ""how do I talk to girls I'm shy?"" displayed at the top. The person then uses a different tool to cut a piece of wood, with the text ""I'll give you guys the best advice"" at the top. The next clip shows a person using a pair of pliers to cut a piece of wood, with the text ""if you wanna"" at the top. The person then uses a different tool to cut a piece of wood, with the text ""to girls"" at the top",Comedy
7393735339996712225,"The video features a person wearing a white and blue striped shirt with a blue collar, standing in front of a door. The person is holding a phone and appears to be speaking or reacting to something. The background is a plain wall with a door visible. The person is wearing a watch on their left wrist. The video has a humorous tone, as indicated by the text overlay that reads ""QUAND ON A 11 DE VUE LE \""M\"" VENTE E \""MILLION\"" MAISQUAND ON A 1 K DE VUE, SE L'ELLE \""K\"" VIENT DE QUE MOT ?"" which translates to ""When you see \""M",Sports
7286953369133174062,"The video shows a man in a yellow shirt and black pants standing on a sidewalk next to a road. He is holding onto a large, black and white parachute. The parachute is attached to a harness that the man is wearing. The man begins to run along the sidewalk, and as he runs, the parachute starts to inflate. The man then jumps off the sidewalk and starts to fly through the air. The parachute is attached to a harness that the man is wearing, and the man is holding onto the parachute with his hands. The parachute is large and black and white, and it is attached to a harness that the man is wearing. The man is running along the sidewalk, and as he",Sports
7210197949433892142,"The video showcases a picturesque beach scene with a clear blue sky and calm ocean waters. The beach is bustling with people enjoying the sunny weather, with some lounging on beach chairs and others walking along the shore. The beach is lined with umbrellas and beach towels, indicating a popular spot for relaxation and sunbathing. The video is overlaid with text in Italian, which provides a list of the beach's features and recommendations. The text highlights the beach's iconic and icy nature, its pleasant and refreshing atmosphere, the availability of great peach bellinis, and the reasonable and delicious food options. It also mentions the availability of Bagni Internazionale Clelia umbrellas,",Favorite beach in Capri
7317451980497046826,"The video is a compilation of morbid facts about the Church of Scientology. It features various images of people associated with the church, including the wife of Scientology leader David Miscavige, Lisa McPherson, and Charles Manson. The video also includes quotes from former Scientologists and the founder of Scientology, L. Ron Hubbard. The quotes suggest that the church has a history of violence, death, and criticism. The video is presented in a collage format, with each image accompanied by a quote or fact. The overall tone of the video is serious and somber, reflecting the dark and disturbing nature of the Church of Scientology.",Science & Technology
7346304747646848288,A group of people are shopping in a grocery store. They are looking at the shelves and picking out items. One person is wearing a blue jacket and is looking at the shelves.,Entertainment & Shows
7357381570371603717,"The video shows a group of women dancing in a living room, followed by a man in a beige jacket and white shirt speaking to the camera. The man is making hand gestures and pointing to his chest. The video then shows a close-up of the man with the text ""they won't be interested"" on the screen.",1. Entertainment & Shows
7319635608945675528,"The video features a young man performing a dance routine on a stage. He is dressed in a white sweatshirt with a graphic design, black and white striped pants, and red sneakers. The stage is dimly lit with purple lighting, and there is a small audience seated in the background. The dancer's movements are fluid and energetic, with a variety of poses and steps that showcase his skill and coordination. The video captures the dancer's performance from different angles, highlighting his movements and the stage environment.",Dance
7288048371019926814,"The video shows a woman standing outside in a cold environment, wearing a white shirt. She is holding a thermometer and appears to be measuring the temperature. The background is a wooden deck with a white railing. The woman is wearing a nose ring and has long dark hair. The video also includes text overlays that read ""Ready to the cow your mom's comment"" and ""I feel like she's her grandma and is just in a freezing room."" The woman is seen adjusting her hair and looking at the thermometer.",1. News
7302492057975688490,The video features a person wearing a tie-dye tank top with a watermelon pattern. The person is standing in front of a white wall with a ceiling fan. The person is wearing a pair of sunglasses on their head. The video has a filter applied to it that makes the person appear to be wearing a watermelon slice on their head. The filter also adds a watermelon slice to the person's tank top. The video ends with a message encouraging viewers to help Palestine.,1. News
7289320054347468078,"The video features a person sitting at a desk, typing on a laptop. The background includes a painting with a sunset-like color scheme. The person is wearing a dark shirt and has short, light-colored hair. Throughout the video, the text on the screen changes to provide different information. Initially, the text reads, ""Hakeem Jeffries will expel the head of the Republican Party."" Later, the text changes to, ""Hakeem Jeffries will expel the head of the Republican Party and then the head of the Democratic Party."" The person continues typing on the laptop, and the text remains the same. The video ends with the text, ""Hakeem Jeffries will expel",Entertainment & Shows
7346011922946510126,"The video begins with a person wearing a beige hoodie and a backpack, standing outdoors with trees and a street in the background. The person is wearing sunglasses and has a backpack on their back. The scene transitions to a news article from NBC News, which discusses RFK Jr.'s consideration of Aaron Rodgers as his vice presidential running mate. The article mentions that Rodgers has no governing experience and is a former professional athlete. The video then shows a screenshot of a CNN article about RFK Jr.'s VP prospect, mentioning Rodgers' involvement in conspiracy theories. The video concludes with a person wearing a beige hoodie and a backpack, standing indoors with a plain background.",Politics
7366304208150121774,"The video features a series of individuals making heart shapes with their hands in front of their faces. Each person is dressed in a different style of clothing, and the text overlay indicates the year they were born. The video appears to be a montage of different people making heart shapes, with the text overlay changing to indicate the year each person was born.",Entertainment & Shows
7360733570232552710,"The video features a person standing outdoors, holding a large, intricately designed clock with a black background and gold accents. The clock has Roman numerals and is labeled ""Украина"" (Ukraine). The person is dressed in casual attire, including a black shirt and light blue jeans. The background is a park-like setting with trees and greenery. Throughout the video, the person rotates the clock to showcase different angles and details, including the clock's hands and the intricate design of the clock face. The video also includes text overlays with contact information, such as phone numbers and email addresses, providing viewers with a way to get in touch with the person or the company associated with","1. Music, Singing, & D"
7369576124948548897,"The video shows a dog wearing a red shirt with a logo on it. The dog is standing in a grassy field and appears to be barking or growling. The text in the video is in Russian and appears to be a translation of the dog's actions. The dog's actions are described as ""подвигаться"" (to dive), ""забыть туда моими подружками"" (to forget my friends), and ""подружками"" (friends). The dog's actions are also described as ""подружками"" (friends)",7. Pets & Animals
7393839173922327841,"A map of the United States is shown with a blue and red color scheme. The map is divided into states, with each state colored in blue or red. The blue color represents the state of Joe Biden, while the red color represents Donald Trump. The map is titled ""Tossup 538"" and shows the number of votes each candidate has received in each state. The map also shows the number of comments each candidate has received, with the number of comments for each candidate displayed in the top right corner of the map.",Politics
7388205937036725537,"The video shows a person wearing a blue and white jacket with the word ""Supacell"" on it. The person is sitting in a car and appears to be trying to activate their Supacell power. The person is holding a phone and looking at it, possibly trying to figure out how to activate the power. The background of the video is a car interior, with a steering wheel and other car features visible. The person is wearing a seatbelt and appears to be focused on the task at hand.",1. News
7362611852360174881,"The video begins with a black screen displaying the text ""4TO ЛОВОВЬ выда ПЕРЕСТРЕЛКИ ЯСНОЙ"" in white letters, which translates to ""4TO LOVVY will give you a kiss of fire, a fiery kiss"". The scene then transitions to a dark, nighttime setting with a cityscape in the background. The text ""КОТОРИЙ"" appears, which translates to ""What"". The video then shows a red sports car driving through",1. News
7368846954471640362,"A person with long red hair is standing in a kitchen, wearing a black sweatshirt with green text. The person is gesturing with their hands while talking. The kitchen has white cabinets and a light fixture on the ceiling. The person is speaking about solidarity and the importance of understanding intersectionality in activism. They mention Dylan Mulvaney and the need for trans rights, and how some people criticize her for not focusing on other issues. The person also talks about class and how influencers often abandon their supporters for personal gain.",Comedy
7108772250320473349,"The video showcases various activities and attractions in the Greek island of Paros. It begins with a person standing in front of a scenic view of the island, with the text ""Paros 5 out of the box activities!"" displayed at the top. The person is wearing a red and white striped shirt and appears to be speaking. The video then transitions to a list of activities, each accompanied by a corresponding image. The first activity is to have a meal in the traditional village of Lefkest, followed by a 3.5 kilometer hike on the old Byzantine road to the village of Prodromos. The second activity is to visit the beach of Kalogero, which offers a natural",Travel & Events
7349908267742743854,"The video features a person wearing a red shirt with a black design, speaking into a microphone. The background is a room with shelves containing various items, including what appears to be a framed picture and a decorative item. The person is discussing the legal implications of Donald Trump's actions, specifically his claim of immunity. The video includes text overlays that provide commentary on the topic, with phrases such as ""Trump works against him is legal team in President a Immunity claim!"" and ""Donald Trump has destroyed his immunity claim."" The person also mentions that Trump's actions have made the work of his defense team harder. The video concludes with the person expressing frustration with the legal system, stating that Trump is",Politics
7273897683918621994,"The video showcases a football game between two teams, one in white and the other in maroon. The white team is led by a player named McCarthy, who is wearing a white jersey with the number 9. He is seen running with the ball, evading defenders and scoring touchdowns. The maroon team is led by a player named Tigers, who is wearing a maroon jersey with the number 0. The game is played in a stadium filled with spectators, and the atmosphere is electric as the players compete for the ball. The video captures the intensity and excitement of the game, with players running, tackling, and scoring touchdowns. The final scene shows the players",Sports
7374631394108181806,"The video shows a woman standing in front of a bed in a bedroom. She is wearing a denim outfit and is holding a pair of shoes. The bed has a tufted headboard and is covered with a white comforter. The woman appears to be talking about packing because her spouse was brought to the USA at age 4. She mentions that her DREAMER age 19 got married in 2017, and her daughter left the USA for her appointment in Mexico in 2020. She also mentions that she and her daughter lived in the USA for a year and a half, and then they continued to live in Mexico. The woman then stands",Entertainment & Shows
7285324334934035745,"The video shows a man in a gym, wearing a black shirt, bending over a machine. He is surrounded by people, some of whom are watching him. The man is then seen lying on the machine, with his head on the floor. The video ends with the man standing up and walking away.",1. News
7374137745364602155,"The video features a woman in a pink jacket and a man in a black shirt inside a car. The woman is speaking, and the man is listening attentively. The text overlay on the video reads ""Mom - Date someone who wants you... Not my type."" This suggests that the woman is giving advice to the man about dating someone who is interested in him. The video does not show any other significant details or actions.",1. News
7345205332383108394,"The video shows a series of scenes depicting the situation in Haiti after the U.S. Marines deployed there to airlift U.S. embassy staff out of the country. The video also highlights the government's loss of credibility and power, leading to the rise of gangs and the government's inability to restore order. The U.S. has ruled out using troops to restore order, and the government has requested foreign troops for over two years. The U.S. has agreed to finance the deployment of a thousand Kenya police officers, but the plan continues to be delayed. The video also shows the U.S. meeting with Caribbean nations at an emergency meeting in Jamaica, urging them to take action",1. News
7335427690708651272,"The video features a person standing on a city street, wearing a light-colored vest over a white shirt and blue jeans. They are holding a microphone and speaking to the camera. The background shows a busy street with people walking by. The person is seen gesturing with their hands while talking, and the text on the screen changes to indicate different points they are making. The text includes phrases like ""think makes,"" ""and I saw,"" ""came out,"" ""why is this,"" ""about it,"" ""her,"" ""of this space,"" ""not trying,"" ""a little bit,"" ""to walk by you,"" ""environment,"" and ""not Korean, but."" The person seems to be discussing",1. News
7366011789085035809,"A man in a suit and tie is standing at a podium, speaking into a microphone. He is holding a cane in his hand. There is another man standing next to him, also in a suit and tie. The background is blue and white, with a large screen behind them. The man at the podium is talking about the importance of the German people and their role in the country. He is also talking about the future of Germany and the need for unity.",Politics
7383627859803393313,"The video shows a man sitting at a desk in an office, wearing a white shirt and a black belt. He is speaking and gesturing with his hands. The background is a typical office setting with a computer monitor and some papers on the desk. The man is discussing the news and making various statements about the news.",Sports
7362157037511396613,"A woman is unpacking a large box of beauty products from a shipping box. She is sitting on the floor in a living room, surrounded by several other boxes and products. She is wearing a black shirt and white socks. The products include various skincare items, such as bottles and boxes, as well as hair care products. The woman is holding a bottle of a skincare product and a box of hair care products. She is also holding a bottle of a hair care product. The woman is holding a bottle of a hair care product. She is also holding a bottle of a skincare product. The woman is holding a bottle of a skincare product. She is also holding a bottle of a hair care product",Beauty Care
7346042702347406638,"The video is a series of scenes showing a person interacting with various people and places, including a rooftop, a room, a boat, a snowy forest, a bar, and a city. The person is seen wearing different outfits and engaging in conversations with different individuals. The text overlays provide context to the interactions, such as the person meeting a girl, going on a dog sledding trip, and trying on clothes. The video also includes humorous comments about the person's appearance and the person's interactions with others.",Travel & Events
7362203819721166123,"The video shows a group of children holding signs and protesting in front of a building. The signs read ""Thank you. Thank you. Thank you. Pro-Palestinian protests spread to even more college campuses. The protesters now getting a message of support from the people they're fighting for, the children in Gaza. We love the students of Harvard University. We hear the students of Harvard University. We respect the students of your university. Thank you, the students of Columbia University. We respect you. We hear you. We love you."" The children are wearing different colored shirts and are holding up their signs. The video also shows a woman in a green uniform holding a child in a black jacket",Education
7389277272009690401,"The video begins with a boat navigating through icy waters, with the text ""FIRST MIGRANTS SINCE ELECTION"" displayed. The scene transitions to a dock where a large white and orange boat is being unloaded, with the text ""Dover"" indicating the location. The boat is then shown in a dry dock, with workers around it, and the text ""New home secretary Coopers is currently the Border Security command is currently the Border Security command"" appears. The video then shows a large number of trucks and containers at a port, with the text ""Number 10 has warned of a challenging journey in the number of journeys made a spike in the number of journeys",News
7315533802409839914,"The video features a person with long blonde hair, wearing a dark jacket, standing in a room with a plant in the background. The person is seen gesturing with their hands while speaking, and the text on the screen changes throughout the video to convey different messages. The text includes phrases such as ""Bill Maher a well-known Islamophobe,"" ""and he completely glosses over the fact that that territory is under Israeli occupation and has been for decades now,"" and ""he doesn't mention that it is routine for Israeli settlers to spit on Christians in Jerusalem."" The person also mentions that the site where Jesus was born, Bethlehem in occupied Palestine, is now overwhelmingly Muslim, and that it",Politics
7355525427160452385,"The video features a woman performing on stage, wearing a black outfit and a cowboy hat. She is surrounded by a crowd of people, some of whom are taking pictures or videos with their phones. The woman is singing into a microphone, and the crowd is cheering and waving their hands. The text ""When Beyoncé points at you in the crowd"" appears at the top of the screen, suggesting that the woman is being recognized or admired by the crowd. The video captures the excitement and energy of the performance, with the woman's movements and the crowd's reactions adding to the overall atmosphere.","3. Music, Singing, & D"
7368383778034601249,"The video shows a computer screen with a 3D model of a room. The room has a desk, a chair, and a trash can. The desk has a computer on it. The trash can is labeled ""Recycle Bin."" The computer screen is showing a 3D model of a room. The room has a desk, a chair, and a trash can. The desk has a computer on it. The trash can is labeled ""Recycle Bin."" The computer screen is showing a 3D model of a room. The room has a desk, a chair, and a trash can. The desk has a computer on it. The trash can is labeled ""Recycle Bin.""",1. News
7386720277557742880,"The video showcases a young woman in a blue gymnastics outfit performing a series of gymnastic moves on a green and blue gymnastics mat. She begins by standing on the mat, then proceeds to perform a series of flips and jumps, showcasing her athleticism and skill. The video captures her movements in detail, highlighting her strength and precision. The background features a large audience seated in bleachers, watching the performance intently. The video concludes with the woman standing on the mat, having completed her routine.",Sports
7297944147648924961,"The video showcases the process of making Slow Cooker French Onion Soup. It begins with a close-up of a white ceramic pot filled with sliced onions, followed by the addition of salt, pepper, garlic, and bay leaves. The ingredients are then stirred and cooked on high heat. The soup is then transferred to a slow cooker, where it simmers for 8-10 hours on high. Finally, the soup is served with a slice of bread and topped with cheese. The video emphasizes the ease and convenience of making this delicious soup, even while working.",Food
7400109280008867114,"The video features a person wearing a white t-shirt with blue and red text that reads ""HARRIS FOR PRESIDENT"" and a gold necklace. The person is sitting on a bed with a white blanket and a black headboard in the background. The person is speaking and gesturing with their hands, emphasizing the importance of checking voter registration status. The video includes text overlays that read ""DEMOCRATS MUST CHECK/VOTER REGISTRATION STATUS"" and ""HARRIS FOR PRESIDENT"" to reinforce the message. The person appears to be discussing the importance of voter registration for Democrats in red or purple states.",Politics
7331415226442730757,"The video showcases a group of individuals performing a choreographed dance routine on a stage. The stage is illuminated with vibrant lighting, and the performers are dressed in a variety of colorful outfits, including red, green, and black. The dancers move in sync, executing a series of coordinated movements that include spins, jumps, and arm gestures. The background features a large screen displaying a dynamic visual effect, adding to the overall energy of the performance. The video also includes text overlays in Korean, which provide context to the performance, such as the name of the group and the title of the song being performed. The overall atmosphere is one of excitement and energy, as the performers showcase their skills and coordination","Music, Singing, & Dancing"
7307346522234998049,"The video features a woman sitting on a couch, wearing a dark-colored top. She is speaking to the camera, and the text overlay on the screen reads, ""me when someone asks me why I love to watch The Kardashians."" The woman appears to be in a casual setting, possibly a living room, and is engaged in a conversation about her interest in watching the reality TV show ""The Kardashians."" The video does not provide any additional context or information about the woman or the show.",8. Entertainment & Shows
7362216509206236449,"The video begins with a person holding a package of ""WC FRISCH Spa Moments"" in a store. The person then moves to a shelf stocked with various items, including a pack of ""Jedes Mal"" and a bottle of ""Mein Mann holmmer 7182992922 ckrdk"". The person then moves to a shelf stocked with various items, including a pack of ""Mercan"" and a bottle of ""Tiger"". The person then moves to a shelf stocked with various items, including a pack of ""Mercan"" and a bottle of ""Tiger"". The person then moves to a shelf stocked with various",1. News
7396760829498002720,"A young woman with long, wavy blonde hair is standing in front of a bookshelf filled with books. She is wearing a white tank top and is speaking directly to the camera. The text on the screen is in German and includes phrases like ""warum ich meine Bücher, die ich schon gelesen habe, nicht einfach verleihe oder verkaufe,"" which translates to ""why I don't just give away or sell my books that I have already read."" The woman gestures with her hands as she speaks, emphasizing her points.",Entertainment & Shows
7343145915886193926,"A man and a woman are standing on a cobblestone street at night. The man is wearing a red jacket and blue jeans, while the woman is wearing a black leather jacket and brown pants. They are talking to each other, and the man is holding a microphone. The woman is holding a small brown purse. The background shows a building with a sign that reads ""МУЗЕЙ"" (Museum). The man and the woman are engaged in a conversation, and the man is gesturing with his hands. The woman is listening attentively. The man then takes the woman's hand and they walk together. The man continues to talk to the woman, and",Entertainment & Shows
7368596585594359083,"The video is a news report about the German far-right party Alternative for Germany (AfD). It discusses the party's history, its radicalization, and its current status as a potential extremist threat. The video also mentions a recent court decision that upheld a ruling from the lower court, allowing intelligence officers to wiretap party members and recruit informants to monitor the party for extremism. The AfD is currently the second most popular party in Germany and is expected to secure big wins in several eastern states in the upcoming elections. The video encourages viewers to follow for more updates on the AfD's political activities and the ongoing legal battles surrounding the party.",Politics
7395305751469772075,"The video shows a woman with long, wavy hair sitting in the driver's seat of a car. She is wearing a purple top and a necklace. The background is a car interior with a window showing a building outside. The woman is talking and gesturing with her hands. The video ends with a text overlay that reads, ""Yeah, so actually I decided to put my vote up for sale. So if anybody wants to purchase my vote, DM me on Instagram with your best offer and yeah.""",Politics
7278695690522348843,"The video features a person wearing a green hoodie with a graphic design on it, sitting in an airplane. The person is speaking and gesturing with their hands. The background shows the interior of the airplane, with seats and overhead compartments visible. The person is also wearing a ring on their left hand. The video includes text overlays with emojis and a URL, as well as a screenshot of a webpage with the text ""Mr. Beast has a net worth of $100 million."" The person appears to be discussing the topic of Mr. Beast's net worth and the controversy surrounding it.",Entertainment & Shows
7344030729531067680,"The video features a man in a suit and tie, holding an orange microphone, interviewing another man in a dark suit. They are standing in front of a building with a red sign. The man in the suit is asking questions, and the man in the dark suit is responding. The text on the screen reads ""Fabian Köstr nimmt Politiker HopPart30"" and ""Fabian Köstr nimmt Politiker HopPart30"" repeatedly. The man in the suit is also seen holding a microphone with the text ""Fabian Köstr nimmt Politiker HopPart30"" and ""Fabian Kö",Politics
7395616033127648554,The video shows a person in a black outfit standing in a room. The person is holding a black bag and appears to be taking a selfie in front of a mirror. The room has a bed with a white blanket and a dresser with a mirror on top. The person is wearing a black shirt and black pants. The video also includes text overlays that provide information about the person's pregnancy.,1. News
7347525697591725355,"A young man wearing a green shirt stands in front of a bush with red flowers. He is talking to the camera and appears to be explaining something. The text on the screen reads, ""How Zionism is sold to non-Israeli Jews.""",Politics
7376404436505136416,"The video is a series of clips showing a woman in a police uniform interacting with various people in different settings. The woman is wearing a hat with the word ""Traffic Warden"" on it and is seen giving tickets to people who have parked their vehicles illegally. The video also includes text overlays that suggest the woman is being humorous or sarcastic about the situation. The video ends with the woman explaining why she is giving tickets and the text overlay continues to suggest that she is being humorous or sarcastic.",Travel & Events
7341059462687509803,"The video is a compilation of various images and text overlays that suggest a conspiracy theory surrounding the confinement of Kate Middleton in a tower. The text states that Kate Middleton is sedated and locked in a tower, with Camilla Parker being held responsible. The video shows images of Kate Middleton in different outfits, including a red dress and a blue dress, as well as images of Camilla Parker. The video also includes text overlays that suggest the situation is getting worse and that an investigation should be carried out. The video concludes with a warning that the situation is ambiguous and that Kate Middleton should be rescued.",1. News
7357877605581802795,"The video is a series of scenes from a video game, likely Roblox, where a character is trying to find a victim. The first scene shows a character with a flashlight in a dark hallway. The second scene shows a character with a flashlight in a different hallway. The third scene shows a character with a flashlight in a different hallway. The fourth scene shows a character with a flashlight in a different hallway. The fifth scene shows a character with a flashlight in a different hallway. The sixth scene shows a character with a flashlight in a different hallway. The seventh scene shows a character with a flashlight in a different hallway. The eighth scene shows a character with a",Gaming
7348220196772990254,"The video is a series of clips showing a person in different settings, including a cityscape, a room, and a park, with text overlays providing commentary on the censorship and restrictions in China. The person is wearing a blue shirt and a black cap, and the text suggests that they are trying to access various websites and services that are blocked in China. The person also mentions the lack of social media access and the difficulty of accessing news and other information. The video ends with the person expressing frustration and concern about the lack of freedom of information in China.",1. News
7323547689201765664,"The video features a person in a garage, wearing a black shirt with a white design and a black cap. The person is speaking and gesturing with their hands. The background includes a green car, a garage door, and some equipment. The text overlay reads ""5 Cars from Country Italian Edition"" with an Italian flag icon. The person is seen pointing at the green car and then at a red sports car, which is shown in a different frame. The person continues to speak and gesture, with the text overlay changing to ""5 Cars from Country Italian Edition"" with a different Italian flag icon. The person is seen pointing at a white sports car, which is shown in a different frame. The",Comedy
7388973620116180257,"A man in a suit is giving a speech at a podium. The text on the screen reads ""Jordan Bordeau: Je serai là, pour vous, avec vous, jusqu'à la victoire."" The man is speaking to a crowd of people who are holding French flags and taking photos.",Politics
7392691382218935583,"The video starts with a group of people in white shirts with black designs, standing in a room with a red background. They are holding a black bag with a white logo. The scene then shifts to an airport where two people are standing in front of a building with a sign that reads ""Welcome to Terminal 4"". The next scene shows two people sitting in front of a building with a sign that reads ""Welcome to Terminal 4"". The final scene shows a group of people sitting in a room with a large window, with one person holding a microphone. The video then shows a group of people playing ping pong in a room with a green wall. The final scene shows a group of people",Sports
7323689375043243269,"The video features a white cat standing on a blue couch in a well-lit room with wooden floors and a chandelier. The cat is holding a small object in its paws, possibly a toy or a treat. The cat appears to be interacting with someone off-camera, as it looks towards the camera with a curious expression. The text on the screen reads ""Вам покачиваю карьинкой иконкой"" (I'm making a cat icon for you), suggesting that the cat is being used to create a visual representation of a cat. The cat's body language and facial expressions change throughout the video,",Friends
7383363724628725024,"The video shows a group of people walking down a runway in a large, industrial-style room. The people are dressed in various outfits, including some wearing black leather jackets and others in black and white clothing. The audience is seated on either side of the runway, watching the models as they walk by.",1. Entertainment & Shows
7339981163756490030,"The video shows a person's hands with long, bright pink nails, which are being painted with a bright pink polish. The person is using a nail polish brush to apply the polish to their nails. The video also shows a nail dryer in the background, which is used to dry the nails after they are painted.",Beauty Care
7318033407785569569,"The video features a man standing next to a red Mercedes-Benz car in a parking lot. He is wearing a light blue shirt and dark pants. The background includes a parking structure and a few other cars. The man appears to be explaining something about the car, as indicated by his hand gestures and the text overlays on the screen. The text overlays change throughout the video, providing different information about the car and the man's story. The video concludes with a close-up of the car's side, showing the ""V8 TURBO"" badge, and the text ""known"" appears on the screen.",1. News
7361467847190760750,"The video features a person sitting in front of a wall covered with various posters and decorations. The person is wearing a gray hoodie and is speaking to the camera. The text overlay on the video reads: ""I'm not afraid to admit I'm not afraid to admit I'm not afraid to admit I'm not afraid to admit I'm not afraid to admit I'm not afraid to admit I'm not afraid to admit I'm not afraid to admit I'm not afraid to admit I'm not afraid to admit I'm not afraid to admit I'm not afraid to admit I'm not afraid to admit I'm not afraid to admit I'm not afraid to admit I'm not afraid to admit I'm",Entertainment & Shows
7323131799310306590,"The video is a series of interviews with Jeff Bezos, the founder and CEO of Amazon.com, conducted in various settings, including a store, a hallway, and a kitchen. Bezos is seen speaking to the camera, often with a serious expression, and at other times, laughing and gesturing animatedly. The video includes text overlays that provide context and information about Bezos' background, his company, and his personal life. The video also includes a series of humorous and lighthearted moments, such as Bezos' comments about his family and his sense of humor. The video concludes with a shot of the Amazon headquarters building, which is a large, modern",Entertainment & Shows
7353311795374738721,"The video features a person sitting on the floor, wearing a gray hoodie and black pants, with their legs crossed. They are in a room with a brick wall and a curtain with a yellow pattern. The person is holding a phone and appears to be in a state of contemplation or frustration. The text overlay on the video reads: ""Pov: t'es en même temps, tu n'as vu suit sans avoir suivi, car, mais n'a pas d'autres tenus, et l'alternance tenus, et l'alternance tenus, et l'alternance tenus, et l'alternance",1. News
7329621030023089440,"The video shows a group of people standing in a room, with one person wearing a white hoodie and another wearing a black top. They are posing for a photo together.",1. Entertainment & Shows
7261278269884992795,"The video shows a man and a woman dancing on stage. The man is shirtless and the woman is wearing a white top and shorts. They are surrounded by a crowd of people, some of whom are taking pictures and videos. The stage is lit with red and blue lights, and there are other people on stage, including a man in a suit and a woman in a pink dress. The video ends with a shot of a man and a woman dancing on stage, with the man wearing a white shirt and the woman wearing a pink dress.","Music, Singing, & Dancing"
7397527101143878954,"The video shows a series of interactions between a man in a suit and a man in a blue suit in a formal setting, likely a congressional hearing room. The man in the suit is speaking, and the man in the blue suit is listening and responding. The interactions involve questions about the number of agents protecting the sitting president and the former president, as well as the relative difference in the number of agents assigned to each. The video also includes text overlays that provide context and commentary on the interactions.",Politics
7353267784886897952,"The video shows two men sitting at a counter in a room. One man is wearing a yellow jacket, and the other is wearing a white hoodie. They are engaged in a conversation, with the man in the yellow jacket gesturing with his hands while speaking. The man in the hoodie listens attentively and occasionally responds. The background features a beige wall and a window with black bars. The video ends with the man in the yellow jacket continuing to speak, while the man in the hoodie remains focused on the conversation.",Entertainment & Shows
7351137146004114693,"The video captures a thrilling moment in a soccer match between Ukraine and Israel. The match is intense, with both teams displaying remarkable skill and determination. The video begins with a close-up of a player in a blue jersey, number 21, who is diving to make a save. The scene then shifts to a player in a yellow jersey, number 8, who is celebrating a goal. The video then shows a player in a blue jersey, number 21, who is lying on the ground after a tackle. The video concludes with a player in a blue jersey, number 21, who is celebrating a goal.",5. Sports
7312903813122280746,"The video shows a group of farmers protesting against the draconian regulations against ethm. They are using sprayers to spray the government buildings. The protest is taking place in front of a building with a sign that says ""Farmers in France are rising up against the draconian regulations against ethm. Now they are literally spraying the government buildings."" The protesters are holding signs and chanting slogans. The video also shows a group of people standing in front of a building with a sign that says ""Farmers in France are rising up against the draconian regulations against ethm. Now they are literally spraying the government buildings."" The protesters are holding signs and chanting slogans. The video also shows a",Politics
7357063093962214689,"The video features a person wearing a black jacket with white zippers and a pearl necklace. They are standing in front of a window with blinds and a wall with pictures. The person is speaking in German, and the text on the screen reads ""wie ich in die Deutsche abprüfung reiß gehe am."" The person is gesturing with their hands and appears to be explaining something.",1. News
7374800691677629729,"The video features a person standing in front of a large orange truck with the text ""How do you step 4 hours and ovvk15 hours"" displayed at the top. The person is wearing headphones and appears to be speaking or singing. The background is a road with trees, and the truck is parked. The person then makes a gesture with their hand, and the text changes to ""It's in my blood."" The person continues to gesture and make hand movements, and the text remains the same. The video concludes with the person still gesturing and the text ""It's in my blood"" still displayed.",Comedy
7350964297381498154,"The video shows a person rummaging through a pile of trash bins in front of a large, well-manicured hedge. The trash bins are black and blue, and they are lined up in a row. The person is wearing a black jacket and black pants. The video then shows a close-up of the trash bins, which are filled with various items such as food containers, plastic bags, and other debris. The person is seen throwing away some of the trash, including a box of cereal and a bag of chips. The video then shows a close-up of a trash bin filled with various items, including a box of cereal, a bag of chips, and a plastic bag",Entertainment & Shows
7405044080729787678,"The video is a series of clips showing a woman in a blue suit standing at a podium, speaking into a microphone. The background is a blue and red striped pattern with stars. The text on the screen reads ""DNC speaker briggugot at copy of Proj:2025"" and ""MCMORROW"" at the bottom. The woman is speaking about the Republican blueprint for a second Trump term, which is a 900-page document. The video also includes text at the bottom of the screen that reads ""Why?"" and ""WHY?"" in yellow letters.",Politics
7337416931965685034,"The video features a man standing in front of a tree, wearing a plaid shirt. He is talking about the carbon footprint of a tiny rural electric cooperative in eastern Oregon. The video then shows an aerial view of a large data center in the area, with the text ""Amazon data centers in eastern Oregon"" appearing on the screen. The man continues to talk about the company's plans to move to renewable energy, but mentions that it can't do so because it needs more electricity than the power grid can handle. The video ends with a call to action for viewers to read more at the Oregonian's website.",1. News
7283933352267337002,"The video features a woman wearing a white shirt with the word ""PINK"" on it. She is sitting on a couch and talking to the camera. The text on the screen reads ""Mother Gothei but make her Desi"" with a heart emoji. The woman is wearing a black headscarf and has her hands on her chest. The background is a plain wall. The video then transitions to a woman wearing a red and gold traditional outfit with intricate embroidery. She is wearing a headscarf and has a large nose ring. The background is purple and the lighting is dim. The video then transitions back to the woman in the white shirt, who is now wearing a black head",1. News
7353365116554956074,"The video features a person wearing a colorful jacket with a yellow and purple pattern, standing in front of a disco ball. The background is a vibrant, colorful setting with a disco ball hanging from the ceiling. The person is smiling and appears to be enjoying themselves. The video then transitions to a different person wearing a military uniform, with a framed picture of the person in the military uniform placed in the background. The text on the screen reads ""YOU ARE MY SUNSHINE BATTLE ROUND OF 16 #4"" and ""1 80s sunshine 2 Chines sunshine"". The video continues to feature the person in the military uniform, with the same background",Sports
7398943500328242463,A person is making a set of dice with glitter and pink resin. They are using a green mold and a purple mold. They are also using a purple liquid to add color to the resin. The person is wearing blue gloves and is careful not to spill any of the liquids. They are making sure that the resin is evenly distributed in the molds. The person is excited about the results and hopes that the dice will be successful.,Entertainment & Shows
7386453398792441131,"A young woman with long braided hair is sitting on a bed in a bedroom. She is wearing a white t-shirt with the words ""I FEEL GREAT"" printed on it. She is holding a makeup brush and a makeup palette. She is applying makeup to her face and talking to the camera. She is also holding a card that says ""Blamboni"" on it. She is showing the makeup palette to the camera and talking about it.",Beauty Care
7348462120817790240,The video shows a man shopping in a grocery store. He is looking at a shelf of snacks and picking up a box of Cathedral City cheese snacks. He then picks up a box of Dunkin' Donuts cereal and a box of Price Drop cereal. He continues to shop and picks up more boxes of Cathedral City cheese snacks. The video ends with him holding a box of Cathedral City cheese snacks in his hand.,Entertainment & Shows
7360235976494550304,"The video features a series of individuals attempting to jump over a wall in a trampoline park. The first person, wearing a white t-shirt and blue shorts, is seen jumping over the wall. The text ""あなたはないらっち"" (You are not a trampoline) appears on the screen, suggesting a humorous or ironic commentary on the person's attempt. The second person, dressed in black, attempts to jump over the wall but falls short. The third person, also in black, attempts to jump over the wall but falls short. The final person, wearing a white t-shirt and blue shorts, attempts to",プレイヤー
7347591598408043808,"The video showcases various scenes from Sterling, USA, including a map of the United States with ""Random City USA"" written on it, a building with the word ""Sterling"" painted on it, a statue of two people, a historic building, a scenic road, a park, a store, a street, a mountain range, a city street, a bell tower, and a lake at sunset.",Travel & Events
7310063052341185823,"The video is a compilation of various scenes and statements related to the development and potential use of an invisibility cloak by China. It starts with a person standing in front of a large, transparent sheet, with the text ""not"" appearing on the screen, indicating that the person is not visible. The scene then transitions to a news article about China developing an invisibility cloak, with the text ""China and the development of science of an invisibility cloak"" appearing on the screen. The article discusses the potential use of this technology in weapons and the concerns of experts about its potential misuse.

The video then shows a man in a suit sitting in front of a window, with the",Science & Technology
7380812058167708960,"The video is a humorous take on the debate over whether a player is English or German, focusing on Jamal Musiala, who was born in Germany but moved to Southampton at age seven. The video shows various scenes of Jamal playing for different teams, including Southampton, Bayern Munich, and Chelsea, with text overlays providing context and commentary. The video also includes a graphic comparing Jamal's performance stats with those of Jude Bellingham, who is English, and concludes with a discussion about the challenges of convincing Jamal to play in the attacking midfield role.",Sports
7377701670077205803,"The video shows a person with long hair, wearing a black top and a necklace, in a room with a lamp and some pictures on the wall. The person is talking about not wanting to dye their hair pink, but the parasites in them want them to. The person then changes their hair color to red, and the text ""AMBER"" appears on the screen.",1. News
7309888375023045931,"The video features a man wearing a blue jacket with a red and white logo on the front, standing in a workshop with various tools and equipment in the background. The man is speaking, and the text overlays on the screen provide commentary on the situation. The text mentions that the man is using taxpayer dollars to hire additional staff to blur the faces of participants in the January 6th insurrection, and that the Department of Justice already has the unedited videos. The man is also accused of being complicit in the January 6th insurrection. The video ends with the man continuing to speak, with the text overlay still visible.",Politics
7312875354220285215,"The video features a man in a dark suit and red tie standing in front of a cityscape backdrop. He is seen gesturing with his hands and speaking, with a live broadcast of a political event in the background. The event takes place in Coralville, Iowa, and involves a man in a suit and red tie speaking at a podium with an American flag in the background. The man at the podium is identified as President Biden, and the video includes text overlays that suggest a warning about the U.S. economy if President Biden is re-elected. The video also includes a graphic showing the Dow Jones Industrial Average at an all-time high, with the text ""DOW",Politics
7283816318883679531,"The video is a series of frames from a video titled ""Things you didn't know about teaching in 2023."" The video features a person with long blonde hair wearing a black shirt with the word ""WAVE"" on it. The person is seen speaking and gesturing with their hands. The background is white with a list of items written in black text. The list includes items such as ""Meetings announced day of,"" ""Students growing up around technology but they literally don't know how to google,"" ""Overstimulated classrooms and lab classrooms are the normal gone are the days where students just do work quietly that doesn't exist anymore,"" and ""Out of 25 students",Education
7317764806767922475,"The video shows a woman and a child in a snowy forest. The woman is wearing a leopard print top and the child is in a blue and white outfit. They are playing with a large metal barrel filled with water. The woman is trying to get the child to jump into the barrel, but the child is hesitant. The woman then uses a black object to stir the water, creating a slushy effect. The child eventually jumps into the barrel, and the woman laughs and claps. The video ends with the woman and child standing in the snow, with the barrel filled with water and ice floating on top.",Entertainment & Shows
7395290316569382174,"The video features a woman wearing a leopard print top and glasses, standing in front of a blurred background. She is speaking, and the text overlay on the screen reads, ""Я давально сделаем приз с лавальным сделаем приз тк калибровои в тк оставим в комментарии, кичайте разкишики и подписываемся на подписываемся на",1. News
7358143601869671685,"The video showcases a breathtaking sunset over the ocean, with the sun casting a warm glow on the water and the sky. The waves gently crash against the shore, creating a serene and peaceful atmosphere. The colors in the sky range from deep oranges and yellows to soft pinks and purples, creating a stunning visual effect. The video captures the beauty of nature and the tranquility of the moment, with no text or subtitles present.",Travel & Events
7366140924629470496,"The video features a woman in a white dress with gold accents walking down a red carpet at an event. The background shows other people and photographers. The woman is wearing a long, flowing dress with intricate designs and has long, wavy hair. The video also shows a close-up of the woman's dress, which has a long train and is made of a sheer fabric with gold accents. The video includes text overlays asking who the woman is and references to other celebrities and events. The video also includes a screenshot of a Twitter post asking who the woman is and a screenshot of a Vogue magazine cover featuring the woman in a similar dress.",Entertainment & Shows
7380810864477130016,"The video is a compilation of images from a concert, featuring a large, red, shiny object that appears to be a balloon or a balloon-like structure. The object is surrounded by a crowd of people, some of whom are wearing yellow raincoats. The background is a stage with red lighting and a large screen displaying a red and black image. The text ""Can't stop the power"" and ""*Stops the power*"" appears on the screen, suggesting that the object is a symbol of power or a focal point for the crowd. The video captures the excitement and energy of the concert, with the crowd's reactions to the object and the stage's lighting.",1. News
7346779567639498026,"A person with long, wavy hair is wearing a black top and has pink hair clips in their hair. They are holding a makeup brush and a lipstick. The person is applying makeup to their lips.",Beauty Care
7299554274827046187,"The video features a series of individuals discussing the history and identity of Palestine. The first person, wearing a white shirt and headphones, speaks about the history of Palestine, mentioning that it was not a nation before 1948. The second person, wearing a blue shirt, discusses the Palestinian identity and the struggle for independence. The third person, wearing a blue shirt and a beard, speaks about the Palestinian identity and the right to self-determination. The fourth person, wearing a blue shirt, discusses the history of Palestine and the right to self-determination. The fifth person, wearing a blue shirt, discusses the history of Palestine and the right to self-determination. The sixth person, wearing",1. News
7348934489122327841,"The video is a compilation of various scenes from a large public demonstration, likely a protest or rally, with a focus on political and social issues. The footage shows a diverse group of people, including individuals holding signs and banners, engaging in discussions and interactions. The text overlays provide commentary and context, suggesting that the event is related to political discussions and possibly opposition to certain policies or actions. The video includes a mix of serious and humorous elements, with some individuals appearing to be in a more serious or confrontational mood, while others seem to be in a more lighthearted or sarcastic tone. The overall atmosphere suggests a sense of urgency and concern about the issues being discussed.",Politics
7282317561864260897,"The video showcases a series of scenes featuring a steam locomotive, with the text ""Steampunk conversion"" appearing at the bottom of the frames. The locomotive is seen moving along a track, surrounded by lush greenery and a clear sky. The video also includes various scenes of people, including a person in a blue jacket and another in a black jacket, as well as a person with red hair, all dressed in steampunk attire. The video concludes with a view of the steam locomotive in motion, with the text ""Steampunk conversion"" still visible at the bottom of the frames.",1. News
7343605850105318658,"The video showcases a piano being played by a person whose hands are visible on the keys. The piano is illuminated by a blue light, creating a serene and focused atmosphere. The person's hands move gracefully across the keys, producing a harmonious melody. The video captures the intricate movements of the fingers as they press down on the keys, producing a range of sounds. The person's hands are seen moving in a coordinated manner, indicating a skilled and practiced pianist. The video does not contain any additional text or graphics, and the focus remains solely on the piano and the person's hands.","Music, Singing, & Dancing"
7349023065575083306,"The video shows a woman standing in a large auditorium, holding a microphone and speaking passionately. She is wearing a red shirt and has her hair in a ponytail. The text on the screen reads ""In Germany: Jewish Woman yelling out Palestinians,"" ""Mr. Scholz, you cannot talk about democracy, while your money and your weapons are killing Palestinians in Gaza,"" and ""The blood of Palestinians is on your hands!"" The woman is seen gesturing with her hands as she speaks, and the audience is visible in the background. The video also shows a man in a suit standing at a podium, with the text ""In Germany: Jewish Woman yelling out Palestinians"" and ""Don't follow",Politics
7223384947938053418,"The video shows a person wearing glasses and a dark blue shirt with green text. The person is standing in a kitchen with a tiled floor. In the background, there is a black trash can and a white cabinet. The video then transitions to a close-up of an armadillo on a tiled floor. The armadillo is rolling around and interacting with a small white kitten. The text on the screen reads, ""Armadillos have been given a reputation, specifically the nine banded armadillo that is from the American South. And the reason for this is because they are known for being able to carry leprosy. Leprosy is a very ancient disease that is actually in",Sports
7386641138611981601,"The video features a person wearing a brown jacket and a blue and white checkered shirt. The person is being painted with makeup by another individual, who is applying makeup to the person's face. The makeup application process is shown in detail, with the person's face being covered in makeup and the makeup artist carefully applying it. The video then transitions to a close-up of the person wearing a black military-style uniform, complete with a hat and gloves. The uniform is detailed with gold accents and a belt. The video concludes with a close-up of the person wearing the black military-style uniform, with the text ""sa kurosaki"" visible on the screen.",1. Entertainment & Shows
7314163714402340102,"The video begins with a close-up of a warp gate, which is a circular structure with a glowing blue light emanating from it. The gate is surrounded by a dark background with small white dots, representing stars. The gate is shown in different angles, with the light swirling and changing colors, creating a sense of motion and energy. The text overlay reads, ""This is How A Warp Gate slows down a ship dv two exit a hyper lane."" The video then transitions to a scene from a movie or TV show, where a spaceship is seen entering the warp gate. The spaceship is shown in a close-up, with the warp gate in the background. The spaceship is illuminated by the",This is how a warp gate slows a ship down
7385499788764040481,"The video shows a person holding a Kinder candy bar in their hand. The candy bar is white and red, and the person is holding it over a metal container. The person then places the candy bar into the container and stirs it with a spoon. The video shows the candy bar melting and dissolving in the container. The person then removes the candy bar from the container and breaks it into pieces. The video ends with the person holding the broken pieces of candy bar.",Entertainment & Shows
7276776260431367467,"The video shows a man in a suit and tie holding a microphone, speaking into it. The background is dimly lit, and the man appears to be in a formal setting, possibly a conference or meeting. The text on the screen changes as the man speaks, providing different statements about his actions and their consequences. The man's expressions and body language change as he speaks, indicating that he is conveying different emotions and attitudes. The video does not show any other people or objects, and the focus is solely on the man and his speech.",Film & Animation
7372265021042101550,"The video features a person with long hair, wearing a black shirt, in a room with a window and blinds. The person is seen making various hand gestures and movements, possibly reacting to something off-camera. The text overlay at the top of the video reads ""Reply to tynesy, ca's comment"" and ""Glasgow,"" indicating that the person is responding to a comment from someone named Tynesy from Glasgow. The video also includes a text overlay at the bottom that reads ""What did I think about Glasgow, Scotland? Well, let me tell you, Glasgow probably got the most tens out of any place I went in the UK in terms of food. Now, I",Entertainment & Shows
7373730224879521056,"The video features a tiger, depicted in a striking color scheme of orange, black, and white, with a blue object in its mouth. The tiger is positioned on a dark background, with a light-colored surface beneath it. The tiger's body is detailed with stripes and spots, and its eyes are a deep red, giving it a fierce appearance. The blue object in its mouth appears to be a sword or a similar weapon, adding to the dynamic nature of the scene. The tiger's stance suggests it is in motion, possibly attacking or defending itself. The video does not contain any additional text or subtitles.",1. Entertainment & Shows
7326266761773436166,"The video features a person wearing a black sweatshirt with white text on it, sitting in front of a wall adorned with various posters and a guitar. The individual appears to be speaking, as indicated by their mouth movements and hand gestures. The background includes a bed with a blue blanket and a window with blinds. The person's facial expressions and body language suggest they are engaged in a conversation or monologue. The video does not contain any discernible text or captions.",1. News
7371461402030034218,"The video shows a man in a suit and tie standing in an office, holding a card. He is speaking to the camera and the text on the screen reads, ""And if Jewish people are gonna vote for Joe Biden, they have to have their head examined."" The man then says, ""The last person I'm gonna take advice from as a Jewish person is a known anti-Semite who's had dinner with anti-Semites, who said there was good people on both sides after Charlottesville. He's the last person I'm gonna take advice from."" The man then says, ""I'm going to take advice from.""",Politics
7367380929913900320,"The video features a person wearing a black shirt and headphones, standing on a road with trees in the background. The person is wearing a necklace and has long hair. The video is captioned with text that reads, ""PSA I wore shorts on my walk and the only thing that cared was my mom. No one alerted the town elders at that size 12 queen wore shorts summer heat x. Literally wear your outfit."" The person appears to be talking about wearing shorts on a walk, and the caption suggests that the shorts were too small for the person's body type. The video does not provide any additional context or information about the person or the location.",1. News
7306264195475983622,"The video features a group of dancers performing on stage. The central figure is a woman with long, wavy hair, wearing a black top and a beige skirt with a chain belt. She is adorned with multiple gold necklaces and white gloves. The background is a vibrant, colorful display with various hues of red, green, and purple. The dancers move in sync, executing a choreographed routine that includes spins, arm gestures, and synchronized steps. The video captures the energy and coordination of the performance, with the central figure taking center stage.","3. Music, Singing, & D"
7360919706913525035,"The video is a series of frames showing a puzzle game with a timer counting down from 60 seconds. The game is set against a black background with a blue border. The puzzle pieces are arranged in a grid, and the player must swap them to form a specific pattern. The text overlay at the top of the screen reads ""USE THESE FILES even if it's your daftas save the effect and boost videos using them."" The player's progress is shown in the bottom right corner of the screen, with the number of moves remaining decreasing as the player makes progress. The video encourages viewers to donate and make a video about the player, who is Moe, to help",1. News
7380730540061691178,"The video begins with a black screen that transitions to a green and black logo with the text ""hulu"" and ""ORIGINAL"" in green. The logo is centered on the screen. The scene then shifts to a silhouette of a person standing in front of a bright light, possibly the sun, with the silhouette being the only visible part of the person. The background is dark, and the silhouette is illuminated by the light, creating a dramatic effect. The video then transitions to a close-up of a person's eye, with the eye being the only visible part of the person. The background is dark, and the eye is illuminated by a light source, creating a dramatic effect.",Entertainment & Shows
7355249683469454634,"The video features a person standing on a beach during sunset, with the ocean waves gently lapping at the shore. The individual is wearing a white hoodie and a baseball cap. The person is seen from the back, with their head slightly tilted to the side, and they are holding a phone in their right hand. The sky is a gradient of orange and pink hues, indicating either sunrise or sunset. The person appears to be speaking, as indicated by the text overlay on the screen. The text reads: ""the joy of the joy of jesus, the security of jesus, the peace of jesus, the love of jesus, the peace of jesus, the love of j","the joy of jesus, the security of j"
7387743887940390177,"The video features a person wearing a white sweater with a zipper, standing in a room with a door and a light fixture in the background. The person is holding their hair up with one hand and appears to be speaking. The text overlay on the video reads, ""Someone in their twenties says they aren't voting."" The person then gestures with their hand, possibly emphasizing a point or making a statement. The video ends with the text, ""You're not really into politics? Okay, fair enough. But what are you into? Transformers? Pokemon, you fucking child?""",1. News
7297354768928853294,The video is a series of text-based messages from a person discussing the challenges of keeping store stock in Texas and the benefits of buying the variety pack and POG. The person also mentions that they are planning to return to Texas and that they will be bringing new nectar flavors and other goodies. The video is set against a background of a wall with posters and a shelf with various items.,Entertainment & Shows
7374908166175280427,"The video shows a person preparing a meal. They start by cutting up vegetables on a cutting board, then mix them in a bowl with a spoon. Next, they cook shrimp in a pan with oil, adding spices and seasoning. Finally, they assemble the shrimp tacos with the cooked shrimp, vegetables, and sauce, and serve them on a plate. The person is seen holding a can of Oliphant Watermelon Lime soda in the background.",Food
7377866805823491371,"The video features a person with curly hair, wearing a dark blue shirt, standing in a room with a painting of a tree on the wall. The person is speaking, and the text overlay on the screen reads, ""You could kiss any woman in game of thrones who would it be?"" The person then points to themselves and says, ""Megan Fox."" The scene transitions to a close-up of the person, with the text overlay changing to, ""Daenerys."" The final frame shows a person sitting on a throne, with the text overlay reading, ""If you can kiss any woman in the world, feet, who would it be?"" The person on the throne is wearing a",8. Entertainment & Shows
7149700277782760746,"The video shows a person lying on a bed with a pink blanket. The person has long hair and is wearing a black shirt. The background is dark, and there is a cat on the bed. The person is holding a phone and appears to be recording themselves. The text on the screen says ""I like like like like like like like like like like like like like like like like like like like like like like like like like like like like like like like like like like like like like like like like like like like like like like like like like like like like like like like like like like like like like like like like like like like like like like like like like like like like like like like",Pets & Animals
7384004708165242144,"The video features a woman sitting in a chair in a room with gold wallpaper and a framed picture on the wall. She is wearing a light blue sweatshirt and has a phone in her hand. The video then transitions to a black and white photo of a dog in a field with red flowers. The woman continues to speak, providing information about the dog and its name. The video then transitions back to the woman in the chair, who continues to speak and provide more information about the dog. The video concludes with the woman still speaking, providing more information about the dog and its name.",Entertainment & Shows
7314367547862781226,"The video showcases a serene winter landscape, beginning with a view of a snow-covered field dotted with trees. The camera pans to reveal a winding path through the forest, where the snow-covered ground and trees create a picturesque scene. The video then focuses on a close-up of a pine tree, highlighting its snow-covered branches and the texture of the snow. The camera pans to reveal more of the forest, with the snow-covered ground and trees creating a tranquil atmosphere. The video concludes with a close-up of a rock covered in snow, emphasizing the untouched beauty of the winter landscape.",Science & Technology
7340337384652934446,"The video is a series of images showcasing various celebrities and their family members. The first image shows a woman in a black dress with a choker necklace, with the text ""I didn't know that some of these Nepo babies are hiding their famous last names to fly under the radar."" The second image shows a man in a tuxedo with the text ""Angelina Jolie's birth name is Angelina Jolie Voight."" The third image shows a man in a tuxedo with the text ""Angelina Jolie's birth name is Angelina Jolie Voight."" The fourth image shows a man in a tuxedo with the text ""Ang",Entertainment & Shows
7333801200875261185,"The video begins with a dark blue background featuring a world map with a digital texture. The text ""An Election Year Guaranteed To Divide Us"" is prominently displayed in white, capital letters. The scene transitions to a split-screen view with a man in a suit and tie on the left and a man in a suit and tie on the right. The man on the right is gesturing with his hands. The text ""A Second Term We Can All Agree On"" appears in white, capital letters. The video then shows a blue background with the text ""THE DAILY SHOW"" in white, capital letters, followed by ""MONDAYS WITH JON STEWART"" in white",8. Entertainment & Shows
7328517572679372078,"The video depicts a man sitting at a table in a car dealership, holding a piece of paper with handwritten text. The text on the paper includes a price of $19,000 and a trade-in value of $15,000, with a handwritten note stating ""Taxes & Fees."" The man appears to be explaining or negotiating the price of a car, as indicated by the text on the paper. The video shows the man writing on the paper, and at one point, he is seen signing the paper. The text on the screen throughout the video reads ""POV: The customer never stops negotiating,"" suggesting that the man is engaged in a negotiation",Comedy
7375847354341068065,"The video showcases a large crowd gathered at Hinds Hall in Garmin, with a stage set up in the center. The stage is illuminated with green and red lights, and a large screen displays various images and text. The crowd is engaged, with some individuals holding up their phones to capture the event. The atmosphere is lively, with the crowd's energy palpable. The text overlay throughout the video reads ""Hinds Hall in Garmin"" and ""The people they won't have"" and ""Say Free Palestine"" and ""The crowd:"" and ""The next but never ended to colonize the rise. The students in tents, posted on the lawn. Occupying the quad, really against","3. Music, Singing, & D"
7392127900079721761,"The video showcases a woman's tour of her home, specifically her room at Estelle Manor. The room is described as dog-friendly, with a large stable room and a smaller one. The woman highlights the amenities in the room, including a mini bar area with snacks and treats, a wine fridge, and a sewing kit. She also mentions the presence of a shower, a shower kit, and a dental kit. The room is equipped with a TV and wardrobe space, and the woman notes that the room is quite expensive, with a regular stable room costing £650 a night and a large stable room costing £750 a night. The video also includes a selfie of",Entertainment & Shows
7368121296154086688,"The video shows a table filled with various dishes, including salads, meats, and side dishes. There are also glasses of water and wine on the table. A person is standing in front of the table, talking to the camera. The person is wearing a dark sweater and glasses. The background shows a room with a window and some furniture.",1. Entertainment & Shows
7378190751211064607,"The video showcases a man demonstrating the features of an expandable camper. The camper is equipped with a seven-way wiring harness, electric brakes, and a two-inch ball. It has a trailer light and blinkers, and the body is made of lightweight aluminum. The camper also has compartments with stainless steel hinges and lockable doors. It comes with a GoSun power center, a portable solar table, and a GoSun cooker. The man explains the features of the camper, including its ground clearance, compartments, and electrical system. He also highlights the importance of keeping the camper closed in the sun to prevent overheating. The video concludes with a close-up of the",Science & Technology
7325985650140974382,"The video is a series of experiments conducted by Jamie and Adam to test the hypothesis that running in the rain is better than running on rainy days. The experiments involve using artificial rainfall methods, adding dyes to the water, and using tight-fitting clothes to prevent sweat from mixing with rainwater. The results show that running in the rain does get wetter than walking, and the amount of water absorbed by work clothes is not much different. The experiments are conducted in both windy and windless conditions, and the results are compared to others. The video concludes with a discussion about the rigor of the experiments and any potential improvements.",1. News
7406690692765977887,"The video is a series of clips showing a person sitting in a train or bus, with a stranger sitting in the seat next to them. The stranger is wearing a white shirt and a face mask, and they are holding a ticket. The person in the seat is wearing a black shirt and a bandana, and they are talking to the stranger. The background shows the interior of the train or bus, with seats and windows visible. The text on the screen reads ""THIS STRANGER SULUMMY MY SEAT AND DISRESPECT ME. WATCH HOW THIS BDS. R IS BY THE WINDOW. I THINK I'M SITTING ON THE W",Travel & Events
7309290162540858667,"The video is a news report about a massive home explosion in Arlington, Virginia, outside the Capitol. Police were called to the scene, and they were there for hours trying to execute a search warrant. The explosion caused the house to turn to splinters, and human remains were found inside, believed to be the suspect. The suspect, 56-year-old James Yu, refused to surrender and discharged several rounds from a firearm as officers closed in. The FBI and ATF were on the scene, and authorities said human remains were found at the site. The suspect was inside the residence at the time of the explosion and is presumed to be deceased. The report also mentions a deleted LinkedIn page",1. News
7365274404420406571,"The video shows a man and his dog on a sailboat in New England. The man is shirtless and wearing gray shorts, and the dog is wearing a collar. The man is washing dishes in the kitchen, and later he is cooking food in the galley. The man and his dog are then seen sitting in the cockpit of the sailboat, enjoying the view. The video also shows the man and his dog walking on the dock at night, and the man is seen taking the dog out for a walk. The video ends with the man and his dog sitting on the deck of the sailboat, enjoying the view.",Entertainment & Shows
7392992201837464850,"The video begins with a woman standing in front of a glass window, talking about her daughter's first haircut. She then cuts her daughter's hair in a salon, followed by washing her daughter's hair. The video then shows the woman and her daughter in a store, and the daughter is seen holding a cup of hot chocolate. The video then shows the woman and her daughter playing with toys in a living room, and the daughter is seen eating ice cream. The video ends with the woman and her daughter sitting at a table, eating food.",Entertainment & Shows
7395692426888891679,"The video is a series of images and scenes showing different people and events, with text overlays that provide context and commentary. The first image shows a person with a rainbow flag in the background, with the text ""Gay News"" and ""In this election, we each face a question. What kind of country do we want to live in?"" The next image shows a person with an American flag in the background, with the text ""In this election, we each face a question. What kind of country do we want to live in?"" The third image shows a person with a cityscape in the background, with the text ""What kind of country do we want to live in?"" The fourth",Politics
7335178711819373867,"The video begins with a tweet from the ICCJJ, announcing that the South African government has filed an emergency request with the International Court of Justice for additional provisional measures specific to the imminent invasion of Rafah. The tweet includes a screenshot of a document from the International Court of Justice, which outlines the legal basis for the request. The video then transitions to a close-up of the document, which is printed on paper and has a red border around the text. The document is titled ""APPLICATION OF THE CONVENTION ON THE PREVENTION AND FUNCTIONING OF THE INTERNATIONAL CRIME OF GENOCIDE IN THE STRAIT (SOUTH AFRICA",News
7353793317437590827,The video shows a man and a woman standing in a room. The man is wearing a black shirt and the woman is wearing a black shirt and shorts. They are holding a coffee cup and a phone. The man is talking to the woman. The woman is holding a phone and talking to the man. The man is talking to the woman. The woman is talking to the man. The man is talking to the woman. The woman is talking to the man. The man is talking to the woman. The woman is talking to the man. The man is talking to the woman. The woman is talking to the man. The man is talking to the woman. The woman is talking to the man,1. News
7377799778299579690,"The video features a woman standing outdoors, with an American flag in the background. She is wearing a black top and has tattoos on her arms. The text overlay on the video reads, ""Isn't it weird you're a fan of an American flag, but you know who you're voting for?"" The woman appears to be speaking directly to the camera, and the video seems to be a commentary on the American flag and the voting process.",1. News
7346724921361435937,Two girls are walking down a sidewalk in front of a building. They are both wearing black jackets and carrying backpacks. The video is in Russian.,Travel & Events
7384186520351083781,"The video begins with a person in a light-colored robe sitting in a room, speaking to the camera. The person is wearing a necklace and has blonde hair. The background features a beige wall and a window with dark curtains. The person is holding a phone and appears to be explaining something.

The video then transitions to a series of text messages on a phone screen, showing a conversation between the person and another individual. The messages are in Russian and discuss the person's frustration with the other individual's actions. The person is expressing their anger and disappointment with the other individual's behavior.

The video continues with the person in the light-colored robe, still in the same",Entertainment & Shows
7396382918039457041,"A man and a woman are sitting on a bed in a modern room. The man is wearing a white shirt and black shorts, while the woman is wearing a white shirt with the word ""GIRL BOSS"" in red letters and blue jeans. The man is holding the woman's leg and they are talking to each other. The woman is gesturing with her hands while talking. The man is listening attentively. The woman then says, ""БОЛОСА"" (BOLOSA), which means ""good"" in Russian. The man responds, ""БЫСТАЯ"" (BISTA),",Entertainment & Shows
7273841367351069998,"The video shows a person wearing gloves and cutting a block of bright yellow soap into smaller pieces. The soap is placed on a marble countertop. The person then holds up a piece of the soap, showing it to the camera. The soap is labeled ""Ammonia Naturals Turmeric & Kaolin Brightening Soap.""",Beauty Care
7277167570946379014,"The video captures a vibrant and energetic atmosphere at a football stadium. The crowd, predominantly dressed in yellow and blue, is seen raising their hands in the air, creating a sea of waving flags and banners. The stadium is filled to capacity, with the crowd's enthusiasm palpable. The video then transitions to a wide shot of the football pitch, where players are seen in action, adding to the dynamic scene. The video concludes with a close-up of a banner that reads ""Ucrânica! Ucrânica! Ucrânica!"" in Romanian, which translates to ""Ukraine! Ukraine! Ukraine!"" in English, further emphasizing the national pride and excitement of the",Sports
7365322515998068011,"The video begins with a group of people standing in front of a podium, with a backdrop featuring the American flag and a building with a dome. The text on the screen reads ""STITCH INCOMING WOKE ENCAMPENTS EXPOSED!!!!"" and ""we're here to discuss the little Gazas that have risen up on campuses across America. So I'm at one of these little Gazas right now and I'm here to expose it for what it really is."" The scene then transitions to a person standing in front of a tent, with the text ""I'm literally in so much danger here. I'm literally in so much danger here."" The video then shows",1. News
7362319887361903905,"The video begins with a person wearing sunglasses and a gray shirt, standing in front of a black background. The text overlay reads, ""Seeing Rufuski during Uni ski trip trying to see Uni ski trip trying to see Uni ski trip trying to see Uni ski trip trying to see Uni ski trip trying to see Uni ski trip trying to see Uni ski trip trying to see Uni ski trip trying to see Uni ski trip trying to see Uni ski trip trying to see Uni ski trip trying to see Uni ski trip trying to see Uni ski trip trying to see Uni ski trip trying to see Uni ski trip trying to see Uni",1. Entertainment & Shows
7311332422077975840,"The video shows a series of interactions between a woman and a man, with the woman being the main focus. The woman is wearing a leopard print coat and is seen in various settings, including outdoors and indoors. The man is wearing a purple jacket and a pink tie, and is also seen in different settings. The video includes a small inset image of a man in a white shirt and glasses, who appears to be the focus of the video. The video also includes a police officer, who is seen in a purple jacket and a badge. The video ends with the woman and the man standing together, with the woman looking at the man and the man looking at the woman.",Entertainment & Shows
7354415572626509099,"The video begins with a person wearing a maroon beanie and a white shirt, sitting in a room with a white wall and a green shelf in the background. The person is speaking, and the text on the screen reads, ""Eastern United States. Ground shaking larger in the east because of the older, more fractured rocks. In the western United States, the rocks are much younger and less fractured, so the energy of the earthquake is absorbed by the faults and the rocks are less likely to break."" The person continues to speak, and the text changes to, ""If we look at the earthquake that happened today, it was a magnitude of 4.8 and its epicenter was located around",Science & Technology
7378608951975349536,"The video captures a moment of triumph and celebration in a soccer match. The players, dressed in white jerseys, are seen running across the field, their faces filled with joy and relief. The crowd, a sea of spectators, is seen cheering and waving flags, their excitement palpable. The text overlay ""ENGLAND WIN SOCCERAID"" adds a layer of significance to the moment, suggesting that the victory was not only a personal triumph but also a collective one, as the team had raised funds for charity. The video is a snapshot of a moment of triumph, capturing the emotions and excitement of the players and the crowd alike.",Sports
7293239332167617834,"The video features a person wearing a sleeveless, light-colored top with a pattern, standing in a room with a colorful curtain and a painting of a deer on the wall. The person is seen gesturing with their hands and making various facial expressions, including smiling and looking at the camera. The text overlay on the video reads ""some of y'all m"" with a laughing emoji, suggesting a humorous or light-hearted context. The person appears to be interacting with the camera, possibly in a personal or social media setting, and is seen making a peace sign with their fingers. The video does not provide additional context or information about the person or the setting.",1. News
7372186670273137952,"The video showcases a series of food and drink experiences in various settings. It begins with a close-up of a vegan dish, followed by a menu listing vegan options. A person enjoys a burger, and a close-up of a dessert with strawberries and chocolate is shown. A person eats a salad, and a person enjoys a drink with a straw. A person eats a sandwich, and a person enjoys a drink with a straw. A person eats a salad with a spoon, and a person enjoys a drink with a straw. A person eats a sandwich, and a person enjoys a drink with a straw. A person eats a salad with a spoon, and a person enjoys a drink with a",1. Food
7379475961139547398,"The video features a woman in a black dress with ruffles, standing in a modern kitchen with white chairs and a dining table. She is wearing black high heels and has long blonde hair. The text on the screen reads ""Мени 60 роки"" (My 60 years) and ""Ну, чуждый 60 год"" (Well, 60 years old). The woman then demonstrates how to wear the dress, showing different poses and movements. The video ends with the woman standing confidently in the kitchen, with the text ""Активирую л",3. Entertainment & Shows
7364542326959574314,"The video shows a person lying on a bed, holding their hands together and looking at the camera. The person is wearing a black shirt and has long hair. The background includes a bed with pillows and a blanket, as well as a wall with a picture on it. The person appears to be in a relaxed state, possibly after finishing something or feeling content.",1. News
7309293532467039531,"The video is a compilation of various scenes from a television show, with a recurring theme of a woman named Barbie MagA-A-Nny. The scenes show her sitting on a couch with a group of people, and she is often seen reacting to something off-screen. The video also includes a news broadcast with a woman in a purple dress and a man in a suit, discussing a political issue. The text overlay on the video reads ""Barbie MAGA-A-Nny thought she had a 'gotcha' moment,"" suggesting that the woman in the video is reacting to a situation that she perceives as a ""gotcha"" moment. The video also includes a news tick",Politics
7376360928851299590,"The video features a series of individuals discussing various topics, including skincare, hair care, and the use of retinoids. The first person, with long brown hair, is seen wearing a white shirt and a microphone, gesturing with their hands while speaking. The text overlay provides context for the discussion, such as the use of retinoids and the benefits of using a specific product.

The second person, with curly hair, is also wearing a white shirt and a microphone, and is seen gesturing with their hands while speaking. The text overlay continues to provide context for the discussion.

The third person, with long brown hair, is seen wearing a white shirt and a microphone, and",Lifestyle
7347847920151956779,"The video shows a person standing in a doorway, wearing a hat and holding a leash. They are surrounded by a small dog and a cat. The person is then seen sitting on the floor, holding the leash and looking at the dog. The dog is standing on its hind legs, and the cat is sitting nearby. The person is wearing a hat and a jacket. The dog is brown and white, and the cat is black and white. The person is sitting on the floor, and the dog is standing on its hind legs. The cat is sitting nearby. The person is wearing a hat and a jacket. The dog is brown and white, and the cat is black and white.",7. Pets & Animals
7291696863449763078,"The video features a person wearing a beige shirt and a black headband, speaking directly to the camera. The person is seen gesturing with their hands and making various facial expressions, indicating they are engaged in a conversation or monologue. The background is a room with a window and some furniture, suggesting an indoor setting. The person's attire and the setting imply a casual, possibly personal or intimate context. The video includes text overlays with various messages, some of which are humorous or critical, such as ""I'm actually kind of offended of how stupid the Israelis think we are"" and ""Allah is aware of everything that's going on."" The person's body language and facial expressions change",1. News
7375186781999762721,"A woman in a blue floral dress is standing in front of a table with wine glasses, a bowl of cheese, and a plate of food. She is holding a piece of paper and talking to the camera.",1. News
7309512164870491435,"The video is a compilation of different segments, each featuring a different person speaking about Donald Trump's plans and actions. The first segment shows a man in a suit and red tie speaking, with the text ""HANNITY ASKS TRUMP IF HE POWER WOULD ABUSE POWER"" displayed at the top. The second segment shows a man in a suit and red tie speaking, with the text ""TOWN HALWITH BREAKING NEWS"" displayed at the top. The third segment shows a man in a suit and red tie speaking, with the text ""TOWN HALWITH HANNITY"" displayed at the top. The fourth segment shows a",Politics
7325003811632745761,"The video features a person wearing a green shirt, standing against a plain background. The person is making various hand gestures, including pointing, touching their chest, and holding their hands up. The text overlay in German reads ""DEUTSCHE THERAPEUTEN HATTE RECHT"" (German therapists had the right). The person appears to be speaking or expressing something, possibly about the rights of German therapists. The video does not show any other objects or people, and the focus remains on the person and their gestures.",Entertainment & Shows
7355061931993992480,"The video features a person wearing a blue shirt standing in front of a calendar that reads ""MONDAY"". The person is gesturing with their hands, possibly explaining or emphasizing a point. The background is black, and there is a red dot at the top of the calendar. The text on the calendar reads ""Me mentally preparing myself for work tomorrow"". The person appears to be speaking or explaining something, as indicated by the hand gestures.",1. News
7330624658686954795,"The video is a compilation of clips showing a person wearing a bright pink shirt, with the text overlaying the video reading ""That's his supporters Booing m & I ❤️ that 4 min."" The person is seen making various hand gestures and movements, including pointing and holding their hands up. The background is a room with shelves containing various items, including vases and other decorative objects. The video also includes images of a man in a suit and tie, with the text overlaying the images reading ""Trump booed loring about the Arrahan hostage."" The person in the video is seen reacting to these images, with their mouth open and hands raised in a gesture",Politics
7397794935199567135,"The video shows a woman tied to a tree in the jungle, with a man standing nearby. The woman is covered in mud and appears to be in distress. The video then shows the woman being taken to a hospital, where she is treated for her injuries. The video also shows a close-up of the woman's hand writing a letter, which reveals that she was chained to a tree for 40 days and was rescued by a local shepherd. The video also shows a close-up of the woman's hand writing a letter, which reveals that she was chained to a tree for 40 days and was rescued by a local shepherd. The video also shows a close-up",1. News
7397967668248120622,"The video shows a person with long hair wearing a black shirt and green earrings, standing in a room with a pink blanket and a sign that reads ""I'm a girl, I'm a girl, I'm a girl, I'm a girl, I'm a girl, I'm a girl, I'm a girl, I'm a girl, I'm a girl, I'm a girl, I'm a girl, I'm a girl, I'm a girl, I'm a girl, I'm a girl, I'm a girl, I'm a girl, I'm a girl, I'm a girl, I'm a girl, I'm a girl, I'm a",Beauty Care
7311858161504423214,"The video showcases a collection of BMX bikes, each with unique features and designs. The first bike, a 1987 GT Performer, is highlighted with its pink handlebars and white frame. The second bike, a 1987 GT Performer, is shown with its blue handlebars and white frame. The third bike, a 1987 GT Performer, is featured with its pink handlebars and white frame. The fourth bike, a 1987 GT Performer, is showcased with its blue handlebars and white frame. The fifth bike, a 1987 GT Performer, is presented with its pink handlebars and white",1. News
7299582823940312350,"The video begins with a man sitting on a green leather couch in a dimly lit room, wearing a gray shirt and dark pants. He is holding a black object, possibly a phone, and appears to be in a contemplative or pensive state. The room has a wooden wall and a bookshelf in the background. The scene then transitions to a close-up of a person wearing a hooded jacket, with the hood pulled up over their head, creating a sense of mystery or secrecy. The lighting is dim, and the person's face is not visible. The next scene shows a man in a white shirt, standing in a room with a blue-lit background, possibly indicating a change in",1. News
7331551109649059115,"The video features a black cat playing a violin. The cat is positioned in a dark setting, with its body illuminated by the light of the violin. The cat's fur is shiny and appears to be wet, possibly due to the moisture from the instrument. The cat's eyes are closed, suggesting it is focused on the music. The video captures the cat's movements as it plays the violin, with the strings and bow visible in the frame. The cat's head is tilted slightly to the side, and its mouth is open, indicating it is singing or speaking. The video does not contain any additional text or subtitles.",Pets & Animals
7293441357169937666,"The video features a series of animated scenes with a character in a school uniform and a blonde ponytail. The character is seen in various poses and settings, including in front of a car, on a car, and in a parking lot. The background of the scenes is a mix of urban and natural settings, with buildings, trees, and a cloudy sky. The character's actions are exaggerated and playful, with the character appearing to be in a state of excitement or surprise. The video also includes text overlays that read ""Retro Haowo"" and ""Watch my knife and let me go back,"" which may be related to the character's actions or the theme of the video.",1. News
7397793782122564896,"The video shows a person lying in bed, wearing a white top and a gold necklace. The person is making various hand gestures, including touching their face and holding their hand up to their face. The person is also seen wearing earrings and a bracelet. The background is a bed with a white and gray patterned blanket. The person appears to be talking or expressing something, possibly about their appearance or a story. The video is a series of close-up shots, focusing on the person's upper body and face.",Entertainment & Shows
7359943972216638736,"The video shows a group of people protesting in a city street. They are holding signs and banners, and some of them are wearing orange vests. There are police officers present, and they are trying to keep the peace. The protesters are marching down the street, and they are carrying flags and banners. The video also shows a large crowd of people gathered in front of a building, and they are holding signs and banners. The protesters are chanting slogans, and they are trying to make their voices heard. The video also shows a group of people standing in front of a building, and they are holding signs and banners. The protesters are chanting slogans, and they are trying to make their voices heard.",Politics
7344108969151008001,"The video shows a group of people at a wedding reception. There are tables set up with food and drinks, and people are sitting and standing around. A woman in a red dress is sitting at a table with a man in a black suit. They are holding glasses of champagne and smiling at the camera. The woman is holding a piece of paper with the words ""Damian really likes cookies I guess"" written on it. The man is wearing a black suit and a white shirt. The woman is wearing a red dress and has long hair. The man is wearing a black suit and a white shirt. The woman is holding a piece of paper with the words ""Damian really likes cookies I",Entertainment & Shows
7226368631268019482,"The video features a person with long blonde hair, wearing a black leather jacket, standing in a room with a pink towel hanging on the wall. The person is holding a phone, and the text ""Songs for your Insta Story Crush Edition"" is displayed at the top of the screen. The person then takes a selfie, and the text ""EVERY TIME WE TALK, IT'S JUST HURTS SO BAD"" appears. The person continues to take selfies, and the text changes to ""CAUSE I DON'T EVEN KNOW WHAT WE ARE"" and ""I DON'T EVEN KNOW WHERE TO START."" The person continues","3. Music, Singing, & D"
7369594137928109345,"The video shows a shelf in a grocery store with various food items, including a box of Mr. Brain's pork faggots. The box is prominently displayed and features an image of the product on the front. The price tag on the shelf indicates that the pork faggots are priced at 1.60. The video also includes a humorous comment from the person recording the video, questioning the price of the pork faggots and expressing surprise at the cost.",7. Food
7330275353325227297,"The video features a person with extensive tattoos and scars, who is seen in various settings, including a hospital, a restaurant, and a bar. The person is wearing different outfits and accessories, such as a tank top, a black shirt, and a blue and red striped shirt. The text overlays the video, providing information about the person's condition and the process of their transformation. The person is also seen performing physical activities, such as jumping rope and exercising on a treadmill. The video concludes with the person sitting at a table in a restaurant, eating food.",Sports
7327164126822763808,"The video showcases a series of military parades from different countries, featuring women in uniform marching in formation. The countries represented include China, Russia, Vietnam, South Korea, and North Korea. Each country's flag is displayed at the bottom of the screen, and the text ""women military parades"" appears at the top of the screen. The video captures the precision and discipline of the women in uniform as they march in unison, with the camera capturing the entire formation from different angles. The video also includes a person in a military uniform standing in the background, possibly a commander or instructor. The video concludes with the text ""I'm only making shit my life, I think it's too much""",Sports
7371855904813157664,"The video features two individuals standing side by side in a room, with a white wall and a bed in the background. The person on the left is wearing a white shirt and denim shorts, while the person on the right is wearing a white shirt and black pants. The video is titled ""pre summer s"" and includes a list of statistics for each person, such as ""Jula"" with a score of 2696, ""Amelie"" with a score of 2699, and ""Statue"" with a score of 2698. The video also includes emojis and a flower-shaped decoration on the wall.",Entertainment & Shows
7354696392129924385,"The video showcases a series of close-up shots of a red sports car at a car show. The car is detailed with a carbon fiber body and black wheels. The video begins with a close-up of the car's side, highlighting its sleek design and the reflection of the showroom lights on its glossy surface. The car is then shown from the rear, revealing its black spoiler and the ""TORQUE CROSSFLOW"" badge on the trunk. The video continues with a focus on the car's front, showcasing its sharp lines and the ""Porsche"" logo. The final shot captures the car from a side angle, with the crowd of onlookers in the",1. News
7293639077671210286,"The video shows a person feeding fish from a white bucket filled with fish food. The person is standing on a wooden dock by a body of water, and the fish are swimming around the bucket. The person is holding the bucket with both hands and pouring the fish food into the water. The fish are swimming around the bucket and then start to swim away from the bucket. The person then walks away from the bucket and continues to feed the fish. The video ends with the person standing on the dock, watching the fish swim around.",1. Pets & Animals
7357227155979275526,"A group of people are standing on a cobblestone street at dusk. One person is holding a microphone and interviewing the group. The group consists of a man in a beige jacket, a woman in a white top and blue jeans, a young boy in a blue outfit, and a young girl in a blue outfit. The man in the beige jacket is holding a microphone and interviewing the group. The group consists of a man in a beige jacket, a woman in a white top and blue jeans, a young boy in a blue outfit, and a young girl in a blue outfit. The man in the beige jacket is holding a microphone and interviewing the group. The group consists of",Entertainment & Shows
7394532218032491808,"The video features a woman in a pink dress and a man in a black shirt standing on a sidewalk. The woman is holding a pink purse and appears to be talking to the man. The man is wearing a black shirt and has a black belt around his waist. The background shows a street with parked cars and a fence. The sky is cloudy, and the sun is setting. The woman is wearing a necklace and has blonde hair. The man is wearing a black shirt and has a black belt around his waist. The woman is holding a pink purse. The man is standing on the sidewalk. The woman is talking to the man. The man is standing on the sidewalk. The woman is talking",1. Entertainment & Shows
7354508802932133166,"The video features a series of individuals engaged in various activities, with text overlays providing commentary on their actions. The first individual is seen in a room with a ceiling fan, with the text ""Booktok"" and ""Stitch Inning"" appearing on the screen. The second individual is sitting in a car, with the text ""WHINING ON THE INTERNET"" and ""I'm not sure what his age has to do with anything, especially since if this was a 30-year-old man, you'd probably still disagree with him."" The third individual is seen in a library, with the text ""Over 80% of the people who purchase romance novels are women",Politics
7344855206242389280,"The video features a woman in a black blazer and white shirt, seated in a room with a wooden background. She is speaking, and the text overlay at the top of the screen reads ""Alice Weidel reagierte auf AFD-chatterläufe."" The woman appears to be engaged in a conversation, as indicated by her hand gestures and facial expressions. The video is a compilation of several frames, showing the woman in different poses and expressions, suggesting a continuous conversation or interview. The text overlay remains consistent throughout the video, providing context to the woman's statements.",Politics
7377794153071037739,"The video is a series of clips from the TV show ""The Office,"" featuring a character named Jim who is trying to demonstrate his telekinetic powers. The video starts with Jim in a tuxedo, reading from a piece of paper, and ends with him in a suit and bow tie, standing in front of a coat rack. The text in the video suggests that Jim is trying to prove his abilities, and the office workers are reacting to his attempts. The video also includes a woman in a pink shirt and a man in a white shirt, both of whom are reacting to Jim's actions.",4. Comedy
7349706117166959879,"The video features a person standing in a natural setting, surrounded by trees and greenery. The person is wearing a light-colored shirt and is speaking to the camera. The text overlays on the video include phrases such as ""What's up everyone?"", ""I am officially going into the jungle."", ""I don't know how to feel."", ""I'm excited."", ""I'm nervous."", ""You know, I'm normally a very organized and a planner and a control freak and I don't get to control anything here."", ""So I'm along for the ride and, you know, I hope they go easy on me."", and ""See you in the jungle."" The person appears to be",1. News
7308194891656400170,"The video shows a group of people in a stadium, with a large crowd of fans wearing red and white. The fans are cheering and waving their arms in the air, indicating excitement and support for a team or event. The text ""FUMBLE."" appears at the top of the screen, suggesting that the video is related to a sports event or game. The fans are also holding up signs and cheering, which adds to the atmosphere of excitement and support.",Sports
7375105398946139398,"The video shows a woman in a light blue robe standing in a living room, talking to the camera. She is holding a phone and appears to be in a heated discussion with someone off-camera. The room is decorated with a large flat screen TV, a coffee table, and a rug. The woman is seen opening a door, walking outside, and then returning to the house. She is also seen sitting on a chair, holding a phone, and talking to the camera. The video ends with the woman standing in front of a door, talking to the camera.",Entertainment & Shows
7387067236218916129,A woman is in a store and she is looking at a display of cakes. She is trying to decide which one to buy. She then goes to a car and eats a cupcake. She is very happy with the cupcake.,Entertainment & Shows
7323395108378840351,"The video shows a person dancing in a hallway. The person is wearing a gray sweatshirt and jeans. The hallway has a tiled floor and a Christmas tree decorated with red ornaments on the right side. The person dances energetically, moving their arms and legs in various directions.",Humor
7378610696390528289,"The video is a series of frames showing a man in a white lab coat speaking into a microphone, with various images and text overlays providing context and information. The man appears to be giving a speech or presentation, with different images and text appearing above and below him. The text includes phrases such as ""Dissolution of the National Assembly,"" ""Voici tout ce que vous avez fait,"" ""du Rassemblement national,"" ""il a annoncé la dissolution de l'Assemblée Nationale,"" ""en vertu de l'article 12 de la Constitution,"" ""en vertu de la norme suprême en France,"" """,Politics
7292568999932529963,"The video shows a series of images of two women walking together in different settings. The first woman is wearing a black crop top and black shorts, holding a green water bottle and a small toy. The second woman is wearing a black sports bra and black leggings, holding a white water bottle. They are walking on a sidewalk, in a park, and on a dirt path. The video also shows them in different outfits, including one where they are wearing black leggings and black tops, and another where they are wearing black leggings and a black sports bra. The video ends with a red button that says ""FOLLOW"" and a white button that says ""SUBSC",Fitness & Health
7360445995945037088,"The video shows a group of wild boars walking on a paved road at night. The boars are seen eating from a pile of food on the ground. A person is seen feeding the boars, and the boars are seen eating the food. The video also shows a person kneeling on the ground, feeding the boars. The boars are seen eating the food, and the person is seen holding a bottle of food. The video ends with the boars continuing to eat the food.",Sports
7356329953622822187,"The video features a person wearing a colorful cap and a gray shirt with a logo on it. The person is seen in front of a computer screen displaying a stock chart for Trump Media & Technology Group Corp. The stock price is shown to have fallen again today, with a value of 34.21 USD. The person is seen gesturing with their hands while talking about the stock's value and the stock market's sentiment towards Donald Trump's presidency. The video also includes text overlays that provide additional commentary on the stock's performance and the stock market's reaction to Donald Trump's presidency.",Politics
7376774039899082027,"The video shows a group of elderly people in wheelchairs in a museum. They are dressed in formal clothing and are seated in a circle. The video then shows a close-up of one of the elderly people, who is wearing a suit and a hat. The video also shows a group of people sitting in chairs in a room with a red wall.",Science & Technology
7394396617882799366,"The video features a person with curly red hair, wearing a dark top, holding a large, colorful drink in their hand. The drink is decorated with various colors and patterns, including pink, white, and blue. The person appears to be in a dimly lit room, with a dark background. The text overlay at the top of the video reads ""POV: Your cousin gives you something to do drink,"" suggesting that the person is reacting to a situation where someone has given them a drink. The video does not provide any additional context or information about the situation or the person's reaction.",1. News
7382929842615979296,"A woman is sitting in a room and talking to the camera. She is wearing a white shirt and has her hand resting on her chin. She is looking at the camera and talking about how she is feeling. She says that she has been feeling really tired and has been working on the laptop for the last few hours. She says that she has been looking at family, hotels, and malls on the internet, but she can't find anything that she likes. She says that she has been feeling really frustrated and that she doesn't know what to do. She says that she has been looking at hotels and malls, but she can't find anything that she likes. She says that she has been feeling",Entertainment & Shows
7283171808595971370,"The video features a woman with long black hair, wearing a gray tank top, standing in a room with a plant in the background. She is holding a phone and appears to be speaking, as indicated by her hand gestures. The text overlay on the video reads, ""NO BECAUSE I'M REAL AORES WHEN THE DUCK DUCK DUCK AROUND THE STANDING GUY AT THE TEAMKAMADO FOR THE FIRST TIME. THEY MAD FAWTFIRS. I'M FAWTFIRS."" The woman's facial expressions and hand movements suggest she is reacting to something humorous or surprising.",1. News
7299771215755906312,Two women are dancing in a gym. They are wearing black jackets and pants. They are dancing in a room with wooden floors and a gray wall.,Dance
7397523950391086369,"The video begins with a black screen, where a green apple with a crown and a blueberry with a crown appear. The blueberry is wearing a red heart-shaped earring, and the apple is wearing a silver tiara. The blueberry moves closer to the apple, and the apple appears to be smiling. The scene then transitions to a black screen with colorful confetti falling from the top. The confetti includes various colors such as pink, yellow, green, and blue. The confetti continues to fall, and the apple and blueberry appear to be floating in the air. The confetti continues to fall, and the apple and blueberry appear to be floating in the air.",Film & Animation
7410518813021637930,"The video shows a man in a suit and tie sitting in a room with a woman in the background. The man is speaking, and the text overlay on the screen reads, ""Do you think Americans seriously think that this is an important question?"" The woman in the background is wearing a white blazer and appears to be listening to the man. The setting appears to be a formal or professional environment, possibly a meeting or press conference. The video does not provide any additional context or information about the man's identity or the woman's role.",Politics
