video_id,summary,category
7349900395843472672,"A man in a suit and tie is standing in front of a crowd, holding a microphone. He is talking to another man who is also holding a microphone. The man in the suit is wearing a blue cap with a Russian flag on it. The man in the suit is talking about the situation in Ukraine and how Russia is not involved in the conflict. He is also talking about his own military service in the 90s.",Politics
7326597898358066465,"The video is a humorous comparison between a person's reaction to their cat's behavior and the reaction of a smartphone. The video is divided into two parts, each showing a different reaction.

In the first part, the person is shown in a room with a cat sitting on a bed. The person is holding a smartphone and looking at it with a surprised expression. The text on the screen reads ""Pov: Les appels avec mon chachet qui n'a jamais fait de cela"" (Pov: The calls with my cat who has never done this). The person's reaction is shown in a split-screen format, with the left side showing the",7. Pets & Animals
7302484543691328810,"The video is a series of black screens with white text. The text reads ""EMERGENCY RELIEF DISTRICT OCTOBER 1TH, 2023 STOP THE KILLING STOP HATE. TIME TO DONATE."" The text is repeated multiple times throughout the video. The video does not contain any other visual elements or audio.",1. News
7339991555408694561,"The video shows a person standing in a store, holding a brown hoodie with the word ""BALEA"" on it. The person is surrounded by shelves filled with various beauty and skincare products. The video then focuses on a shelf displaying different types of Balea products, including a pink box of Vital Augencreme, a blue box of Aqua Roll-On, and a yellow box of Q10 Anti-Falten Augencreme. The prices of the products are also displayed on the shelves. The video then shows a close-up of the yellow box of Q10 Anti-Falten Augencreme, with the price of 1,",Beauty Care
7351403366368546081,"The video showcases a series of events involving a group of humans and aliens, culminating in a battle where the aliens are defeated and the humans emerge victorious. The video begins with a close-up of a sandwich being assembled, with the text ""time"" appearing on the screen, indicating the passage of time. The scene transitions to a group of humans and aliens, with the text ""tribute"" appearing, suggesting that these individuals are being sent as tributes to participate in the Intergalactic Battle Royale. The aliens are depicted as being defeated and the humans as being victorious, with the text ""humans"" appearing on the screen. The video then shows a close-up of a sandwich being",Entertainment & Shows
7380379588242804001,A person is lying in bed with a pink pillow. They are wearing a black shirt with blue writing on it. The person is making a peace sign with their hand.,Politics
7291005324717313313,"The video features two women standing in front of a large building with a dome, discussing the rise of the Alternative for Germany (AfD) party in Germany. The woman in the pink coat explains that the AfD is on the rise in Germany, coming in second in the state elections in Hesse and third in Bavaria. She also mentions that the law allowing dual nationality and faster German passport processing is still on track. The woman in the green dress asks if the law can be stopped, and the woman in the pink coat responds that the coalition government still has the majority in the Bundestag, and the Bundesrat cannot block the law. The video concludes with the woman in the pink coat",Politics
7184540937974975786,"The video shows a person in a car, wearing a black tank top and white headphones around their neck. They are demonstrating the use of a brow lift product, which is a clear container with a brush applicator. The person is applying the product to their eyebrows, demonstrating the technique and results. The video also includes text overlays that read ""e.l.f brow lift review"" and ""e.l.f brow lift clear by ALF for like $10."" The person appears to be explaining the benefits and results of using the brow lift product.",Beauty Care
7343334803665603883,"The video features a person with long, wavy hair, wearing a dark sweater and a gold necklace, sitting in front of a cosmic-themed background. The person is holding a black object, possibly a makeup product, and appears to be speaking or presenting. The background is a vibrant mix of pink, orange, and purple hues, resembling a nebula or galaxy. The person is seen gesturing with their hands, possibly emphasizing points in their speech.

Throughout the video, the person is seen holding the black object in their right hand and gesturing with their left hand. The cosmic-themed background remains consistent, providing a visually appealing backdrop to the person's presentation. The person's attire",Science & Technology
7343662075299761440,"The video begins with a person wearing a pink sweater with a black bow tie, standing in a room with a white wall and a shelf in the background. The text ""Me (a huge horror freak) thinking no scene could ever affect me"" appears at the top of the screen. The scene then transitions to a person in a white shirt and tie, with blood on their face, standing in a dimly lit room with a green hue. The text ""This scene"" appears at the top of the screen. The video then shows a close-up of the person in the white shirt and tie, with the text ""And they were both found dead"" appearing at the top of the",1. News
7394913119375527210,A person wearing a camouflage cap and a gray shirt is standing in front of a plain wall. They are holding a small object in their hand and gesturing with their other hand. The person appears to be speaking or explaining something.,Politics
7327439802637307178,"A person is standing next to a white truck, talking about the features of the truck. The person is wearing a camouflage hoodie and is holding a phone. The truck has a black interior and a black front bumper. The person is pointing at the truck and talking about the features of the truck.",Sports
7296461109572275488,"The video features a series of interviews with Trump supporters who express their disagreements with the President's stance on unions. The interviews take place in various outdoor settings, including a metal building and a parking lot, with the participants wearing red hats and jackets with the ""Make America Great Again"" slogan. The text overlay in yellow at the top of the screen reads ""Trump Supporters: I Disagree with Trump on..."" and the text in white at the bottom of the screen reads ""what do you think about unions?"" The participants express their views on the importance of unions, the impact of Trump's policies on unions, and their personal experiences with unions. The video concludes with the participants continuing their conversation,",Politics
7385384197864557855,"The video features a series of images from a television broadcast, showing two men in suits, one with a red tie and the other with a blue tie, standing at podiums with microphones. The background is blue with the CNN logo. The text overlay reads ""My favorite prt of the debate wasa-wa-shitting whoever wasn't talking."" The images are static, with no movement or action taking place. The video does not contain any additional audio or visual elements.",Politics
7358352976639184146,"The video shows a person driving a car on a rainy day, with the windshield wipers on. The rain is falling heavily, creating a misty effect on the windshield. The person is driving on a highway, and the traffic lights are visible in the distance. The video captures the changing colors of the sky as the sun sets, with the sun reflecting off the wet road and the car's windshield. The video also shows the person's reflection in the car's windshield, as well as the reflection of the traffic lights in the rain.",Science & Technology
7371030140370963713,"The video is a series of clips from a video game, specifically a first-person shooter game. The game is set in a medieval-style environment with stone buildings and cobblestone streets. The player is using a futuristic weapon with a glowing green and blue design. The player is seen navigating through the environment, taking cover behind walls and using the weapon to shoot at enemies. The player is also seen using a grappling hook to swing across the environment. The player is also seen using a grappling hook to swing across the environment. The player is also seen using a grappling hook to swing across the environment. The player is also seen using a grappling hook to swing across the environment. The player is",Sports
7328941581862473006,"The video showcases a fighter jet in flight, with the text ""HIGH"" appearing in yellow letters. The jet is seen on a runway, with a person in the background. The jet then takes off, and the text ""TARGET"" appears in yellow letters. The jet is seen on an aircraft carrier, with a green truck and a person in the background. The jet is then seen flying in the sky, with the text ""HIGH"" appearing in yellow letters. The jet is seen flying in the sky, with the text ""TARGET"" appearing in yellow letters. The jet is seen flying in the sky, with the text ""HIGH"" appearing in yellow letters. The jet",1. News
7295860137162591519,"The video features a person wearing a plaid shirt, speaking in front of a blue-lit background. The person is seen discussing various topics related to politics and social justice, including the treatment of indigenous people, the justification of violence, and the impact of power imbalances in society. The person expresses frustration with the way people justify violence and the unaliving of children, and emphasizes the importance of remembering the feelings of righteousness that can lead to harmful actions. The video concludes with the person reiterating the importance of remembering the feelings of righteousness and the potential for these feelings to lead to harmful actions.",Politics
7407540452611640606,"The video shows a person in a blue shirt sitting at a desk in an office. The person is wearing black gloves and is surrounded by various items, including a passport, a laptop, and some papers. The person is seen typing on the laptop and looking at the passport. The background features a white door and a beige wall. The person then picks up a pen and starts writing on a piece of paper. The person continues to write on the paper, occasionally looking at the passport. The person then places the pen down and looks at the camera. The person then raises their hand and waves. The video ends with a black screen displaying the text ""Passport, please. Keep your eyes on",Science & Technology
7372987016914455841,"The video shows a cricket match between Pakistan and England. The players are wearing different colored uniforms, with the Pakistan team in orange and the England team in green. The match is taking place in a large stadium with a crowd of spectators. The players are seen running and playing the game.",Sports
7366561209996332320,A person with long black hair is sitting in a room with a yellow wall and a white ceiling. They are wearing a white shirt and have a gold watch on their left wrist. They are talking to the camera and gesturing with their hands.,News
7334130841016274222,"The video features a black sports car parked in a parking lot. The car is sleek and has a low profile, with a prominent front grille and large alloy wheels. The background of the video is a typical parking lot with trees and a building in the distance. The video is overlaid with text that reads, ""I don't reverse park to look cool, a mufti can't park forward..."" This text suggests that the person filming the video is frustrated with their own parking skills and is trying to convey that they are not as skilled as others. The video does not provide any additional context or information about the person filming or the location.",1. News
7380389929790033185,"The video features a dramatic dance scene between two characters in a dark, dimly lit setting. The male character is dressed in a blue outfit with a cape, while the female character wears a white dress with a crown. The dance is intense and passionate, with the male character holding the female character in a close embrace. The background is dark, with a few lights visible, adding to the dramatic atmosphere. The video ends with the male character holding the female character in a close embrace, with the text ""You may have my number, you can say my name But you'll never have my heart Let the sky fall, let me crumble We will stand tall, I'll face it all Together",Sports
7343754603927850245,"The video is a series of images that appear to be from a protest or rally, with people holding signs and flags. The images are overlaid with text that reads ""FREE PALESTINE"" and ""Remember, you can post one video each day using this filter and it will still count. So, if you post once every Monday, Tuesday, Wednesday, private or public, it will count as three quotes."" The images show people in different poses, some holding signs and others holding flags. The colors in the images are mostly red, white, and black, with the flags being green, white, and black.",Politics
7357827492289465646,"A person wearing a white t-shirt with a cartoon character on it is standing in a kitchen. The person is making hand gestures and talking to the camera. The text on the screen reads, ""I don't personally think this is a hot take but some people might if I never had to eat again like I could just survive without putting food in my body I would and before everybody in the comments no it's inconvenient grocery shopping inconvenient cooking inconvenient fucking sitting down eating a goddamn meal inconvenient dude I don't want to do it anymore like I don't want to decide, dude. I don't want to decide what to eat. I don't want to cook. I don",Entertainment & Shows
7366736772253977889,"The video starts with an aerial view of a coastal town, surrounded by lush green trees and a body of water. The text overlay reads, ""Is a country still a country if it sinks?"" This sets the stage for the discussion of Tuvalu, a small island nation in the Pacific. The video then transitions to a map of the Pacific, highlighting Tuvalu and its surrounding islands. The text overlay reads, ""Is a country still a country if it sinks?"" This question is posed again, emphasizing the vulnerability of Tuvalu to rising sea levels. The video then shows a group of people walking along a beach, with the text overlay reading, ""30 years ago, it was",Politics
7342750088902511915,"The video shows a person standing in a bathroom, taking a selfie with a phone. The person is wearing a black t-shirt and black shorts. The bathroom has a tiled wall with blue and yellow stripes, and there is a mirror above a sink. The person is holding a colorful phone case with a floral design.",1. News
7325461211653492010,"A person is wearing a purple hoodie with the word ""CRAZY"" written on it. They have long braids and are standing in front of a wooden door. They are talking to the camera and showing their hair.",Entertainment & Shows
7363144949442825518,"The video features a person with long blonde hair, wearing a black shirt with a graphic design, standing in a room with a door in the background. The person is speaking, and the text overlay on the video reads, ""why is finding a girl friend no im not trying to fall in love with, im trying to fall in love with."" The person appears to be talking about their feelings and intentions regarding finding a romantic partner.",1. Entertainment & Shows
7375972216707484960,"The video is a series of frames showing a man in a white shirt standing in front of a screen with a list of Labour's policy steps for change. The man is holding a pen and pointing at the screen, which displays a list of policy steps. The list includes:

1. Deliver economic stability
2. Cut NHS waiting times
3. Launch a new Boer
4. Set up Great British Energy
5. Crave down on alcohol
6. Recruit 6,500 new nurses

The man is seen pointing at each item on the list, and the text ""Thanks for the plug Rishi 👍"" appears at the top of the",Politics
7363604482355137799,"A woman is unpacking a box in her kitchen. She is holding a white object, possibly a lamp, and is looking at it with a surprised expression.",Entertainment & Shows
7341253553245408558,"The video features a person in a light blue shirt with white trim, wearing a necklace and pearl earrings, standing in a room with a beige wall and a window in the background. The person is seen applying makeup, using a brush and a bottle of foundation. They are also seen holding a small object, possibly a makeup brush or a makeup product, and using it to apply makeup to their face. The person is seen talking and gesturing with their hands while applying makeup. The video also includes text overlays that provide context and information about the person's situation and goals.",Beauty Care
7346960504490937642,"The video starts with a woman lying on a bed, wearing a light-colored tank top. The text overlay reads, ""When you wanted your engagement song to be 'Sun's Coming Down' ok."" The scene transitions to a black and white image of a car driving down a road, with a woman in a white dress and a man in a suit sitting in the back. The car is a classic model with a large trunk. The next scene shows the woman in a white dress standing on the back of the car, with the man in a suit sitting in the front. The car is driving down a road, with trees and a fence in the background. The final scene shows the woman in",Entertainment & Shows
7203774185322188037,"The video begins with a person standing in front of a door with a sign that reads ""A BESTE HOUSE"" and a phone number below it. The person is wearing a dark blue shirt and gray pants. The door is open, and the person is holding a piece of paper. The scene then transitions to the same person standing in front of a different door with a sign that reads ""Vor der Abschlussprüfung"" (Before the final exam). The person is wearing a dark blue shirt and gray pants. The video then shows the person sitting at a desk in a room with a wooden floor and a window in the background. The person is wearing a dark",1. Entertainment & Shows
7324373228028300577,"The video is a humorous and satirical take on the challenges and realities of working in finance. It starts with a person walking down a street at night, with the text ""things you need to know before getting a job finance"" displayed at the top. The video then transitions to a close-up of a person's hand holding a shirt, with the text ""things you need to know before getting a job finance"" displayed at the top. The scene then shifts to a shelf with various skincare products, with the text ""things you need to know before getting a job finance"" displayed at the top. The video continues with a person walking down a street at night, with the text ""things you need",Entertainment & Shows
7404376866108312865,"The video starts with a chaotic scene outside a bus at night, where a group of people, including police officers, are trying to manage a situation involving a person in a wheelchair. The text overlay reads ""Das sagen Liesen zur Kursk-Offenfesie"" (The lies that are being told about the Kursk incident). The scene then shifts to an outdoor setting where a man in a denim jacket is speaking to the camera, with a cityscape and a sign for a restaurant in the background. The text overlay remains the same. The narrative continues with the man in the denim jacket, now with a woman in a white blouse and a",Politics
7379002112652660014,"The video features a person wearing a white shirt with a graphic design, standing in front of a window with blinds. The person is seen holding a necklace with the name ""RITANA"" written on it. The necklace is displayed on a white card with the text ""Fashion Jewelry"" and a logo. The person appears to be expressing gratitude towards someone named Sarah, as indicated by the text on the card. The video concludes with a close-up of the necklace on the card, emphasizing the name ""RITANA"".",1. News
7394618529569344811,"The video starts with a woman standing in front of a backdrop featuring the American flag and the text ""KAMALA."" She is wearing a black blazer and a light-colored top. The date ""7/22/24"" is displayed in the top left corner. The woman is speaking into a microphone, and the scene transitions to another woman with long blonde hair, wearing a light blue shirt and a necklace, standing in a room with a gold-colored shelf, a vase with green plants, and a window with white blinds. The date ""7/22/24"" is still displayed in the top left corner. The woman in the light blue shirt",Politics
7366286242406829345,A man in a grey hoodie is standing in an office and playing a DJ controller. He is wearing a grey hoodie and black shorts. He is playing the DJ controller and there are other people in the office.,"Music, Singing, & Dancing"
7325205573941710111,"A person wearing a black t-shirt with a picture of a man on it is sitting in a room. The room has a dark color scheme with a dark dresser and a white door in the background. The person is talking to the camera and there is text on the screen that says ""did you catch that?"" and ""let me slow it down."" The person is also wearing a necklace with a pendant.",Science & Technology
7352304151897951521,"The video starts with a person standing in a living room, wearing a black shirt and red pants. The room is decorated with a chandelier, a rug, and a fireplace. The person walks towards a couch and sits down, then stands up and walks towards a door. The room is well-lit with natural light coming in from large windows. The person then walks towards a wooden shelf filled with shoes and sits down on the floor, looking at the shoes. The video ends with the person standing up and walking towards the camera, still looking at the shoes.",Entertainment & Shows
7365063366907333921,"The video showcases a breathtaking view of a city skyline at sunset. The sky is painted with hues of pink, purple, and orange, creating a stunning backdrop for the city's illuminated buildings. The city's lights reflect off the water, adding to the beauty of the scene. The video captures the city from a distance, allowing viewers to appreciate the architectural details and the vibrant colors of the sunset. The video does not contain any text or additional information.",1. News
7346235933882076448,"The video shows a man in a green hoodie and blue jeans using a blue mechanical device to work on a wooden post in a field. He is seen bending over and using the device to work on the post, which is surrounded by a dirt ground and some trees in the background.",1. Sports
7305148019727420718,"The video features a woman wearing a white turtleneck and a beige coat, standing in front of a movie poster for the film ""Watcher."" The poster displays the title ""Watcher"" in large white letters, with the tagline ""Striking a Sensation"" and the names of the actors, ""Alec Baldwin"" and ""Jennifer Connelly,"" at the bottom. The woman appears to be speaking or reacting to the movie poster, as indicated by her hand gestures and facial expressions. The background of the poster is dark and rainy, with a building visible through the rain. The video repeats this scene multiple times, with the woman's gestures and",Entertainment & Shows
7395252325104766216,"The video begins with a first-person perspective of a player in a video game, showcasing a virtual environment with buildings and a clear sky. The player's health is at 100%, and the score is 0-0. The scene then transitions to a close-up of a cat's face, which is superimposed onto the player's avatar, giving the impression that the player is a cat. The cat's face is white with orange patches, and it is wearing a green helmet. The cat is holding a sniper rifle, and the scene is set in a virtual environment with buildings and a clear sky. The cat's face is superimposed onto the player's avatar, giving",0:01
7354853011887312160,"The video shows a man sitting at a table with two pizzas in front of him. He is wearing a dark blue sweater and has a serious expression on his face. The text on the screen reads ""It's pizza night on @xxtvfox But what are our favorites??!"" and ""Pineapple doesn't belong on pizza...."" The man is then shown eating a slice of pizza with pineapple on it, and the text changes to ""Why did you eat the then-pineapple pizza?"" The man continues to eat the pizza, and the text changes to ""Looks like you do like it pizza...."" The man then puts on a blue hoodie and eats the",Entertainment & Shows
7355938811429260550,"A person is sitting in front of a colorful, fluffy blanket and wearing headphones. They are reacting to a song about eating a whole bag of chips and feeling sad. The person is making various hand gestures and expressions while talking. The video includes comments from viewers, some of which are humorous and others are critical.","Music, Singing, & Dancing"
7363655590524226862,"The video starts with a person sitting at a desk with a keyboard and a mug with a cat on it. The background is a neon-lit room with a purple hue. The person is wearing a dark t-shirt with the words ""LOVE HOPE CUR"" written on it. The video then transitions to a screen with the text ""Welcome to Spypet"" and a description of the Discord service. The text ""Discover a fresh approach to find Discord orcs"" appears, followed by ""Discover a fresh approach to find Discord orcs"" and ""Discover a fresh approach to find Discord orcs"" in a different font. The video then shows a list",News
7337977691611696417,"The video shows a person driving a car, wearing a white sweater and a gray shirt. The person is driving through a city street, with buildings and cars visible through the windows. The person is seen gesturing with their hands, possibly talking or expressing frustration. The video ends with the person still driving, with the same gestures and expressions.",1. News
7335864619187146016,"The video is a series of maps and graphics that compare the population and geography of Wyoming and Colorado. It starts with a map of the United States, highlighting the states of Wyoming and Colorado, and then zooms in on the Rocky Mountains, showing the border between the two states. The video then provides a detailed comparison of the two states, including their population, geography, and economy. It highlights the differences in population density, climate, and economic development between the two states. The video concludes with a map of the Rocky Mountains, showing the location of Gannett Peak and Yellowstone National Park, and a red box highlighting Wyoming's O'Neil Four-Wheel Drive.",Science & Technology
7356565580603870497,"The video features a conversation between two individuals, one in a dark suit and the other in a light pink outfit, set against a backdrop of a microphone and a teal-colored background. The conversation revolves around the topic of mental health, with the person in the dark suit expressing concern and empathy for the person in the light pink outfit, who is struggling with mental health issues. The person in the light pink outfit shares their personal story, including the challenges they face in accessing mental health services and the impact of the Labour Party's policies on their situation. The conversation highlights the disparities in mental health care between England and Wales, with the person in the dark suit expressing concern about the situation in Wales and",Politics
7407322364309949728,"The video shows a group of people performing on stage. They are dressed in casual clothing and are dancing energetically. The stage is brightly lit with colorful lights, and the background features a large screen with a pink and blue design. The performers are moving in sync with each other, and the audience can be seen in the foreground, watching the performance. The video also includes a text overlay that reads ""I don't wanna die Before we love, we love, this feeling, babe Cause it's enough, enough, can't be this way Before we love, we love, this feeling, babe I love it, I like it, but I don't wanna die Ooh,","Music, Singing, & Dancing"
7395058028594122014,"The video features a series of individuals in various settings, each with a caption that appears at the bottom of the screen. The captions are in a different language, suggesting that the video may be in a non-English language. The individuals are seen in different poses and locations, including a podium, a car, a beach, a store, and a room. The captions suggest that the individuals are discussing political issues and their importance. The video does not provide any additional context or information about the individuals or their discussions.",Politics
7357035995667107114,"The video shows a woman in a black t-shirt with the word ""Tropical"" on it, standing in a fast food restaurant. She is holding a drink in her hand and appears to be talking to someone off-camera. The background shows a menu board with various drink options, including a drink called ""Real Fruit Water"" priced at $2.99. The woman then takes a drink from the cup and continues to talk to someone off-camera. She then walks away from the counter and is seen holding a drink in her hand. She then walks towards a table where another woman is sitting, and they appear to be having a conversation. The woman in the black t-shirt",Entertainment & Shows
7322958700291853614,"A man in a suit and red tie is speaking at a podium on a news set. He is surrounded by two other men, one in a suit and the other in a suit and tie. The man in the suit and red tie is gesturing with his hands as he speaks. The background is blue with the words ""Iowa Town Hall"" and ""Donal Trump"" visible. The man in the suit and red tie is also holding a microphone.",Politics
7333721172363922734,"The video shows a man in a blue shirt and khaki pants standing in front of a black Toyota CUV. He is wearing sunglasses and a name tag. The man is dancing and moving his arms around while talking to the camera. The background includes other cars and palm trees. The text ""Toyota coulver"" is displayed at the top of the screen, and there are emojis of a smiley face with sunglasses.",1. News
7320342127790148907,"The video depicts a police officer in a black uniform with a badge and a name tag standing in front of a row of blue lockers. The officer is wearing a black beanie and sunglasses on their head. The background includes a window with blinds and a door. The text ""TYRANT COPS MAKE BIG MISTAKE"" is displayed at the top of the screen, followed by ""silverthorne Colorado - fIslam amendment"" and ""Amaganset Press."" The officer appears to be speaking or explaining something, gesturing with their hands. The video continues with the officer standing in front of the lockers, still speaking and gesturing. The text ""TY",News
7287998089279917345,"The video begins with a person standing outdoors, wearing a dark jacket and a white shirt with a black design. The person is holding a smartphone and appears to be speaking, with text overlaid on the video indicating that they are discussing saving money on Amazon. The scene transitions to a computer screen displaying the Amazon website, showing various products and categories. The text overlay continues to emphasize the benefits of shopping on Amazon, particularly during Prime Day. The video then shifts to a close-up of the computer screen, focusing on the Amazon Outlet section, where discounted items are listed. The text overlay suggests that these discounted items are available for purchase on the regular Amazon site. The video concludes with a message encouraging",13. Entertainment & Shows
7340766599860849926,"The video shows a man in a military uniform standing at a podium with a microphone in front of him. He is wearing a dark blue uniform with various medals and insignia on the left side of his chest. The background features a large building with the words ""The Pentagon"" and ""Washington, D.C."" written on it. The man appears to be giving a speech or statement, as indicated by his hand gestures and the presence of a microphone. The video also includes a text overlay that reads ""Patrick Ryder U.S. Air Force Brigadier General"" and ""Global News,"" suggesting that the video is related to a news broadcast.",News
7324688586807201070,"The video shows a young woman sitting in a classroom, wearing a white sweater and a beige scarf. She is looking at a piece of paper in front of her. The text on the screen reads ""Special Ed teacher trying to figure out whether their student is crying."" The woman appears to be in a classroom setting, with books and other educational materials visible in the background. The video does not provide any additional context or information about the woman or the situation she is in.",1. News
7195058735914519809,"A video showing a tall building being demolished. The building is being demolished by a crane and a bulldozer. The demolition is taking place in a construction site. The video shows the demolition from different angles, including a close-up of the demolition site and a view from a balcony. The demolition is taking place in a city, and the video shows the demolition from different angles, including a close-up of the demolition site and a view from a balcony. The demolition is taking place in a city, and the video shows the demolition from different angles, including a close-up of the demolition site and a view from a balcony. The demolition is taking place in a city, and the video",1. News
7360854136440540459,"The video starts with a man in a light gray polo shirt standing in a doorway, looking out at a lush green landscape. He is joined by another man in a dark jacket with red accents, who is also looking out at the same landscape. The man in the polo shirt then turns to face the man in the dark jacket, and the text ""CAN I HELP YOU?"" appears on the screen. The two men stand facing each other, with the man in the polo shirt speaking to the man in the dark jacket. The man in the dark jacket responds with ""HUELL?"" and the man in the polo shirt continues to speak. The two men then stand side by",Entertainment & Shows
7408631372044111135,"The video shows a person with tattoos petting a cat. The cat is lying on a white surface with a bowl of food nearby. The person is holding the cat's paw and petting it. The cat appears to be in a state of distress, with its eyes closed and a bandage on its head. The person is also holding a small kitten in a purple outfit. The video ends with a message asking for help to replace medications for the kittens.",Pets & Animals
7383460841204534534,A person is using a power tool to cut a piece of wood. The wood is being held in place by a clamp. The person is using a chisel to make a hole in the wood. The wood is being held in place by a clamp. The person is using a power tool to cut a piece of wood. The wood is being held in place by a clamp. The person is using a power tool to cut a piece of wood. The wood is being held in place by a clamp. The person is using a power tool to cut a piece of wood. The wood is being held in place by a clamp. The person is using a power tool to cut a piece of wood.,Science & Technology
7340748820130647326,The video shows two people sitting at a table in an office setting. One person is wearing a dark blue jacket and the other is wearing a black and white striped shirt. They are discussing California's new $20 minimum wage for fast food restaurants. The person in the dark blue jacket is holding a sandwich and the person in the striped shirt is holding a phone. The video also includes text overlays that provide information about the new minimum wage and a specific exemption for fast food chains with bakeries.,Politics
7289539647825382698,"The video features a woman in a kitchen, wearing a peach-colored shirt with a floral pattern and dark blue shorts. She is dancing energetically, moving her arms and body in various directions. The kitchen is well-lit, with a white countertop and cabinets in the background. The woman's movements are lively and expressive, with her arms raised and her body swaying to the rhythm of the music. The video does not contain any text or subtitles.",1. News
7390878944012045598,"The video is a humorous and engaging commentary on the fashion industry, featuring a person in a virtual environment. The person is seen navigating through a virtual fashion show, interacting with various characters and objects, and engaging in conversations about fashion trends and styles. The video includes text overlays and captions that provide context and commentary on the fashion choices and styles being discussed. The person is seen wearing different outfits and accessories, and the video includes scenes of the person interacting with other characters, such as a character in a green camouflage outfit and a character in a red outfit. The video also includes scenes of the person interacting with virtual objects, such as a pink heart and a pink star. The video includes scenes of the",Comedy
7390133152670420266,The video shows a person wearing a black shirt with a skull design and a necklace with a cross pendant. The person is standing in a room with a wooden dresser and various items on it. The person is wearing hoop earrings and has long hair. The person is also wearing a necklace with a cross pendant. The person is standing in front of a wall with a black curtain. The person is wearing a necklace with a cross pendant. The person is wearing a necklace with a cross pendant. The person is wearing a necklace with a cross pendant. The person is wearing a necklace with a cross pendant. The person is wearing a necklace with a cross pendant.,1. News
7373916497896377617,"The video showcases the process of making a delicious dessert, starting with a close-up of a partially eaten slice of a cake with a creamy, caramel-like filling. The cake is made with a graham cracker crust, and the filling is smooth and rich. The video then shows the ingredients being mixed together, including a creamy white substance, a brown liquid, and a white powder. The graham cracker crust is then placed in a pie dish, and the creamy filling is poured over it. The video continues with the graham cracker crust being placed in a pie dish, and the creamy filling is poured over it. The video then shows the graham cracker crust being placed",Entertainment & Shows
7303250453079280927,"The video is a promotional video for the Air Tahiti Nui Tiare Pass, which offers four round-trip tickets to Tahiti, Paris, Auckland, and Tokyo in economy class. The pass costs $1,525, and if you do the math, assuming each round-trip ticket costs $750, it's a very good deal. However, there's a catch: you have to fly out of LAX or Seattle for your flights, and there are only 250 passes available, which go on sale on November 25th at 9 a.m. Pacific time. The video also includes a graphic with the Air Tahiti Nui logo",Travel & Events
7330776298576514347,"A man and a woman are sitting at a table with a spinning wheel in front of them. The wheel has different colored sections and a red button in the center. The man is wearing a dark blue shirt and the woman is wearing a white shirt. The man is spinning the wheel and the woman is pointing at different sections of the wheel. The text on the screen says ""The Eagles"" and ""The Beatles."" The man and the woman are both smiling and appear to be enjoying themselves.",Entertainment & Shows
7386716685945900320,"The video begins with a man in a suit and tie walking through a stadium, with a crowd of people in the background. The man is then seen sitting in a stadium, with a woman in a white jacket standing next to him. The man is then seen standing up and walking away from the woman. The video continues with the man walking through the stadium, with a crowd of people in the background. The man is then seen sitting in a stadium, with a woman in a white jacket standing next to him. The man is then seen standing up and walking away from the woman. The video continues with the man walking through the stadium, with a crowd of people in the background. The man is",Sports
7390820226562084139,"The video shows a group of cartoon characters standing under a rain shower. One character is holding a purple umbrella, while another character is holding a blue umbrella. The background is a fence, and it is raining. The text on the screen reads, ""When you're just trying to have a brasummer."" The characters appear to be talking to each other, and the text suggests that they are discussing the weather and their plans for the day.",Film & Animation
7361435694725696810,"The video starts with a person standing on a stage in front of a crowd, with the text ""Every headline show I make my vip pledge to be a friend to anyone who came alone to show that night."" The person is wearing a blue jacket and a pink skirt. The scene then transitions to a close-up of the person, with the text ""Every headline show I make my vip pledge to be a friend to anyone who came alone to show that night."" The person is still on the stage, but the focus is on their upper body. The next frame shows the person standing in front of the crowd, with the text ""Every headline show I make my vip pledge to be",Entertainment & Shows
7317028968568343850,"The video is a series of humorous and instructional clips that demonstrate various ways to improve one's social skills, particularly when it comes to talking to girls. The first clip shows a person using a drill to attach a bolt to a wooden block, with the text ""how do I talk to girls I'm shy?"" displayed at the top. The person then uses a drill to attach a bolt to a wooden block, with the text ""I'm shy..."" displayed at the bottom. The next clip shows a person using a drill to attach a bolt to a wooden block, with the text ""I'll give you guys the best advice"" displayed at the top. The person then uses a drill to attach a",Comedy
7393735339996712225,"The video features a person wearing a white and blue striped shirt with a blue collar, standing in front of a door. The person is holding a phone and appears to be speaking or reacting to something. The background is a plain wall with a door visible. The person is wearing a watch on their left wrist. The video has a humorous tone, as indicated by the text overlay that reads ""QUAND ON A 11 DE VUE LE \""M\"" VENTE E \""MILLION\"" MAISQUAND ON A 1 K DE VUE, SE L'ELLE \""K\"" VIENT DE QUE MOT ?"" which translates to ""When you see \""M",Sports
7286953369133174062,"The video shows a man in a yellow shirt and black pants standing on a sidewalk next to a road. He is holding onto a large, black and white parachute. The background features a mountainous landscape with trees and buildings. The man begins to run towards the camera, and as he gets closer, the parachute starts to inflate. The man then jumps off the sidewalk and into the air, with the parachute fully inflated. He floats in the air, and the parachute billows out behind him. The video ends with the man still floating in the air, with the parachute still billowing out behind him.",Sports
7210197949433892142,"The video showcases a picturesque beach scene with a clear blue sky and calm ocean waters. The beach is bustling with people enjoying the sunny weather, with some lounging on beach chairs and others walking along the shore. The beach is lined with umbrellas and beach towels, indicating a popular spot for relaxation and sunbathing. The video is overlaid with text in Italian, providing a list of the beach's favorite attributes, such as its ""iconic and icy"" nature, its ""reasonable"" food options, and its ""delicious"" umbrellas. The text also mentions the beach's ""great peachy-beige"" sand and its ""reasonable"" prices. The",Favorite beach in Capri
7317451980497046826,"The video is a compilation of morbid facts about the Church of Scientology. It starts with a split-screen format, showing two individuals in different settings. The top half of the screen displays the title ""Morbid Scientology Facts"" and the bottom half shows the same title. The background of the top half is black, while the bottom half is white. The video then transitions to a black and white format, showing two individuals in different settings. The top half of the screen displays the title ""Morbid Scientology Facts"" and the bottom half shows the same title. The background of the top half is black, while the bottom half is white. The video continues with a black and white",Science & Technology
7346304747646848288,A group of people are shopping in a grocery store. They are looking at the shelves and picking up items. One of the people is wearing a blue vest and is holding a box of cookies. The other people are also picking up items from the shelves.,Entertainment & Shows
7357381570371603717,"The video shows a group of women dancing in a living room, followed by a man in a beige jacket and white shirt speaking to the camera. The man is making hand gestures and pointing to his chest. The video then shows a close-up of the man with the text ""they won't be interested"" on the screen.",1. Entertainment & Shows
7319635608945675528,"A person is dancing on a stage with a dark background. They are wearing a white sweatshirt with a black design, black and white striped pants, and red sneakers. The person is performing a dance routine, moving their arms and legs in various ways. The audience is watching the performance, and some people are taking photos or videos.",3
7288048371019926814,"The video shows a person standing outside in front of a house, wearing a white shirt. The person is holding a thermometer and pointing it at the ground, which is covered in snow. The thermometer is showing a temperature of 20 degrees Fahrenheit. The person is talking about the temperature being 20 degrees Fahrenheit, which is cold.",1. News
7302492057975688490,"The video features a person wearing a tie-dye tank top with a watermelon pattern. The person is standing in front of a white wall with a ceiling fan. The person is wearing a pair of sunglasses on their head. The video includes text overlays that read ""From the river to the sea"" and ""From the river to the sea."" The video also includes a logo for the Filter Creator Fund, which is a non-profit organization that supports Palestine.",Entertainment & Shows
7289320054347468078,"The video features a person sitting at a desk with a laptop, wearing a dark shirt. The background includes a painting with a red and orange color scheme. The person is seen gesturing with their hands while speaking, and the text on the screen reads, ""Hobart Archie Burke's head will explode."" The person continues to speak and gesture, emphasizing their points. The video repeats this pattern several times, with the text changing to ""Hobart Archie Burke's head will explode"" and the person continuing to speak and gesture. The video concludes with the person still gesturing and speaking, with the text remaining on the screen.",News
7346011922946510126,"A person wearing a beige hoodie is standing outdoors, with trees and buildings in the background. The person is wearing a backpack and has sunglasses on their face. The person is speaking, and the video shows a news article about RFK Jr.'s VP prospect, mentioning Aaron Rodgers as a potential running mate. The article also discusses Rodgers' history of conspiracy theories and his lack of experience. The person continues to speak, and the video shows a close-up of the person's face, with the background remaining consistent.",Politics
7366304208150121774,"The video features a series of individuals making heart shapes with their hands in front of their faces. Each person is dressed in a different style of clothing, and the video is set in a room with various decorations, including a cactus plant, a framed picture, and a chandelier. The text overlay at the top of the video reads ""Millennials try new Gen Z handcart,"" and the text at the bottom of the video reads ""Laurana 1998."" The video appears to be a humorous or satirical take on the fashion choices of different generations.",Entertainment & Shows
7360733570232552710,"The video features a person standing outdoors, holding a large, intricately designed clock with the text ""КУРАЕНА"" (Ukraine) on it. The clock has Roman numerals and is surrounded by decorative elements, including wheat stalks. The person is dressed in casual attire, and the background consists of greenery and a paved path. Throughout the video, the person is seen from different angles, showcasing the clock from various perspectives. The video also includes text overlays with contact information, such as phone numbers and addresses, indicating that the video may be promoting a product or service related to the clock.","1. Music, Singing, & D"
7369576124948548897,"The video shows a person holding a small dog in a field. The dog is wearing a red shirt with a logo on it. The person is speaking Russian, and the text on the screen reads ""Когда он пытается забрать тубики с подругок"" (When he tries to take the toys from his girlfriend). The dog appears to be barking and growling at the person, and the person is trying to hold the dog's mouth closed. The dog's fur is brown and fluffy, and it has a long tail. The background is a grassy field with trees in the distance",7. Pets & Animals
7393839173922327841,"A screenshot of a political map showing the results of a poll. The map is divided into states, with each state colored in blue or red to indicate the results of the poll. The blue states are those that voted for Joe Biden, while the red states are those that voted for Donald Trump. The map also shows the number of votes for each candidate, with the number of votes for each candidate displayed in the top right corner of the map.",Politics
7388205937036725537,"The video shows a person wearing a blue and white jacket with the word ""Supacell"" on it. The person is sitting in a car and appears to be trying to activate their Supacell power. The person is holding a phone and looking at it, possibly trying to figure out how to activate the power. The background of the video is a car interior, with a steering wheel and other car features visible. The person is wearing a seatbelt and appears to be focused on the task at hand.",1. News
7362611852360174881,"The video begins with a black screen displaying the text ""4TO ЛОВОВЬ выда ПЕРЕСТРЕЛКИ ЯНКУ"" in white letters, which translates to ""4TO LOVVY will give you a kiss, a kiss of the sun"". The scene then transitions to a dark, nighttime setting with a cityscape in the background. The text ""КОТОРИЙ"" appears, followed by ""КОТОРИЙ �",1. News
7368846954471640362,"A person with long red hair is standing in a kitchen, wearing a black sweatshirt with green text. They are gesturing with their hands while talking. The kitchen has white cabinets and a light fixture on the ceiling.",Entertainment & Shows
7108772250320473349,"The video showcases various activities and locations in the Greek island of Paros. It begins with a person standing in front of a scenic view of the island, with the text ""Paros 5 out of the box activities!"" displayed at the top. The person is wearing a red and white striped shirt and is seen gesturing and speaking. The video then transitions to a series of numbered activities, each accompanied by a brief description and a scenic view of the location. The activities include:

1. ""Have a meal in the traditional village of Lefkest. From Lefkest you can make a 3.5 kilometer hike on the old Byzantine road which leads to the even more traditional village",Travel & Events
7349908267742743854,"The video features a person wearing a red shirt with a black design, speaking into a microphone. The background is a room with shelves containing various items, including books and decorative objects. The person is seen gesturing with their hands while speaking, and the text on the screen provides commentary on the legal situation involving President Trump and his immunity claim. The text includes phrases such as ""Trump worksagainstin is legal team in PresidentTrump a legal claim!"", ""Donald Trump completely destroyed his immunity claim."", and ""Donald Trump did all the work for Jack Smith and the prosecution and made the work of his defense team that much harder."" The video also includes a quote from a legal scholar, ""Cro",Politics
7273897683918621994,"The video begins with a person sitting cross-legged on the field, wearing a navy blue sweatshirt with yellow text and white sneakers. The person is wearing headphones and has a microphone clipped to their shirt. The background shows a football field with yellow and white markings. The person is then seen standing up and walking towards the camera, still wearing the same outfit. The scene transitions to a football game where a player in a white jersey with yellow stripes is being tackled by a player in a red jersey. The player in the white jersey is wearing a helmet with a yellow design. The video then shows a close-up of the player in the white jersey with the number",Sports
7374631394108181806,"The video shows a woman standing in front of a bed in a bedroom. She is wearing denim shorts and a striped shirt. The bed has a tufted headboard and is made with white sheets and pillows. The woman appears to be talking about packing because her spouse was brought to the U.S. at age 4. She mentions that her DREAMER age 19 got married in 2017, and her daughter left the USA for h h in 2022. She also mentions that she has been living in the USA since 2017, and she has been living in the USA since 2017. She talks about",Entertainment & Shows
7285324334934035745,"The video shows a man in a suit and tie standing in front of a group of people in a room. He is holding a microphone and appears to be speaking to the group. The room is filled with people, some of whom are standing and others are sitting. The man in the suit is wearing a suit and tie, and he is holding a microphone. He appears to be speaking to the group, and the people in the room are listening to him.",1. News
7374137745364602155,"The video features a woman in a pink jacket and a man in a black shirt inside a car. The woman is speaking, and the man is listening attentively. The woman is making a point about dating someone who wants you, not someone who doesn't. The man is wearing a black cap and a black shirt. The video is set in a car, with the woman speaking and the man listening.",1. News
7345205332383108394,"The video shows a group of people gathered around a table in a room with a stone wall in the background. The people are signing documents and appear to be involved in a humanitarian effort. The text on the screen reads ""A CATASTROPIC: HUMANITARIAN,"" indicating that the situation is dire and that the people are working to address the humanitarian crisis.",1. News
7335427690708651272,A person wearing a white sweater with black trim and blue jeans is standing on a city street. They are being interviewed by someone holding a microphone. The person is talking about the concept of personal space in Korea.,1. News
7366011789085035809,"A man in a suit and tie is standing at a podium on a stage. He is holding a cane and talking to another man who is also standing at the podium. The stage is decorated with blue and white lights, and there is a large screen behind them that displays the text ""antwortung führen. In Verantwortung.""",Politics
7383627859803393313,"The video shows a man sitting at a desk in an office, wearing a white polo shirt and black pants. He is speaking to the camera, and the text on the screen changes as he talks. The text includes phrases like ""A ENCORE,"" ""SON PORTRAT,"" ""LE SUCCES,"" ""LES ATTENTES,"" ""SEPTEMBRE,"" ""LE SIFFLE,"" ""DU MATCH,"" ""ET PUS,"" ""LACTUALITÉA,"" ""CETAI LACTUALITÉE,"" ""APRES,"" ""SYNOGOGUES PRÉSÉCTES,"" ""CHAQUE GOIS,"" ""L",Sports
7362157037511396613,A person is unpacking a large box of beauty products from a shipping box. They are holding a bottle of body mist and a tube of body cream. The person is also holding a box of hair dye and a box of hair dye remover. They are talking about the products and how to use them.,Beauty Care
7346042702347406638,"The video starts with a person sitting on a rooftop in a city with red-tiled roofs and a church with a clock tower in the background. The person is wearing a black hoodie and white sneakers. The scene transitions to a person sitting on the ground in front of a building with a red roof, wearing a brown sweater and black pants. The person is holding a basket and talking to the camera. The scene then shifts to a person in an orange hoodie sitting in a room with a black TV and a window with curtains. The person is holding a black object and talking to the camera. The scene then shows a person standing on a bridge in front of a city with tall",Travel & Events
7362203819721166123,"The video shows a group of children holding signs and standing in front of tents in a public area. The children are wearing different colored shirts and are holding signs with messages of support for the students of Harvard University and Columbia University. The signs read ""We love the students of Harvard University"" and ""We hear the students of Harvard University."" The children are also holding signs with messages of support for the students of Columbia University, such as ""We respect you"" and ""We hear you."" The children are standing in front of tents and buildings, and there are other people in the background. The video also shows a woman in a green uniform kneeling on the ground, holding a person in a black jacket",Education
7389277272009690401,"The video begins with a view of a large white boat with a red stripe on the side, moving through a body of water. The boat is surrounded by a large cloud of white foam, indicating it is moving quickly. The sky is overcast, and the water is calm. The boat is moving towards the camera, and the text ""sky news"" is visible in the top left corner of the frame. The scene then transitions to a view of a large white boat with a red stripe on the side, moving through a body of water. The boat is surrounded by a large cloud of white foam, indicating it is moving quickly. The sky is overcast, and the water is calm. The",News
7315533802409839914,"The video features a person with long, wavy blonde hair, wearing a dark-colored jacket, standing in a room with a light-colored wall and a plant in the background. The person is seen gesturing with their hands while speaking, and the text on the screen provides commentary on various topics related to Islamophobia and the treatment of Christians in Palestine. The video covers a range of topics, including the mass migration of Arab Jews to Israel, the expansion of the Muslim empire through trade, and the dangers of spreading harmful rhetoric about billions of people. The person's gestures and the text on the screen suggest a critical and informative tone, with the person emphasizing the importance of prioritizing truth over entertainment",News
7355525427160452385,"The video features a woman performing on stage, wearing a black outfit and a hat. The text overlay reads ""When Beyoncé points at you in the crowd."" The woman is seen singing into a microphone, with the audience in the background. The video also includes a text overlay that reads ""What you say? She ain't no diva She ain't no diva She ain't no diva."" The woman is seen holding a microphone and gesturing with her hands. The video concludes with the woman standing on stage, with the audience in the background.","3. Music, Singing, & D"
7368383778034601249,"The video shows a computer screen with a 3D model of a room. The room has a desk, a chair, and a bin. The desk has a computer on it. The bin is labeled ""Recycle Bin"". The text on the screen says ""Freundin: Was hast du den Garten tag gemacht? Ich: Aufgeräumt"". This translates to ""Friend: What did you do in the garden today? Me: I cleaned up"". The video is a humorous take on the friend's reaction to the friend's actions in the garden.",1. News
7386720277557742880,"The video showcases a series of gymnastics performances, featuring a female gymnast in a blue leotard performing on a green and blue gymnastics mat. The gymnast is seen executing a series of flips and jumps, demonstrating her athleticism and skill. The video captures the gymnast's movements in detail, highlighting her strength and control. The background of the video is a gymnasium filled with spectators, adding to the competitive atmosphere. The gymnast's performance is well-received by the audience, with the video ending on a note of applause and admiration.",Sports
7297944147648924961,"The video showcases the process of making Slow Cooker French Onion Soup. It begins with a close-up of a white ceramic pot filled with golden brown onions, followed by the addition of sliced onions, salt, pepper, garlic, and brown sugar. The onions are then cooked in the slow cooker on high for 8-10 hours, resulting in a rich, flavorful broth. The video then shows the soup being poured into a black ceramic bowl, topped with bread, and finally, the bread is grilled for 8 minutes. The final scene features a close-up of a hand holding a piece of the grilled bread, ready to be served.",17. Food
7400109280008867114,"The video features a person wearing a white t-shirt with blue and red text that reads ""HARRIS FOR PRESIDENT"" and a gold necklace. The person is sitting on a bed with a white blanket and a black headboard in the background. The person is speaking and gesturing with their hands, emphasizing the importance of checking voter registration status. The video also includes text overlays that read ""DEMOCRATS MUST CHECK/VOTER REGISTRATION STATUS"" and ""HARRIS FOR PRESIDENT"" along with a hashtag ""#HARRISFORPRESIDENT"". The person appears to be discussing the importance of",Politics
7331415226442730757,"The video showcases a vibrant and energetic performance by a group of individuals, likely a band or a group of dancers, on a stage with a dynamic and colorful background. The performers are dressed in a variety of outfits, including camouflage jackets, red and white outfits, and white outfits with red accents. They are seen dancing energetically, with some individuals holding microphones and others performing synchronized dance moves. The stage is illuminated with bright lights, creating a lively atmosphere. The video also includes text overlays in Korean, which provide context and commentary on the performance, such as ""아침반칙"" (morning snack) and ""성남 �","Music, Singing, & Dancing"
7307346522234998049,"The video features a woman sitting on a couch, wearing a dark-colored top. She is speaking to the camera, and the text overlay on the screen reads, ""me when someone asks why I love to watch The Kardashians."" The woman appears to be in a casual setting, possibly a living room, and is engaged in a conversation about her love for the show. The video does not contain any additional visual elements or actions beyond the woman speaking and the text overlay.",8. Entertainment & Shows
7362216509206236449,"The video showcases a person's shopping trip, starting with a close-up of a hand holding a package of ""Spa Frish"" bath bombs. The person then moves to a shelf stocked with various items, including a box of ""Cien"" bath bombs, a pack of ""Bakeos & Pripschme"" soap, and a bag of ""Kakos & Pripschme"" soap. The person then picks up a bottle of ""Head & shoulders"" shampoo and a bottle of ""Seinz"" deodorant. The video continues with the person selecting a box of ""Pasta"" pasta, a bottle of ""Rückstädter Original",1. News
7396760829498002720,"A woman with long, wavy blonde hair is standing in front of a bookshelf filled with books. She is wearing a white tank top and is gesturing with her hands as she speaks. The text on the screen is in German and includes phrases like ""warum ich die Bücher nicht mehr verkaufe"" (why I no longer buy books), ""warum ich nicht einfach in die Bücherei gehe"" (why I no longer go to the bookstore), and ""warum ich nicht einfach in die Bücherei kaufe"" (why I no longer buy books). The woman is making various",Entertainment & Shows
7343145915886193926,"A man and a woman are standing on a cobblestone street at night. The man is wearing a red jacket and blue jeans, while the woman is wearing a black leather jacket and brown pants. They are talking to each other, and the man is holding a microphone. The background shows a building with a sign that reads ""Зазвичай, коли до мене підходять і кажуть, можна вам розказати залог? На наступний день мені пишу",Entertainment & Shows
7368596585594359083,"The video starts with a person in a studio setting, speaking into a microphone, with a background featuring a neon sign and a large screen displaying the text ""POWERED BY FREEDOM."" The person is wearing a white shirt and is gesturing with their hands while speaking. The scene transitions to a large crowd gathered in a public space, holding signs and banners, with the text ""IN BG"" displayed at the top of the screen. The video then shows a split-screen format, with the person in the studio on the left and the crowd on the right. The text ""IN BG"" is displayed at the top of the screen, and the person is speaking into",Politics
7395305751469772075,"The video shows a woman with long hair sitting in the driver's seat of a car. She is wearing a purple top and a necklace. The background is a car interior with a window showing a building outside. The woman is talking and gesturing with her hands. The video ends with a text overlay that reads ""Ready to teach more comments Trump or Harris.""",Politics
7278695690522348843,"The video features a person wearing a green hoodie with a graphic on it, sitting in an airplane. The person is speaking and gesturing with their hands. The background shows the interior of the airplane, including the seats and the windows. The person is also seen looking at a screen with a news article about Mr. Beast's net worth. The article states that Mr. Beast has a net worth of $100 million and provides a link to the article. The person continues to speak and gesture, and the video ends with the person still speaking and gesturing.",Entertainment & Shows
7344030729531067680,A man in a suit and tie is talking to another man in a suit and tie. They are in a room with a lot of people in the background. The man in the suit and tie is holding a microphone. The man in the suit and tie is talking to the man in the suit and tie. The man in the suit and tie is talking to the man in the suit and tie. The man in the suit and tie is talking to the man in the suit and tie. The man in the suit and tie is talking to the man in the suit and tie. The man in the suit and tie is talking to the man in the suit and tie. The man in the suit and,Politics
7395616033127648554,"The video shows a person in a black outfit standing in a room. The person is holding a black bag and appears to be taking a selfie in front of a mirror. The room has a bed with a white blanket and a dresser with a mirror. The person is wearing a black shirt and black pants. The video ends with the person still in the room, holding the bag and taking the selfie.",13. Beauty Care
7347525697591725355,"A person wearing a green shirt with the text ""THEY'RE NOT THEY'RE NOT THEY'RE NOT THEY'RE NOT THEY'RE NOT THEY'RE NOT THEY'RE NOT THEY'RE NOT THEY'RE NOT THEY'RE NOT THEY'RE NOT THEY'RE NOT THEY'RE NOT THEY'RE NOT THEY'RE NOT THEY'RE NOT THEY'RE NOT THEY'RE NOT THEY'RE NOT THEY'RE NOT THEY'RE NOT THEY'RE NOT THEY'RE NOT THEY'RE NOT THEY'RE NOT THEY'RE NOT",Politics
7376404436505136416,"The video is a humorous take on the ""London Traffic Warden"" sketch, where a traffic warden is seen interacting with a person in a blue hat and black jacket. The warden is seen talking to the person, who is wearing a black jacket and a blue hat. The warden is seen holding a ticket and talking to the person, who is seen holding a phone. The warden is seen talking to the person, who is seen holding a phone. The warden is seen talking to the person, who is seen holding a phone. The warden is seen talking to the person, who is seen holding a phone. The warden is seen talking to the person, who is",Entertainment & Shows
7341059462687509803,"The video is a compilation of various images and text that suggest that Kate Middleton is confined in a tower, possibly deceased, and that Camilla Parker may be responsible for this situation. The text confirms that Kate Middleton is sedated and locked in a tower, with Camilla Parker being held responsible. The video also includes images of Kate Middleton and Camilla Parker, as well as various other people, suggesting that they are all involved in the situation. The video also includes text that suggests that Kate Middleton is being anesthetized and confined in a tower, with Camilla Parker being held responsible. The video also includes text that suggests that Kate Middleton and Camilla Parker seem to be",Politics
7357877605581802795,"A video game scene where a character is being chased by another character. The first character is running through a cityscape, while the second character is following closely behind. The first character is wearing a white shirt and brown pants, while the second character is wearing a black outfit with red and black accents. The first character is also carrying a flashlight. The first character is trying to find a place to hide, but the second character is determined to catch them. The first character eventually finds a hiding spot behind a wall, but the second character is still able to find them. The first character is then seen running away from the second character, who is chasing them. The first character is trying to find a",Gaming
7348220196772990254,"The video starts with a person wearing a black cap and glasses, sitting in front of a laptop. The person is wearing a light blue shirt with a graphic design and a black cap with a logo. The background shows a window with white curtains and a beige wall. The person is holding a pen and pointing at the laptop screen, which displays a website that cannot be reached. The text on the screen reads ""First hand look at censorship inside China"" and ""First hand look at censorship inside China"". The person continues to point at the screen, and the text changes to ""I'm just trying to show you firsthand the kind of censorship, specifically online censorship, that the Chinese Communist Party has implemented",Politics
7323547689201765664,"The video showcases a person in a garage, wearing a black shirt with a white logo and a black cap. The person is standing in front of a green sports car and a white sports car, with a garage in the background. The person is talking about the cars and the person's collection. The video also includes text overlays that read ""5 Cars from Country Italian Edition"" and ""Classic"" with a list of cars. The person is also seen pointing at the cars and talking about them. The video ends with the person saying that they need to do another list because they couldn't include cars they own.",Sports
7388973620116180257,"A man in a suit and tie is giving a speech at a podium. The text on the screen reads ""Jordan Bordea: 'vous seraiez, vous jusqu'à la victoire'"".",Politics
7392691382218935583,"The video starts with a group of people in white shirts with black designs, standing in a room with a red background. They are holding a black bag with a white logo. The scene then shifts to an airport where two people are standing in front of a building with a sign that reads ""Welcome to Terminal 4"". The next scene shows two people sitting in front of a building with a sign that reads ""Welcome to Terminal 4"". The final scene shows a group of people sitting in a room with a large window, with a cityscape visible outside. The video then shows a group of people playing ping pong in a room with a green wall. The final scene shows a group of people",Sports
7323689375043243269,"The video features a white cat standing on a blue couch in a well-lit room with wooden floors and a chandelier. The cat is holding a small object in its paws and appears to be looking at the camera. The text on the screen reads ""Вам покачиваю карьерикикой у людей, что у купирующих сосредни, аккули выбравте любую домашнюю другу"" (I am",Friends
7383363724628725024,"The video shows a group of people walking down a runway in a large, industrial-style room. The people are dressed in various outfits, including some wearing black leather jackets and others in black and white clothing. The audience is seated on either side of the runway, watching the models as they walk by.",Fashion
7339981163756490030,"The video shows a person's hands with long, bright pink nails, which are being painted with a bright pink polish. The person is using a nail polish brush to apply the polish to their nails. The video also shows a nail dryer in the background, which is used to dry the nails after they are painted.",Beauty Care
7318033407785569569,"The video showcases a red Mercedes-Benz car parked in a parking lot. The car is detailed with a black and silver emblem on the hood, and the text ""Brabus"" is displayed at the top of the screen. The person in the video, dressed in a light blue shirt and dark pants, is seen standing next to the car, gesturing and speaking. The background features a concrete structure with multiple levels, and the person appears to be explaining something about the car. The text on the screen changes throughout the video, providing different information about the car and the person's relationship with it. The video concludes with a close-up of the car's side, highlighting the """,11. Entertainment & Shows
7361467847190760750,"The video features a person sitting in front of a wall covered with various posters and decorations. The person is wearing a gray hoodie and is speaking to the camera. The text overlay on the video reads, ""I'm not afraid to admit I'm not afraid to admit I'm not afraid to admit I'm not afraid to admit I'm not afraid to admit I'm not afraid to admit I'm not afraid to admit I'm not afraid to admit I'm not afraid to admit I'm not afraid to admit I'm not afraid to admit I'm not afraid to admit I'm not afraid to admit I'm not afraid to admit I'm not afraid to admit I'm not afraid to admit I'm",Entertainment & Shows
7323131799310306590,"The video is a series of interviews with Jeff Bezos, the founder and CEO of Amazon.com, conducted in 2000. The video begins with a man in a blue shirt and gray pants walking down a hallway, followed by another man in a blue shirt and gray pants. The text on the screen reads ""Jeff Bezos interview on Amazon in 2000."" The man in the blue shirt and gray pants is then seen sitting in a chair, talking to another man in a blue shirt and gray pants. The text on the screen reads ""Jeff Bezos interview on Amazon in 2000."" The man in the blue shirt and gray",Entertainment & Shows
7353311795374738721,"The video features a person sitting on the floor, wearing a gray hoodie and black pants, with a blanket featuring a yellow and white pattern draped over their shoulders. The individual is holding a phone or tablet in their hands, and the background includes a wall with a brick pattern and a wooden shelf. The person appears to be in a relaxed state, possibly watching something on the device. The video is captioned with French text that reads, ""Pov: t'es en même temps, tu n'as vu suit sans avoir suivi, car, tu n'as d'avoir suit sans avoir suivi, car,",1. News
7329621030023089440,"The video shows a group of people standing in a room, with one person wearing a white hoodie and another wearing a black top. They are posing for a photo together.",1. Entertainment & Shows
7261278269884992795,"The video shows a group of people on stage, with one person in the center holding a microphone. The stage is lit with red and blue lights, and there are people in the audience taking pictures and videos. The person in the center is wearing a white shirt and black pants, and the person next to them is wearing a white shirt and black shorts. The person in the center is holding a microphone and appears to be speaking or singing. The person next to them is holding a microphone and appears to be singing or speaking. The person in the center is wearing a white shirt and black pants, and the person next to them is wearing a white shirt and black shorts. The person in the center is","Music, Singing, & Dancing"
7397527101143878954,"A man in a suit and tie is speaking at a podium in a formal setting. He is addressing a group of people, likely senators, and is using hand gestures to emphasize his points. The text on the screen is in yellow and white, and it appears to be a question or statement being made by the man. The background is a typical formal setting with a large window and a sign that reads ""July 30, 2024 - 5.7M Views."" The man is wearing a blue suit and tie, and he is standing behind a podium with a nameplate that reads ""RONALD ROE, JUDGE.""",Politics
7353267784886897952,"Two men are sitting at a counter in a room. One man is wearing a yellow jacket, and the other man is wearing a white hoodie. They are talking to each other.",Entertainment & Shows
7351137146004114693,"The video showcases a thrilling soccer match between two teams, one in yellow and the other in blue. The match is intense, with players from both teams displaying remarkable athleticism and skill. The video captures a series of key moments, including a player in blue being tackled by a player in yellow, a player in yellow attempting to score a goal, and a player in blue attempting to score a goal. The video also highlights the referee's decision to award a goal, as well as the players' reactions to the game's outcome. The video concludes with a player in blue celebrating a goal, while the player in yellow is seen lying on the ground, possibly injured.",5. Sports
7312903813122280746,The video shows a group of farmers in France protesting against the draconian regulations against ethm. Now they are literally spraying cow shit at government officials.,Politics
7357063093962214689,"The video features a person wearing a black jacket with white zippers and a pearl necklace. They are standing in front of a window with blinds and a wall with pictures. The person is speaking German, and the text on the screen reads ""wie ich in die Deutsche abprüfung reiß gehe am."" The person is gesturing with their hands and appears to be explaining something.",1. News
7374800691677629729,"The video features a person standing in front of a large orange truck with the text ""How do you step 4 hours and ovvk15 hours"" displayed at the top. The person is wearing headphones and appears to be speaking or singing. The background is a road with trees and a clear sky. The person then makes a gesture with their hand, and the text changes to ""It's in my blood."" The person continues to gesture and make hand movements, and the text remains the same. The video concludes with the person still gesturing and the text ""It's in my blood"" still displayed.",Comedy
7350964297381498154,"A person is rummaging through a trash bin, looking for items. The trash bin is full of various items, including a box of chocolates, a box of macaroons, a box of pizza, and a box of pizza crusts. The person is also looking for a laptop, which is partially visible in the trash bin.",Entertainment & Shows
7405044080729787678,"The video shows a woman standing at a podium, holding a book and speaking into a microphone. The background is a blue and red background with stars. The text on the screen reads ""DNC speaker briggugugat at copy of Proj:2025"" and ""PROJECT 2025"". The woman is wearing a blue suit. The video also shows the woman speaking at a podium with a red and white striped background. The text on the screen reads ""DNC speaker briggugugat at copy of Proj:2025"" and ""PROJECT 2025"". The woman is wearing a blue suit. The video also shows",Politics
7337416931965685034,"The video features a person standing outdoors, wearing a plaid shirt, and speaking to the camera. The background is a natural setting with trees and a wooden bench. The person is gesturing with their hands while speaking, and the text on the screen changes throughout the video to provide different information. The text includes statements about the tiny rural electric cooperative in eastern Oregon, its carbon footprint, and the reasons behind Amazon's decision to build data centers in the area. The video also provides a website for more information, OregonLive.com/business.",Science & Technology
7283933352267337002,"The video features a woman wearing a white shirt with the word ""PINK"" on it. She is sitting on a couch and talking to the camera. The text on the screen reads ""Mother Gothei but make her Desi"" with a heart emoji. The woman is wearing a black headscarf and has her hands on her chest. The background is a plain wall. The video then transitions to a woman wearing a red and gold traditional outfit with intricate embroidery. She is wearing a headscarf and has a large nose ring. The background is purple and the lighting is dim. The video ends with the woman looking at the camera with a serious expression.",1. News
7353365116554956074,"A person wearing a colorful jacket with yellow, green, and blue colors is standing in front of a disco ball. The background is a vibrant, colorful, and reflective surface, possibly a dance floor or a stage. The person is smiling and appears to be enjoying themselves. The text at the top of the screen reads ""YOU ARE MY SUNSHINE BATTLE ROUND OF 16 #4"" and ""2. Chines sunshine."" The person is wearing sunglasses and has a beard. The video is a humorous take on the popular ""I'm your sunshine"" meme, with the person taking on the role of the sun and the disco ball representing the person's",1. News
7398943500328242463,A person is making a set of dice with glitter and pink resin. They are using a green mold and pink resin to create the dice. The person is also using a purple mold to create a different set of dice. They are using a purple liquid to fill the molds and then pouring the resin into the molds. The person is using a purple liquid to fill the molds and then pouring the resin into the molds. They are using a purple liquid to fill the molds and then pouring the resin into the molds. They are using a purple liquid to fill the molds and then pouring the resin into the molds. They are using a purple liquid to fill the molds and then pouring the resin into the molds.,Entertainment & Shows
7386453398792441131,"A person with long braided hair is sitting on a bed with a blue blanket. They are wearing a white t-shirt with the words ""I FEEL GREAT"" written on it. The person is holding a makeup brush and a makeup palette. They are talking about the makeup palette and showing it to the camera.",Beauty Care
7348462120817790240,The video shows a man in a blue jacket shopping in a grocery store. He is looking at a shelf of snacks and picks up a box of Cathedral City cheese. He then picks up a box of Cathedral City cheese sticks and continues to shop. The video ends with the man holding the box of Cathedral City cheese sticks and looking at the camera.,Entertainment & Shows
7360235976494550304,"The video features a series of individuals attempting to jump over a wall in a trampoline park. The first person, wearing a white t-shirt and blue shorts, is seen jumping over the wall. The text ""あなたはないらっち"" (You are not a trampoline) appears on the screen, suggesting a humorous or ironic commentary on the person's attempt. The second person, dressed in black, attempts to jump over the wall but falls short. The third person, wearing a white t-shirt and blue shorts, is seen jumping over the wall again, with the text ""あなたは",プレイヤー
7347591598408043808,"The video starts with a map of the United States, with the text ""Random City USA"" overlaid. The map is color-coded, with each state represented by a different color. The text ""Random City USA"" is then removed, and the map is shown without any text. The map then shows a specific city, Sterling, Colorado, with a red star indicating the location. The city is shown in a close-up view, with a large building in the background. The city is shown from a different angle, with a view of the city skyline and a flagpole in the foreground. The city is shown from a different angle, with a view of the city skyline",Travel & Events
7310063052341185823,"The video starts with a person in a gray shirt standing in front of a wooden structure, holding a large, transparent, rectangular object. The object is shown to be a panel that can bend light, making it invisible. The text on the screen reads ""has been announced"" and ""China and the development of science than magic."" The scene transitions to a news article from Bilibili, which reports on the development of an invisibility cloak by a physicist named Chu. The article is titled ""China and the development of science than magic"" and is dated November 28, 2020. The article discusses the potential use of the invisibility cloak in combat and the potential",Science & Technology
7380812058167708960,"The video is a humorous and informative comparison of two football players, Jamal and Jude Bellingham, from Germany and England, respectively. The video is divided into several sections, each highlighting different aspects of the players' careers and personalities.

The first section introduces Jamal, who was born in Germany but moved to Southampton at age seven. It mentions that he scored six goals in his first 10 minutes and was offered a trial by Southampton and then Saints Academy. The video humorously suggests that Jamal was a decent player but was eventually signed by Bayern Munich for 180,000 for Musiala.

The second section focuses on Jude",Sports
7377701670077205803,"The video shows a person with long hair, wearing a black top and a necklace, in a room with a lamp and some pictures on the wall. The person is talking about not wanting to dye their hair pink, but the parasites in them want them to. The person then changes their hair color to red, and the text ""AMBER"" appears on the screen.",1. News
7309888375023045931,"The video features a person wearing a blue jacket with a red and white logo on the front, standing in front of a wall with various tools hanging on it. The person is wearing a beanie and has a beard. The video is divided into several segments, each with different text overlays. The text overlays include phrases such as ""don't escalate,"" ""republican take,"" ""republican take,"" ""republican take,"" ""republican take,"" ""republican take,"" ""republican take,"" ""republican take,"" ""republican take,"" ""republican take,"" ""republican take,"" ""republican take,"" ""rep",Politics
7312875354220285215,"The video starts with a man in a dark suit, white shirt, and red tie standing in front of a night cityscape backdrop. He is speaking and gesturing with his hands. The scene transitions to a live broadcast of a political event in Iowa, where a man in a dark suit, white shirt, and red tie is speaking at a podium with the text ""Trump rallies supporters"" and ""Live coverage"" displayed. The scene then returns to the man in the dark suit, who continues to speak and gesture. The video then shows a stock market ticker with the Dow Jones Industrial Average at 4,705.20, and the text ""DOW ON P",Politics
7283816318883679531,"The video is a series of frames showing a person with long blonde hair wearing a black shirt with the word ""SWA"" on it. The person is standing in front of a white background with a list of things that you might not know about teaching in 2023. The list includes items such as meetings just to announce the day of, students growing up around technology but they literally don't know how to google, overstimulated classrooms and lab classrooms are the normal gone are the days where students just do work quietly that doesn't exist anymore, overstimulated at all hours of every single day, and out of 25 students, 17 don't turn in work",Science & Technology
7317764806767922475,"A woman and a child are playing in a snowy forest. The woman is standing in a metal barrel filled with ice, while the child is sitting in a plastic container filled with ice. The woman is using a black tool to break the ice, and the child is playing in the water. The woman is wearing a leopard print top and light gray leggings, while the child is wearing a blue and white patterned outfit. The woman is smiling and laughing, and the child is also smiling and laughing. The woman is holding a red apple, and the child is holding a blue toy. The woman is also holding a blue toy, and the child is holding a blue toy. The woman is also",Entertainment & Shows
7395290316569382174,"The video features a woman wearing a leopard print top and glasses, standing in front of a blurred background. She is speaking, and the text overlay on the screen provides a list of tips for surprise gifts. The text includes phrases like ""a surprise gift for your partner"" and ""a surprise gift for your mother,"" suggesting that the video is a tutorial or guide on how to give surprise gifts.",1. News
7358143601869671685,"The video showcases a breathtaking sunset over the ocean, with the sun setting in the horizon and casting a warm glow over the water. The sky is painted with hues of orange, yellow, and pink, creating a stunning visual effect. The waves gently crash against the shore, adding to the serene atmosphere. The video captures the beauty of nature in its most tranquil state, with the sun's rays reflecting off the water and the sky's vibrant colors.",Travel & Events
7366140924629470496,"The video shows a woman in a white outfit standing in front of a crowd at an event. She is wearing a white outfit and has long blonde hair. The background shows a crowd of people, some of whom are taking pictures. The woman is smiling and appears to be enjoying the event. The video also shows a close-up of the woman in the white outfit, with a picture of a woman in a gold dress with intricate designs and long sleeves. The woman in the gold dress is standing on a red carpet, with a crowd of people in the background. The video also shows a picture of a woman in a white outfit, with a picture of a woman in a gold dress with intricate",Entertainment & Shows
7380810864477130016,"The video is a compilation of images from a concert, with the text ""Can't stop the power"" and ""*Stops the power*"" appearing on the screen. The images show a person in a yellow hoodie, a person in a black hoodie, and a person in a black shirt with a red and white design. The background is a stage with red lighting and a large red object. The text appears to be a reference to a song or performance, possibly from the band ""The Black Keys.""",1. News
7346779567639498026,"A person with long, wavy hair is wearing a black top and has pink hair clips in their hair. They are holding a lip gloss tube and applying it to their lips. The background is plain and light-colored. The person is wearing a black top and has pink hair clips in their hair. They are holding a lip gloss tube and applying it to their lips. The background is plain and light-colored. The person is wearing a black top and has pink hair clips in their hair. They are holding a lip gloss tube and applying it to their lips. The background is plain and light-colored. The person is wearing a black top and has pink hair clips in their hair. They",Beauty Care
7299554274827046187,"The video features a person in a dark blue shirt with a necklace and a pendant, speaking in front of a plain background. The person is seen gesturing with their hands while speaking, and the text on the screen provides context and information about the history of Palestine. The video covers various topics related to the history of Palestine, including the Ottoman Empire, the British Mandate, and the Palestinian identity. The person also discusses the Palestinian struggle for independence and self-determination, and the impact of the Israeli occupation on the Palestinian people. The video concludes with a list of books recommended for further reading on the topic.",History
7348934489122327841,"The video is a compilation of various scenes from a large public demonstration, likely a protest or rally, with a focus on political and social issues. The footage shows a diverse group of people, including individuals holding signs and banners, engaging in discussions and interactions. The signs and banners contain messages such as ""Vidio,"" ""S.V.O.,"" ""Geopolitik,"" ""sagen gar nichts abgeben,"" ""der ist auch da,"" ""der ist da,"" ""der ist da,"" ""der ist da,"" ""der ist da,"" ""der ist da,"" ""der ist da,"" ""der ist da,"" ""der ist da,"" ""der ist da",Politics
7282317561864260897,"The video showcases a series of scenes featuring a steam locomotive train, with the text ""Steampunk conversion"" displayed at the bottom of the screen. The train is seen traveling through a forested area, emitting smoke from its chimney, and passing by a brick wall with people standing on top. The train is also shown inside a train car, with passengers seated and a person standing in the aisle. The video also features a steampunk-themed chair, a collection of steampunk accessories, and a person dressed in a steampunk costume. The final scene shows a person with red hair, wearing a necklace, with the text ""Steampunk conversion"" displayed at the bottom of the screen.",1. Entertainment & Shows
7343605850105318658,"A person is playing the piano with their hands. The piano is illuminated by a blue light, and the person's hands are visible on the keys.","Music, Singing, & Dancing"
7349023065575083306,"A woman in a red dress is standing on a stage at a conference, speaking to the audience. She is holding a microphone and gesturing with her hands. The audience is watching her and listening to her speech. The woman is wearing a red dress and is standing on a stage at a conference. She is holding a microphone and gesturing with her hands. The audience is watching her and listening to her speech. The woman is wearing a red dress and is standing on a stage at a conference. She is holding a microphone and gesturing with her hands. The audience is watching her and listening to her speech. The woman is wearing a red dress and is standing on a stage at a conference.",Politics
7223384947938053418,"The video shows a person wearing a dark blue shirt with green text on it. The person is standing in a kitchen with a tiled floor. There are two armadillos on the floor, one is light-colored and the other is dark-colored. The text on the screen reads, ""Armadillos have been given a reputation, specifically the nine banded armadillo that is from the American South. And the reason for this is because they are known for being able to carry leprosy. Leprosy is a very ancient disease that is actually in modern times, not only very curable, but it's actually kind of a weak disease. It basically, if it's too",Sports
7386641138611981601,"The video features a person wearing a brown jacket and a blue and white checkered shirt. The person is being painted with makeup by another individual, who is applying makeup to the person's face. The makeup application process is shown in detail, with the person's face being covered in makeup and the makeup artist carefully applying it. The video then transitions to a close-up of the person wearing a black military-style uniform, complete with a hat and gloves. The uniform is detailed with gold accents and a belt. The video concludes with a close-up of the person wearing the black military-style uniform, with the text ""sa kurosaki"" visible on the screen.",1. Entertainment & Shows
7314163714402340102,"The video begins with a close-up of a warp gate, which is a circular structure with a glowing blue light emanating from it. The gate is surrounded by a dark background, with small white dots representing stars. The gate is shown in different angles, with the light swirling and changing colors, creating a sense of motion and energy. The text overlay reads ""This is How A Warp Gate slows down a ship dv two exit a hyper lane,"" indicating that the gate is used to slow down a ship as it exits a hyper lane. The video then transitions to a black background with white dots representing stars, and the warp gate is shown in a close-up view. The gate is glowing",This is how a warp gate slows a ship down
7385499788764040481,A person is holding a Kinder chocolate bar in a white container. They are trying to melt the chocolate by dipping it into a metal container filled with water. The chocolate starts to melt and the person uses a pair of scissors to cut the chocolate into smaller pieces. The melted chocolate is then poured into a metal container and stirred with a spoon. The melted chocolate is then poured into a glass bowl and stirred with a spoon. The melted chocolate is then poured into a glass bowl and stirred with a spoon. The melted chocolate is then poured into a glass bowl and stirred with a spoon. The melted chocolate is then poured into a glass bowl and stirred with a spoon. The melted chocolate is then poured into,Entertainment & Shows
7276776260431367467,"The video is a montage of a man in a suit and tie speaking into a vintage microphone, with text overlaid on the screen. The text appears to be a list of statements made by the man, which include things like ""ANYTHING I'VE DONE IN MY GUSH AS AN SS COLONEL WAS SANCTIONED BY THE OSS AS A NECESSARY EVIL TO ESTABLISH MY COVER WITH THE GERMANS,"" ""AND IT WAS MY PLACEMENT OF LATEENE'S DYNAMITE IN HITLER AND GOEBBELS' OPERA BOX THAT ASSURED",Politics
7372265021042101550,"The video features a person with long hair, wearing a black shirt, in a room with a window with blinds and a decorative item on the wall. The person is seen making various hand gestures and movements, including pointing, touching their face, and holding their hand up to their face. The text overlay at the top of the screen reads ""Reply to tynesy, ca's comment"" and ""Glasgow,"" indicating that the person is responding to a comment from someone named Tynesy from Glasgow. The person's actions and the text overlay suggest that they are engaged in a conversation or reacting to something mentioned in the comment. The video does not contain any additional information or context beyond the",Travel & Events
7373730224879521056,"The video showcases a detailed and intricate drawing of a tiger, rendered in a variety of colors including orange, black, white, and blue. The tiger is depicted in a dynamic pose, with its mouth open and teeth bared, as if in the midst of a fierce battle. The background of the drawing is a dark, textured surface, which contrasts with the vibrant colors of the tiger. The drawing is done in a realistic style, with attention to detail in the tiger's fur and facial features. The video does not contain any additional information or context beyond the drawing itself.",7. Sports
7326266761773436166,"The video features a person wearing a black sweatshirt with white text on it, sitting in front of a wall adorned with various posters and a guitar. The individual appears to be speaking, as indicated by their mouth movements and hand gestures. The background includes a bed with a blue blanket and a window with blinds. The person's facial expressions and body language suggest they are engaged in a conversation or monologue. The video does not contain any discernible text or captions.",1. News
7371461402030034218,"The video shows a man in a suit and tie standing in an office, holding a card. He is speaking to the camera and the text on the screen reads, ""And if Jewish people are gonna vote for Joe Biden, they have to have their head examined."" The man then says, ""The last person I'm gonna take advice from as a Jewish person is a known anti-Semite who's had dinner with anti-Semites, who said there was good people on both sides after Charlottesville. He's the last person I'm gonna take advice from."" The video ends with the man saying, ""I'm going to take advice from him.""",Politics
7367380929913900320,"The video features a person wearing a black shirt and headphones, standing on a road with trees in the background. The person is wearing a necklace and has long hair. The video is a selfie, and the person is looking at the camera. The text overlay on the video reads, ""PSA I wore shorts on my walk and the only thing that cared was my mom. No one alerted the town elders at that size 12 queen wore shorts summer heat x. Literally wear your outfit."" The person is likely discussing the experience of wearing shorts during a hot summer day, and the text suggests that the person's mom was the only one who noticed the shorts.",1. News
7306264195475983622,"The video features a group of dancers performing on stage. The central figure is a woman with long, wavy hair, wearing a black top and a beige skirt with a chain belt. She is adorned with multiple gold necklaces and white gloves. The background is a vibrant, colorful display with various hues of red, green, and purple. The dancers move in sync, executing a choreographed routine. The woman in the center is the focal point, with her movements and expressions conveying a sense of energy and passion. The video captures the dancers' synchronization and the overall atmosphere of the performance.","3. Music, Singing, & D"
7360919706913525035,"The video is a series of frames showing a puzzle game with a watermelon pattern. The game is set against a black background with a red border. The numbers 00:00 to 00:30 are displayed at the top of the screen, indicating the time. The puzzle pieces are arranged in a grid, and the player is trying to fit them together to complete the pattern. The game is challenging, and the player is making progress, but the puzzle is not yet solved. The video is a call to action, urging viewers to donate and help the player reach his goal.",1. News
7380730540061691178,"The video begins with a black screen that gradually reveals a green and black gradient, followed by the text ""hulu"" in green. The text then changes to ""hulu originals"" in green, indicating the platform and content type. The scene transitions to a silhouette of a person standing against a dark background, with the text ""A Court of Thorns and Roses"" appearing in white letters. The video concludes with a black screen, suggesting a transition or a pause in the narrative.",Entertainment & Shows
7355249683469454634,"The video features a person standing on a beach during sunset, with the ocean waves gently lapping at the shore. The individual is wearing a white hoodie and a baseball cap, and is seen from the back. The person is holding a white object, possibly a phone or a camera, and appears to be looking out at the ocean. The sky is a gradient of orange and pink, indicating the time of day is either sunrise or sunset. The person's posture and the serene setting suggest a moment of reflection or contemplation. The video includes text overlays that read, ""the joy of the joy of Jesus, the security of Jesus, the peace of Jesus, the love of Jesus, the peace","the joy of jesus, the security of j"
7387743887940390177,"The video features a person wearing a white sweater with a zipper, standing in a room with a door and a light fixture in the background. The person is holding their hair up with one hand and appears to be speaking. The text overlay on the video reads, ""Someone in their twenties says they aren't voting."" The person then gestures with their hand, possibly emphasizing a point or making a statement. The video ends with the text, ""You're not really into politics? Okay, fair enough. But what are you into? Transformers? Pokemon, you fucking child?""",1. News
7297354768928853294,"The video is a series of text-based messages from a person discussing their experiences with buying and stocking HEB (Hong Kong Express) products. The person mentions that it has been difficult to keep store stock of the variety pack and POG (Pomegranate Juice) products, and that they have been consistently buying these items. They also mention that they have launched seven new Buc-ee's test stores and that if the product sells well, they will open more stores. The person expresses excitement about the upcoming launch of new products and invites viewers to join their VIP phone number list for updates.",Entertainment & Shows
7374908166175280427,"The video starts with a close-up of a plate of tacos, showcasing the ingredients and the preparation process. The tacos are filled with shrimp, tomatoes, onions, and cilantro, and are topped with a creamy sauce. The video then transitions to a kitchen setting, where the shrimp are being cooked in a pan. The shrimp are seasoned with spices and oil, and are cooked until they are golden brown. The video then shows the shrimp being placed on a tortilla, which is topped with the same creamy sauce and fresh vegetables. The video concludes with a close-up of the finished tacos, showcasing the vibrant colors and textures of the ingredients.",Food
7377866805823491371,"The video features a person with curly hair, wearing a dark blue shirt, standing in a room with a painting of a tree on the wall. The person is speaking, and the text overlay on the screen reads, ""You could kiss any woman in game of thrones who would it be?"" The person then points to themselves and says, ""Megan Fox."" The scene transitions to a close-up of the person, with the text overlay changing to, ""Daenerys."" The final frame shows a person sitting on a throne, with the text overlay reading, ""If you can kiss any woman in the world, feet, who would it be?"" The person on the throne is wearing a",8. Entertainment & Shows
7149700277782760746,"The video shows a person lying on a bed with a pink blanket. The person has long hair and is wearing a black shirt. The background is dark, and there is a cat on the bed. The person is holding a phone and appears to be recording themselves. The text on the screen says ""I like pauls dreams... are like this.""",Pets & Animals
7384004708165242144,"The video features a person sitting in a chair in a room with wallpaper and framed pictures on the walls. The person is wearing a light blue sweater and is holding a phone. The person is talking about a black and white dog named Mika, who is sitting in a field of tall grass with red flowers. The person describes Mika as a ""live wire"" and a ""fairy godmother"" and talks about her wide paws and potential for hunting. The person also mentions that Mika has a ""left back leg"" issue and that she might have had a difficult birth. The person concludes by saying that Mika is ""adorable, she's loved, and I love her name",Entertainment & Shows
7314367547862781226,"The video begins with a view of a snowy forest, showcasing tall pine trees covered in snow. The camera pans across the forest, revealing a winding path through the snow-covered ground. The scene is serene, with the forest's trees standing tall against the overcast sky. The camera then focuses on a close-up of a pine tree, highlighting its snow-covered branches and the texture of the snow. The camera pans out to reveal more of the forest, with the path winding through the snow-covered ground. The video continues with a view of a snowy forest, showcasing tall pine trees covered in snow. The camera pans across the forest, revealing a winding path through the snow-covered ground",Science & Technology
7340337384652934446,"The video is a series of images showcasing various individuals with captions providing information about their names and relationships. The captions include names such as Malia Obama, Angelina Jolie, Redfoo, Sky Blue, Nicolas Cage, and Francis Ford Coppola. The captions also mention that Angelina Jolie's birth name is Angelina Jolie Voight, and that she changed her last name to Angelina Jolie after her debut at Sundance Film Festival. Additionally, the captions state that Redfoo and Sky Blue from LMFAO are related to the founder of Motown Records, Barry Gordy Jr., and that Nicolas Cage is actually a stage name for Francis Ford",Entertainment & Shows
7333801200875261185,"The video begins with a dark blue background featuring a world map with a digital texture. The text ""An Election Year Guaranteed To Divide Us"" is prominently displayed in white, capital letters. The scene transitions to a split-screen view with a man in a suit and tie on the left and a man in a suit and tie on the right. The man on the right is gesturing with his hands. The text ""A Second Term We Can All Agree On"" appears in white, capital letters. The video then shows a blue background with the text ""THE DAILY SHOW"" in white, capital letters, followed by ""MONDAYS WITH JON STEWART"" in white",8. Entertainment & Shows
7328517572679372078,"A person is sitting at a table in a car dealership, holding a piece of paper with handwritten text. The person is wearing a gray jacket and a red shirt. The text on the paper reads ""POV: The customer never stops negotiating."" The person is talking to another person who is not visible in the frame. The person at the table is gesturing with their hands while talking. The background shows a car dealership with a glass window and a car visible through it.",Comedy
7375847354341068065,"The video showcases a large crowd gathered at Hinds Hall in Garmin, watching a live concert. The stage is brightly lit with green and red lights, and the crowd is enthusiastic, with many people holding up their phones to capture the moment. The text overlay on the video reads ""Hinds Hall in Garmin"" and ""Hinds Hall Problem isn't the protests what they're protesting it goes against what our country is funding White supremacy is finally on blast. Free Palestine to the home and land. The next but never ended to colonize the rise. The students in tents, posted on the lawn. Occupying the quad, really against the law. Ain't no reason to call",Politics
7392127900079721761,"The video showcases a woman's room at Estelle Manor, highlighting the luxurious amenities and the cost of staying in the room. The room features a large stable room, a regular stable room, and a bedroom with a bed and a nightstand. The woman, who has tattoos on her arms, is seen taking a selfie in the room, showcasing the room's amenities and the cost of staying in the room. The video also includes text overlays that provide information about the room's amenities and the cost of staying in the room.",Entertainment & Shows
7368121296154086688,"The video shows a table filled with various dishes, including salads, meats, and side dishes. There are also glasses of water and wine on the table. A person is standing in front of the table, talking to the camera. The person is wearing a dark sweater and glasses. The background shows a room with a window and some furniture.",1. Entertainment & Shows
7378190751211064607,"The video showcases a man demonstrating the features of an expandable camper. He begins by showing the camper's size and the triple-section design, emphasizing its versatility and ease of setup. The man then explains the importance of a seven-way wiring harness and electric brakes, highlighting the camper's safety features. He demonstrates the camper's ground clearance and the compartments, including a lockable storage compartment and a GoSun power center. The video also highlights the camper's solar features, including a GoSun cooker and a solar table. The man concludes by showcasing the camper's underbelly, which includes a stainless steel hinge and a heavy gasket, and the electrical conduit.",Science & Technology
7325985650140974382,"The video is a humorous take on the idea that running in the rain is better than running on rainy days. It shows a series of experiments conducted by Jamie and Adam to test this theory. The experiments involve weighing work clothes, using artificial rainfall, and comparing the results to walking. The video ends with a humorous note about the results of the experiments.",Science & Technology
7406690692765977887,"The video is a series of clips showing a person sitting in a train or bus, with a stranger sitting in the seat next to them. The stranger is taking the seat, and the person in the video is trying to get their attention and ask them to move. The person in the video is wearing a black shirt and a bandana, and they are speaking to the camera throughout the video. The video also shows the person in the video sitting in the seat, with the stranger sitting next to them. The video ends with the person in the video sitting in the seat, with the stranger sitting next to them.",Travel & Events
7309290162540858667,"The video starts with a news broadcast from a news anchor in a studio, discussing an investigation after a massive home explosion in Arlington, Virginia. The anchor is dressed in a dark suit and tie, and the background features a blue-toned graphic with the text ""HOME EXPLOSION ROCKS NEIGHBORHOOD"" and the ""ABC"" logo. The scene transitions to a close-up of the anchor, with the same text and logo. The video then shows a dramatic scene of a house engulfed in flames, with the text ""BREAKING NEWS"" and ""HOME EXPLOSION ROCKS NEIGHBORHOOD"" still visible.",News
7365274404420406571,"The video starts with a person on a sailboat, wearing a black shirt and gray pants, working on the boat's deck. The person is seen cleaning the boat, and the text ""I live on a shrink wrap sailboat in New England"" appears on the screen. The person then takes a break and sits on the boat, with the text ""the first thing I do in the morning is soak up the sun with Phoebe, and then I do some chores."" The person continues to work on the boat, and the text ""honestly, I hate washing dishes, so this is proof that I do actually wash them"" appears. The person then cooks up some grub,",Pets & Animals
7392992201837464850,"The video starts with a woman standing in front of a glass door, talking about her daughter's first haircut. She is wearing a floral dress and has a tattoo on her arm. The scene transitions to a hair salon where a woman is getting her hair cut. The video then shows a young girl with long, dark hair sitting in a salon chair, getting her hair cut. The scene shifts to the girl standing in front of a white wall, holding a phone and taking a selfie. The video then shows the girl walking down a hallway, holding a white bag. The scene transitions to a subway train, where the girl is sitting on a bench, holding a cup of hot",Travel & Events
7395692426888891679,"The video starts with a person wearing a colorful shirt with a rainbow design, standing in front of a large American flag. The text ""In this election, we each face a question"" appears on the screen. The scene then shifts to a cityscape at sunset, with the text ""What kind of country do we want to live in?"" appearing on the screen. The person is then seen in front of a crowd holding signs that read ""KAMALA KAMP"" and ""KAMALA HARIS."" The scene transitions to a close-up of a person wearing a blue suit with a red tie, with the text ""We choose freedom"" appearing on the screen. The person",Politics
7335178711819373867,"The video shows a series of tweets from the ICCJICJ (@CICJ_Africa) about the South African government filing an emergency request with the International Court of Justice for additional provisional measures specific to the imminent invasion of Rafah. The tweets provide information about the case and the legal team involved. The video also includes a screenshot of a document from the International Court of Justice, which discusses the case and the legal arguments being made. The final frame shows a person wearing a brown shirt, with the text ""and I think it's a testament to the dedication of the South African legal team in this case.""",News
7353793317437590827,The video shows a man and a woman standing in a room. The man is wearing a black shirt and the woman is wearing a black shirt and shorts. They are holding a coffee cup. The man is holding a phone and the woman is holding a remote control. The man is talking to the woman and the woman is looking at the phone. The man is saying something to the woman and the woman is looking at the phone. The man is saying something to the woman and the woman is looking at the phone. The man is saying something to the woman and the woman is looking at the phone. The man is saying something to the woman and the woman is looking at the phone. The man is,1. News
7377799778299579690,"The video features a woman standing in front of an American flag, with a clear blue sky and green trees in the background. She is wearing a black top and has tattoos on her arms. The text overlay on the video reads, ""Isn't it weird you're a fan of an American flag, but you know who you're voting for?"" The woman appears to be speaking directly to the camera, and the video seems to be a commentary on the American flag and the voting process.",1. News
7346724921361435937,"Two girls are walking down a sidewalk in a residential area. They are both wearing black jackets and carrying backpacks. The sidewalk is lined with buildings and trees. The girls are walking in a line, with one girl leading the way.",Travel & Events
7384186520351083781,"Якщо ви думаєте, що в мене не йшла мова про викуп цього бренду, ще раніше до цієє конфліктної ситуації. Ось я пишу вище. Я тобі ще куди-то предложила продати свою ча",Entertainment & Shows
7396382918039457041,"A man and a woman are sitting on a bed in a modern room. The man is wearing a white shirt and black shorts, while the woman is wearing a white shirt with red text and blue jeans. The man is holding the woman's leg and they are talking to each other. The text on the screen changes to different messages, such as ""Не видалось чесь"" (I didn't see anything), ""Не видалось чесь"" (I didn't see anything), ""Не видалось чесь"" (I didn",Entertainment & Shows
7273841367351069998,"The video shows a person wearing gloves and cutting a block of bright yellow soap into smaller pieces. The soap is placed on a marble countertop. The person then holds up a piece of the soap, showing it to the camera. The soap is labeled ""AMINO A NATURA Turmeric & Kaolin Acid Brightening Soap"".",Beauty Care
7277167570946379014,"The video captures the vibrant atmosphere of a large stadium filled with enthusiastic fans. The crowd is predominantly dressed in yellow and blue, with some wearing black and white stripes. The fans are seen raising their hands in the air, waving flags, and cheering enthusiastically. The stadium is well-lit, and the atmosphere is electric. The video also shows a soccer match in progress, with players on the field and the crowd's excitement palpable.",Sports
7365322515998068011,"The video starts with a person standing in front of a podium, with a backdrop of the U.S. Capitol building. The text on the screen reads ""STITCH INCOMING WOKE ENCAMPFENTS EXPOSED!!!!"" and ""we're here to discuss the little Gazas that have risen up on campuses across America."" The person is then shown standing in front of a tent, with the text ""I'm at one of these little Gazas right now and I'm here to expose it for what it really is."" The video then shows a close-up of a sign that reads ""JEWS AGAINST GENOCIDE"" and ""check",Politics
7362319887361903905,"The video begins with a person wearing sunglasses and a gray shirt, standing in front of a white wall. The text overlay reads, ""Seeing Rufuski during Uni ski trip trying to see Uni ski trip trying to see Uni ski trip trying to see Uni ski trip trying to see Uni ski trip trying to see Uni ski trip trying to see Uni ski trip trying to see Uni ski trip trying to see Uni ski trip trying to see Uni ski trip trying to see Uni ski trip trying to see Uni ski trip trying to see Uni ski trip trying to see Uni ski trip trying to see Uni ski trip trying to see Uni",1. Entertainment & Shows
7311332422077975840,"The video shows a series of interactions between a woman and a man in a purple jacket and a man in a purple jacket and a pink tie. The woman is wearing a leopard print coat and a white top with a red pattern. The man in the purple jacket and the man in the pink tie are both wearing ties. The woman is seen talking to the man in the purple jacket, and the man in the pink tie is seen talking to the woman. The video also shows a man in a purple jacket and a man in a purple jacket and a pink tie standing in front of a fence. The man in the purple jacket and the man in the pink tie are both wearing ties. The man in",Entertainment & Shows
7354415572626509099,"The video starts with a person wearing a maroon beanie and a white t-shirt, sitting in a room with a white wall, a green shelf, and a rack of clothes in the background. The person is speaking, and the text on the screen provides information about earthquakes in the United States, particularly in the eastern part of the country. The text explains that the eastern United States is older and has a higher concentration of earthquakes, and that the energy of earthquakes is more efficiently carried by the Earth's crust in this area. The person then discusses the earthquake that occurred in New Jersey, which was a magnitude of 4.8 and had its epicenter in Lebanon, New Jersey. The",Science & Technology
7378608951975349536,"The video captures a moment of triumph and celebration on a soccer field. The players, dressed in white jerseys, are seen running and embracing each other in a jubilant display of joy. The crowd, dressed in various colors, is seen cheering and taking photos, creating a lively atmosphere. The text overlay ""ENGLANDWIN SOCCERAID"" is prominently displayed, indicating the significance of the moment. The video also features a text overlay ""Thank you"" at the end, suggesting a sense of gratitude and appreciation for the viewers.",Sports
7293239332167617834,"The video features a person wearing a sleeveless, light-colored top with a pattern, standing in a room with a colorful curtain and a painting of a deer on the wall. The person is seen gesturing with their hands and making various facial expressions, including smiling and looking at the camera. The text overlay on the video reads ""some of y'all m"" with a laughing emoji, suggesting a humorous or light-hearted context. The person appears to be interacting with the camera, possibly in a personal or social media setting, and is seen making a peace sign with their fingers. The video does not provide additional context or information about the person or the setting.",1. News
7372186670273137952,"The video showcases a series of food-related experiences in various locations. It begins with a person holding a pizza box, followed by a close-up of a colorful pizza with toppings. The scene transitions to a person holding a box of vegan pizza, with the text ""VEGAN IN MÜNCHEN"" appearing on the screen. The video then moves to a street scene with a sign that reads ""Hans's BURGER COLLECTION,"" indicating a restaurant. The next scene shows a person sitting at a table with a menu, with the text ""HAN'S IN GÜLK"" appearing on the screen. The video continues with a person eating",Food
7379475961139547398,"The video features a woman in a black dress with ruffles, standing in a modern kitchen with white chairs and a dining table. She is wearing black high heels and has long blonde hair. The text on the screen reads ""Мени 60 покир"" (My 60 years old) and ""Ну, чуждый 60 года"" (Well, 60 years old). The woman demonstrates how to wear the dress, showing different poses and movements. The video ends with the woman standing confidently in the kitchen, with the text ""Активирую �",3. Entertainment & Shows
7364542326959574314,"The video shows a person lying on a bed, wearing a black shirt. They are holding their hands together and appear to be in a state of relaxation or contemplation. The background includes a bed with pillows and a blanket, as well as a wall with a painting. The person seems to be in a moment of introspection or self-reflection, possibly reflecting on their life or relationships.",1. News
7309293532467039531,"The video is a compilation of various scenes from a television show, with a recurring theme of a woman named Barbie MagA-Nny. The scenes show her sitting on a white couch with a group of people, and she is often seen wearing a pink dress. The background of the scenes is a cityscape with tall buildings and a busy street. The video also includes a news ticker at the bottom of the screen, which provides information about the show's broadcast and the political context of the show. The video also includes a graphic that reads ""Barbie MAGA-Nny thought she had a 'gotcha' moment,"" which suggests that the woman on the show had a moment where",Politics
7376360928851299590,"The video features a series of individuals discussing various topics related to hair care and hair loss. The first person, with long brown hair, is seen wearing a white shirt and a black watch, and is seated at a table with a glass of water. They are engaged in a conversation, gesturing with their hands and using hand gestures to emphasize their points. The background features a bookshelf filled with books and decorative items.

The second person, with curly hair, is also wearing a white shirt and a black watch, and is seated at a table with a glass of water. They are engaged in a conversation, using hand gestures to emphasize their points. The background features a bookshelf filled with",Lifestyle
7347847920151956779,"The video shows a person standing in a doorway, wearing a hat and holding a leash. They are looking at a small dog that is standing on the floor. The person then bends down and picks up the dog, carrying it into the house. The dog appears to be excited and happy, wagging its tail. The person then puts the dog down and walks away, leaving the dog on the floor. The video ends with the dog looking up at the person, who is now out of view.",7. Pets & Animals
7291696863449763078,"The video features a person wearing a beige shirt and a black headband, speaking directly to the camera in a room with a window and a curtain in the background. The person uses hand gestures to emphasize their points, and the text overlays provide context and commentary on the topics being discussed. The video covers various topics, including the Israeli-Palestinian conflict, the use of rockets, and the impact of the conflict on civilians. The person also discusses the psychological impact of the conflict on those involved and the importance of unity and hope in the face of adversity. The video concludes with a message of unity and hope, emphasizing that the strength of the people is not in their ability to be victims",Politics
7375186781999762721,"The video shows a woman in a blue floral dress and hat standing in front of a table with wine glasses, a bowl of cheese, and a plate of food. She is holding a piece of paper and appears to be reading it. The text on the screen says ""When you rock up to your friends place for a quick visit..."" and ""1pm"". The woman then takes a bite of the food and continues to read the paper. The text changes to ""When you rock up to your friends place for a quick visit... 1pm"" and then to ""When you rock up to your friends place for a quick visit... 3pm"". The woman continues to eat and read the paper",1. News
7309512164870491435,"The video is a compilation of different segments, each with a different person speaking. The first segment features a man in a suit and red tie, with the text ""FOX NEWS"" and ""DAWNEMPT, IOWA DECEMBER 5"" displayed at the top. The text ""HANNITY ASKS TRUMP IF HE WOULD POWER ABUSE"" appears at the bottom. The man is shown speaking, with the text changing to ""TOWN HALWITH HANNITY"" and then to ""TOWN HALWITH HANNITY BREAKING NEWS.""

The next segment shows a man in a suit and",Politics
7325003811632745761,"A person wearing a green shirt is talking to the camera. The text at the top of the screen says ""DEUTSCHE THERAPEUTEN HATTEN RECHT"" (German therapists have the right). The person is gesturing with their hands and pointing to their head. The background is a plain wall.",Entertainment & Shows
7355061931993992480,"The video features a person wearing a blue shirt standing in front of a calendar that reads ""MONDAY"" at the top. The person is gesturing with their hands, possibly explaining or emphasizing a point. The background is black, and there are no other objects or people visible in the scene. The person's facial expressions and hand movements suggest they are speaking or explaining something, but the specific content of their speech is not provided in the transcript.",1. News
7330624658686954795,"A person wearing a bright pink shirt is sitting in front of a red shelf with various items on it. The person is making hand gestures and pointing at the screen, which shows a news article about Trump's behavior during a meeting. The text on the screen reads, ""That's his supporters booing him & I love that 4 him."" The person is also wearing sunglasses on their head.",Politics
7397794935199567135,"The video shows a woman tied to a tree in a jungle, with a man in a leopard print shirt standing nearby. The woman is covered in mud and appears to be in distress. The video then shows a close-up of the woman's hand writing on a piece of paper. The text on the paper is in a foreign language, and the woman's hand is dirty and covered in mud. The video then shows a close-up of the woman's face, with mud on her face and neck. The video then shows a close-up of the woman's hand writing on a piece of paper. The text on the paper is in a foreign language, and the woman's hand is dirty",1. News
7397967668248120622,"The video showcases a person with long, wavy hair, wearing a black shirt and green cactus earrings, in a room with a bed, a door, and a sign that reads ""I'm a queen of glow."" The person is seen holding a red box with a white label and a pink box with a white label. They open the red box, revealing a small, round object with a white label and a small, round object with a white label. The person then opens the pink box, revealing a small, rectangular object with a white label and a small, rectangular object with a white label. The person examines the objects closely, showing them to the camera. The video continues with",Beauty Care
7311858161504423214,"The video showcases a collection of BMX bikes, each with distinct features and designs. The first bike, a 1987 GT Performer, is highlighted with its pink and white color scheme and chrome components. The video then transitions to a different bike, the 1990 GT Performer, which is also pink and white but with a more modern design. The video continues to feature the 1990 GT Performer, focusing on its pink and white color scheme and chrome components. The video then shifts to a different bike, the 1995 GT Performer, which is pink and white with a more modern design. The video continues to feature",1. News
7299582823940312350,"The video begins with a man sitting on a green leather couch in a dimly lit room, wearing a gray shirt and dark pants. He is holding a black object, possibly a phone, and appears to be in a contemplative or pensive state. The background features a wooden wall with a window and some books on a shelf. The scene then transitions to a close-up of a person wearing a hooded jacket, with the hood pulled up over their head, creating a sense of mystery or secrecy. The lighting is dim, with a blue hue, adding to the enigmatic atmosphere.

The video then shifts to a man in a white shirt, standing in a room with a bright, white",1. News
7331551109649059115,"The video features a black cat playing a violin. The cat is positioned in a dark setting, with its body illuminated by the light of the violin. The cat's fur is matted and appears wet, suggesting it has been playing for a while. The cat's eyes are wide open, and it appears to be focused on the music. The video is a montage of the cat playing the violin, with no other objects or people visible.",Pets & Animals
7293441357169937666,"The video features a series of animated scenes with a character in a school uniform and a blonde ponytail. The character is seen interacting with various cars, each with unique designs and colors. The cars are parked in a parking lot, and the character appears to be performing actions such as jumping onto the cars and interacting with them. The background of the video is a parking lot with other cars and buildings visible. The character's actions and the cars' designs suggest a playful and dynamic interaction between the character and the cars.",1. News
7397793782122564896,"The video features a person lying down on a bed, wearing a white top with lace details and a gold necklace. The person is wearing a gold ring and has their hair tied up. They are seen adjusting their hair and making hand gestures, possibly to emphasize a point or express emotion. The background includes a pillow with a black and white pattern. The person's nails are painted white, and they are wearing earrings. The video includes text overlays that read ""Leute, ich hatte einfach gerade eine Realisation. What the fuck? Ich hoffe es eigentlich auszusprechen, aber mir ist aufgefallen",Entertainment & Shows
7359943972216638736,"A police officer is walking down a street with a group of people. The people are wearing orange vests and holding signs. The signs say things like ""Palestina"" and ""Widerstand ist Völkerrecht!"" The police officer is wearing a blue jacket with the word ""POLIZEI"" on the back.",14. Nonprofits & Activism
7344108969151008001,"The video shows a group of people at a wedding reception. There are tables set up with food and drinks, and people are sitting and standing around. A woman in a red dress is sitting at a table with a man in a black suit. They are holding glasses of champagne and smiling at the camera. The woman is holding a piece of paper with the words ""Damian really likes cookies I guess"" written on it. The man is wearing a black suit and a white shirt. The woman is wearing a red dress and has long hair. The man is wearing a black suit and a white shirt. The woman is holding a piece of paper with the words ""Damian really likes cookies I",Entertainment & Shows
7226368631268019482,"The video features a person with long blonde hair, wearing a black leather jacket, standing in a room with a pink towel hanging on the wall. The person is holding a phone, and the text ""Songs for your Insta Story Crush Edition"" is displayed at the top of the screen. The person is seen adjusting their hair and looking at the camera. The video then transitions to a screen with the text ""EVERY TIME WE TALK, IT JUST HURTS SO BAD"" and shows a close-up of the person's face. The next frame displays ""CAUSE I DON'T EVEN KNOW WHAT WE ARE,"" followed by ""I DON","3. Music, Singing, & D"
7369594137928109345,"The video shows a shelf in a grocery store with various food items, including a box of Mr. Brain's pork faggots. The box is prominently displayed and features an image of the product on the front. The price tag on the shelf indicates that the pork faggots are priced at 1.60. The video also includes a humorous comment from the person recording the video, questioning the price of the pork faggots and expressing surprise at the cost.",7. Food
7330275353325227297,"The video features a person with extensive tattoos, who is seen in various settings, including a bar, a restaurant, and an outdoor setting. The person is described as having a unique appearance, with tattoos covering their entire body. The video includes text overlays in German, which provide humorous and exaggerated descriptions of the person's appearance and actions. The person is seen performing various activities, such as exercising, eating, and interacting with others, all while maintaining their distinctive appearance. The video concludes with the person sitting at a table in a restaurant, holding a glass of wine and a plate of food, with the text ""Restaurants"" displayed on the screen.",Entertainment & Shows
7327164126822763808,"The video showcases a series of military parades from different countries, each with a distinct uniform and flag. The first frame features a group of women in military uniforms, with the text ""women military parades"" displayed at the bottom. The scene transitions to a group of women in military uniforms, with the text ""women military parades"" displayed at the bottom. The next frame shows a group of women in military uniforms, with the text ""women military parades"" displayed at the bottom. The scene then shifts to a group of women in military uniforms, with the text ""women military parades"" displayed at the bottom. The next frame shows a group of women in military uniforms, with the text ""women military parades",Entertainment & Shows
7371855904813157664,"The video features two individuals standing side by side in a room, with a white wall and a bed in the background. The person on the left is wearing a white shirt with a pink design and denim shorts, while the person on the right is wearing a white shirt with a pink design and black pants. The video is titled ""pre summer sets"" and includes a list of statistics for each person, such as ""Jula"" and ""Amelie"" with their respective scores and stats. The video also includes emojis and a flower-shaped decoration on the wall.",Entertainment & Shows
7354696392129924385,"The video showcases a series of close-up shots of a red sports car at a car show. The car is detailed with a carbon fiber body and black wheels. The video begins with a close-up of the car's side, highlighting its sleek design and the ""Porsche"" logo. The car is then shown from the front, revealing its sharp lines and aerodynamic shape. The video continues with a focus on the car's front wheel, showcasing its intricate design and the ""Porsche"" logo. The final shot captures the car from the side, emphasizing its sporty aesthetic and the ""Porsche"" logo on the side. Throughout the video, the car is surrounded by a",1. News
7293639077671210286,"The video shows a person feeding fish from a white bucket filled with fish food. The person is standing on a wooden dock by a body of water, and the fish are swimming around the bucket. The person is holding the bucket with both hands and pouring the fish food into the water. The fish are swimming around the bucket and then start to swim away from the bucket. The person then walks away from the bucket and continues to feed the fish from the water.",1. Pets & Animals
7357227155979275526,"A group of people are standing on a cobblestone street at dusk. The group consists of a man in a beige jacket, a woman in a white jacket, a child in a light blue outfit, and another child in a light blue outfit. The man in the beige jacket is holding a microphone and appears to be interviewing the group. The woman in the white jacket is holding a microphone and appears to be recording the interview. The children are holding orange cups and appear to be enjoying the interview. The background shows a street with buildings and people walking around. The atmosphere is lively and festive, with people dressed in casual clothing and holding drinks. The video ends with the man in the be",Entertainment & Shows
7394532218032491808,"The video features a woman in a pink dress and a man in a black shirt standing on a sidewalk. The woman is holding a pink purse and appears to be talking to the man. The man is wearing a black shirt and has a black belt around his waist. The background shows a street with parked cars and a fence. The sky is cloudy, and the sun is setting. The woman and the man are walking together, and the woman appears to be asking the man a question. The man is then seen standing alone on the sidewalk, looking at the woman. The woman is then seen walking away from the man, and the man is standing alone on the sidewalk. The video ends with the woman",1. Entertainment & Shows
7354508802932133166,"The video starts with a person in a room with a concrete ceiling, wearing a light-colored shirt. The text ""Booktok"" appears at the top of the screen, followed by ""Stitch Inning"" and then ""Booktok Stitch Inning."" The person is seen gesturing with their hands, possibly explaining or discussing something. The scene then transitions to a person sitting in a car, wearing a light-colored shirt. The text at the bottom of the screen reads ""That video is two things and it is two things only it's misogyny and it's laziness."" The person in the car appears to be speaking, possibly continuing the discussion from the previous scene.",Entertainment & Shows
7344855206242389280,A woman in a black blazer and white shirt is sitting in front of a wooden background. She is talking to the camera.,Politics
7377794153071037739,"The video is a series of clips from the TV show ""The Office,"" featuring various characters in an office setting. The characters are engaged in conversations and interactions, with the text overlay providing context and dialogue. The video captures the characters' reactions and emotions, creating a humorous and light-hearted atmosphere.",Entertainment & Shows
7349706117166959879,"The video features a person standing in a natural setting, surrounded by trees and foliage. The person is wearing a light-colored shirt and is speaking directly to the camera. The text overlays on the video provide context and information about the person's situation. The person is expressing excitement and nervousness about entering the jungle, mentioning that they are normally organized and a planner, but they are not in control here. They hope that the people in the jungle will be easy on them. The video ends with the person saying ""see you in the jungle,"" indicating that they are looking forward to their experience in the jungle.",Entertainment & Shows
7308194891656400170,"The video shows a group of people in a stadium, with a large crowd of fans wearing red shirts. The text ""FUMBLE."" is displayed at the top of the screen. The fans are cheering and celebrating, with some of them holding up signs and cheering. The atmosphere is lively and energetic, with the fans showing their support for their team.",Sports
7375105398946139398,"The video shows a person in a light blue robe standing in a living room, talking to the camera. The person is wearing a checkered shirt and has long, curly hair. The living room has a large window with sheer curtains, a beige couch, and a coffee table. The person is holding a remote control and appears to be talking about the weather. The video also shows the person sitting on a couch, holding a phone, and talking to the camera. The person is wearing a light blue robe and has long, curly hair. The background includes a large window with sheer curtains, a beige couch, and a coffee table. The person is holding a phone and appears to be",Entertainment & Shows
7387067236218916129,"A woman is standing in front of a purple and pink cake box in a store. She is wearing a white shirt and a green and white patterned skirt. The store has a sign that says ""Cake Box"" and a display case with various cakes. The woman is holding a cupcake and talking to the camera.",Entertainment & Shows
7323395108378840351,"The video shows a person dancing in a hallway. The person is wearing a gray sweatshirt and jeans. The hallway has tiled floors and a Christmas tree decorated with red ornaments and a fan on the right side. The person dances energetically, moving their arms and legs in various directions.",Humor
7378610696390528289,"A man in a white lab coat is speaking into a microphone in front of a large screen. The screen shows a man in a suit and tie, and the text ""Hugo Décrypte"" is displayed in the top right corner. The man in the lab coat is talking about Emmanuel Macron's announcement of the dissolution of the National Assembly. He mentions that the announcement was made on June 30 and July 7, and that it was a decision made by President of France in accordance with Article 12 of the Constitution. He also mentions that the dissolution of the National Assembly was a decision made in 1997 under the presidency of Jacques Chirac.",Politics
7292568999932529963,"The video shows a woman walking in a park, wearing a black t-shirt with a logo, black shorts, and holding a green water bottle. She is followed by another woman wearing a black sports bra and black leggings, also holding a green water bottle. They are walking on a path surrounded by trees and grass. The video then shows the two women walking on a dirt path in a park, with one of them holding a green water bottle. The video concludes with the two women walking on a sandy beach, with one of them holding a green water bottle.",Fitness & Health
7360445995945037088,"The video shows a group of wild boars walking on a sidewalk at night. The boars are eating food from a person's hand, and the person is feeding them. The boars are black and brown, and they are eating from a pile of food on the ground. The person is wearing a light-colored shirt and dark pants, and they are holding a piece of food in their hand. The boars are eating the food from the ground, and the person is feeding them. The boars are walking on the sidewalk, and the person is standing on the sidewalk. The boars are eating from a pile of food on the ground, and the person is holding a piece of food",Entertainment & Shows
7356329953622822187,"The video features a person wearing a colorful cap and a gray shirt with a logo on it. The person is standing in front of a computer screen displaying a stock chart for Trump Media & Technology Group Corp. The stock price is shown to be 34.21 USD, with a change of -3.26 USD. The chart also shows a volume of 36,000 shares. The person is seen speaking and gesturing with their hands, and the text on the screen changes to provide commentary on the stock's performance. The video includes a series of text overlays that provide additional commentary on the stock's performance, including statements about the stock's value and the stock",Sports
7376774039899082027,"The video shows a group of elderly people in wheelchairs in a museum. They are dressed in various outfits, including suits, military uniforms, and traditional clothing. The video also shows a group of people sitting in chairs in a room with a red wall. The video is captioned with text that describes the artwork and the people in the video.",Science & Technology
7394396617882799366,"The video features a person with curly red hair, wearing a dark top, holding a large, colorful drink in their hand. The drink is decorated with various colors and patterns, including pink, white, and blue. The person appears to be in a dimly lit room, with a dark background. The text overlay at the top of the video reads ""POV: Your cousin gives you something to do drink,"" suggesting that the person is reacting to a situation where their cousin has given them a drink. The video does not provide any additional context or information about the situation or the person's reaction.",1. News
7382929842615979296,A person is sitting in a room and talking to the camera. They are wearing a white shirt and have a ring on their finger. The room has white walls and a mirror in the background. The person is talking about their frustration with finding a place to stay in Mallorca. They mention that they have been searching for a place to stay for the last few days and have not found anything. They are feeling frustrated and are not sure what to do.,Entertainment & Shows
7283171808595971370,"The video features a woman with long black hair, wearing a gray tank top, standing in a room with a plant in the background. She is holding a phone and appears to be speaking, as indicated by her hand gestures. The text overlay on the video reads, ""NO BECAUSE I'M REAL AORES WHEN THE DUCK DUCK AOKING STAND THE GUY AT THE TEAMKAMAD FOR THEY MAD FAWTFIRS LMAO."" The woman's facial expressions and hand movements suggest she is reacting to something humorous or surprising.",1. News
7299771215755906312,Two women are dancing in a gym. They are wearing black jackets and pants. They are dancing in a room with wooden floors and a gray wall.,Entertainment & Shows
7397523950391086369,"A group of cartoon fruits, including apples, oranges, and a pineapple, are gathered together in a dark room. The fruits are animated and have happy expressions on their faces. They are arranged in a line, with the apple in the center. The apple is wearing a tiara and has a crown on its head. The other fruits are smaller and have different colored hats on their heads. The background is black, and the fruits are brightly colored. The fruits are all smiling and appear to be happy. The video ends with the fruits still smiling and the background remaining black.",Film & Animation
7410518813021637930,"The video shows a man in a suit and tie sitting in a room with a woman in the background. The man is speaking, and the text overlay on the screen reads, ""Do you think Americans seriously think that this is an important question?"" The woman in the background is wearing a white blazer and appears to be listening to the man. The setting appears to be a formal or professional environment, possibly a meeting or press conference. The video does not provide any additional context or information about the man's identity or the woman's role.",Politics
