video_id,summary,category
7349900395843472672,"A man in a suit and tie is being interviewed by another man in a suit and tie. The man in the suit and tie is holding a microphone with the logo of the channel ""heute.de"" on it. The man being interviewed is wearing a cap with a Russian flag on it. The background shows a crowd of people and a building.",Politics
7326597898358066465,"The video is a humorous comparison between a person's reaction to their cat's behavior and the reaction of a smartphone. The video is divided into two parts, each showing a different reaction.

In the first part, the person is shown in a room with a cat sitting on a bed. The person is holding a smartphone and looking at it with a surprised expression. The text on the screen reads ""Pov: Les appels avec mon chacad qui n'a jamais fait de cela"" (Pov: The calls with my cat who has never done this). The person's reaction is shown in a split-screen format, with the left side showing the",7. Pets & Animals
7302484543691328810,"The video is a series of black screens with white text. The text reads ""EMERGENCY RELIEF DISTRICT OCTOBER 1TH, 2023. Stop the killing. Stop hate. Time to donate."" The text is repeated multiple times throughout the video. The video does not contain any other visual elements or audio.",1. News
7339991555408694561,"The video shows a person in a store, holding a brown hoodie with the word ""Balea"" on it. The person is pointing at different products on the shelves, which are labeled with prices and product names. The products are displayed in a variety of colors and sizes, and the person seems to be discussing the best-selling products from Balea. The video focuses on the Balea products, including the Vital Augencreme, Aqua Augen Roll-On, belebende Augenpflege, Vital Plus straffende Augencreme, and Q10 Anti-Falten Augencreme. The person is seen pointing at the",Beauty Care
7351403366368546081,"The video showcases a series of events where humans are being hunted by aliens. The aliens are depicted as being superior in technology and strength, and they are using various weapons to hunt the humans. The humans, on the other hand, are shown to be using their own weapons and tactics to try and survive. The video ends with the humans being defeated and the aliens taking over the planet.",1. Entertainment & Shows
7380379588242804001,A person is lying in bed with a pink pillow behind them. They are wearing a black shirt with blue writing on it. The person is making a peace sign with their fingers.,Politics
7291005324717313313,"The video features two women standing in front of a large building with a body of water in the background. The woman in the pink coat is speaking, while the woman in the green dress is listening. The video discusses the rise of the anti-immigration party AfD in Germany and its impact on the new citizenship rules. The video also mentions the Bundesrat, the German upper house of parliament, and its inability to block the law. The video concludes with the woman in the pink coat expressing her commitment to keeping the viewer updated on the situation.",Politics
7184540937974975786,"The video shows a person in a car, wearing a black tank top and white headphones around their neck. They are holding a small container of a brow lift product and a spoolie brush. The person demonstrates the product by applying it to their eyebrows and then using the spoolie brush to shape and lift their eyebrows. The video also includes text overlays that read ""e.l.f brow lift review"" and ""So I literally been seeing this all over TikTok so I had to try it I ran to Alto to get the brow lift clear by ALF for like $10. I lied it's $6 so even better. We're gonna see what the hype",Beauty Care
7343334803665603883,"The video features a woman with long, wavy hair, wearing a dark sweater and a gold necklace, sitting in front of a cosmic-themed background. She is holding a black object, possibly a makeup product, and appears to be speaking or presenting something. The text ""TikTok BAN TOMORROW"" is displayed at the top of the screen, indicating that the video is related to a potential ban on TikTok. The woman is seen gesturing with her hands, possibly emphasizing her points or engaging with the audience. The video also includes a text overlay that reads, ""Scroll mindlessly through TikTok and you're likely crossing paths with someone who's",Science & Technology
7343662075299761440,"The video begins with a person wearing a pink sweater with a black bow tie, standing in a room with a white wall and a shelf in the background. The person is looking at the camera with a serious expression. The scene then transitions to a close-up of a person with long blonde hair, wearing a white shirt with a red tie, standing in a dimly lit room with a green hue. The person appears to be in a state of shock or fear. The video then cuts back to the person in the pink sweater, who is now looking at the camera with a more relaxed expression. The final scene shows the person in the pink sweater standing in the same room,",1. News
7394913119375527210,"A person wearing a camouflage cap and a gray shirt is speaking in front of a plain wall. They are making hand gestures and moving their head slightly. The person is also wearing a green and red shirt with a bird on it. The background includes a wooden shelf with various items on it, such as a green bottle and a white object. The person continues to speak and gesture, occasionally looking to the side.",Politics
7327439802637307178,"The video features a person in a camouflage hoodie standing next to a white Chevrolet Silverado truck. The person is pointing at the truck and talking about its features. The video also includes text overlays that read ""This is the CHEPAEST Brand New Truck You Can Buy Today *2024 Chevy W/T* part 2"" and ""This is the CHEPAEST Brand New Truck You Can Buy Today *2024 Chevy W/T* part 1."" The person is also seen pointing at the truck's wheels and talking about its features. The video concludes with the person standing next to the truck, talking about its features",Sports
7296461109572275488,"The video features a series of interviews with Trump supporters who express their disagreement with Trump on the issue of unions. The interviews take place in various settings, including outdoors and in a parking lot, and the participants are seen wearing red hats with the ""Make America Great Again"" slogan and red shirts with the ""Trump"" logo. The participants express their views on the importance of unions, with one participant stating that Trump supports unions and another participant expressing that Trump does not support unions. The participants also discuss their own experiences with unions, with one participant stating that they were a union member when they were 16 years old and another participant stating that they are not a union member. The participants also discuss",Politics
7385384197864557855,"The video features a series of images of a man in a suit and red tie, presumably a politician, speaking at a podium. The background is blue with the CNN logo, indicating that the video is from a CNN broadcast. The man is seen from different angles, with the text ""My favorite prt of cth debate wasahatting whoever wasn't talking"" overlaid on the images, suggesting that the man is speaking about a debate where he was able to get the other person to stop talking. The video is static, with no movement or action taking place.",Politics
7358352976639184146,"The video shows a view from inside a car on a rainy day, with the windshield wipers moving back and forth. The road is wet, and the headlights of the cars ahead are visible. The video then transitions to a close-up of the windshield, showing the reflection of the headlights and the wet road. The video continues to show the windshield, with the reflection of the headlights and the wet road becoming more prominent. The video then transitions to a view of the road from inside the car, with the headlights of the cars ahead visible. The video then transitions to a close-up of the windshield, showing the reflection of the headlights and the wet",1. News
7371030140370963713,"The video is a series of gameplay clips from the game Overwatch, showing a player's experience with the game. The player is using a character with a blue and black color scheme, and the gameplay involves navigating through various levels and fighting enemies. The player's health and ammo levels are displayed on the screen, and the player's actions are highlighted with text overlays. The player's frustration and confusion are evident as they try to navigate the game and complete objectives. The gameplay is fast-paced and action-packed, with the player using various abilities and weapons to overcome obstacles and enemies.",Sports
7328941581862473006,"The video begins with a close-up of a fighter jet on a runway, with the word ""HIGH"" in bright yellow letters superimposed over the image. The jet is stationary, and the background is a cloudy sky. The scene then transitions to a different angle, showing the jet in flight with a cargo plane in the background. The jet is now in motion, and the background is a clear blue sky. The video then shows the jet flying over the ocean, with the word ""HIGH"" still visible. The jet is flying at a high altitude, and the background is a clear blue sky. The video then shows the jet flying over the ocean, with the word ""HIGH",1. News
7295860137162591519,"The video features a person wearing a plaid shirt, sitting in front of a blue background. The person is speaking and the text overlays the video with various statements about the actions of Israel and Palestine. The text mentions that Israel and Palestine are often seen as the perpetrators of atrocities, but the person argues that these actions are often justified by the actions of the other side. The person also mentions that the actions of Israel and Palestine are often justified by the actions of the other side, and that these actions are often justified by the actions of the other side. The person also mentions that the actions of Israel and Palestine are often justified by the actions of the other side, and that these actions are often",Politics
7407540452611640606,"The video shows a man in a blue shirt and black gloves sitting at a desk in an office. He is working on a computer and appears to be in the process of checking his passport. The man is wearing a black glove on his right hand and a black glove on his left hand. The desk has a keyboard, a mouse, and a few other items on it. The man is looking at his passport and appears to be searching for something. The video ends with the man looking at the camera and saying ""Next.""",Travel & Events
7372987016914455841,"The video shows a cricket match between Pakistan and England. The players are wearing different colored uniforms, with the Pakistan team in orange and the England team in green. The match is taking place in a large stadium with a crowd of spectators. The players are actively engaged in the game, with some running and others standing. The video captures the excitement and intensity of the match, with the players competing against each other.",Sports
7366561209996332320,The video shows a person with long black hair wearing a white shirt. The person is sitting in a room with a yellow wall and a black TV in the background. The person is holding a blue object in their hand and appears to be talking or explaining something. The person's nails are painted white and they are wearing a gold watch on their left wrist. The person's hair is straight and falls over their shoulders. The person is making hand gestures while talking.,Entertainment & Shows
7334130841016274222,"The video features a black sports car parked in a parking lot. The car is sleek and has a sporty design, with a low profile and large alloy wheels. The background of the video shows a scenic view of trees and mountains, suggesting that the car is parked in a park or a similar outdoor setting. The video also includes text overlays that read ""I don't reverse park to look cool, a mf ust can't park forward"" and ""I don't reverse park to look cool, a mf ust can't park forward"" with a skull emoji. The text appears to be a humorous or ironic statement, possibly related to the car's performance or driving style.",1. News
7380389929790033185,"The video features a romantic dance between two characters in a dark, dimly lit room. The male character is dressed in a blue and brown outfit, while the female character wears a white dress. They move gracefully across the stage, their bodies swaying in sync with the music. The background is filled with warm, golden lights that cast a soft glow on the dancers. The video ends with the male character holding the female character close, their faces close together as they share a kiss.",Sports
7343754603927850245,"The video is a series of images that appear to be from a protest or rally, with people holding signs and flags. The images are overlaid with text that reads ""FREE PALESTINE"" and ""Remember, you can post one video each day using this filter and it will still count. So, if you post once every Monday, Tuesday, Wednesday, private or public, it will count as three quotes."" The images show people in various poses, some holding signs and others holding flags. The colors in the images are mostly red, white, and black, with the flags being green, white, and black.",Politics
7357827492289465646,"The video features a person wearing a white t-shirt with a cartoon character on it. The person is standing in a room with shelves and a refrigerator in the background. The person is making various hand gestures and movements, possibly expressing frustration or frustration with the idea of eating. The text on the screen changes throughout the video, indicating different thoughts and emotions. The person seems to be talking about the inconvenience of grocery shopping, cooking, and eating, and how they would prefer not to do any of these things. The person also mentions that they have ADHD and that feeding themselves is hard for them. The video ends with the person saying they are over it and don't want to do any of these things",Entertainment & Shows
7366736772253977889,"The video is a series of clips that discuss the potential impact of rising sea levels on Tuvalu, a small island nation in the Pacific. The video begins with an aerial view of Tuvalu, showing its small size and the surrounding ocean. It then shows a map of the Pacific, highlighting Tuvalu's location. The video then shows footage of the sea level rising, with waves crashing onto the shore. It also shows footage of children walking on a street, with the text ""As well as access to the highly profitable fishing waters within Tuvalu's maritime boundary, known as its exclusive economic zone."" The video then shows a man in a suit speaking at a podium, with",Politics
7342750088902511915,"The video shows a person standing in a bathroom, taking a selfie with a phone. The person is wearing a black t-shirt and black shorts. The bathroom has a tiled wall with blue and yellow stripes, and there is a mirror above a sink. The person is holding a colorful phone case with a floral design.",1. News
7325461211653492010,"The video shows a person wearing a purple hoodie with the word ""Champion"" written on it. The person is standing in front of a white wall and a wooden door. The person is talking to the camera and gesturing with their hands. The person is also seen adjusting their hair and looking at the camera. The video ends with the person still talking to the camera and gesturing with their hands.",Entertainment & Shows
7363144949442825518,"The video features a young woman with long blonde hair, wearing a black top with a graphic design. She is standing in a room with a white door in the background. The text overlay on the video reads, ""why is finding a girl friend no im not trying to fall in love with, im trying to fall in love with her."" The woman appears to be speaking directly to the camera, possibly in a personal or reflective moment. The video does not show any other objects or people, and the focus remains on the woman and her thoughts.",1. Entertainment & Shows
7375972216707484960,"The video features a man in a white shirt standing in front of a screen displaying a list of Labour's policy steps for change. The man is seen writing on the screen with a blue pen, and the list includes items such as ""1. Deliver economic stability,"" ""2. Cut NHS waiting times,"" ""3. Launch a new Boer Security Command,"" ""4. Set up Great British Energy,"" and ""5. Cravouled down on artificial insemination."" The man appears to be explaining the policy steps to the viewer.",Politics
7363604482355137799,"A woman is standing in a kitchen, holding a large box. She is talking to the camera and showing the box to the viewer. The box is filled with various items, including a large white bag. The woman is then seen sitting at a table, using a tablet to search for a product. She finds a product on a website and purchases it. The video shows the woman packing the items into a box and then placing the box into a large cardboard box. The video ends with the woman standing in front of a mirror, holding the large box.",Entertainment & Shows
7341253553245408558,"The video features a person in a light blue shirt with a floral pattern, speaking directly to the camera. The person is in a well-lit room with a window in the background. The person discusses their family's financial situation, mentioning that they bought a house for their entire family and that they expect their brothers to pay rent. The person also mentions that they expect their brothers to move out when they have babies. The person expresses gratitude for being able to take care of their family and mentions that they are their parents' retirement plan. The person also discusses their plans for their children, stating that they will always have a home for them. The person concludes by saying that they feel lucky to be able",1. News
7346960504490937642,"The video starts with a woman lying on a bed, wearing a white tank top and a necklace. She is holding a phone and looking at it. The scene transitions to a black and white image of a car driving down a road, with a woman in a white dress sitting in the back seat. The car is a classic model with a convertible top. The video then shows a close-up of a woman's hand with a tattoo on it, followed by a black and white image of a car driving down a road with a woman in a white dress sitting in the back seat. The video then shows a woman in a white dress standing on the back of a convertible car, with a",Entertainment & Shows
7203774185322188037,"The video begins with a person standing in front of a door with a sign that reads ""A STUDENT'S HOME."" The person is wearing a black shirt and gray pants. The door is open, and the person is holding a piece of paper. The person then walks into the room and sits down at a desk. The desk has a computer on it, and the person begins typing on the keyboard. The video then shows the person standing in front of a door with a sign that reads ""Vor der Abschlussprüfung."" The person is wearing a blue shirt and gray pants. The door is open, and the person is holding a piece of paper. The",1. Entertainment & Shows
7324373228028300577,"The video is a series of humorous and relatable scenarios that highlight the challenges and frustrations of working in finance. It starts with a man walking down a street at night, followed by a scene of a man in a suit and tie in a subway, and ends with a man in a bed reading a book. The video also includes scenes of a man in a suit and tie in an office, a man in a suit and tie in a subway, and a man in a suit and tie in a subway. The video also includes scenes of a man in a suit and tie in an office, a man in a suit and tie in a subway, and a man in a suit and tie in a subway",Entertainment & Shows
7404376866108312865,"The video is a compilation of various scenes showing the aftermath of a military operation in Kursk, Russia. It begins with a group of people being escorted by police officers through a busy street, indicating a recent conflict. The footage then shifts to a man in a denim jacket speaking to the camera, likely providing commentary on the situation. The narrative continues with a woman in a white shirt standing in front of a building, possibly a government or official building, discussing the events. The video then shows a woman in a patterned jacket walking through a park-like area, suggesting a return to normalcy. The final scenes depict a military operation, with soldiers in camouflage uniforms moving through a forested area",Politics
7379002112652660014,"The video features a person wearing a white shirt with a graphic design, standing in front of a window with blinds. The person is holding a necklace with the name ""RITANA"" written on it. The necklace is displayed on a white card with the text ""Fashion Jewelry"" and a logo. The person appears to be expressing gratitude to someone named Sarah, as indicated by the text on the card. The video concludes with a close-up of the necklace on the card, emphasizing the name ""RITANA"".",1. News
7394618529569344811,"The video features a series of scenes showing different individuals, including a woman in a suit and a man in a suit, speaking at podiums. The woman is identified as Vice President Kamala Harris, and the man is identified as President Joe Biden. The video also includes text overlays and graphics that provide context and information about the events being depicted. The video is set against a backdrop of American flags and other political symbols, suggesting a political context. The video concludes with a message from President Biden, expressing his support for Vice President Harris and his commitment to working towards a better future for all Americans.",Politics
7366286242406829345,A man in a grey hoodie is playing a DJ controller in an office. He is wearing headphones and has a microphone. He is standing in front of a computer.,"Music, Singing, & Dancing"
7325205573941710111,"A person is sitting in a room with a black dresser and a mirror in the background. They are wearing a black t-shirt with a picture of a man on it. The person is talking to the camera and making hand gestures. The text on the screen reads ""Reply to Lisa Mae's comment hanging around for the ghost hunting"" and ""30. Haid it reoccuring for 2 years I decided to eliminate it."" The person continues to talk and make hand gestures, and the text on the screen changes to ""this is take two..."" and ""let me slow it down."" The person continues to talk and make hand gestures, and the text on the screen changes to",Science & Technology
7352304151897951521,"The video begins with a person standing in a living room, wearing a black shirt and red pants. The room is well-lit with large windows and a chandelier. The person is holding a pair of shoes and appears to be talking to the camera. The scene then transitions to the person sitting on the floor, surrounded by various pairs of shoes. The person is wearing a black shirt and red pants, and is holding a pair of shoes. The room is well-lit with large windows and a chandelier. The person is talking to the camera and appears to be explaining something. The video then shows the person standing in a different room, wearing a black shirt and red pants. The",Comedy
7365063366907333921,"The video showcases a breathtaking view of a city skyline at sunset. The sky is painted with hues of pink, purple, and orange, creating a stunning backdrop for the city's illuminated buildings. The city's lights reflect off the water, adding to the beauty of the scene. The video captures the city's skyline from a distance, allowing viewers to appreciate the architectural details and the city's layout. The video also includes a voice-over that repeats the phrase ""I'm the way you are, I'm the way you are, I'm the way you are,"" which could be a part of a song or a motivational message.",1. News
7346235933882076448,The video shows a man in a green hoodie and blue jeans using a blue mechanical device to work on a wooden post in a field. He is seen bending over and using the device to work on the post. The background includes trees and a grassy area.,1. Sports
7305148019727420718,"The video features a woman with long black hair wearing a white turtleneck and a brown and white fur coat. She is standing in front of a movie poster for the film ""Watcher."" The poster shows a woman with long blonde hair in a dark room. The woman in the video is making various hand gestures and expressions, possibly reacting to the movie poster or the content of the movie. The video also includes text overlays that provide information about the movie, such as the release date and the cast. The video ends with a warning that the movie is a slow burn and requires attention to understand the plot.",8. Entertainment & Shows
7395252325104766216,"The video begins with a scene from a first-person shooter game, featuring a virtual environment with buildings and a clear sky. The player's perspective is shown, with a score of 0.1 displayed at the top of the screen. The scene then transitions to a close-up of a cat's face, with the cat's eyes and mouth open, as if it is looking at something. The cat's face is superimposed onto the game environment, creating a humorous effect. The cat's face is then replaced with a sniper rifle, and the cat's mouth is replaced with a gun barrel, creating a humorous effect. The cat's face is then replaced with a green helmet,",01
7354853011887312160,"The video is a humorous take on a pizza night, featuring a group of people sitting around a table with pizza in front of them. The text overlay on the video reads, ""It's pizza night on @xxthefovox But what are our favorites???!"" and ""Pineapple doesn't belong on pizza.... ABSOLUTELY!"" The video then shows a person in a blue hoodie eating a pizza with pineapple on it, with the text overlay saying, ""Why did you eat the whole pineapple pizza."" The person then eats the pizza, with the text overlay saying, ""Looks like you do like it...."" The video ends with the person in the blue",Entertainment & Shows
7355938811429260550,"The video shows a person wearing headphones and singing along to a song. The lyrics of the song are displayed on the screen, and the person is reacting to the lyrics with various expressions and gestures. The background is colorful and has a bokeh effect, with a pink and blue color scheme. The person is wearing a black top with floral patterns. The video also includes comments from viewers, which are displayed at the bottom of the screen.","Music, Singing, & Dancing"
7363655590524226862,"The video is a series of frames showing a person sitting at a desk with a computer and a cup on it. The person is wearing a dark shirt with the words ""LOVE HOPE CUR"" on it. The background is a blue and purple neon light. The person is talking about Discord, a messaging app, and how it has been affected by a website that has been scraping the data of over 114 million Discord users. The person also mentions that Discord has changed its terms of services, making it so that users cannot sue them in the case of a class action lawsuit. The person is also talking about a website called spy.pet that has been posting",News
7337977691611696417,"The video shows a person driving a car, wearing a white sweater and a gray shirt. The person is driving through a city street with buildings and cars visible through the windows. The person is seen gesturing with their hands and talking to the camera, expressing frustration and frustration with the situation.",1. News
7335864619187146016,"The video is a series of maps and images that compare the population and geography of Wyoming and Colorado. It starts with a map of the United States, highlighting the states of Wyoming and Colorado, and then zooms in on the Rocky Mountains. The video then shows a map of the Rocky Mountains, with the text ""Why Wyoming Is 'Epiypt' And Colorado Is Not"" appearing at the top. The video then shows a map of the Rocky Mountains with the text ""ROBUST ECONOMY GOLD RUSH"" appearing at the top. The video then shows a map of the Rocky Mountains with the text ""WYOMING'S FOUR YEAR UNE",Science & Technology
7356565580603870497,"The video features a series of conversations between different individuals, each with their own unique background and context. The first person, dressed in a dark suit, is seen speaking into a microphone, with the text overlay suggesting a discussion about mental health and the Prime Minister's response. The second person, wearing headphones, is also engaged in a conversation, with the text overlay indicating a discussion about the Prime Minister's reaction to the situation. The third person, wearing a pink outfit, is seen speaking into a microphone, with the text overlay suggesting a discussion about the Prime Minister's response to the situation. The fourth person, dressed in a dark suit, is seen speaking into a microphone, with the text overlay suggesting",Politics
7407322364309949728,"The video shows a group of people performing on stage. They are dressed in casual clothing and are dancing energetically. The stage is brightly lit with colorful lights, and the background features a large screen with a blue and pink design. The performers are moving in sync with each other, and the audience can be seen in the foreground, watching the performance. The video also includes a text overlay that reads ""I don't wanna die Before we love, we love, this feeling, babe Cause it's enough, enough, can't be this way Before we love, we love, this feeling, babe I love it, I like it, but I don't wanna die Ooh,","Music, Singing, & Dancing"
7395058028594122014,"The video features a series of individuals in various settings, each with a caption that references a political figure or event. The captions suggest that the individuals are discussing the importance of the election and the impact of the political figures on the community. The video also includes scenes of individuals in different locations, such as a beach, a grocery store, and a museum, which may be related to the political figures mentioned in the captions. The video concludes with a black screen displaying the text ""Thank you for joining me"" and the ""Jackie Tid"" logo.",Politics
7357035995667107114,"The video shows a woman in a black shirt with a colorful design and a red shirt with a white collar standing in a brightly lit restaurant. She is holding a drink in her hand and appears to be talking to someone off-camera. The background is filled with various items, including a menu board with different drinks listed, a counter with a drink dispenser, and a seating area with tables and chairs. The woman is seen drinking from the drink and then placing it down on the counter. She then stands up and walks away from the counter, leaving the drink behind. The video ends with the woman standing in front of the counter, looking at the drink.",Entertainment & Shows
7322958700291853614,"The video is a compilation of various segments from a news broadcast, featuring different individuals and topics. The segments include a man in a suit speaking on a news set, a woman in a suit speaking on a news set, and a man in a suit speaking on a news set. The topics discussed include the COVID-19 pandemic, the origins of the virus, the impact of the pandemic on the economy, and political commentary. The video also includes a graphic with the text ""What was Trump asked about?"" and a list of topics such as ""B. Health Care,"" ""A. Covid-19,"" ""B. Healthcare,"" ""C. Covid-19,"" ""D. Covid",Politics
7333721172363922734,"The video shows a man in a blue shirt and khaki pants standing in front of a black Toyota car in a parking lot. He is wearing sunglasses and a blue jacket. The text ""Toyota coulver"" appears at the top of the screen, and there are emojis next to the text. The man is making various hand gestures and movements, including pointing, clapping, and jumping. The background includes other cars and palm trees.",1. News
7320342127790148907,"The video depicts a series of interactions between a police officer and a group of individuals in a room with blue lockers. The officer, dressed in a police uniform, is seen making various gestures and movements, including pointing, holding a gun, and gesturing with his hands. The text overlay throughout the video reads ""TYRANT COPS MAKE BIG MISTAKE - Silverthorne Colorado - FBI Amaganset Press,"" indicating that the video is likely a commentary or critique of the actions of the police officers. The video also includes a series of text overlays that provide context and information about the situation, such as the officer's age and the fact that he has never been arrested or",News
7287998089279917345,"The video begins with a person standing outdoors, wearing a dark jacket and a white shirt with a black logo. The person is holding a smartphone and appears to be speaking. The background shows a park with trees and a path. The scene transitions to a close-up of a laptop screen displaying the Amazon website. The text on the screen reads, ""Hallo, amelie,"" and then changes to ""Amazon Outlet."" The person is seen scrolling through the Amazon Outlet section, which features discounted items in various categories. The video then shows a close-up of the laptop screen again, with the text ""Amazon Outlet"" still visible. The person continues to scroll through the Amazon Out",1. News
7340766599860849926,"The video shows a man in a military uniform standing at a podium, speaking into a microphone. He is wearing a dark blue uniform with various medals and insignia on the left side of his chest. The background features a large building with the words ""The Pentagon"" and ""Washington"" visible. The man appears to be giving a speech or statement, as indicated by the text overlay on the video. The text overlay reads ""Patrick Ryder, U.S. Air Force Brigadier General, Global News."" The video also includes a caption that reads ""Well, just to be clear, we have no plans to send U.S. service members to fight in Ukraine. The president has",News
7324688586807201070,"The video shows a young woman sitting in a classroom, wearing a white sweater and a beige scarf. She is looking at a piece of paper in front of her. The text on the screen reads ""Special Ed teacher trying to figure out whether their student is crying."" The woman appears to be in a classroom setting, with books and other educational materials visible in the background. The video does not provide any additional context or information about the woman or the situation she is in.",1. News
7195058735914519809,"The video begins with a view of a construction site where a tall building is being demolished. A crane is seen lifting a large piece of the building, which then falls to the ground, causing a massive explosion. The scene shifts to a wider view of the demolition site, showing the partially demolished building and the surrounding area. The video then transitions to an aerial view of the demolition site, where the building is being completely demolished. The debris is seen flying through the air, and the surrounding area is covered in dust and smoke. The video concludes with a view of a tall building in the distance, surrounded by smoke and dust.",1. News
7360854136440540459,"The video is a series of scenes from a movie or TV show, featuring a man in a gray shirt and a man in a black leather jacket. The man in the gray shirt is seen in various settings, including a room with a door, a hallway, and an outdoor setting. The man in the black leather jacket is seen in different settings as well, including a room with a staircase and a hallway. The video also includes text overlays with dialogue and captions, such as ""Can I help you?"" and ""HUELL? WHO'S HUELL?"" The video ends with a black screen displaying the word ""HUELL"" in white text.",1. News
7408631372044111135,The video shows a person with tattoos petting a kitten on a white surface. The kitten is small and has a black and white coat. The person is holding the kitten gently. The video also shows a group of kittens huddled together on a white surface. The kittens are small and have different coat colors. The video also shows a person with tattoos petting a kitten on a white surface. The kitten is small and has a black and white coat. The person is holding the kitten gently. The video also shows a group of kittens huddled together on a white surface. The kittens are small and have different coat colors. The video also shows a person with tattoos petting a kitten on a white,Pets & Animals
7383460841204534534,"The video begins with a close-up of a wooden surface, where a small metal object is placed. A pair of pliers is then used to grip the object, and a hammer is used to strike it, causing it to break. The video then shows a close-up of a metal object being sharpened on a grinding wheel, with sparks flying as the metal is being sharpened. Finally, the video shows a close-up of a metal object being sharpened on a grinding wheel, with sparks flying as the metal is being sharpened.",Science & Technology
7340748820130647326,"The video shows a group of people sitting at a table in an office setting, discussing the new $20 minimum wage law in California. One person is holding a sandwich and appears to be asking questions about the exemption for fast food chains that have bakeries. The video also includes text overlays that provide additional information about the exemption and the criticism of the $20 minimum wage law from a donor to Gavin Newsom.",Politics
7289539647825382698,"The video features a woman in a kitchen, wearing a peach-colored shirt with a floral pattern and dark blue shorts. She is dancing energetically, moving her arms and body in various ways. The background includes a refrigerator, a microwave, and a counter with various items on it. The text overlay on the video reads, ""Me, with 0% Palestinain blowdow, withstanding the 10 pesetas Palestine -"" indicating that the woman is expressing her support for Palestine despite the economic challenges. The video captures the woman's lively dance moves and her determination to stand strong in the face of adversity.",1. News
7390878944012045598,"The video is a series of clips from a gaming session where a person is playing a game called ""Roblox."" The person is dressed in various outfits and is interacting with other players in the game. The game features a virtual environment with a pool, palm trees, and a grand staircase. The person is seen walking around the pool area, interacting with other players, and trying to win the game. The person is also seen in a different outfit in a different game, and the text overlay on the video suggests that the person is trying to win a game called ""Vogue."" The person is also seen in a cosplay outfit, and the text overlay suggests that the person is trying to win",Sports
7390133152670420266,The video shows a person wearing a black shirt with a skull design and a necklace with a cross pendant. The person is standing in a room with a wooden dresser and various items on it. The person is wearing hoop earrings and has long hair. The person is also wearing a necklace with a cross pendant. The person is standing in front of a wall with a black curtain. The person is wearing a necklace with a cross pendant. The person is wearing a necklace with a cross pendant. The person is wearing a necklace with a cross pendant. The person is wearing a necklace with a cross pendant. The person is wearing a necklace with a cross pendant.,1. News
7373916497896377617,"A person is making a cake. They start by mixing ingredients in a bowl. Then, they pour the batter into a cake pan and place it in the oven. After baking, the cake is decorated with a layer of caramel and a border of biscuits.",Food
7303250453079280927,"The video is a promotional video for an airline pass that allows for four round-trip tickets to various destinations, including Tahiti, Paris, Auckland, and Tokyo. The pass costs $1,525 and is available for purchase through a reservation center. The video emphasizes the cost of the pass and the limited availability of the tickets. The video also includes a call to action for viewers to purchase the pass before it sells out.",Travel & Events
7330776298576514347,"The video features two individuals sitting at a table with a large, colorful, and interactive game board in front of them. The game board has a large wheel with different colored sections, each labeled with a word or phrase. The individuals are engaged in a game where they spin the wheel and choose a word or phrase from the board. The video alternates between different words and phrases, such as ""Onomatopoeia,"" ""Eyes,"" ""Invention of the telephone,"" ""The Beatles,"" and ""The Eagles."" The individuals appear to be enjoying the game and are smiling and laughing as they spin the wheel and choose their answers.",Science & Technology
7386716685945900320,"The video shows a man in a suit and tie standing in front of a crowd of people. He is then seen sitting in a chair, with a woman in a white outfit standing next to him. The man is then seen walking away from the crowd, and the woman is seen sitting in a chair. The man is then seen standing in front of a crowd of people, and the woman is seen sitting in a chair. The man is then seen walking away from the crowd, and the woman is seen sitting in a chair. The man is then seen standing in front of a crowd of people, and the woman is seen sitting in a chair. The man is then seen walking away from the crowd",Sports
7390820226562084139,"The video is a humorous take on a rainy day scenario where a group of anthropomorphic animal characters are trying to find a lost item. The video starts with a group of characters standing under an umbrella in the rain, looking for something. One of the characters, a brown bear, is holding a purple umbrella and talking to the others. The text on the screen reads ""When you're just trying to have a brasummer."" The bear then says, ""Little did I know, I was swimming with a pack of thieves."" The other characters look at the bear with concern. The bear then says, ""Calm down, DW. Someone probably put it in the lost and found. We'll",Film & Animation
7361435694725696810,"The video is a series of tweets from a person who is addressing the audience at a live show. The tweets are written in a conversational style and provide insights into the person's thoughts and feelings about the event. The tweets discuss the importance of inclusivity and safety in the audience, and the person expresses their desire to include more people in the event. The tweets also mention the person's VIP experience and their decision to induct two more people into a sorority. The final tweet includes a photo of a ticket for the event and a message about the nominations for the event.",Entertainment & Shows
7317028968568343850,"The video is a series of humorous and instructional clips demonstrating various ways to talk to girls. The first clip shows a person using a tool to cut a piece of wood, with the text ""how do I talk to girls I'm shy?"" displayed at the top. The person then uses a different tool to cut a piece of wood, with the text ""I'll give you guys the best advice"" at the top. The next clip shows a person using a tool to cut a piece of wood, with the text ""if you wanna"" at the top. The person then uses a different tool to cut a piece of wood, with the text ""to girls"" at the top. The final",Comedy
7393735339996712225,"The video features a person wearing a white and blue striped shirt with a blue collar, standing in front of a door. The person is holding a phone and appears to be speaking or reacting to something. The background is a plain wall with a door visible. The person is wearing a watch on their left wrist. The video has a humorous tone, as indicated by the text overlay that reads ""QUAND ON A 11 DE VUE LE \""M\"" VENTE E \""MILLION\"" MAISQUAND ON A 1 K DE VUE, SE L'ELLE \""K\"" VIENT DE QUE MOT ?"" which translates to ""When you see \""M",Sports
7286953369133174062,"The video shows a man in a yellow shirt and black pants standing on a sidewalk next to a road. He is holding onto a large, black and white parachute. The parachute is attached to a harness that the man is wearing. The man begins to run along the sidewalk, and as he runs, the parachute starts to inflate. The man then jumps off the sidewalk and into the air, with the parachute fully inflated. The parachute is flying high in the sky, and the man is seen floating in midair. The video ends with the man still floating in the air, with the parachute still fully inflated.",Sports
7210197949433892142,"The video showcases a picturesque beach scene with a clear blue sky and calm ocean waters. The beach is bustling with people enjoying the sunny weather, with some lying on beach chairs and others walking along the shore. The beach is lined with umbrellas and beach towels, indicating a popular spot for relaxation and sunbathing. The video is overlaid with text in Italian, providing a list of the beach's favorite attributes, such as its ""iconic and icy"" feel, its ""reasonable"" food options, and its ""delicious"" umbrellas. The text also mentions the beach's ""great peachy bellies"" and its ""reasonable"" prices. The video concludes with a",Favorite beach in Capri
7317451980497046826,"The video is a compilation of morbid facts about the Church of Scientology. It features various images of people associated with the church, including the wife of Scientology leader David Miscavige, Lisa McPherson, and Charles Manson. The video also includes quotes from former Scientologists and the founder of Scientology, L. Ron Hubbard. The quotes suggest that the church has a history of violence, death, and criticism. The video is presented in a collage format, with each image accompanied by a caption. The captions provide context and information about the individuals and events depicted in the images. The video does not contain any audio or video content other than the captions.",Science & Technology
7346304747646848288,A group of people are shopping in a grocery store. They are looking at the shelves and picking out items. One person is holding a box of cookies. The video shows a person in a blue jacket and red hoodie looking at the shelves.,Entertainment & Shows
7357381570371603717,"The video shows a group of people dancing in a room. One person is wearing a white shirt and brown boots, while another is wearing a black and white patterned dress. The person in the white shirt is dancing with the person in the black and white dress. The person in the white shirt is also dancing with another person in a white dress. The person in the white shirt is dancing with a person in a black and white dress. The person in the white shirt is dancing with a person in a black and white dress. The person in the white shirt is dancing with a person in a black and white dress. The person in the white shirt is dancing with a person in a black and white dress",1. Entertainment & Shows
7319635608945675528,"The video features a young man performing a dance routine on a stage. He is dressed in a white sweatshirt with a graphic design, black and white striped pants, and red sneakers. The stage is dimly lit with purple lighting, and there is a crowd of people watching the performance. The young man is seen executing various dance moves, including spins and jumps, with the audience clapping and cheering in the background.",Dance
7288048371019926814,"The video shows a woman standing outside in a cold environment, wearing a white shirt. She is holding a thermometer and appears to be measuring the temperature. The background is a wooden deck with a white railing. The woman is wearing a nose ring and has long, dark hair. The video also includes text overlays that read ""Ready to the cow your mom's comment"" and ""I feel like she's just in a freezing room."" The woman is also seen holding a piece of paper with a drawing on it.",1. News
7302492057975688490,The video features a person wearing a tie-dye tank top with a watermelon pattern. The person is standing in front of a white wall with a ceiling fan. The person is wearing a pair of sunglasses on their head. The video has a filter applied to it that makes the person appear to be wearing a watermelon slice on their head. The filter also adds a watermelon slice to the person's tank top. The video ends with a message encouraging viewers to help Palestine.,1. News
7289320054347468078,"The video features a person sitting at a desk, typing on a laptop. The background includes a painting with a sunset-like color scheme. The person is wearing a dark shirt and has short, light-colored hair. Throughout the video, the text on the screen changes to provide different information. Initially, the text reads, ""Hakeem Jeffries will expel the head of the Republican Party."" Later, the text changes to, ""Hakeem Jeffries will expel the head of the Republican Party and then he will be replaced by a Democrat."" The person continues typing on the laptop, and the text remains the same throughout the video. The video does not show any significant changes in the person",Entertainment & Shows
7346011922946510126,"The video starts with a person wearing a beige hoodie and a backpack, standing outdoors with trees and a street in the background. The person is wearing sunglasses and has a backpack on their back. The video then transitions to a news article from NBC News, which discusses RFK Jr.'s consideration of Aaron Rodgers as his vice presidential running mate. The article mentions that Rodgers has no governing experience and is a former professional athlete. The video then shows a screenshot of a CNN article about RFK Jr.'s VP prospect, mentioning Rodgers' involvement in conspiracy theories. The video concludes with a screenshot of a CNN article about RFK Jr.'s VP prospect, mentioning Rodgers' involvement",Politics
7366304208150121774,"The video features a series of individuals making heart shapes with their hands in front of their faces, with the text ""Millennials try new Gen Z handcart"" appearing at the top of the screen. The individuals are dressed in various outfits, including a red shirt, a red jacket with ""Los Angeles"" written on it, a beige jacket over a graphic t-shirt, and a yellow jacket. The background includes a plant, a framed picture, and a lamp. The video also includes text indicating the year of each individual's birth, such as ""Lauran 1998"" and ""Katherine 1992"".",Entertainment & Shows
7360733570232552710,"The video features a person standing outdoors, holding a large, ornate clock with a black background and gold accents. The clock has Roman numerals and is labeled ""Украина"" (Ukraine). The person is dressed in a black shirt and light blue jeans. The background is a park with trees and a paved path. The video includes text overlays with contact information, including a phone number and email address. The person appears to be showcasing the clock, possibly for sale or as a decorative piece. The video does not contain any audio, as indicated by the audio transcript.","1. Music, Singing, & D"
7369576124948548897,"The video shows a dog wearing a red shirt with a logo on it. The dog is standing in a grassy field and appears to be barking or growling. The text in the video is in Russian and appears to be a translation of the dog's actions. The text reads ""Когда он пытается забыть тысячими с подружками"" which translates to ""When he tries to forget thousands of friends."" The dog's actions are exaggerated and humorous, and the text reinforces the idea that the dog is trying to forget its friends.",7. Pets & Animals
7393839173922327841,"A map of the United States is shown with a blue and red color scheme. The map is divided into states, with each state colored in blue or red. The blue color represents the state of Joe Biden, while the red color represents Donald Trump. The map is titled ""Tossup 538"" and shows the number of votes each candidate has received in each state. The map also shows the number of comments each candidate has received, with the number of comments for each candidate displayed in the top right corner of the map.",Politics
7388205937036725537,"The video shows a person in a blue and white jacket driving a car. The person is wearing a seatbelt and appears to be talking to the camera. The background is a dark interior of the car, with some equipment visible. The person is making a face and gesturing with their hands, possibly indicating frustration or confusion. The text overlay on the video reads ""POV: Trying to activate my Supacell power"" with emojis of a battery and a lightning bolt. The person seems to be trying to activate a feature on their phone or device, but the text suggests that they are having trouble with it.",1. News
7362611852360174881,"The video begins with a black screen displaying the text ""4TO ЛОВОВЬ выява ПЕРЕСТРЕЛКИ ЯСНОЙ"" in white, which translates to ""4TO LOVVY unveils the red lightning"". The scene then transitions to a dark, nighttime setting with a cityscape in the background. The text ""КОТОРИЙ"" appears, followed by ""КАЗНИЙ"", which translates to ""THE FI",1. News
7368846954471640362,"A person with long red hair is standing in a kitchen, wearing a black sweatshirt with green text. The person is gesturing with their hands while talking. The kitchen has white cabinets and a light fixture on the ceiling. The person is speaking about solidarity and the importance of understanding intersectionality in activism. They mention Dylan Mulvaney and the need for trans rights, and how some people criticize her for not focusing on other issues. The person also talks about class and how influencers often abandon their supporters for personal gain.",Comedy
7108772250320473349,"The video showcases various activities and attractions in the Greek island of Paros. It begins with a person standing in front of a scenic view of the island, with the text ""Paros 5 out of the box activities!"" displayed at the top. The person is wearing a red and white striped shirt and appears to be speaking. The video then transitions to a list of activities, each accompanied by a corresponding image. The first activity is to have a meal in the traditional village of Lefkest, followed by a 3.5 kilometer hike on the old Byzantine road to the village of Prodromos. The second activity is to visit the beach of Kalogero, which offers a natural",Travel & Events
7349908267742743854,"The video features a person wearing a red shirt with a black design, speaking into a microphone. The background includes shelves with various items, such as books and decorative objects. The video is divided into several segments, each with a different text overlay. The text overlays provide commentary on the legal situation involving Donald Trump and his immunity claim. The person in the video is seen gesturing with their hands while speaking, indicating that they are emphasizing certain points. The video also includes a countdown timer at the top of the screen, indicating that it is a news segment or a commentary video.",Politics
7273897683918621994,"The video showcases a football game between two teams, one in white and yellow uniforms and the other in maroon and yellow uniforms. The game is played in a stadium filled with spectators, with the crowd cheering and waving flags. The players are seen running on the field, tackling each other, and making plays. The video also includes a close-up of a player in a white uniform with the number 9 on it, who is seen running with the ball and making a play. The video concludes with a player in a maroon and yellow uniform being tackled by a player in a white uniform.",Sports
7374631394108181806,"The video shows a woman standing in front of a bed in a bedroom. She is wearing denim shorts and white sneakers. The bed has a tufted headboard and is made up with a white comforter and pillows. The woman appears to be talking to the camera, possibly narrating a story or giving instructions. The background is a plain wall, and there are no other people or objects visible in the video.",Entertainment & Shows
7285324334934035745,"The video shows a man in a black shirt and jeans bending over a machine in a gym. He is surrounded by people, some of whom are watching him. The man is holding a device in his hand, which appears to be a pregnancy test. The people in the background are standing and watching the man, some of them are smiling and clapping. The man is then seen standing up and walking away from the machine.",1. News
7374137745364602155,"The video features a woman in a pink jacket and a man in a black shirt inside a car. The woman is speaking, and the man is listening attentively. The woman then gestures with her hand, and the man looks at her. The video ends with the woman continuing to speak, and the man looking at her.",1. News
7345205332383108394,"The video shows a series of scenes depicting the situation in Haiti after the U.S. Marines deployed there to airlift U.S. embassy staff out of the country. The video also highlights the government's loss of credibility and power, leading to the overrun of Haiti's capital by gangs. The government has ruled out using troops to restore order, and the U.S. has called on the Prime Minister to commit to a transitional government and set up elections. The U.S. has also agreed to finance the deployment of a thousand Kenya police officers, but the plan continues to be delayed. Meanwhile, the U.S. has called on the Prime Minister to commit to a transitional government",1. News
7335427690708651272,"The video features a person standing on a city street, wearing a light-colored vest over a white shirt and blue jeans. They are holding a microphone and speaking to the camera. The background shows a busy street with people walking by. The person is seen gesturing with their hands while talking, and the text on the screen changes as they speak, indicating different topics they are discussing. The video ends with a black screen, suggesting a transition or a pause in the video.",1. News
7366011789085035809,"A man in a suit and tie is standing at a podium, speaking into a microphone. He is holding a cane in his hand. There is another man standing next to him, also in a suit and tie. The background is blue and white, with a large screen behind them. The man at the podium is talking about the importance of the German people and their role in the country. He is also talking about the future of Germany and the need for unity and strength.",Politics
7383627859803393313,"The video shows a man sitting at a desk in an office, wearing a white shirt and a watch. He is talking to the camera and using hand gestures to emphasize his points. The background is a typical office setting with a computer monitor and other office supplies visible. The man is discussing various topics, including the importance of a certain topic, the need for a certain topic, and the content of a certain topic.",Sports
7362157037511396613,"A woman is unpacking a large box of beauty products from a shipping box. She is sitting on the floor in a living room, surrounded by several other boxes and products. She is wearing a black shirt and white socks. The products include various skincare items, such as bottles and boxes, as well as hair care products. The woman is holding a bottle of lotion and a box of hair care products. She is also holding a bottle of a product with a yellow cap. The woman is smiling and appears to be excited about the products.",Beauty Care
7346042702347406638,"The video is a series of scenes showing a person interacting with various people and places, with text overlays providing context and dialogue. The person is seen sitting on a rooftop in a city with red-tiled roofs, then in a room with a TV, and later in a snowy forest with a group of dogs. The person also visits a barber, tries on clothes, and travels to Berlin. The video ends with the person in a room with a dark background, wearing a black hoodie and holding a microphone.",Travel & Events
7362203819721166123,"The video shows a group of children holding signs and protesting in front of a building. The signs read ""Thank you. Thank you. Thank you. Pro-Palestinian protests spread to even more college campuses. The protesters now getting a message of support from the people they're fighting for, the children in Gaza. We love the students of Harvard University. We hear the students of Harvard University. We respect the students of your university. Thank you, the students of Columbia University. We respect you. We hear you. We love you."" The children are wearing different colored shirts and are holding up their signs. The video also shows a woman in a green uniform holding a child in a black jacket",Education
7389277272009690401,"The video begins with a boat navigating through icy waters, with the text ""FIRST MIGRANTS SINCE ELECTION"" displayed. The scene transitions to a dock where a large white and orange boat is being unloaded, with the text ""Dover"" indicating the location. The boat is then shown in a dry dock, with workers around it, and the text ""New home secretary Coopers is currently the Border Security command is currently the Border Security command"" appears. The video then shows a large number of trucks and containers at a port, with the text ""Number 10 has warned of a challenging journey in the number of journeys made"" displayed. The final scene shows",News
7315533802409839914,"The video features a person with long blonde hair, wearing a dark jacket, standing in a room with a plant in the background. The person is seen gesturing with their hands while speaking, and the text on the screen changes throughout the video to convey different messages. The text includes phrases such as ""Bill Maher a well-known Islamophobe,"" ""and he completely glosses over the fact that that territory is under Israeli occupation and has been for decades now,"" and ""he doesn't mention that it is routine for Israeli settlers to spit on Christians in Jerusalem."" The person appears to be discussing the treatment of Christians in Palestine and the Israeli occupation of the land. The video also includes a",Politics
7355525427160452385,"The video features a woman performing on stage, wearing a black outfit and a cowboy hat. She is surrounded by a crowd of people, some of whom are taking pictures or videos. The text overlay on the video reads ""When Beyoncé points at you in the crowd."" The woman is seen singing and dancing, and the crowd is shown reacting to her performance. The video captures the energy and excitement of the live performance.","3. Music, Singing, & D"
7368383778034601249,"The video shows a computer screen with a 3D model of a room. The room has a desk, a chair, and a bin. The desk has a computer on it. The bin is labeled ""Recycle Bin"". The text on the screen says ""Freundin: Was hast du den Garten tag gemacht? Ich: Aufgeräumt"". This translates to ""Friend: What did you do in the garden today? Me: Dirty"". The video is a humorous take on a common situation where someone asks their friend what they did in the garden, and the friend responds with a sarcastic comment.",1. News
7386720277557742880,"The video showcases a young woman in a blue gymnastics outfit performing a series of gymnastic moves on a green and blue gymnastics mat. She begins by standing on the mat, then proceeds to perform a series of flips and jumps, showcasing her athleticism and skill. The video captures her movements in detail, highlighting her flexibility and control. The background features a large audience seated in bleachers, watching the performance intently. The video concludes with the woman standing on the mat, having completed her routine.",Sports
7297944147648924961,"The video showcases the process of making Slow Cooker French Onion Soup. It begins with a close-up of a white ceramic pot filled with sliced onions, followed by the addition of salt, pepper, garlic, and bay leaves. The ingredients are then stirred and cooked on high heat. The soup is then transferred to a slow cooker, where it simmers for 8-10 hours on high. Finally, the soup is served with a slice of bread and topped with cheese. The video emphasizes the ease and convenience of making this soup, especially when you're away from home.",Food
7400109280008867114,"The video features a person wearing a white t-shirt with blue and red text that reads ""HARRIS FOR PRESIDENT"" and a gold necklace. The person is sitting on a bed with a white blanket and a black headboard in the background. The person is speaking and gesturing with their hands, emphasizing the importance of checking voter registration status. The video ends with the person continuing to speak and gesture, with the text ""All hotties for Harris"" appearing on the screen.",Politics
7331415226442730757,"The video showcases a group of individuals performing a choreographed dance routine on a stage. The stage is illuminated with vibrant lighting, and the performers are dressed in a variety of colorful outfits, including red, green, and black. The dancers move in sync, executing a series of coordinated steps and gestures. The background features a large screen displaying a colorful graphic, adding to the dynamic atmosphere of the performance. The video captures the energy and enthusiasm of the dancers as they perform their routine, with the audience visible in the background, adding to the overall ambiance of the event.","Music, Singing, & Dancing"
7307346522234998049,"The video features a woman sitting on a couch, wearing a dark-colored top. She is speaking to the camera, and the text overlay on the screen reads, ""me when someone asks why I love to watch The Kardashians."" The woman appears to be in a casual setting, possibly a living room, and is engaged in a conversation about her love for the show. The video does not contain any additional visual elements or actions beyond the woman speaking and the text overlay.",8. Entertainment & Shows
7362216509206236449,"The video begins with a person holding a package of ""WC FRISCH Spa Moments"" in a store. The person then moves to a shelf stocked with various items, including a pack of ""Jedes Mal"" and a bottle of ""Mein Mann holmmer 7182992922 ckrdk"". The person then moves to a shelf stocked with various items, including a pack of ""Mercan"" and a bottle of ""Tiger"". The person then moves to a shelf stocked with various items, including a pack of ""Mercan"" and a bottle of ""Tiger"". The person then moves to a shelf stocked with various",1. News
7396760829498002720,"A young woman with long, wavy blonde hair is standing in front of a bookshelf filled with books. She is wearing a white tank top and is speaking directly to the camera. The text on the screen is in German and includes phrases like ""warum ich meine Bücher, die ich schon gelesen habe, nicht einfach verleihe oder verkaufe,"" which translates to ""why I don't just give away or sell my books that I have already read."" The woman gestures with her hands as she speaks, emphasizing her points.",Entertainment & Shows
7343145915886193926,"A man and a woman are standing on a cobblestone street at night. The man is wearing a red jacket and blue jeans, while the woman is wearing a black leather jacket and brown pants. They are talking to each other, and the man is holding a microphone. The woman is gesturing with her hands as she speaks. The background shows a building with a sign that reads ""МИЗЕРИЙ"" (Mizeri). The man and the woman are engaged in a conversation, and the man is holding a microphone. The woman is gesturing with her hands as she speaks. The background shows a building with a sign that reads """,Entertainment & Shows
7368596585594359083,"The video is a news report about the German far-right party Alternative for Germany (AfD). It discusses the party's history, its radicalization, and its current status as a potential extremist threat. The video also mentions a recent court decision that upheld a ruling from the lower court, allowing intelligence officers to wiretap party members and recruit informants to monitor the party for extremism. The AfD is currently the second most popular party in Germany and is expected to secure big wins in several eastern states in the upcoming elections. The video encourages viewers to follow for more updates on the AfD's political activities and the ongoing surveillance efforts.",Politics
7395305751469772075,"The video shows a woman sitting in the driver's seat of a car, wearing a purple top and a necklace. She is talking to the camera and appears to be making a humorous or sarcastic comment about voting. The video ends with the woman continuing to talk and gesture with her hands.",Politics
7278695690522348843,"The video features a person wearing a green hoodie with a graphic design on it, sitting in an airplane. The person is speaking and gesturing with their hands. The background shows the interior of the airplane, with seats and overhead compartments visible. The person is also wearing a ring on their left hand. The video includes text overlays with emojis and a URL, as well as a screenshot of a webpage with the text ""Mr. Beast has a net worth of $100 million."" The person appears to be discussing the topic of Mr. Beast's net worth and the controversy surrounding it.",Entertainment & Shows
7344030729531067680,"The video features a man in a suit and tie, holding an orange microphone, interviewing another man in a dark suit. They are standing in front of a building with a red sign. The man in the suit is asking questions, and the man in the dark suit is responding. The text on the screen reads ""Fabian Köstrm nimmt Politiker HopPart30"" and ""ohne konstruktiv mitzuarbeiten"". The man in the suit is also asking questions, and the man in the dark suit is responding. The text on the screen reads ""Fabian Köstrm nimmt Politiker HopPart30"" and",Politics
7395616033127648554,"The video shows a person in a black outfit standing in a room. The person is holding a black bag and appears to be taking a selfie in front of a mirror. The room has a bed with a white blanket and a dresser with a mirror on top. The person is wearing a black shirt and black pants. The video ends with the person still in the room, holding the bag and taking the selfie.",1. News
7347525697591725355,"A young man wearing a green shirt stands in front of a bush with red flowers. He is talking to the camera and appears to be explaining something. The text on the screen reads, ""How Zionism is sold to non-Israeli Jews.""",Politics
7376404436505136416,"The video is a series of scenes showing a person in a uniform interacting with various individuals in different settings, including a street, a train station, and a city street. The person in the uniform is seen giving instructions, issuing tickets, and engaging in conversations with the individuals. The video also includes text overlays that provide context and commentary on the interactions, such as the person being ""personally chosen by Her Majesty"" and being ""personally chosen by her majesty to bring justice to her roads."" The video appears to be a humorous take on the interactions between the person in the uniform and the individuals they encounter.",Travel & Events
7341059462687509803,"The video is a compilation of various images and text overlays that suggest a narrative about the confinement of Kate Middleton in a tower. The text overlays confirm that Kate Middleton is sedated and locked in a tower, with Camilla Parker being held responsible. The video includes images of Kate Middleton in different outfits, including a red dress, a black suit, and a blue dress, as well as images of Camilla Parker in various outfits. The video also includes images of people in formal attire, including a man in a suit and a woman in a blue dress, as well as images of people in casual attire, including a man in a striped shirt and a woman in a hat.",1. News
7357877605581802795,"The video is a series of scenes from a video game, likely Roblox, where a character is exploring a virtual environment. The character is seen in various locations, including a dark hallway, a city street, and a park. The character is equipped with a flashlight and is equipped with a gun. The character encounters other characters, some of whom are friendly and others who are hostile. The character is also seen in a virtual store, where they are being chased by another character. The video ends with the character running away from the hostile character.",Gaming
7348220196772990254,"The video is a series of clips showing a person in different settings, including a cityscape, a room, and a park, with text overlays providing commentary on the censorship and restrictions in China. The person is seen using a laptop and a smartphone, with messages about the difficulty of accessing certain websites and the lack of social media access. The video also includes a screenshot of a website that cannot be accessed, and a screenshot of a news website with a message about the censorship of the Wall Street Journal. The person is seen in a hotel room with a television that only shows Chinese state-run media, and the text overlays suggest that the person is trying to access information and share ideas despite the",1. News
7323547689201765664,"The video features a person in a garage, wearing a black shirt with a white design and a black cap. The person is discussing five cars from Italy, with the text ""5 CARS FROM COUNTRY ITALIAN EDITION"" displayed at the top of the screen. The person gestures with their hands while talking, and the background shows various items, including a green car and a garage door. The person then shows a red sports car on a road, followed by a white sports car on a track, and a red sports car on a road. The person continues to talk and gesture, and the video ends with the person still in the garage, with the text ""5 CARS",Comedy
7388973620116180257,"A man in a suit and tie is giving a speech at a podium. The text on the screen reads ""Jordan Bordeau: Je serai là, pour vous, avec vous, jusqu'à la victoire."" The man is speaking to a crowd of people who are holding French flags and taking photos.",Politics
7392691382218935583,"The video starts with a group of people in white shirts with black designs, standing in a room with a red background. They are holding a black bag with a white logo. The scene then shifts to an airport where two people are standing in front of a sign that reads ""Welcome to Terminal 4"". The next scene shows two people sitting in front of a building with a sign that reads ""Welcome to Terminal 4"". The video then shows a group of people sitting in a room with a blue background, wearing black shirts with white designs. The final scene shows a group of people sitting in a room with a red background, wearing black shirts with white designs.",Sports
7323689375043243269,"The video features a white cat standing on a blue couch in a well-lit room with wooden floors and a chandelier. The cat is holding a small object in its paws, possibly a toy or a treat. The cat appears to be interacting with someone off-camera, as it is looking towards the person. The text on the screen reads ""Вам покачиваю карьерикикой у людей, что у купирующих сосредни, что у купирующи",Friends
7383363724628725024,"The video shows a group of people walking down a runway in a large, industrial-looking room. The people are dressed in various outfits, including some in black and others in different colors. The audience is seated on either side of the runway, watching the models as they walk.",1. Entertainment & Shows
7339981163756490030,"The video shows a person's hands with long, bright pink nails, which are being painted with a bright pink polish. The person is using a nail art brush to apply the polish to their nails. The video also shows a nail dryer in the background, which is used to dry the nails after they are painted.",Beauty Care
7318033407785569569,"The video features a man standing next to a red Mercedes-Benz car in a parking lot. He is wearing a light blue shirt and dark pants. The background includes a parking structure and a few other cars. The man appears to be talking about the car, possibly explaining its features or history. The video also includes text overlays that provide additional information about the car and the company Brabus. The text overlays include names like ""Brabus"" and ""BUS,"" as well as phrases like ""he started tuning it"" and ""he didn't like it because it was slow it wasn't fast it wasn't aggressive and it didn't push his adrenaline levels."" The video",1. News
7361467847190760750,"The video features a person sitting in front of a wall covered with various posters and decorations. The person is wearing a gray hoodie and is speaking to the camera. The text overlay on the video reads: ""I'm not afraid to admit I'm not afraid to admit I'm not afraid to admit I'm not afraid to admit I'm not afraid to admit I'm not afraid to admit I'm not afraid to admit I'm not afraid to admit I'm not afraid to admit I'm not afraid to admit I'm not afraid to admit I'm not afraid to admit I'm not afraid to admit I'm not afraid to admit I'm not afraid to admit I'm not afraid to admit I'm",Entertainment & Shows
7323131799310306590,"The video is a series of interviews with Jeff Bezos, the founder and CEO of Amazon.com, conducted in various settings, including a store, a hallway, and a kitchen. Bezos is seen speaking to the camera, sharing his thoughts and experiences. The video includes text overlays that provide context and additional information about Bezos' background and accomplishments. The video also includes a series of images of Bezos, some of which are labeled with the year 2000. The video concludes with a shot of a large building, likely the headquarters of Amazon.com.",Entertainment & Shows
7353311795374738721,"The video features a person sitting on the floor, wearing a gray hoodie and black pants, with a blanket featuring a yellow and white pattern draped over their shoulders. The individual is holding a phone or tablet in their hands, and the background includes a wall with a brick pattern and a shelf with various items. The person appears to be in a relaxed or contemplative state, with their legs crossed and hands resting on their knees. Throughout the video, there is text overlaid on the screen, which appears to be a message or a quote. The text is in French and reads: ""Pov: t'es en même temps, tu n'as toujours su",1. News
7329621030023089440,"The video shows a group of people standing in a room, with one person wearing a white hoodie and another wearing a black top. They are posing for a photo together.",1. Entertainment & Shows
7261278269884992795,"The video shows a man and a woman dancing on stage. The man is shirtless and the woman is wearing a white top and shorts. They are surrounded by a crowd of people, some of whom are taking pictures and videos. The stage is lit with red and blue lights, and there are other people on stage, including a man in a suit and a woman in a pink dress. The video ends with a shot of a man and a woman standing in front of a red umbrella.","Music, Singing, & Dancing"
7397527101143878954,"The video shows a series of interactions between a man in a suit and a man in a blue suit in a formal setting, likely a congressional hearing room. The man in the suit is speaking, while the man in the blue suit is listening and occasionally responding. The text overlays the video provide context and questions related to the number of Secret Service agents assigned to Donald Trump and Joe Biden. The video concludes with the man in the blue suit asking the man in the suit to provide the number of agents, which the man in the suit refuses to answer.",Politics
7353267784886897952,"The video shows two men sitting at a counter in a room. One man is wearing a yellow jacket, and the other is wearing a white hoodie. They are engaged in a conversation, with the man in the yellow jacket gesturing with his hands while speaking. The man in the hoodie listens attentively and occasionally responds. The background features a beige wall and a window with black bars. The video ends with the man in the yellow jacket continuing to speak, while the man in the hoodie remains focused on the conversation.",Entertainment & Shows
7351137146004114693,"The video captures a thrilling moment in a soccer match between Ukraine and Israel. The match is intense, with both teams displaying remarkable skill and determination. The video begins with a close-up of a player in a blue jersey, number 21, who is diving to make a save. The scene then shifts to a player in a yellow jersey, number 8, who is attempting to score a goal. The video captures the player's powerful kick and the resulting goal celebration. The final frames show the player in the blue jersey, number 21, celebrating the goal, while the player in the yellow jersey, number 8, is seen lying on the ground, possibly",5. Sports
7312903813122280746,"The video shows a group of farmers protesting against the draconian regulations against ethm. They are using sprayers to spray the government buildings. The protest is taking place in front of a building with a sign that says ""Farmers in France are rising up against the draconian regulations against ethm. Now they are literally spraying the government buildings."" The protesters are holding signs and chanting slogans. The video also shows a group of people standing in front of a building with a sign that says ""Farmers in France are rising up against the draconian regulations against ethm. Now they are literally spraying the government buildings."" The protesters are holding signs and chanting slogans. The video also shows a",Politics
7357063093962214689,"The video features a person wearing a black jacket with white zippers and a pearl necklace. They are standing in front of a window with blinds and a wall with pictures. The person is speaking German, and the text on the screen reads ""wie ich in die Deutsche abprüfung reiß gehe am."" The person is gesturing with their hands and appears to be explaining something.",1. News
7374800691677629729,"The video features a person standing in front of a large orange truck with the text ""How do you step 4 hours and ovvk15 hours"" displayed at the top. The person is wearing headphones and appears to be speaking or singing. The background is a road with trees, and the truck is parked. The person then makes a gesture with their hand, and the text changes to ""It's in my blood."" The person continues to gesture and make hand movements, and the text remains the same. The video concludes with the person still gesturing and speaking, with the truck still visible in the background.",Comedy
7350964297381498154,"The video shows a person rummaging through a pile of trash bins in front of a large, well-manicured hedge. The trash bins are black and blue, and they are filled with various items, including food packaging, clothing, and other household items. The person is seen picking up items from the bins and examining them closely. The video also shows a close-up of a blue recycling bin filled with various items, including a box with a purple lid and a cardboard box with a white label. The video ends with a close-up of a person's hand holding a black object, possibly a tool or a piece of equipment, and examining it closely.",Entertainment & Shows
7405044080729787678,"The video is a series of clips showing a woman in a blue suit standing at a podium, speaking into a microphone. The background is a blue and red striped pattern with stars. The text on the screen reads ""DNC speaker briggugot at copy of Proj:2025"" and ""MCMORROW"" at the bottom. The woman is speaking about the Republican blueprint for a second Trump term, which is described as extreme. The video also includes text such as ""WHY?"" and ""YEARS"" at the bottom of the screen.",Politics
7337416931965685034,"The video features a man standing in front of a tree, wearing a plaid shirt. He is talking about the carbon footprint of a tiny rural electric cooperative in eastern Oregon. The video then shows an aerial view of a large data center in the area, with the text ""The Internet company needs huge amounts of electricity to run their computers and cool the hard-working machines."" The man continues to talk about the data center and its impact on the environment. The video ends with a call to action, encouraging viewers to read more at the Oregonian's website.",1. News
7283933352267337002,"The video features a woman in a white t-shirt with the word ""PINK"" on it, wearing a black hair wrap. She is sitting on a couch and talking to the camera. The text ""Mother Gothei but make her Desi"" appears on the screen, suggesting that the woman is a mother who is proud of her daughter's cultural identity. The video then transitions to a woman in a traditional Indian outfit, wearing a red and gold sari with intricate embroidery and jewelry. She is standing in front of a purple background, and the text ""Rapunzel, look at that now. You know what I see? I see a strong, confident, beautiful young lady.",1. News
7353365116554956074,"The video features a person wearing a colorful jacket with a yellow and purple pattern, standing in front of a disco ball. The background is a vibrant, colorful setting with a disco ball hanging from the ceiling. The person is smiling and appears to be enjoying themselves. The video then transitions to a different scene, showing a framed picture of a person in a military uniform. The text at the top of the video reads ""YOU ARE MY SUNSHINE BATTLE ROUND OF 16 #4"" and ""2. Chines sunshine."" The video continues to alternate between the two scenes, with the person in the colorful jacket and the framed picture of the person in the military",Sports
7398943500328242463,A person is making a set of dice with glitter and pink resin. They are using a green mold and a purple mold. They are mixing the resin and glitter in a bowl. They are then using a syringe to pour the mixture into the molds. The molds are placed on a white surface. The person is wearing blue gloves. They are using a purple brush to apply the resin to the molds. The person is also using a purple brush to apply the glitter to the molds. The person is using a purple brush to apply the glitter to the molds. The person is using a purple brush to apply the glitter to the molds. The person is using a purple brush to apply the glitter to the molds,Entertainment & Shows
7386453398792441131,"A young woman with long braided hair is sitting on a bed in a bedroom. She is wearing a white t-shirt with the words ""I FEEL GREAT"" printed on it. She is holding a makeup brush and a makeup palette. She is applying makeup to her face and talking to the camera. She is also holding a card that says ""Blamboni"" on it. She is showing the makeup palette to the camera and talking about it.",Beauty Care
7348462120817790240,The video shows a man shopping in a grocery store. He is looking at a shelf of snacks and picking up a box of Cathedral City cheese snacks. He then picks up a box of Dunkin' Donuts cereal and a box of Price Drop cereal. He continues to shop and picks up more boxes of Cathedral City cheese snacks. The video ends with him holding a box of Cathedral City cheese snacks in his hand.,Entertainment & Shows
7360235976494550304,"The video features a series of individuals attempting to jump over a wall in a trampoline park. The first person, wearing a white t-shirt and blue shorts, is seen jumping over the wall. The text ""あなたはないらっち"" (You are not a trampoline) appears on the screen, suggesting a humorous or ironic commentary on the person's attempt. The second person, dressed in black, attempts to jump over the wall but falls short. The third person, also in black, attempts to jump over the wall but falls short. The final person, wearing a white t-shirt and blue shorts, attempts to",bro said sayyaraa
7347591598408043808,"The video showcases various scenes from Sterling, USA, including a map of the United States with ""Random City USA"" written on it, a building with the word ""Sterling"" painted on it, a statue of two people, a historic building, a scenic road, a park, a store, a street with shops, a mountain range, a city street, a tall tower, a lake, and a sunset over the water.",Travel & Events
7310063052341185823,"The video is a compilation of various scenes and statements related to the development and potential use of an invisibility cloak by China. It starts with a person standing in front of a large, transparent sheet, with the text ""not"" appearing on the screen. The scene transitions to a news article about China developing an invisibility cloak, with the text ""China and the development of science that we do not have protection from"" appearing on the screen. The article is titled ""BILBAOHAIR NEWS"" and is dated November 28, 2021.

The video then shows a man in a suit sitting in front of a window, with the text",Science & Technology
7380812058167708960,"The video is a humorous take on the debate over whether a player is English or German, focusing on Jamal Musiala, a football player who was born in Germany but moved to Southampton at age seven. The video shows various scenes of Jamal playing for different teams, including Southampton, Bayern Munich, and Chelsea, and highlights his impressive statistics and the challenges he faced in convincing his coaches to play him in the attacking midfield role. The video also includes a graphic comparing Jamal's performance to that of Jude Bellingham, another player, and concludes with a humorous assessment of the situation.",Sports
7377701670077205803,"The video shows a person with long hair, wearing a black top and a necklace, in a room with a lamp and a mirror. The person is talking about not wanting to dye their hair pink, but the parasites in them want them to dye it pink. The person then says they don't want to eat candy, but the parasites in them want the candy. The person also says they don't want to drink liquor, but the parasites in them want the liquor. The person then says they don't want to dye their hair pink, but the parasites in them want the hair dyed pink. The person then says they don't want to eat candy, but the parasites in them want the candy.",1. News
7309888375023045931,"The video features a man wearing a blue jacket with a red and white logo on the front, standing in a workshop with various tools and equipment in the background. The man is speaking, and the text overlays on the screen provide commentary on the situation. The text mentions that the man is using taxpayer dollars to hire additional staff to blur the faces of participants in the January 6th insurrection, and that the Department of Justice already has the unedited videos. The man is also accused of being complicit in the January 6th insurrection. The video ends with the man continuing to speak, with the text overlay still visible.",Politics
7312875354220285215,"The video features a man in a dark suit and red tie standing in front of a cityscape backdrop. He appears to be delivering a monologue or speech, gesturing with his hands as he speaks. The video then transitions to a live broadcast of a political event in Coralville, Iowa, where a man in a suit and red tie is speaking at a podium. The text on the screen reads ""TRUMP RALLIES SUPPORTERS IN CORALVILLE, IA"" and ""TRUMP SAYS HE'LL TAKE COURT ACTION IF HE'S NOT ELECTED."" The video then cuts back to the man in the dark suit and",Politics
7283816318883679531,"The video is a series of frames from a video titled ""Things you didn't know about teaching in 2023."" The video features a person with long blonde hair wearing a black shirt with the word ""WAVE"" on it. The person is seen speaking and gesturing with their hands. The background is white with a list of items written in black text. The list includes items such as ""Meetings announced day of,"" ""Students growing up around technology but they literally don't know how to google,"" ""Overstimulated classrooms and lab classrooms are the normal gone are the days where students just do work quietly that doesn't exist anymore,"" and ""Out of 25 students",Education
7317764806767922475,"The video shows a woman and a child in a snowy forest. The woman is wearing a leopard print top and the child is in a blue and white outfit. They are playing with a large metal barrel filled with water. The woman is trying to get the child to jump into the barrel, but the child is hesitant. The woman then uses a black object to stir the water, creating a frothy effect. The child eventually jumps into the barrel, and the woman laughs and claps. The video ends with the woman and child sitting in the barrel, enjoying the water.",Entertainment & Shows
7395290316569382174,"The video features a woman wearing a leopard print top and glasses, standing in front of a blurred background. She is speaking, and the text overlay on the screen reads, ""Я давально сделаем приз с лавальным сделами при парте ткальовый обо всех тк оставим в комментарии, кидайте разкивишися по получивающейся",1. News
7358143601869671685,"The video showcases a breathtaking sunset over the ocean, with the sun casting a warm glow on the water and the sky. The waves gently crash against the shore, creating a serene and peaceful atmosphere. The colors in the sky range from deep oranges and yellows to soft pinks and purples, creating a stunning visual effect. The video captures the beauty of nature and the tranquility of the moment, with no text or subtitles present.",Travel & Events
7366140924629470496,"The video features a woman in a white dress with gold accents walking down a red carpet at an event. The background shows other people and photographers. The woman is wearing a long, flowing dress with a high slit and has long, wavy hair. The video also shows a close-up of the woman's dress, which has intricate designs and a long train. The video includes text overlays asking who the woman is and references to other celebrities and events. The video also includes a screenshot of a Twitter post asking who the woman is.",Entertainment & Shows
7380810864477130016,"The video is a compilation of images from a concert, with the text ""Can't stop the power"" and ""*Stops the power*"" appearing on the screen. The images show a person in a yellow hoodie, a person in a black hoodie, and a person in a black shirt with a red and white design. The background is a stage with red lighting and a large red object, possibly a speaker or a prop. The images are taken from different angles, showing the person in the yellow hoodie from the back, the person in the black hoodie from the side, and the person in the black shirt from the front. The person in the black hoodie is wearing a",1. News
7346779567639498026,"A person with long, wavy hair is wearing a black top and has pink hair clips in their hair. They are holding a makeup brush and a lipstick. The person is applying the lipstick to their lips.",Beauty Care
7299554274827046187,"The video features a series of individuals discussing the history and identity of Palestine. The first person, wearing a white shirt and headphones, speaks about the history of Palestine, mentioning that it was not a nation before 1948. The second person, wearing a blue shirt, discusses the Palestinian identity and the struggle for independence. The third person, wearing a blue shirt and a beard, speaks about the Palestinian identity and the right to self-determination. The fourth person, wearing a blue shirt, discusses the history of Palestine and the right to self-determination. The fifth person, wearing a blue shirt, discusses the history of Palestine and the right to self-determination. The sixth person, wearing",1. News
7348934489122327841,"The video is a compilation of various scenes from a large public demonstration, likely a protest or rally, with a focus on political and social issues. The footage shows a diverse group of people, including individuals holding signs and banners, engaging in discussions, and interacting with each other. The setting appears to be an urban area with buildings and trees in the background, suggesting a city environment. The participants are dressed in casual clothing, indicating a non-formal event. The video includes text overlays in German, which provide context and commentary on the events, such as ""FRIENDS DEMO"" and ""Friedensdemo,"" indicating the nature of the gathering. The text also includes phrases like """,Politics
7282317561864260897,"The video showcases a series of scenes featuring a steam locomotive train, with the text ""Steampunk conversion"" displayed at the bottom of the screen. The train is seen moving along a track, surrounded by lush greenery and trees, with steam billowing from its smokestack. The train is also seen inside a train car, with passengers seated and enjoying the ride. The video also features various steampunk-themed items, including a throne-like chair with intricate designs and a collection of steampunk accessories displayed on a table. The final scene shows a person with red hair, wearing a steampunk-inspired outfit, standing in front of a backdrop of steampunk-themed items.",1. Entertainment & Shows
7343605850105318658,"The video showcases a piano being played by a person whose hands are visible on the keys. The piano is illuminated by a blue light, creating a serene and focused atmosphere. The person's hands move gracefully across the keys, producing a harmonious melody. The video captures the intricate movements of the fingers as they press down on the keys, producing a range of sounds. The person's hands are seen moving in a coordinated manner, indicating a skilled and practiced performance. The video does not contain any text or additional visual elements.","Music, Singing, & Dancing"
7349023065575083306,"The video shows a woman standing in a large auditorium, holding a microphone and speaking passionately. She is wearing a red shirt and has long hair. The text on the screen reads ""In Germany: Jewish Woman yelling out Palestinians"" and ""Mr. Scholz, you cannot talk about democracy, while your money and your weapons are killing Palestinians in Gaza!"" The woman is seen shouting and gesturing with her hands. The scene then transitions to a man in a suit standing at a podium, speaking to the audience. The text on the screen reads ""In Germany: Jewish Woman yelling out Palestinians"" and ""I'm an Israeli and I'm telling you, Arabs!"" The man is seen speaking and",Politics
7223384947938053418,"The video shows a person wearing glasses and a dark shirt with green text. The person is standing in a kitchen with a tiled floor. In the background, there is a person holding a baby armadillo. The baby armadillo is being held by the person in the kitchen. The video also shows a close-up of a baby armadillo on the ground, with the text ""Percy is a very ancient disease that is actually in modern times, not only very curable, but it's actually kind of a weak disease. It basically, if it's too hot or too cold, the thing dies."" The video also shows a close-up of a baby armadillo",Science & Technology
7386641138611981601,"The video features a person wearing a brown jacket and a blue and white checkered shirt. The person is being painted with makeup by another individual, who is applying makeup to the person's face. The makeup application process is shown in detail, with the person's face being covered in makeup and the makeup artist carefully applying it. The video then transitions to a close-up of the person wearing a black military-style uniform, complete with a hat and gloves. The uniform is detailed with gold accents and a belt. The video concludes with a close-up of the person wearing the black military-style uniform, with the text ""sa kurosaki"" visible on the screen.",1. Entertainment & Shows
7314163714402340102,"The video begins with a close-up of a warp gate, which is a circular structure with a glowing blue light emanating from it. The gate is surrounded by a dark background, with small white dots representing stars. The gate is shown in different angles, with the light swirling and changing colors, creating a sense of motion and energy. The text overlay reads, ""This is How A Warp Gate slows down a ship dv two exit a hyper lane."" The video then transitions to a scene from a movie or TV show, where a spaceship is seen entering the warp gate. The spaceship is shown in a close-up, with the warp gate in the background. The text overlay reads, """,This is how a warp gate slows a ship down
7385499788764040481,"The video shows a person holding a Kinder candy bar in their hand. The candy bar is white and red, and the person is holding it over a metal container. The person then places the candy bar into the container and stirs it with a spoon. The video then shows the person holding the container and stirring the candy bar inside. The person then removes the candy bar from the container and places it on a white surface. The video ends with the person holding the candy bar and the container, with the text ""Das ist schon ein bisschen geil"" (That's already a bit cool) displayed on the screen.",Entertainment & Shows
7276776260431367467,"The video shows a man in a suit and tie holding a microphone, speaking into it. The background is dark and out of focus, but it appears to be a room with other people in it. The man is speaking about his experiences as an SS colonel and his role in the Third Reich. He mentions that he was sanctioned by the OSS and that he placed dynamite in Hitler and Goebbels's opera box, which led to their demise. He also mentions that he wants his full military pension and benefits, the Congressional Medal of Honor, and full citizenship on Nantucket Island.",Film & Animation
7372265021042101550,"The video features a person with long hair, wearing a black shirt, in a room with a window and blinds. The person is seen making various hand gestures and movements, possibly indicating a conversation or monologue. The text overlay on the video reads ""Reply to tynesy, ca's comment"" and ""Glasgow,"" suggesting that the person is responding to a comment or question about Glasgow, Scotland. The video also includes a text transcript that provides context and information about the person's experience in Glasgow, including their thoughts on the city's food, people, and architecture.","3. Music, Singing, & D"
7373730224879521056,"The video features a tiger, depicted in a striking color scheme of orange, black, and white, with a blue object in its mouth. The tiger is positioned on a dark background, and the image is presented in a triangular shape, with the tiger's body occupying the majority of the frame. The tiger's eyes are wide open, and its mouth is open, as if it is roaring or growling. The video does not contain any additional text or subtitles.",7. Sports
7326266761773436166,"The video features a person wearing a black sweatshirt with white text on it, sitting in front of a wall adorned with various posters and a guitar. The individual appears to be speaking, as indicated by their mouth movements and hand gestures. The background includes a bed with a blue blanket and a window with blinds. The person's facial expressions and body language suggest they are engaged in a conversation or monologue. The video does not contain any discernible text or captions.",1. News
7371461402030034218,"The video features a man in a suit and tie standing in an office setting, holding a phone. The text overlay on the video reads, ""And if Jewish people are gonna vote for Joe Biden, they have to have their head examined."" The man appears to be speaking, and the text changes to, ""The last person I'm gonna take advice from as a Jewish person is a known anti-Semite who's had dinner with anti-Semites, who said there was good people on both sides after Charlottesville. He's the last person I'm gonna take advice from."" The man continues to speak, and the text changes to, ""I'm going to take advice from."" The",Politics
7367380929913900320,"The video features a person wearing a black shirt and headphones, standing on a road with trees in the background. The person is wearing a necklace and has long hair. The video is a selfie, and the person is looking at the camera. The text overlay on the video reads, ""PSA I wore shorts on my walk and the only thing that cared was my mom. No one alerted the town elders at that size 12 queen wore shorts summer heat x. Literally wear your own."" The person is wearing a necklace and has long hair. The video is a selfie, and the person is looking at the camera. The text overlay on the video reads, ""PSA I",1. News
7306264195475983622,"The video showcases a group of dancers performing on stage. The central figure is a woman with long, wavy hair, wearing a black top and a beige skirt with a chain belt. She is adorned with multiple gold necklaces and white gloves. The background is a vibrant, colorful display of lights and patterns, creating a dynamic and energetic atmosphere. The dancers move in sync, executing a choreographed routine that includes spins, arm gestures, and synchronized steps. The video captures the energy and movement of the performance, with the central figure taking center stage as the focal point of the dance.","3. Music, Singing, & D"
7360919706913525035,"The video is a series of frames showing a puzzle game with a timer counting down from 60 seconds. The game is set against a black background with a blue border. The puzzle pieces are arranged in a grid, and the player must swap them to form a specific pattern. The text overlay encourages viewers to use the filters to save the effect and boost the video, and to donate to help Moe, who is separated from his family and is campaigning on TikTok. The video also asks viewers to make a video about Moe and to donate to help him reach his goal.",1. News
7380730540061691178,"The video begins with a black screen that transitions to a green and black logo with the text ""hulu"" and ""ORIGINAL"" in green. The logo is centered on the screen. The scene then shifts to a silhouette of a person standing in front of a bright light source, creating a silhouette effect. The person is wearing a long coat and appears to be looking out over a landscape. The video then cuts to a close-up of a person's eye, with the text ""A COURT OF THORNS & ROSE"" appearing in white letters on a black background. The final frames show a close-up of a person's eye, with the text ""A",Entertainment & Shows
7355249683469454634,"The video features a person standing on a beach during sunset, with the ocean waves gently lapping at the shore. The individual is wearing a white hoodie and a baseball cap, and is seen from the back. The person is holding a white object, possibly a phone or a camera, and appears to be looking out at the ocean. The sky is a gradient of orange and pink, indicating the time of day is either sunrise or sunset. The person's posture and the serene setting suggest a moment of reflection or contemplation. The video includes text overlays that read, ""the joy of the joy of the joy of Jesus, the security of Jesus, the peace of Jesus, the love of Jesus","the joy of jesus, the security of j"
7387743887940390177,"The video features a person wearing a white sweater with a zipper, standing in a room with a door and a light fixture in the background. The person is holding their hair up with one hand and appears to be speaking. The text overlay on the video reads, ""Someone in their twenties says they aren't voting."" The person then gestures with their hand, possibly emphasizing a point or making a statement. The video ends with the text, ""You're not really into politics? Okay, fair enough. But what are you into? Transformers? Pokemon, you fucking child?""",1. News
7297354768928853294,The video is a series of text-based messages from a person discussing the challenges of keeping HEB store stock in Texas and the good news about the variety pack and POG. The person is encouraging people to text them for updates on store stock and to join their VIP phone number list for exclusive information about new nectar flavors and other goodies. The video ends with a call to action for viewers to join the VIP phone number list and to follow the person on social media for more updates.,Entertainment & Shows
7374908166175280427,"The video shows a person preparing a meal in a kitchen. They start by cutting up vegetables, including tomatoes, onions, and cilantro, and then mix them together. Next, they cook shrimp in a pan with a sauce, which appears to be a combination of tomato and spices. The shrimp is then placed on a plate with the vegetables and sauce, and a dollop of sour cream is added on top. The final scene shows the finished dish, which looks delicious and appetizing.",Food
7377866805823491371,"The video features a person with curly hair, wearing a dark blue shirt, standing in a room with a painting of a tree on the wall. The person is speaking, and the text overlay on the screen reads, ""You could kiss any woman in game of thrones who would it be?"" The person then points to themselves and says, ""Megan Fox."" The scene transitions to a close-up of the person, with the text overlay changing to, ""Daenerys."" The final frame shows a person sitting on a throne, with the text overlay reading, ""If you can kiss any woman in the world, feet, who would it be?"" The person on the throne is wearing a",8. Entertainment & Shows
7149700277782760746,"The video shows a person lying on a bed with a pink blanket. The person has long hair and is wearing a black shirt. The background is dark, and there is a cat on the bed. The person is holding a phone and appears to be recording themselves. The text on the screen says ""I like paul's dreams... are like this.""",Pets & Animals
7384004708165242144,"The video features a woman sitting in a chair in a room with gold wallpaper and a framed picture on the wall. She is wearing a light blue sweatshirt and has a phone in her hand. The video then transitions to a black and white photo of a dog in a field with red flowers. The woman continues to speak, and the text on the screen reads: ""I'm just looking at a wonderful photograph of a little Jack Russell, black and white Jack Russell, called Mika, M-I-K-A. What a lovely name. Oh, my fairy godmother. She is a live wire. But do you know what? You're going to have to watch her paws",Entertainment & Shows
7314367547862781226,"The video showcases a serene winter landscape, beginning with a view of a snow-covered field dotted with trees. The camera pans to reveal a dense forest of pine trees, their branches heavy with snow, creating a picturesque winter scene. The scene is tranquil, with no visible movement or activity, emphasizing the stillness of the environment. The video then transitions to a close-up of a pine tree, highlighting the snow-covered branches and the texture of the pine needles. The camera slowly pans around the tree, capturing the intricate details of the snow-covered branches and the texture of the pine needles. The video concludes with a view of a snow-covered field, with a large rock partially covered in",Science & Technology
7340337384652934446,"The video is a series of images showcasing various celebrities and their last names. The first image shows a woman in a black dress with the text ""I didn't know that some of these Nepo babies are hiding their famous last names."" The second image shows a man in a tuxedo with the text ""Angelina Jolie's birth name is Angelina Jolie Voight."" The third image shows a man in a tuxedo with the text ""Angelina Jolie's birth name is Angelina Jolie Voight."" The fourth image shows a man in a tuxedo with the text ""Angelina Jolie's birth name is Angelina",Entertainment & Shows
7333801200875261185,"The video begins with a dark blue background featuring a world map with a digital texture. The text ""An Election Year Guaranteed To Divide Us"" is prominently displayed in white, capital letters. The scene transitions to a split screen with a man in a suit and tie on the left and a man in a suit and tie on the right. The man on the right is gesturing with his hands. The text ""A Second Term We Can All Agree On"" appears in white, capital letters. The video then shows a blue background with the text ""THE DAILY SHOW"" in white, capital letters, followed by ""MONDAYS WITH JON STEWART"" in white, capital",8. Entertainment & Shows
7328517572679372078,"The video features a man sitting at a table in a car dealership, holding a piece of paper with handwritten text. The text on the paper includes a list of prices and a handwritten note that reads ""POV: The customer never stops negotiating."" The man appears to be explaining something to the camera, gesturing with his hands as he speaks. The background shows a car dealership with a glass window and a car visible through it. The man continues to speak, emphasizing his points with hand gestures. The video concludes with the man signing the paper, and the text on the paper changes to ""POV: The customer never stops negotiating."" The man then hands the paper to another person, who",Comedy
7375847354341068065,"The video showcases a large crowd gathered at Hinds Hall in Garmin, with a stage set up in the center. The stage is illuminated with green and red lights, and a large screen displays various images and text. The crowd is diverse, with people of different ages and races, and they are all engaged in the event, with some holding up their phones to capture the moment. The atmosphere is lively and energetic, with the crowd cheering and waving their hands in the air. The text overlay on the video reads ""Hinds Hall in Garmin 🇬🇧🇦🇹🇦🇹🇦🇹🇦�","Music, Singing, & Dancing"
7392127900079721761,"The video showcases a woman's tour of her home, specifically her room at Estelle Manor. The room is described as dog-friendly, with a large stable room and a smaller one. The woman highlights the amenities in the room, including a mini bar area, snacks, and a sewing kit. She also mentions the cost of the room, which is £650 a night, and notes that it would be more expensive without her dog. The video ends with the woman standing in front of a mirror, wearing a black top and light blue jeans, and talking about the room and its amenities.",Entertainment & Shows
7368121296154086688,"The video shows a table filled with various dishes, including salads, meats, and side dishes. There are also glasses of water and wine on the table. A person is standing in front of the table, talking to the camera. The person is wearing a dark sweater and glasses. The background shows a room with a window and some furniture.",1. News
7378190751211064607,"The video showcases a man demonstrating the features of an expandable camper. The camper is equipped with a seven-way wiring harness, electric brakes, and a two-inch ball. It has a trailer light and blinkers, as well as spare tires in the front. The body is made of lightweight aluminum, and the underbelly is also aluminum. The camper has a heavy gasket and a lockable compartment. It comes with a GoSun power center, a portable solar table, and a solar cooker. The man also points out the compartments with stainless steel hinges and the storage compartment. The video highlights the camper's features, including its electrical conduit and the ability to cook",Travel & Events
7325985650140974382,"The video is a series of experiments conducted by Jamie and Adam to compare the effects of running in the rain versus walking. The experiments involve using artificial rainfall methods, adding dyes to the water, and using tight-fitting clothes to prevent sweat from mixing with rainwater. The results show that running in the rain is indeed wetter than walking, as indicated by the weight of the work clothes and the amount of water absorbed. The experiments are conducted in both windy and windless conditions, and the results are consistent across different weather conditions. The video concludes with a discussion about the rigor of the experiments and any potential improvements that could be made.",1. News
7406690692765977887,"The video is a series of clips showing a person sitting in a train or bus, with the text overlaying the video reading ""THIS STRANGER SUMMY MY SEAT AND DISSRESPECT ME. WATCH HOWTHIS BDS."" The person in the video is seen talking to someone off-camera, gesturing with their hands, and interacting with the person in front of them. The video also shows the person sitting in a different seat, with the text overlaying the video reading ""THERE IT IS, BABY. VIP. BE QUIET, MAN. HUH? BE QUIET? YOU WANT TO TALK N",Entertainment & Shows
7309290162540858667,"The video is a news report about a massive home explosion in Arlington, Virginia, outside the Capitol. Police were called to the scene, and they were there for hours trying to execute a search warrant. The explosion caused the house to turn to splinters, and human remains were found inside, believed to be the suspect. The suspect, 56-year-old James Yu, refused to surrender and discharged several rounds from a firearm as officers closed in. The FBI and ATF were on the scene, and authorities said human remains were found at the site. The suspect was inside the residence at the time of the explosion and is presumed to be deceased. The report also mentions a deleted LinkedIn page",1. News
7365274404420406571,"The video shows a man and his dog on a sailboat in New England. The man is shirtless and wearing gray shorts, and the dog is wearing a collar. The man is washing dishes in the kitchen, and later he is cooking food in the galley. The man and his dog are then seen sitting in the cockpit of the sailboat, enjoying the view. The video also shows the man and his dog walking on the dock at night, and the man is seen taking the dog out for a walk. The video ends with the man and his dog sitting on the deck of the sailboat, enjoying the view.",Entertainment & Shows
7392992201837464850,"The video begins with a woman standing in front of a glass window, talking about her daughter's first haircut. She then cuts her daughter's hair in a salon, followed by washing her daughter's hair. The video then shows the woman and her daughter in a store, and the daughter is seen holding a cup of hot chocolate. The video then shows the woman and her daughter playing with toys in a living room, and the daughter is seen eating ice cream. The video ends with the woman and her daughter sitting at a table, eating food.",Entertainment & Shows
7395692426888891679,"The video is a series of images and scenes showing different people and events, with text overlays that provide context and commentary. The first image shows a person with a rainbow flag in the background, with the text ""Gay News"" and ""In this election, we each face a question. What kind of country do we want to live in?"" The next image shows a person with an American flag in the background, with the text ""In this election, we each face a question. What kind of country do we want to live in?"" The third image shows a person with a cityscape in the background, with the text ""What kind of country do we want to live in?"" The fourth",Politics
7335178711819373867,"The video begins with a tweet from the ICCJJ, announcing that the South African government has filed an emergency request with the International Court of Justice for additional provisional measures specific to the imminent invasion of Rafah. The tweet includes a screenshot of a document from the International Court of Justice, which outlines the legal basis for the request. The video then transitions to a close-up of the document, which is highlighted in red to draw attention to the specific language used in the request. The video concludes with a person speaking in a room, with the text ""and I think it's a testament to the dedication of the South African legal team in this case"" appearing on the screen.",News
7353793317437590827,"The video shows a man and a woman standing in a room. The man is wearing a black shirt and the woman is wearing a black shirt and shorts. They are holding a hot coffee cup. The man is holding the cup with both hands and the woman is holding the cup with one hand. The man is standing in front of a door and the woman is standing next to him. The man is looking at the woman and the woman is looking at the man. The man is smiling and the woman is smiling. The man is saying ""Don't prank your employee when they're holding hot coffee"" and the woman is saying ""Oh! Oh! Oh! Oh! Oh!"" The man is",1. News
7377799778299579690,"The video features a woman standing outdoors, with an American flag in the background. She is wearing a black top and has tattoos on her arms. The text overlay on the video reads, ""Isn't it weird you're a fan of an American flag, but you know who you're voting for?"" The woman appears to be speaking directly to the camera, and the video seems to be a commentary on the American flag and the voting process.",1. News
7346724921361435937,"Two girls are walking down a sidewalk in front of a building. They are both wearing black jackets and carrying backpacks. The girls are walking together, and one of them is holding the other's hand. The background shows a grassy area with trees and a fence.",Travel & Events
7384186520351083781,"The video begins with a person in a light-colored robe sitting in a room, speaking to the camera. The person is wearing a necklace and has blonde hair. The background features a beige wall and a window with dark curtains. The person gestures with their hands while speaking, and the camera zooms in on their face.

The scene transitions to a series of text messages on a phone screen, showing a conversation between the person and another individual. The messages are in Russian, discussing a situation involving a person who did not pay for a product. The person in the robe is shown again, gesturing with their hands while speaking.

The video then shows a series of text",Entertainment & Shows
7396382918039457041,"The video features a man and a woman sitting on a bed in a modern room. The man is wearing a white t-shirt and black shorts, while the woman is dressed in a white t-shirt with red text and blue jeans. The man is holding the woman's leg, and they are engaged in a conversation. The text on the screen changes throughout the video, indicating different stages of their conversation. The man is initially seen with a neutral expression, but as the conversation progresses, his expression changes to one of surprise and then to a more relaxed state. The woman's expression also changes, indicating her engagement in the conversation. The video concludes with the man and woman still sitting on the bed",Entertainment & Shows
7273841367351069998,"The video shows a person wearing gloves and cutting a block of bright yellow soap into smaller pieces. The soap is placed on a marble countertop. The person then holds up a package of the soap, which has a label that reads ""Ammonia Naturals Turmeric & Kaolin Brightening Soap."" The video concludes with a close-up of the soap package, showing the ingredients listed on the label.",Beauty Care
7277167570946379014,"The video captures a vibrant and energetic atmosphere at a football stadium. The crowd, predominantly dressed in yellow and blue, is seen raising their hands in a celebratory manner, waving flags, and cheering enthusiastically. The stadium is filled to capacity, with the crowd's excitement palpable. The video also shows a football match in progress, with players actively engaged in the game. The atmosphere is one of excitement and anticipation, as the crowd's enthusiasm is palpable.",Sports
7365322515998068011,"The video begins with a group of people standing in front of a podium, with a backdrop featuring the American flag and a building with a dome. The text on the screen reads ""STITCH INCOMING WOKE ENCAMPENTS EXPOSED!!!!"" and ""we're here to discuss the little Gazas."" The scene then transitions to a person standing in front of a tent with a sign that reads ""JEWS AGAINST GENOCIDE."" The person is wearing a denim jacket and a gray hoodie. The video then shows a close-up of a sign that reads ""JEWS AGAINST GENOCIDE"" with a picture of a man",1. News
7362319887361903905,"The video begins with a person wearing sunglasses and a gray shirt, standing in front of a black background. The text overlay reads, ""Seeing Rufuski during Uni ski trip trying to see Uni ski trip trying to see Uni ski trip trying to see Uni ski trip trying to see Uni ski trip trying to see Uni ski trip trying to see Uni ski trip trying to see Uni ski trip trying to see Uni ski trip trying to see Uni ski trip trying to see Uni ski trip trying to see Uni ski trip trying to see Uni ski trip trying to see Uni ski trip trying to see Uni ski trip trying to see Uni",1. Entertainment & Shows
7311332422077975840,"The video shows a series of interactions between a woman and a man, with the woman being the main focus. The woman is wearing a leopard print coat and is seen in various settings, including outdoors and indoors. The man is wearing a purple jacket and a pink tie, and is also seen in different settings. The video includes a mix of serious and humorous moments, with the woman and the man engaging in conversation and the woman expressing frustration and anger. The video also includes a clip of a man in a red hoodie, which is not part of the main narrative.",Entertainment & Shows
7354415572626509099,"The video begins with a person wearing a maroon beanie and a white shirt, sitting in a room with a white wall and a green shelf in the background. The person is speaking, and the text on the screen reads, ""Eastern United States. Ground shaking larger in the east because of the older, more fractured rocks. In the western United States, the rocks are much younger and less fractured, so the energy of the earthquake is absorbed by the faults and the rocks are less likely to break."" The person continues to speak, and the text changes to, ""Because of a crust."" The scene then transitions to a map of the United States, showing the epicenter of the 20",Science & Technology
7378608951975349536,"The video captures a moment of triumph and celebration in a soccer match. The players, dressed in white jerseys, are seen running across the field, their faces filled with joy and relief. The crowd, a sea of spectators, is seen cheering and waving flags, their excitement palpable. The text overlay ""ENGLAND WIN SOCCERAID"" adds a layer of significance to the moment, suggesting that the victory was not only a personal triumph but also a collective one, as indicated by the ""SOCAID"" text. The video is a snapshot of a moment of triumph, capturing the emotions and reactions of the players and the crowd.",Sports
7293239332167617834,"The video features a person wearing a sleeveless, light-colored top with a pattern, standing in a room with a colorful curtain and a painting of a deer on the wall. The person is seen gesturing with their hands and making various facial expressions throughout the video. The text overlay on the video reads ""some of y'all m'n"" with a laughing emoji, suggesting a humorous or light-hearted context. The person appears to be speaking or reacting to something, possibly in a casual or conversational manner. The video does not provide any additional context or information about the person or the setting.",1. News
7372186670273137952,"The video showcases a series of food and drink experiences in various locations. It begins with a close-up of a vegan dish, followed by a menu listing vegan options. A person is seen enjoying a burger, and the video continues with a variety of dishes, including a salad, a burger, and a dessert. The video also features a person drinking from a bottle, a bowl of food, and a person eating a pastry. The final scene shows a person enjoying a pizza outdoors.",Food
7379475961139547398,"The video features a woman in a black dress with ruffles, standing in a modern kitchen with white chairs and a dining table. She is wearing black high heels and has long blonde hair. The text on the screen reads ""Мени 60 роки"" (My 60 years) and ""Ну, чуждый 60 год"" (Well, 60 years old). The woman then demonstrates how to wear the dress, showing different poses and movements. The video ends with the woman standing confidently in the kitchen, with the text ""Активируюсь",3. Entertainment & Shows
7364542326959574314,"The video shows a person lying on a bed, holding their hands together and looking at the camera. The person is wearing a black shirt and has long hair. The background includes a bed with pillows and a blanket, as well as a wall with a picture on it. The person appears to be in a relaxed state, possibly after finishing something or feeling content.",1. News
7309293532467039531,"The video is a compilation of various scenes from a television show, with a recurring theme of a woman named Barbie MagA-A-Nny. The scenes show her in different settings, including a studio with a group of people, a city street, and a studio with a man in a suit. The video also includes text overlays that read ""Barbie MAGA-A-Nny thought she had a 'gotcha' moment"" and ""Barbie MAGA-A-Nny thought she had a 'gotcha' moment."" The video also includes a news ticker with headlines and a logo for the television network. The video also includes a caption that reads ""H",Politics
7376360928851299590,"The video features a series of individuals discussing various topics, including skincare, hair care, and the use of retinoids. The first person, wearing a white shirt, is seen gesturing with their hands while speaking, with text overlays providing context to their statements. The second person, with long hair, is also seen gesturing while speaking, and the text overlays provide additional information. The third person, with curly hair, is seen gesturing with their hands while speaking, and the text overlays provide further context. The fourth person, with long hair, is seen gesturing with their hands while speaking, and the text overlays provide additional information. The fifth person, with long hair,",Lifestyle
7347847920151956779,"The video shows a person standing in a doorway, wearing a hat and holding a leash. They are looking at a small dog that is standing on the floor. The person then bends down and picks up the dog, carrying it into the house. The dog appears to be excited and happy to be reunited with its owner.",7. Pets & Animals
7291696863449763078,"The video features a person wearing a beige shirt and a black headband, speaking directly to the camera. The person is seen gesturing with their hands and making various facial expressions, indicating they are engaged in a conversation or monologue. The background is a room with a window and some furniture, suggesting an indoor setting. The person's attire and the setting imply a casual, possibly personal or intimate context. The video includes text overlays with various messages, some of which are humorous or critical, such as ""I'm actually kind of offended of how stupid the Israelis think we are"" and ""Allah is aware of everything that's going on."" The person's body language and facial expressions change",1. News
7375186781999762721,A woman in a blue floral dress is sitting at a table with wine glasses and a plate of food. She is holding a piece of paper and talking to someone.,1. News
7309512164870491435,"The video is a compilation of different segments, each featuring a different person speaking about Donald Trump's plans and actions. The first segment shows a man in a suit and red tie speaking to the camera, with the text ""HANNITY ASKS TRUMP IF HE POWER WOULD ABUSE POWER"" displayed at the top. The second segment shows a man in a suit and red tie speaking to the camera, with the text ""TOWN HALL WITH HANNITY"" displayed at the top. The third segment shows a man in a suit and red tie speaking to the camera, with the text ""EXCLUSIVE TOWN HALL WITH DONALD TRUMP",Politics
7325003811632745761,"The video features a person wearing a green shirt, standing against a plain background. The person is making various hand gestures, including pointing, touching their chest, and pointing to their head. The text overlay in German reads ""DEUTSCHE THERAPEUTEN HATTE RECHT,"" which translates to ""German therapists had the right."" The person appears to be speaking or expressing something, possibly about the rights of German therapists. The video does not show any other objects or people, and the focus remains on the person and their gestures.",Entertainment & Shows
7355061931993992480,"The video features a person wearing a blue shirt standing in front of a calendar that reads ""MONDAY"" at the top. The person is gesturing with their hands, possibly explaining or emphasizing a point. The background is black, and there are no other objects or people visible in the scene. The person's actions and gestures suggest they are speaking or explaining something, possibly related to the calendar or the word ""MONDAY."" The video does not contain any additional text or information.",1. News
7330624658686954795,"The video is a compilation of clips showing a person wearing a bright pink shirt, with the text overlaying the video reading ""That's his supporters Booing m & I ❤️ that 4 min."" The person is seen making various hand gestures and movements, including pointing and holding their hands up. The background is a red-toned room with shelves and various objects, including a vase and a picture frame. The video also includes images of a man in a suit and tie, with the text overlaying the images reading ""Trump booed loring about the Arrahan hostage."" The person in the video is seen making different hand gestures and movements, including pointing and holding",Politics
7397794935199567135,"The video shows a woman tied to a tree in the jungle, with a man standing nearby. The woman is covered in mud and appears to be in distress. The video then shows the woman being taken to a hospital, where she is treated for her injuries. The video also shows a close-up of the woman's hand writing a letter, which reveals that she was chained to a tree for 40 days and was left to die by her husband. The video also shows the woman being treated for her injuries and being taken to the hospital.",1. News
7397967668248120622,"A woman is in a room with a pink blanket and a sign that says ""I'm a witch."" She is wearing a black shirt and has green eyeshadow and green earrings. She is holding a pink box with a red lid and a white label. She opens the box and shows the contents, which include a small bottle of lotion, a small container of powder, and a small makeup palette. She shows the contents to the camera and talks about the products.",Beauty Care
7311858161504423214,"The video showcases a collection of BMX bikes, each with unique features and designs. The first bike, a 1987 GT Performer, is highlighted with its pink handlebars and white frame. The second bike, a 1987 GT Performer, is shown with its blue handlebars and white frame. The third bike, a 1987 GT Performer, is featured with its pink handlebars and white frame. The fourth bike, a 1987 GT Performer, is showcased with its blue handlebars and white frame. The fifth bike, a 1987 GT Performer, is displayed with its pink handlebars and white",1. News
7299582823940312350,"The video begins with a man sitting on a green leather couch in a dimly lit room, wearing a gray shirt and dark pants. He is holding a black object, possibly a phone, and appears to be in a contemplative or pensive state. The background features a wooden wall with a window and some books on a shelf. The scene then transitions to a close-up of a person wearing a hooded jacket, with the hood pulled up over their head, creating a sense of mystery or secrecy. The lighting is dim, with a blue hue, adding to the dramatic effect. The next scene shows a man in a white shirt, standing in a room with a bright light source, possibly a",1. News
7331551109649059115,"The video features a black cat playing a violin. The cat is positioned in a dark setting, with its body illuminated by the light of the violin. The cat's fur is shiny and appears to be wet, possibly due to the moisture of the instrument. The cat's eyes are closed, suggesting it is focused on the music. The video captures the cat's movements as it plays the violin, with the strings and bow visible in the frame. The cat's head is tilted slightly to the side, and its mouth is open, indicating it is singing or speaking. The video does not contain any additional text or subtitles.",Pets & Animals
7293441357169937666,"The video features a series of animated scenes with a character in a school uniform and a blonde ponytail. The character is seen interacting with various cars, each with unique designs and colors. The cars are parked in a parking lot, and the character appears to be performing actions such as jumping onto the cars and interacting with them. The background of the video is a parking lot with other cars and buildings visible. The character's actions and the cars' designs suggest a playful and dynamic interaction between the character and the cars.",1. News
7397793782122564896,"The video shows a person lying in bed, wearing a white top and a gold necklace. The person is making various hand gestures, including touching their face and hair, and pointing at their chest. The person appears to be talking or expressing something, as indicated by their facial expressions and hand movements. The background is a bed with a patterned blanket, and the lighting is dim, creating a cozy atmosphere. The person's nails are painted white, and they have a ring on their left hand. The video does not provide any additional context or information about the person or the setting.",Entertainment & Shows
7359943972216638736,"The video shows a group of people protesting in a city street. They are holding signs and banners, and some of them are wearing orange vests. There are police officers present, and they are trying to control the situation. The protesters are chanting slogans and waving flags. The video also shows a large banner with a message in German.",Politics
7344108969151008001,"The video shows a group of people at a wedding reception. There are tables set up with food and drinks, and people are sitting and standing around. A woman in a red dress is sitting at a table with a man in a black suit. They are holding glasses of champagne and smiling at the camera. The woman is holding a piece of paper with the words ""Damian really likes cookies I guess"" written on it. The man is wearing a black suit and a white shirt. The woman is wearing a red dress and has long blonde hair. The man is wearing a black suit and a white shirt. The woman is holding a piece of paper with the words ""Damian really likes",Entertainment & Shows
7226368631268019482,"The video features a person with long blonde hair, wearing a black leather jacket, standing in a room with a pink towel hanging on the wall. The person is holding a phone, and the text ""Songs for your Insta Story Crush Edition"" is displayed at the top of the screen. The person then takes a selfie, and the text ""EVERY TIME WE TALK, IT'S JUST HURTS SO BAD"" appears. The person continues to take selfies, and the text changes to ""CAUSE I DON'T EVEN KNOW WHAT WE ARE"" and ""I DON'T EVEN KNOW WHERE TO START."" The person continues","3. Music, Singing, & D"
7369594137928109345,"The video shows a shelf in a grocery store with various food items, including a box of Mr. Brain's pork faggots. The box is prominently displayed and features an image of the product on the front. The price tag on the shelf indicates that the pork faggots are priced at 1.60. The video also includes a humorous comment from the person recording the video, questioning the price of the pork faggots and expressing surprise at the cost.",7. Food
7330275353325227297,"The video features a person with extensive tattoos and scars, who is seen in various settings, including a hospital, a restaurant, and a bar. The person is described as having a ""black alien"" appearance and is known as Anthony Lofredo. The video includes text overlays in German that describe the person's appearance, their tattoos, and their experiences with plastic surgery and other medical procedures. The person is also shown performing physical activities, such as jumping rope and exercising on a treadmill, and is seen in a blue and red sports jersey. The video concludes with the person sitting at a table in a restaurant, eating a meal.",Sports
7327164126822763808,"The video showcases a series of military parades from different countries, featuring women in uniform marching in formation. The countries represented include China, Russia, Vietnam, South Korea, and North Korea. Each country's flag is displayed at the bottom of the screen, and the text ""women military parades"" appears at the top of the screen. The video captures the precision and discipline of the women in uniform as they march in unison, with the background showing a crowd of spectators. The video also includes a person in a military uniform standing in the background, possibly a general or officer. The overall atmosphere is one of national pride and unity, as the women in uniform march in formation, symbolizing their strength and dedication",Entertainment & Shows
7371855904813157664,"The video features two young women standing side by side in a room, with a white wall and a bed in the background. They are dressed in casual clothing, with one wearing a white crop top and the other in a white t-shirt. The video is titled ""pre summer s"" and includes a list of statistics for each woman, such as their age, height, and other personal information. The video also includes emojis and text that appear at the top of the screen, possibly indicating a theme or message related to the statistics. The women appear to be posing for the camera, with one woman smiling and the other looking directly at the camera.",Entertainment & Shows
7354696392129924385,"The video showcases a series of close-up shots of a red sports car at a car show. The car is detailed with a carbon fiber body and black wheels. The video begins with a close-up of the car's side, highlighting its sleek design and the ""Porsche"" logo. The car is then shown from the front, revealing its sharp lines and aerodynamic shape. The video continues with a focus on the car's front wheel, showcasing its intricate design and the ""Porsche"" logo. The final shot captures the car from the side, emphasizing its sporty aesthetic and the ""Porsche"" logo on the side. Throughout the video, the car is surrounded by a",1. News
7293639077671210286,"The video shows a person feeding fish from a white bucket filled with fish food. The person is standing on a wooden dock by a body of water, and the fish are swimming around the bucket. The person is holding the bucket with one hand and feeding the fish with the other. The fish are swimming around the bucket and some are jumping out of the water. The person is smiling and enjoying the experience.",1. Pets & Animals
7357227155979275526,"A group of people are standing on a cobblestone street at dusk. One person is holding a microphone and interviewing the group. The group consists of a man in a beige jacket, a woman in a white top and blue jeans, a young boy in a blue outfit, and a young girl in a blue outfit. The man in the beige jacket is holding a microphone and interviewing the group. The group consists of a man in a beige jacket, a woman in a white top and blue jeans, a young boy in a blue outfit, and a young girl in a blue outfit. The man in the beige jacket is holding a microphone and interviewing the group. The group consists of",Entertainment & Shows
7394532218032491808,"The video features a woman in a pink dress and a man in a black shirt standing on a sidewalk. The woman is holding a pink purse and appears to be talking to the man. The man is wearing a black shirt and has a black belt around his waist. The background shows a street with parked cars and a fence. The sky is cloudy, and the sun is setting. The woman and the man are walking together, and the woman appears to be asking the man a question. The man is then seen standing alone on the sidewalk, looking at the woman. The woman is then seen walking away from the man, and the man is standing alone on the sidewalk. The video ends with the man",1. Entertainment & Shows
7354508802932133166,"The video features a series of individuals engaged in various activities, with text overlays providing commentary on their actions. The first individual is seen in a room with a ceiling fan, with the text ""Booktok"" and ""Stitch Inning"" appearing on the screen. The second individual is sitting in a car, with the text ""WHINING ON THE INTERNET"" and ""I'm not sure what his age has to do with anything, especially since if this was a 30-year-old man, you'd probably still disagree with him."" The third individual is sitting in a room with bookshelves, with the text ""Over 80% of the people who purchase",Politics
7344855206242389280,"The video features a woman in a black blazer and white shirt, seated in a room with a wooden background. She is speaking, and the text overlay at the top of the screen reads ""Alice Weidel reagiert auf AFD-chatterläufe."" The woman appears to be engaged in a conversation, as indicated by her hand gestures and facial expressions. The video is a compilation of several frames, showing the woman in different poses and expressions, suggesting a continuous conversation or interview. The text overlay remains consistent throughout the video, providing context to the woman's statements.",Politics
7377794153071037739,"The video is a series of clips from the TV show ""The Office,"" featuring a character named Jim who is trying to demonstrate his telekinetic powers. The video starts with Jim in a tuxedo, reading from a piece of paper, and ends with him in a suit and bow tie, standing in front of a coat rack. The text in the video suggests that Jim is trying to prove that he can move objects with his mind, but the video does not show any actual telekinetic abilities. The video also includes a woman in a pink shirt and a man in a white shirt, but their roles are not clear from the captions.",4. Comedy
7349706117166959879,"The video features a person standing in a natural setting, surrounded by trees and greenery. The person is wearing a light-colored shirt and appears to be speaking to the camera. The text overlays on the video include phrases such as ""What's up everyone?"", ""I am officially going into the jungle."", ""I don't know how to feel."", ""I'm excited."", ""I'm nervous."", ""You know, I'm normally a very organized and a planner and a control freak and I don't get to control anything here."", ""So I'm along for the ride and, you know, I hope they go easy on me."", and ""See you in the jungle."" The person's",1. News
7308194891656400170,"The video shows a group of people in a stadium, with a large crowd of fans wearing red and white. The fans are cheering and celebrating, with some holding up signs and others taking photos. The atmosphere is lively and energetic, with the crowd's excitement evident in their body language and expressions. The video captures the excitement and energy of the fans as they celebrate a sports event.",Sports
7375105398946139398,"The video shows a woman in a light blue robe standing in a living room, talking to the camera. She is holding a phone and appears to be in a heated discussion with someone off-camera. The room is decorated with a large flat-screen TV, a coffee table, and a rug. The woman is also seen in a different room, sitting on a couch and holding a remote control, possibly watching TV. The video also shows her in a different room, standing in front of a sliding glass door, and in a different room, sitting on a chair and holding a phone. The video ends with the woman standing in front of a door, talking to the camera.",Entertainment & Shows
7387067236218916129,A woman is in a store and she is looking at a display of cakes. She is trying to decide which one to buy. She then goes to a car and eats a cupcake. She is very happy with the cupcake.,Entertainment & Shows
7323395108378840351,"The video shows a person dancing in a hallway. The person is wearing a gray sweatshirt and jeans. The hallway has a tiled floor and a Christmas tree decorated with red ornaments and a fan. The person dances energetically, moving their arms and legs in various directions.",Humor
7378610696390528289,"The video is a series of frames showing a man in a white lab coat speaking into a microphone, with various texts overlaid on the screen. The texts are in French and discuss the dissolution of the National Assembly, the impact of this decision on the upcoming elections, and the political changes that may occur. The man appears to be providing commentary or analysis on the political situation in France. The video also includes a list of names and titles, possibly journalists and motorcyclists, and concludes with a call to action for viewers to subscribe.",Politics
7292568999932529963,"The video shows a series of images of two women walking together in different settings. The first woman is wearing a black crop top and black shorts, holding a green water bottle and a small toy. The second woman is wearing a black sports bra and black leggings, holding a white water bottle. They are walking on a sidewalk, in a park, and on a dirt path. The video also shows them in different outfits, including one where they are wearing black leggings and black tops, and another where they are wearing black leggings and a black sports bra. The video ends with a red button that says ""FOLLOW"" and a white button that says ""SUBSC",Fitness & Health
7360445995945037088,"The video shows a group of wild boars walking on a paved road at night. The boars are seen eating from a pile of food on the ground. A person is seen feeding the boars, and the boars are seen eating the food. The video also shows a person kneeling on the ground, feeding the boars. The boars are seen eating the food, and the person is seen holding a bottle of food. The video ends with the person standing up and walking away.",Sports
7356329953622822187,"The video features a person wearing a colorful cap and a gray shirt with a logo on it. The person is seen in front of a computer screen displaying a stock chart for Trump Media & Technology Group Corp. The stock price is shown to have fallen again today, with a value of 34.21 USD. The person is seen gesturing with their hands while speaking, and the text on the screen changes to provide different insights about the stock's performance. The video also includes text overlays that provide additional commentary on the stock's value and the stock market's sentiment towards Donald Trump's presidency.",Sports
7376774039899082027,"The video shows a group of elderly people in wheelchairs in a museum. They are dressed in formal clothing and are seated in a circle. The video then zooms in on one of the elderly people, who is wearing a military uniform and a hat. The elderly person is holding a rifle and a helmet. The video then shows the elderly person sitting in a wheelchair, with the text ""in electric wheelchairs"" displayed on the screen. The elderly person is also shown sitting in a wheelchair with a red blanket draped over the back. The video then shows the elderly person sitting in a wheelchair with a green blanket draped over the back. The elderly person is also shown sitting in a",Science & Technology
7394396617882799366,"The video features a person with curly red hair, wearing a dark top, holding a large, colorful drink with a straw. The drink is decorated with pastel-colored candies and a pink lid. The person is seen drinking from the cup, with the text ""POV: Your cousin gives you something to do drink"" displayed at the top of the screen. The background is dimly lit, and the person appears to be in a casual setting, possibly a home. The video does not provide any additional context or information about the person or the situation.",1. News
7382929842615979296,A woman is sitting in a room and talking to the camera. She is wearing a white shirt and has her hand resting on her chin. She is looking at the camera and talking about how she is feeling. She is also talking about how she has been working on a project and has been feeling overwhelmed. She is saying that she has been working on a project for the last few days and has been feeling very tired. She is also saying that she has been feeling very stressed and that she has been feeling very overwhelmed. She is saying that she has been feeling very tired and that she has been feeling very stressed. She is saying that she has been feeling very overwhelmed and that she has been feeling very,Entertainment & Shows
7283171808595971370,"The video features a woman with long black hair, wearing a gray tank top, standing in a room with a plant in the background. She is holding a phone and appears to be speaking, as indicated by her hand gestures. The text overlay on the video reads, ""NO BECAUSE I'M REAL AORES WHEN THE DUCK DUCK AOKING STAND THE GUY AT THE TEAMKAMAD FOR THEY MAD FAWTFIRS LMAO."" The woman's facial expressions and hand movements suggest she is reacting to something humorous or surprising.",1. News
7299771215755906312,Two women are dancing in a gym. They are wearing black jackets and pants. They are dancing in a room with wooden floors and a gray wall.,Dance
7397523950391086369,"The video begins with a black screen, where a green apple with a crown and a blueberry with a crown appear. The blueberry is holding a heart-shaped balloon. The apple and blueberry then move to the right side of the screen, with the blueberry now holding a heart-shaped balloon. The apple and blueberry then move to the left side of the screen, with the blueberry now holding a heart-shaped balloon. The apple and blueberry then move to the center of the screen, with the blueberry now holding a heart-shaped balloon. The apple and blueberry then move to the right side of the screen, with the blueberry now holding a heart-shaped",Film & Animation
7410518813021637930,"The video shows a man in a suit and tie sitting in a room with a woman in the background. The man is speaking, and the text overlay on the screen reads, ""Do you think Americans seriously think that this is an important question?"" The woman in the background is wearing a white blazer and appears to be listening to the man. The setting appears to be a formal or professional environment, possibly a meeting or press conference. The video does not provide any additional context or information about the man's identity or the woman's role.",Politics
