video_id,summary,category
7349900395843472672,"The video shows a man in a suit and tie being interviewed by another man holding a microphone. The man in the suit is wearing an orange and black microphone. The background shows a crowd of people and a building. The man in the suit is speaking into the microphone, and the man holding the microphone is listening. The video also shows a man in a gray jacket and a man in a blue cap and tie. The man in the gray jacket is holding a microphone, and the man in the blue cap and tie is also holding a microphone. The background shows a crowd of people and a building. The man in the gray jacket is speaking into the microphone, and the man in the blue cap and",Politics
7326597898358066465,"The video is a humorous comparison between two different cats, one with a smartphone and the other without. The first cat is shown with a smartphone in its mouth, while the second cat is shown without a smartphone. The text at the top of the video reads ""Pov: les appels avec mon chacad qui n'a jamais fait de jamais"" which translates to ""Pov: the calls with my cat who has never done anything."" The text at the bottom of the video reads ""Moi: ピュアニアット"" which translates to ""Me: Purity."" The video is a playful take",7. Pets & Animals
7302484543691328810,"The video is a black screen with white text. The text reads ""EMERGENCY RELIEF DISTRIBUTION OCTOBER 1TH, 2023. Stop the killing. Stop hate. Time to donate."" The text is in a bold, sans-serif font and is centered on the screen. The video does not show any people or actions, just the text.",1. News
7339991555408694561,"The video showcases a selection of skincare products from Balea, a well-known brand in the beauty industry. The products are displayed on shelves in a store, with each product having its own price tag. The video begins with a person wearing a brown hoodie with the word ""Balea"" written on it, standing in front of the shelves. The person appears to be talking about the products, possibly discussing their features or benefits.

The video then transitions to a close-up view of the Balea products on the shelves. The first product shown is the Vital Augencreme, priced at 3,85 Euro for reife Haut. The second product",Beauty Care
7351403366368546081,"The video depicts a series of events involving a group of humans and aliens in a battle. Initially, the humans are shown preparing a sandwich with various ingredients, including cheese and vegetables. The scene transitions to a cooking process where the humans are cooking a dish in a pan, with the text ""fast"" appearing on the screen. The cooking process continues with the text ""just"" appearing, indicating a pause in the cooking. The video then shows the humans preparing a sandwich with a human arm, with the text ""then"" appearing, suggesting a sequence of events. The final scene shows the humans and aliens in a battle, with the text ""they"" appearing, indicating a continuation of the conflict. The",1. Entertainment & Shows
7380379588242804001,The video shows a person lying in bed with a pink pillow behind them. The person is wearing a black shirt with blue text on it. The person is holding their hand to their face and appears to be talking or thinking. The background is a white wall with a window. The person is also wearing a necklace with a pendant.,Entertainment & Shows
7291005324717313313,"The video features a woman in a pink coat standing in front of a large building with a river in the background. She is speaking to the camera and discussing the rise of the anti-immigration party AfD in Germany. The video includes text overlays that provide information about the party's performance in state elections and its stance on new citizenship rules. The woman also mentions that the law allowing dual nationality and faster German passport processing is still on track, despite the coalition government's opposition.",Politics
7184540937974975786,"The video shows a person sitting in the driver's seat of a car, wearing a black tank top and white headphones around their neck. They are holding a makeup brush and applying makeup to their eyebrows. The person is wearing a ring on their left hand. The video is titled ""e.l.f brow lift review"" and includes a description of the product and its benefits. The person is seen applying the product to their eyebrows, which appears to be a brow lift product. The video ends with the person giving a thumbs-up gesture and the text ""Let me know what you guys think.""",21. Beauty Care
7343334803665603883,"The video features a woman with long, wavy hair, wearing a dark sweater and a gold necklace, sitting in front of a cosmic-themed background. She is speaking and gesturing with her hands. The text ""TikTok BAN TOMORROW"" appears at the top of the screen, indicating that the video is about a potential ban on the social media app TikTok. The woman appears to be discussing the issue, with the text ""They're trying to ban TikTok tomorrow, and this time it's different"" suggesting that the situation is unique or significant. The video also includes a call to action, with the text ""Call Congress at this number and",1. News
7343662075299761440,"The video begins with a woman in a pink sweater with a black bow tie, standing in a room with a white wall and a shelf in the background. She is looking at the camera with a serious expression. The text ""Me (a huge horror freak) thinking no scene could ever affect me"" appears at the top of the screen. The scene then transitions to a man in a white shirt and tie, who is covered in blood and appears to be in a state of shock or distress. The text ""This scene"" appears at the top of the screen. The video then cuts back to the woman in the pink sweater, who is still looking at the camera with a serious expression",1. News
7394913119375527210,"The video features a person wearing a gray shirt and a camouflage cap, speaking directly to the camera. The person is seen in different settings, including a room with a wooden shelf and a red object hanging on the wall, and a plain wall with a green bottle and a white object. The person is engaged in a conversation, responding to a comment about Joe Biden's actions and comparing them to those of Saddam Hussein and Vladimir Putin. The video includes a text overlay that provides context and further commentary on the topic, emphasizing the comparison of the number of people killed by different leaders and the moral implications of such comparisons.",Politics
7327439802637307178,"The video showcases a person in a green hoodie standing next to a white Chevrolet truck. The person is pointing at the truck and talking about its features. The video also includes text overlays that read ""This is the CHEPAEST Brand New Truck You Can Buy Today *2024 Chevy W/T* part 2"" and ""This is the CHEPAEST Brand New Truck You Can Buy Today *2024 Chevy W/T* part 3."" The person is discussing the truck's features, including its remote, lock, and panic features. The video also mentions that the truck has no options and is priced at $3",1. News
7296461109572275488,"The video features a series of interactions between Trump supporters and individuals who are critical of Trump's stance on unions. The first frame shows a man wearing a red hat with the text ""MAKE AMERICA GREAT AGAIN"" and a red and white striped shirt, standing in front of a poster of Donald Trump. The text overlay reads, ""Trump Supporters: I Disagree with Trump on..."" followed by a question, ""what do you think about unions?"" The man responds, ""I don't have a say in it, to be honest with you. Listen, I've been working in the unions since 88, okay? And when Trump came in, that's",Politics
7385384197864557855,"The video features a series of images from a CNN debate, showing two men in suits, one with a red tie and the other with a blue tie, standing at podiums. The background is blue with the CNN logo. The text overlay reads ""My favorite prt of the debate was wacha-hitting whoever wasn't talking."" The video appears to be a compilation of clips from the debate, with the same two men in suits at the podiums. The text overlay suggests that the speaker finds the part of the debate where the speakers are not talking to be the most enjoyable. The video does not provide any additional context or information about the debate or the speakers.",Politics
7358352976639184146,"The video shows a person driving a car on a highway during a rainstorm. The car is driving on a wet road, and the windshield wipers are on. The person is driving in the rain, and the windshield wipers are moving back and forth. The video also shows a view of the road from inside the car, with the windshield wipers moving back and forth. The video ends with a view of the road from inside the car, with the windshield wipers moving back and forth.",1. News
7371030140370963713,"The video is a series of frames from a video game, specifically a first-person shooter game. The player is navigating through a virtual environment, which includes a staircase, a building, and a tree. The player is using a weapon to shoot at enemies, and the game is displaying various stats and information, such as the player's health, ammo, and the number of kills. The player is also using a virtual camera to look around and observe the environment. The video also includes text overlays with humorous or critical comments, such as ""overwatch is so broken"" and ""I'm stuck."" The player is trying to navigate through the game while dealing with the challenges and obstacles presented",9. Sports
7328941581862473006,"The video begins with a close-up of a jet on a runway, with the word ""HIGH"" in bright yellow letters superimposed over the image. The jet is stationary, and the background is a cloudy sky. The scene then transitions to a view of the jet in flight, with the word ""HIGH"" still visible. The jet is flying at a high altitude, and the background is a clear blue sky. The video then cuts to a view of the jet flying over the ocean, with the word ""HIGH"" still visible. The jet is flying at a high altitude, and the background is a dark blue sky with clouds. The video concludes with a black screen displaying the",1. News
7295860137162591519,"The video features a person wearing a plaid shirt, with a blue background. The person is speaking, and the text overlay on the screen reads, ""I sometimes think about genocide and how barbaric it is and how people ever committed those kind of atrocities and I think we all assume that it could never happen again but it obviously can and probably will. I think about indigenous people and how they were obliterated by colonizers and those settlers did have a legitimate complaint. They were sometimes attacked and women and children were harmed but that kernel of truth was used to justify a greater evil by a larger power to obliterate indigenous people that had no chance to actually fight back. So much about leftist",1. News
7407540452611640606,"The video depicts a man in a blue shirt and black gloves sitting at a desk in an office. He is surrounded by various items, including a computer keyboard, a box, and a bottle. The man appears to be speaking to someone off-camera, as indicated by the text overlay that reads ""Those immigration offices when you come back to the US."" The man gestures with his hands while speaking, and the video ends with him standing up and walking away from the desk.",1. News
7372987016914455841,"The video shows a cricket match between Pakistan and England. The players are in the middle of the field, with the English team wearing green uniforms and the Pakistani team wearing orange uniforms. The crowd is visible in the background, and the stadium is filled with spectators. The text ""FREE FREE... FREE FREE... FREE FREE..."" appears at the top of the screen, suggesting that the video is part of a series or a challenge.",Sports
7366561209996332320,"The video features a woman with long, dark hair wearing a white shirt. She is sitting in a room with a yellow wall and a black TV in the background. The woman appears to be speaking, as indicated by her hand gestures and facial expressions. The video includes a series of images showing the woman in different poses and expressions, including one where she is holding her hand up to her face. The video also includes text that reads, ""I have never been so angry in my entire life. I don't know if anyone saw the video of Kim Kardashian being interrupted by a pro-Palestinian protester while she was giving an interview in Germany. It makes me feel so angry",1. News
7334130841016274222,"The video features a black car parked in a parking lot. The car is sleek and shiny, with a sporty design. The video shows the car from different angles, highlighting its curves and the way it sits on the ground. The background is a typical parking lot scene, with trees and other cars visible. The video also includes text overlays that read ""I don't reverse park to look cool, a mf jst can't park forward"" and ""I don't reverse park to look cool, a mf jst can't park forward."" These text overlays suggest that the person in the video is making a statement about their driving habits. The video does not provide any additional context",1. News
7380389929790033185,"The video features a dramatic scene from a video game, where two characters are engaged in a dance. The character on the left is dressed in a blue and brown outfit, while the character on the right is wearing a white dress. The background is dark, with a spotlight illuminating the dancers. The text overlay on the video suggests that the characters are in a moment of intense emotion, possibly expressing their love or connection to each other. The video captures the beauty and intensity of the dance, with the dancers moving gracefully and fluidly.",8. Science & Technology
7343754603927850245,"The video is a series of images that appear to be part of a political or social campaign, possibly related to the Palestinian cause. The images feature a person in a dark jacket with a white collar, who is seen gesturing with their hand, pointing upwards, and making a peace sign. The background of the images is a collage of various images, including a person holding a Palestinian flag, a person in a black outfit, and a person holding a book. The text ""FREE PALESTINE"" is prominently displayed at the top of the images. The images are overlaid with a filter that makes them appear as if they are part of a larger, more dynamic scene, with a smoky or",1. News
7357827492289465646,"The video features a person wearing a white t-shirt with a colorful graphic on it. The person is standing in a kitchen and appears to be talking to the camera. The person is gesturing with their hands and making various facial expressions, indicating that they are engaged in a conversation. The video also includes text overlays that provide context to the person's statements. The person is expressing their frustration with the daily routine of eating, grocery shopping, cooking, and meal prepping. They mention that they would give up all of these activities if they could, as they find them to be inconvenient and time-consuming. The person also mentions that they have ADHD and that feeding themselves is difficult for them,",1. Entertainment & Shows
7366736772253977889,"The video presents a series of scenes showcasing the challenges faced by Tuvalu, a small island nation in the Pacific, due to rising sea levels. The first scene shows an aerial view of Tuvalu, highlighting the country's vulnerability to the effects of climate change. The second scene features a map of the Pacific, with Tuvalu highlighted, emphasizing the global impact of sea level rise. The third scene depicts a meeting room where Tuvalu's government officials are discussing the country's future, with the text ""Tuvalu's government fears it may lose its statehood"" indicating the government's concerns about the country's status. The fourth scene shows a beach with a boat partially submerged in",1. News
7342750088902511915,"The video shows a person standing in a bathroom, taking a selfie with a smartphone. The person is wearing a black t-shirt and shorts, and has a colorful phone case. The bathroom has a tiled wall and a mirror. The person is also wearing a blue wristband and has a bracelet on their wrist. The video ends with the person standing in front of a mirror, with the phone still in their hand.",1. Entertainment & Shows
7325461211653492010,"The video shows a person wearing a purple hoodie with the word ""Adidas"" written on it. The person is standing in front of a white wall and a wooden door. The person is talking to the camera and appears to be explaining something about their hair. The person is also holding their hair up with their hand. The video ends with the person looking at the camera with a concerned expression.",1. Entertainment & Shows
7363144949442825518,"The video features a woman with long blonde hair, wearing a black top with a graphic design. She is standing in a room with a white door in the background. The text overlay on the video reads, ""why is finding a girl friend no im not trying to be friendly, im trying to be flirtatious."" The woman appears to be speaking directly to the camera, possibly addressing the viewer. The video does not contain any other discernible actions or movements.",1. Entertainment & Shows
7375972216707484960,"The video features a man in a white shirt standing in front of a screen displaying a list of Labour's policy steps for change. The man is seen gesturing with his hands as he speaks, and the text on the screen reads ""Thanks for the plug Rishi"" with a thumbs-up emoji. The video then transitions to a close-up of the man's face, with the text ""Thanks for the plug Rishi"" still visible. The final frame shows the man standing in front of a red background with the text ""Thanks for the plug Rishi"" and a thumbs-up emoji.",1. News
7363604482355137799,"The video showcases a kitchen with a messy floor and various items scattered around. A person is seen holding a transparent container, possibly a water filter, and a bottle of water. The text overlay reads ""Ну нарешті та кухня стоїть. І для зручних і естетичних розкладань речей в шуфлядах я вже отримала частину органайзерів, бо м",Entertainment & Shows
7341253553245408558,"The video features a woman in a light blue shirt with a floral pattern, standing in a room with a window in the background. She is holding a bottle of makeup and appears to be applying it to her face. The text overlay on the video reads, ""So we bought a house for my entire family, but who's paying for it? Do I expect them to pay rent? Are my brothers going to move out when Jacob and I want babies? First, hi, my name is Maymay, and I haven't really talked a lot about this topic because I in no way expect you guys to understand. So first, who pays for our house? The answer is me and Jacob. The",1. News
7346960504490937642,"The video begins with a woman lying on a bed, wearing a white tank top. She is holding a phone and appears to be talking to someone off-camera. The text overlay reads, ""When you wanted you're engagement song so you could look at me."" The scene transitions to a black and white photo of a woman in a wedding dress, standing next to a man in a suit. The text overlay reads, ""When you wanted you're engagement song so you could look at me."" The video then shows a couple on a boat, embracing each other. The text overlay reads, ""When you wanted you're engagement song so you could look at me."" The final scene shows a woman lying",1. Entertainment & Shows
7203774185322188037,"The video shows a person walking into a room with a door that has a sign on it. The person is wearing a black shirt and blue jeans. The room has a wooden floor and a white wall. The person walks into the room and then walks out of the room. The person is then seen sitting at a desk in a different room, typing on a keyboard. The person is wearing a black shirt and blue jeans. The room has a wooden floor and a white wall. The person is sitting at a desk with a computer on it. The person is typing on the keyboard.",1. Entertainment & Shows
7324373228028300577,"The video depicts a man walking down a street at night, holding a drink in one hand and a phone in the other. He is dressed in a suit and tie, and the background shows a row of buildings with various storefronts, including a clothing store and a jewelry store. The text overlay on the video reads, ""things you need to know before getting a job in finance,"" followed by a series of humorous and relatable statements about the challenges and realities of working in finance. The video also includes a series of images showing a man eating a meal with a watch on his wrist, with the text ""with an extra"" and ""with an extra"" appearing on the screen. The video humor",1. Entertainment & Shows
7404376866108312865,"The video shows a group of people, including a woman in a blue shirt and a man in a denim jacket, standing on a street in front of a building. The text at the top of the screen reads ""Das sagen Ihnen zur Kursk-Offenfesie"" (The things they say about the Kursk incident). The scene then transitions to a man sitting at a table outdoors, with the same text at the top of the screen. The video then shows a group of people standing on a street, with the text at the top of the screen reading ""Das sagen Ihnen zur Kursk-Offenfes",Travel & Events
7379002112652660014,"The video features a person wearing a white t-shirt with a graphic design, standing in a room with a window in the background. The person is holding their hand to their face, possibly wiping away tears. The text overlay on the video reads, ""Thank you Sarah, as for Introducing this wedding ring to me."" The video then transitions to a close-up of a necklace with the name ""RATARMA"" on it, displayed on a white card with a heart design. The necklace is gold and appears to be a piece of jewelry. The video concludes with the necklace still on the card, with the text overlay remaining on the screen.",1. News
7394618529569344811,"The video features a series of scenes from a press conference where Vice President Kamala Harris is speaking. The first scene shows her standing in front of a backdrop with the American flag and the word ""DELEGATE"" in bold letters. She is wearing a black suit and has her hair styled in a bob cut. The text overlay on the screen reads ""President Biden Now What?"" indicating that the video is likely discussing the current political situation and the future of the Biden-Harris administration.

The second scene shows a woman with long blonde hair, wearing a light blue top, standing in front of a different backdrop. The text overlay on the screen reads ""7/22/",1. News
7366286242406829345,A man in a gray hoodie is playing a DJ controller in an office setting. He is wearing black shorts and has a microphone in his hand. He is standing in front of a computer and a window. There is another person in the background. The man is playing music on the DJ controller.,"Music, Singing, & Dancing"
7325205573941710111,"The video begins with a person sitting in a room, wearing a black t-shirt with a graphic on it. The room has a dresser with a mirror above it, and a door in the background. The person appears to be speaking, as indicated by their mouth movements and hand gestures. The text overlay at the top of the screen reads ""Reply to Lisa Mae's comment hanging around for the ghost hunting,"" suggesting that the person is responding to a comment from someone named Lisa Mae. The video then transitions to a black screen with the text ""let me slow it down,"" indicating that the person is pausing or slowing down the video. The final frames show the person again, with the",1. News
7352304151897951521,"The video shows a person sitting on the floor in a living room, wearing a black shirt and red pants. The room has a large window, a chandelier, and a rug on the floor. The person is holding a pair of shoes and appears to be talking or singing. The text on the screen reads, ""POV: Du chilst immer 'Ich bin nicht recht'Fuß."" This suggests that the person is expressing frustration or disappointment with someone who is not being truthful. The video also includes a text overlay that reads, ""I ain't never representin' you Do no wrong, I can be the good boy Why you always wrong?",1. News
7365063366907333921,"The video showcases a breathtaking view of a city skyline during sunset. The sky is painted with hues of pink, orange, and purple, creating a stunning backdrop for the city lights. The buildings, tall and modern, stand out against the vibrant sky. The water in the foreground reflects the colors of the sky, adding to the beauty of the scene. The video captures the city's beauty from a distance, with a railing visible in the foreground, suggesting that the viewer is standing on a bridge or viewing the city from a high vantage point. The video does not contain any text or additional information.",1. News
7346235933882076448,"The video showcases a man in a green hoodie and black pants engaging in a physical activity involving a blue mechanical device mounted on a wooden post. The setting appears to be an outdoor area with a dirt ground, surrounded by trees and a grassy field. The man is seen using the device, which has a handle and a lever, to push against the post. The device is designed to provide resistance, likely for strength training or exercise purposes. The man's actions suggest he is exerting effort to move the post, possibly to demonstrate the device's functionality or to showcase his strength. The video does not provide any additional context or information beyond the physical activity being performed.",1. Sports
7305148019727420718,"The video is a series of frames from a movie review. The first frame shows a woman with long black hair wearing a white turtleneck and a brown and white fur coat. The background is dark, and the text ""WATCHER"" is displayed in large white letters. The second frame shows a movie poster for ""WATCHER,"" with the text ""EVIL WANTS TO BE SEEN"" at the top and ""WATCHER"" in large white letters in the center. The third frame shows a woman with long black hair wearing a white turtleneck and a brown and white fur coat, standing in front of a dark background. The text ""WATCHER"" is",8. Entertainment & Shows
7395252325104766216,"The video is a series of frames from a first-person shooter game, likely Counter-Strike, where the player is in a virtual environment resembling a war-torn city. The player is holding a sniper rifle and aiming at a target. The environment is a desolate urban setting with buildings and debris scattered around. The player's character is wearing a green helmet and a camouflage vest. The game's HUD (Heads-Up Display) shows the player's score and the number of kills. The player is aiming at a target that appears to be a cat wearing a sniper rifle. The cat's face is superimposed onto the sniper rifle, creating a humorous",01
7354853011887312160,"The video shows a group of people sitting around a table with pizza in front of them. One person is eating a slice of pizza, while another person is holding a knife and fork. The text on the screen says ""Pineapple doesn't belong on pizza..."", ""ABSOLUTELY"", and ""Why did you eat the whole pineapple pizza"". The person eating the pizza is wearing a blue hoodie and is seen looking at the camera.",8. Entertainment & Shows
7355938811429260550,"The video shows a person wearing headphones and speaking into a microphone. The person is sitting in front of a colorful background with a microphone and a keyboard. The person is also wearing a black shirt with a floral design. The video includes text overlays with song lyrics and comments from other people. The person appears to be singing or speaking into the microphone, and the text overlays suggest that the person is discussing the lyrics of the songs. The video also includes images of album covers and other music-related content.","3. Music, Singing, & D"
7363655590524226862,"The video features a person sitting at a desk with a computer and a cup of coffee in front of them. The person is wearing a dark shirt with the words ""LOVE HURT CUR"" on it. The background is a blue and purple neon sign. The person is talking about Discord, a messaging app, and how it has been compromised by a website called Spy.pet. The website has been scraping the data of over 114 million Discord users to sell to anyone with a spare couple bucks. Discord has acknowledged the issue and started banning accounts affiliated with the website. The person also mentions that two days later, Spy.pet posted on Telegram detailing fixes",1. News
7337977691611696417,"The video shows a person driving a car, wearing a white sweater and a seatbelt. The person is seen talking to the camera, expressing frustration or annoyance. The car is driving through a city street with other vehicles visible in the background. The person's facial expressions and body language suggest they are feeling frustrated or annoyed.",1. News
7335864619187146016,"The video is a series of maps and aerial views that compare the geography and population of Wyoming and Colorado. It starts with a map of the United States highlighting the Rocky Mountains and the states of Wyoming and Colorado. The text ""Why Wyoming Is 'Epiphy' And Colorado Is Not"" appears at the top of the screen, indicating the topic of the video. The video then transitions to an aerial view of a valley in Wyoming, with the text ""WYOMING'S FOUR YEAR URE"" appearing at the bottom, suggesting a focus on the state's history or a specific period. The video continues with another aerial view of a city in Wyoming, with the text ""W",1. News
7356565580603870497,"The video features a series of conversations between different individuals, each with their own distinct attire and background. The first individual, dressed in a dark suit, is seen speaking into a microphone, with the text overlay indicating a conversation about mental health and the challenges faced by individuals seeking help. The second individual, wearing a pink outfit, is also engaged in a conversation, with the text overlay suggesting a discussion about the Prime Minister's response to a situation involving mental health. The third individual, wearing a dark suit, is seen speaking into a microphone, with the text overlay indicating a conversation about the Prime Minister's response to a situation involving mental health. The video captures the nuances of these conversations, highlighting the differing",1. News
7407322364309949728,"The video shows a group of people performing on stage. The stage is brightly lit with a vibrant blue and pink background. The performers are dressed in casual clothing, with one person wearing an orange jacket and another wearing a gray shirt. They are dancing and moving energetically, with one person in the center of the stage. The audience is visible in the background, watching the performance. The video also includes a text overlay that reads ""I don't wanna die Before we love, we love, this feeling, babe Cause it's enough, enough, can't be this way Before we love, we love, this feeling, babe I love it, I like it, but I don't","3. Music, Singing, & D"
7395058028594122014,"The video features a man in a suit and tie, standing in front of a blue background. He is speaking, and the text overlay on the screen reads, ""and I think these issues in this election are way too important for any of us to be distracted, so I stand by what I said in my video."" The man is then shown flexing his muscles, wearing a purple cap and black shorts. The video concludes with a black screen displaying the text ""JacksTidings"" in a cursive font.",Politics
7357035995667107114,"The video shows a woman in a red shirt standing in front of a counter in a restaurant. She is holding a drink in her hand and appears to be talking to someone off-camera. The counter has various drinks and condiments on it, including a drink with a straw and a drink with a straw and a spoon. The woman then takes a drink from the counter and continues to talk to someone off-camera. The video ends with the woman sitting at the counter, holding a drink in her hand, and looking at the camera.",1. Entertainment & Shows
7322958700291853614,"The video is a compilation of different segments, each featuring a different person or group of people. The first segment shows a close-up of a person's face with the text ""what was trump about?"" in bold, red letters. The second segment features two people sitting at a news desk, with the text ""Trump is a liar"" in green letters. The third segment shows a person with the text ""I believe that the scientist went out, said hello to his girlfriend, and that was the end of that"" in bold, red letters. The fourth segment shows a person with the text ""The auto workers are smart. They know that Biden has sold them down the tubes with the",1. News
7333721172363922734,"The video shows a man in a blue shirt and khaki pants standing in front of a black Toyota Camry. He is wearing sunglasses and a blue jacket. The man is dancing and moving his arms around. The background shows other cars and palm trees. The text ""Toyota coulver"" is displayed at the top of the video, and there is a laughing emoji next to it.",1. News
7320342127790148907,"The video depicts a police officer in a uniform, standing in a room with blue lockers in the background. The officer is wearing a badge and a name tag, and there is text overlaid on the video that reads ""TYRANT COPS MAKE BIG MISTAKE Silverthorne Colorado - FBI Amagansett Press."" The officer appears to be speaking to the camera, possibly explaining a situation or providing information. The video continues with the officer standing in the same room, with the same text overlaid on the video. The officer is still wearing the same uniform and badge, and the background remains the same with the blue lockers. The officer continues to speak to the camera,",News
7287998089279917345,"The video shows a person standing on a sidewalk with a laptop in front of them. The person is wearing a black jacket and a white shirt. The laptop screen displays a webpage with a list of products, including headphones, a laptop, and a camera. The text on the screen reads, ""You can save so much money shopping on Amazon and it doesn't even have to be Prime Day. Let me show you where you can get all the discounted items. They're all new and it's just sellers trying to get rid of their inventory. Go on the regular Amazon site, scroll down until you find Amazon Outlet. Here you find all the categories that you find on Amazon and you can literally",1. News
7340766599860849926,"The video shows a man in a military uniform standing at a podium, speaking into a microphone. He is wearing a dark blue uniform with various medals and insignia on the left side of his chest. The background features a large sign with the words ""THE PENTAGON WASHINGTON"" and a building with a large dome. The man appears to be giving a speech or statement, as indicated by the text overlay on the video. The video also includes a caption that reads, ""Well, just to be clear, we have no plans to send U.S. service members to fight in Ukraine. The president has been pretty clear on that, and that continues to be our position.",1. News
7324688586807201070,"The video shows a young woman sitting in a classroom, wearing a white sweater and a beige scarf. She is looking at a piece of paper in front of her. The background shows a window with blinds, a bulletin board with various papers and notes, and a shelf with books and other items. The text overlay on the video reads, ""Special Ed teacher trying to figure out whether their student is crying."" The woman appears to be in a classroom setting, possibly a school or a tutoring environment, and is engaged in a conversation or activity related to the student's emotional state.",1. News
7195058735914519809,"The video shows a large building being demolished. The building is tall and white, and it is being demolished by a crane. The demolition is causing a lot of dust and debris to be thrown into the air. The video also shows a large cloud of dust and debris being thrown into the air, indicating that the building is collapsing.",1. News
7360854136440540459,"The video depicts a man in a gray shirt standing in a room with a door in the background. He is holding a phone and appears to be in a conversation. The text ""CAN I HELP YOU?"" is displayed on the screen, suggesting that the man is offering assistance. The scene then transitions to a man in a black shirt with red suspenders, who is also holding a phone. The text ""REASPAPY?"" is displayed on the screen, indicating that the man in the black shirt is asking for a refund. The video then shows a black screen with the word ""HUELL"" in white letters, followed by a black screen with the word ""HUELL""",1. News
7408631372044111135,"The video shows a person petting a cat on a bed. The cat is lying on its back, and the person is gently petting its belly. The cat appears to be relaxed and comfortable. The person is wearing a tattoo on their hand. The video then transitions to a group of kittens huddled together on a white blanket. The kittens are all different colors, including black, brown, and white. They are huddled together, possibly seeking warmth or comfort. The video then shows a close-up of one of the kittens, which is black and white. The kitten is being petted by a person, and the person's hand is visible in the frame. The kitten appears to be",7. Pets & Animals
7383460841204534534,"The video showcases a series of woodworking tasks, starting with a close-up of a wooden block with a small metal screw embedded in it. The screw is then removed using a pair of pliers, revealing the wood beneath. The process is repeated with a different screw, and the video concludes with a close-up of a new screw being inserted into the wood, ready for use.",1.5L of water I'm going
7340748820130647326,"The video shows a group of people sitting at a table in an office setting, discussing the new $20 minimum wage law in California for fast food restaurants. One person is holding a sandwich and another is holding a drink. The video also shows a screen with the California state seal and the text ""California's New $20 Minimum Wage for Fast Food Restaurants."" The video ends with a person holding a sandwich and a drink, with the text ""California's New $20 Minimum Wage for Fast Food Restaurants"" displayed on the screen.",1. News
7289539647825382698,"The video features a woman in a kitchen, wearing a peach-colored shirt and denim shorts, standing in front of a stove. She is holding a piece of paper and appears to be reading or speaking. The background shows a kitchen with various appliances and utensils. The woman is seen performing a dance or exercise routine, moving her arms and legs in a coordinated manner. The text overlay on the video reads, ""Me, with 0% Palestinian blowdown, standing 10 feet of Palestine."" This suggests that the woman is expressing a sense of pride or accomplishment in her Palestinian heritage.",1. News
7390878944012045598,"The video is a series of frames from a video game, specifically a virtual reality game. The game features a character in a black outfit with a pink top and a pink wig, standing in front of a mirror. The character is holding a phone and appears to be looking at themselves in the mirror. The background of the game is a room with a pink floor and white walls. The character is also seen in a different outfit in a different room, wearing a black outfit with a pink top and a pink wig, standing in front of a mirror. The character is holding a phone and appears to be looking at themselves in the mirror. The background of the game is a room with a pink",9. Gaming
7390133152670420266,"The video features a person standing in a room with a wooden dresser and various items on it. The person is wearing a black shirt with a graphic design and has long hair. They are also wearing a necklace and have a red light on their forehead. The person appears to be speaking or singing, as indicated by the audio. The background includes a wall with a window and some plants. The video does not provide any additional context or information about the person or the room.",1. Entertainment & Shows
7373916497896377617,"The video shows a person preparing a dessert. They start by cutting a piece of cake and placing it on a plate. Next, they pour a white substance, likely cream, into a bowl and mix it with a whisk. The mixture is then poured into a cake pan lined with cookies. The person adds more cookies around the edge of the pan and spreads the remaining white substance on top of the cookies. The final step is to place the pan on a plate and cut into the cake.",Food
7303250453079280927,"The video is a promotional video for an airline pass that allows you to travel to four destinations: Tahiti, Paris, Auckland, and Tokyo in economy class. The pass costs $1,525 and can be purchased for $750 per round-trip ticket. The video emphasizes the deal's value and the limited availability of the pass, which is available for purchase starting on November 25th at 9 a.m. Pacific time. The pass is offered by Air Tahiti Nui, and the video encourages viewers to act quickly if they want to take advantage of the deal.",1. News
7330776298576514347,"The video features two individuals sitting at a table with a colorful, striped structure in front of them. The structure has a large wheel with a red handle and several colored cards attached to it. The cards are labeled with different words, such as ""Eye,"" ""Eyes,"" ""The Eagles,"" ""Eyes,"" ""Eyes,"" ""Eyes,"" ""Eyes,"" ""Eyes,"" ""Eyes,"" ""Eyes,"" ""Eyes,"" ""Eyes,"" ""Eyes,"" ""Eyes,"" ""Eyes,"" ""Eyes,"" ""Eyes,"" ""Eyes,"" ""Eyes,"" ""Eyes,"" ""Eyes,"" ""Eyes,"" ""Eyes,""",Entertainment & Shows
7386716685945900320,"The video shows a man in a suit and tie standing in a stadium, with a crowd of people in the background. The man is holding a microphone and appears to be speaking to the crowd. The video then transitions to a close-up of the man, who is now sitting down and talking to the camera. The man is wearing a suit and tie, and he is holding a microphone. The background shows a crowd of people, some of whom are wearing hats. The video then transitions to a close-up of the man, who is now sitting down and talking to the camera. The man is wearing a suit and tie, and he is holding a microphone. The background shows a crowd of",1. News
7390820226562084139,"The video shows a cartoon scene where a group of people are standing under umbrellas in the rain. One of the characters, a brown-haired girl, is holding a purple umbrella and talking to the others. The text on the screen says, ""I thought these people were my friends. Little did I know, I was swimming with a pack of thieves."" The girl then says, ""Calm down, DW. Someone probably put it in the lost and found. We'll have to come back Monday. The office is closed. But today's Saturday. That's almost two whole days away."" The girl then says, ""All my important stuff is in that backpack. My glitter,",1. News
7361435694725696810,"The video features a woman standing on a stage in front of a large crowd, with the text ""Every headline show I make my vip's pledge to be a friend to anyone who came alone to show what night."" The woman is wearing a blue and pink outfit and is holding a microphone. The crowd is cheering and waving their hands. The scene then transitions to a close-up of the woman on stage, with the text ""Midway through my set I induct more pop to do the same thing."" The woman is still holding the microphone and appears to be speaking to the audience. The final frame shows a poster with the text ""NOMINEE: MY LIVE SET GOT ME","3. Music, Singing, & D"
7317028968568343850,The video shows a person using a knife to cut a piece of wood. The person is wearing headphones and is in a room with a window in the background. The video also shows a person using a heat gun to cut a piece of wood. The person is wearing headphones and is in a room with a window in the background. The video also shows a person using a knife to cut a piece of wood. The person is wearing headphones and is in a room with a window in the background. The video also shows a person using a knife to cut a piece of wood. The person is wearing headphones and is in a room with a window in the background. The video also shows a person using a,1. News
7393735339996712225,"The video features a person wearing a white and blue striped shirt with a blue collar, standing in front of a door. The person is holding a phone and appears to be speaking, as indicated by the text overlay on the screen. The text reads, ""QUAND ON A 11 DE VUE LE \""M\"" VENTE E \""MILLION\"" MAISQUAND ON A 1 K DE VUE, SE L'IL K VENT DE QUE MOT ?"" which translates to ""When you see the \""M\"" on the 11th, the \""Million\"" is more than 1000, what is the \""K\"" of",1. News
7286953369133174062,"The video shows a man in a yellow shirt and black pants standing on a street with a large black and white parachute attached to him. He is holding onto the parachute and preparing to take off. The background features a road, trees, and mountains. The man starts to lift off the ground, but instead of flying, he floats in midair. He then begins to pump his parachute like a bird, causing him to go up higher. The video ends with the man still floating in midair, with the parachute still attached to him.",1. News
7210197949433892142,"The video showcases a picturesque beach scene with a clear blue sky and calm ocean waters. The beach is lined with numerous lounge chairs and umbrellas, indicating a popular spot for relaxation. The text overlay on the video provides a list of the beach's favorite attributes, including its iconic and rustic charm, its ability to see and be seen, and the presence of great beachside views. The video also highlights the beach's food offerings, mentioning that the food is reasonable and delicious. Additionally, it mentions the availability of Bagni Internationale Capri umbrellas, which are considered a luxury item. The video concludes with a call to action for viewers to share their favorite beach in Cap",Favorite beach in Capri
7317451980497046826,"The video is a compilation of morbid facts about the Church of Scientology. It starts with a man in a suit and tie, followed by a woman in a blue dress, and then a man in a suit and tie. The text at the top of the screen reads ""Morbid Scientology Facts."" The video then shows a woman in a blue dress, followed by a man in a suit and tie, and then a man in a suit and tie with the text ""He thought he was Satan."" The video continues with a man in a suit and tie, followed by a man in a suit and tie with the text ""The wife of Scientology leader David Miscavige has not been",1. News
7346304747646848288,"The video shows a group of people shopping in a grocery store. One person is seen holding a box of cereal, while another person is holding a box of cookies. The video also shows a person in a blue jacket standing in front of a shelf, looking at the items on the shelf.",Entertainment & Shows
7357381570371603717,"The video shows a group of people dancing in a room. One person is wearing a white shirt and a black skirt, another is wearing a white shirt and a black dress, and the third is wearing a white shirt and a black dress. They are dancing and having fun.",1. Entertainment & Shows
7319635608945675528,"The video shows a person performing a dance routine on a stage. The person is wearing a white sweatshirt with a graphic design on it, black and white striped pants, and red sneakers. The stage is dark, and there are other people visible in the background, some of whom are sitting on the floor. The person in the video is moving energetically, with their arms and legs moving in various directions. The video also includes a text overlay that reads ""J-Wars We're free today, we're not getting so far"" and ""Let's go!""","3. Music, Singing, & D"
7288048371019926814,"The video shows a woman sitting on a porch, wearing a white shirt. She is talking to the camera and appears to be explaining something. The background includes a house with a porch and a window. The woman is wearing a ring on her finger.",1. News
7302492057975688490,"The video features a person wearing a tie-dye tank top with a watermelon pattern. The person is standing in a room with a white wall and a ceiling fan. The person is wearing a pair of glasses on their head. The video includes text overlays that read ""From the river to the sea"" and ""From the comfort of your own home or work."" The video also includes a logo for the Filter Creator Fund, which is a non-profit organization that supports Palestine.",1. News
7289320054347468078,"The video features a person sitting at a desk, wearing a dark shirt, with a laptop in front of them. The background includes a painting with a red and orange color scheme. The person is speaking and gesturing with their hands, and there is text overlaid on the video that reads, ""Hakeem Jeffries will explode."" The person appears to be discussing a political scenario involving a potential Speaker of the House of Representatives, with a focus on the possibility of a deal being made with Democrats. The video ends with the person expressing excitement about the potential outcome, suggesting that Steve Bannon's head will explode if the next Speaker of the House is elected with Democratic votes.",1. News
7346011922946510126,"The video features a series of frames showing a person wearing a hoodie and sunglasses, standing outdoors with trees and a street sign in the background. The person is seen in different positions, with the text ""Reply to Coa's comment I respect myself so I'm voting for RFK Jr."" appearing at the top of the frames. The video then transitions to a news article from NBC News, which discusses RFK Jr.'s consideration of Aaron Rodgers as his vice presidential running mate. The article highlights Rodgers' lack of experience and his views on the Sandy Hook school shooting, as well as his belief in conspiracy theories. The video concludes with the person in the hoodie speaking directly to",1. News
7366304208150121774,"The video features a series of individuals making heart shapes with their hands in front of their faces. The first person is wearing a red shirt with the text ""Los Angeles"" on it. The second person is wearing a red jacket with the text ""Los Angeles"" on it. The third person is wearing a beige jacket with a graphic on it. The fourth person is wearing a blue and white plaid jacket. The fifth person is wearing a yellow shirt with a graphic on it. The sixth person is wearing a black shirt with a graphic on it. The seventh person is wearing a black shirt with a graphic on it. The eighth person is wearing a black shirt with a graphic on it. The",1. News
7360733570232552710,"The video features a person standing outdoors, holding a large, black clock-shaped object with the word ""КУРАЙ"" written on it. The person is dressed in a black shirt and light blue jeans. The background is a lush, green park with trees and bushes. The person appears to be speaking, as indicated by the text on the screen. The text includes a phone number, email address, and a website, suggesting that the person is providing information or services related to the clock. The video seems to be a promotional or informational piece, possibly related to the clock or the person's business.","1. Music, Singing, & D"
7369576124948548897,"The video shows a person holding a small animal, possibly a rodent, in a grassy field. The person is wearing a black shirt and is holding the animal in their arms. The animal appears to be a small rodent, possibly a gerbil or a hamster. The person is holding the animal close to their body, and the animal is looking directly at the camera. The background is a grassy field with trees in the distance. The person is speaking Russian, as indicated by the text on the screen. The text reads ""Когда он пытается забыть меня и подругами с п",7. Pets & Animals
7393839173922327841,"A screenshot of a political map showing the results of the 2020 presidential election. The map is color-coded to show the results of the election in each state. The map is titled ""Yaps.com"" and shows the number of votes each candidate received in each state. The map also shows the number of electoral votes each candidate received.",Politics
7388205937036725537,"The video shows a person in a blue and white jacket driving a car. The person is wearing a seatbelt and appears to be in a vehicle, possibly a bus or a van. The person is holding the steering wheel and looking at the camera. The background is not clearly visible, but it seems to be an indoor setting. The person is also wearing a black shirt with a logo on it. The video ends with the person still in the car, looking at the camera.",1. News
7362611852360174881,"The video begins with a black screen displaying the text ""4TO АЛОБОВЬ БЫЛА ПЕРЕСТРЕЛКИЙ ВЫСТАНОВИТЬ МНЕ СКУЧНО, И Я ТЕБЕ НЕ ВЕРУЮ"" in white, which translates to ""4TO ALOBVVY BIL",1. News
7368846954471640362,"The video features a person with long red hair wearing a black sweatshirt with green text. The person is standing in a kitchen with white cabinets and a refrigerator in the background. The person is speaking and gesturing with their hands, possibly explaining or discussing something. The video also includes text overlays that provide context and commentary on the topic being discussed. The text overlays mention the importance of solidarity among oppressed people, the intersectionality of activism, and the need for influencers to prioritize the needs of their followers over personal gain. The video concludes with a call to action for viewers to stop following influencers who prioritize fame and money over activism and solidarity.",1. News
7108772250320473349,"The video showcases various activities and attractions in the Greek island of Paros. It begins with a person standing in front of a scenic view of the island, with the text ""Paros 5 out of the box activities!"" displayed at the top. The person is wearing a red and white striped shirt and appears to be speaking. The video then transitions to a series of images, each accompanied by a text overlay. The first image shows a person standing on a rocky beach with the text ""1. Go have a meal in the traditional village of Lefkest."" The second image shows a person hiking on a dirt path with the text ""2. Go to the beach of Kalogero."" The",Travel & Events
7349908267742743854,"The video features a person in a red shirt speaking into a microphone, with text overlays providing commentary on the topic of Trump's legal immunity claim. The person is in a room with shelves in the background, and the text overlays suggest that Trump's legal team is working against him in a legal case. The video also includes a quote from a legal scholar, suggesting that Trump's actions have made it difficult for his legal defense team to make their case in court. The video concludes with a statement about Trump being the worst president of all time, but also the worst client in the history of legal defense.",Politics
7273897683918621994,"The video captures a football game in progress, with players in various uniforms, including a player in a white jersey with the number 9, who is seen throwing a football. The scene is set in a stadium filled with spectators, with the player in the white jersey making a pass to a teammate. The video also shows a player in a black and yellow uniform, with the name ""McCarthy"" and the number 10 on the back, running with the ball. The atmosphere is lively, with the crowd cheering and the players displaying their skills on the field.",Sports
7374631394108181806,"The video shows a woman standing in a bedroom, talking about her life. She mentions that her husband was brought to the USA when she was 4 years old, and she became a DREAMER at age 19. She got married in 2017 and had a daughter in 2020. She left the USA for her husband's job in Mexico, but she is now living in the USA again. She mentions that she has been packing because her husband is unhappy with her.",1. News
7285324334934035745,"The video shows a man in a hospital room, surrounded by a group of people. He is bending over and appears to be in pain. The room is filled with medical equipment and people are standing around, watching him. The man is wearing a black shirt and is holding a white object in his hand. The people around him are dressed in various colors, including blue, green, and white. The man is also wearing a black hat. The video ends with the man still bending over, and the people around him continue to watch.",1. News
7374137745364602155,"The video features a woman in a pink jacket and a man in a black shirt inside a car. The woman is speaking, and the man is listening attentively. The video is a humorous take on the dating scene, with the woman making a joke about not wanting someone who is not her type. The man responds with a humorous comment about not wanting someone who wants him. The video ends with the woman laughing and the man smiling.",1. News
7345205332383108394,"The video shows a group of people gathered around a table, with a person in a yellow shirt writing on a piece of paper. The background shows a stone wall and some posters. The text on the screen reads ""HUMANITARIAN."" The scene then transitions to a group of people standing in a parking lot, with a sign that reads ""PAS A PAS AUTO."" The text on the screen reads ""OF THE 15,000 Haitian police officers in the country, over 3,000 of them have fled, and human rights advocates have even accused them of colluding with gangs."" The video then shows a group of people sitting at a table",1. News
7335427690708651272,"The video features a person wearing a light blue shirt and a beige vest with black trim, standing on a city street. The person is holding a microphone and appears to be speaking to someone off-camera. The background shows a busy street with people walking and cars passing by. The person is also wearing a necklace and has their hair tied back. The video then transitions to a black screen with the text ""think makes no sense in Korea"" in white letters. The final frame shows the person again, this time with the text ""personal bubble social environment"" in white letters. The person is still holding the microphone and appears to be speaking to someone off-camera.",1. News
7366011789085035809,"The video shows two men standing on a stage at a conference. One man is wearing a suit and tie, while the other is wearing a blue suit and tie. They are both holding microphones and appear to be giving a speech. The stage is decorated with blue and white colors, and there are several chairs and tables set up around the area. The background features a large screen with the words ""CDU"" and ""Ortung für die Welt"" written on it. The men are shaking hands and embracing each other, indicating a friendly and collaborative atmosphere.",Politics
7383627859803393313,"The video features a man in a white polo shirt sitting at a desk in an office setting. He is speaking and gesturing with his hands, and the text ""A ENCORE"" appears on the screen, indicating that he is continuing to speak. The man is also seen with the text ""TALENT"" and ""SE CONTENT."" The video seems to be a commentary or analysis of a situation or topic, as indicated by the text on the screen.",1. News
7362157037511396613,"The video depicts a woman unpacking a large box in a living room, revealing various items such as books and a TV. She is seen holding a bottle of lotion and a box of makeup, indicating that she is preparing to use the products. The video then transitions to a close-up of the woman's hands as she applies a cream to her face, with text overlays explaining the benefits of using the products. The video continues with the woman applying a cream to her face, with text overlays explaining the benefits of using the products. The video concludes with the woman holding up a bottle of lotion, with text overlays explaining the benefits of using the products.",Entertainment & Shows
7346042702347406638,"The video depicts a series of events involving a person named Anya, who is described as the most amazing girl last year. The person is seen in various settings, including sitting on a rooftop, hugging a dog, and sitting in a bus. The video also includes text overlays that provide context and information about the person's experiences and interactions. The person is seen wearing different outfits, including a black hoodie, a black jacket, and a green jacket, and is also seen with a dog. The video also includes text overlays that provide information about the person's experiences, such as meeting a girl at the airport and going dog sledding in the Arctic Circle. The video also includes text",Travel & Events
7362203819721166123,"The video shows a group of people, including children, gathered in a public space, holding signs and banners. The signs and banners have messages such as ""SEND A MESSAGE TO THE PROTESTS"" and ""We love the students of Harvard University."" The people in the video appear to be protesting or supporting the students of Harvard University. The video also shows a group of people standing in front of a large crowd, holding signs and banners. The signs and banners have messages such as ""We respect the students of your university"" and ""We hear you."" The people in the video appear to be protesting or supporting the students of the university.",1. News
7389277272009690401,"The video shows a large white ship with a red and white flag on the back, sailing on a body of water. The ship is surrounded by ice, indicating cold weather conditions. The sky is overcast, and the water is calm. The ship is moving slowly, and there are no other vessels in sight. The video then transitions to a dock where a large orange and white ship is parked. There are several trucks and other vehicles around the ship, and a person in a yellow vest is standing near the ship. The sky is overcast, and the water is calm. The video then shows a large white ship with a red and white flag on the back, sailing on a body of water",1. News
7315533802409839914,"The video features a person with long blonde hair, wearing a dark jacket, standing in a room with a plant in the background. The person is seen gesturing with their hands while speaking, and the text overlays the video with various statements. The first text overlay reads ""Bill Maher a weknln Islamophobe,"" which suggests that Bill Maher is an Islamophobe. The second text overlay reads ""as something that just a part of history,"" indicating that the Islamophobia is a historical phenomenon. The third text overlay reads ""killing 10 million Congolese people,"" suggesting that Bill Maher has made a statement about the killing of 10 million Congol",News
7355525427160452385,"The video features a woman performing on stage, wearing a black hat and a black outfit. She is holding a microphone and singing into it. The background is a large crowd of people, and the stage is brightly lit with spotlights. The text overlay on the video reads ""When Beyoncé points at you in the crowd."" This suggests that the woman is performing in front of a large audience, and the text implies that she is being pointed out by someone in the crowd. The video does not provide any additional context or information about the woman or the performance.","3. Music, Singing, & D"
7368383778034601249,"The video shows a computer screen with a desktop background that includes a desk and a chair. The desktop is cluttered with various icons and files. The text overlay reads ""Freundin: Was hast du gegen den Garten tag gemacht? Ich: Aufgeräumt"" which translates to ""Friend: What did you do against the garden today? Me: Dirty."" The video appears to be a humorous or satirical take on a common situation where someone might be trying to clean up a cluttered workspace.",1. News
7386720277557742880,"The video shows a group of gymnasts practicing on a gymnastics mat. One gymnast is performing a routine on the uneven bars, while another gymnast is practicing on the parallel bars. The gymnasts are wearing blue and green uniforms, and the gymnasium is filled with spectators.",Sports
7297944147648924961,"The video showcases the process of making Slow Cooker French Onion Soup. It begins with a close-up of a bowl filled with French onion soup, topped with melted cheese and bread. The text overlay reads ""Slow Cooker French Onion Soup."" The video then transitions to a close-up of a bowl containing sliced onions, with the text ""2 tbsp Worcestershire sauce"" appearing on the screen. The next frame shows a pot filled with onions being cooked in a slow cooker, with the text ""900ml beef stock"" appearing. The final frame shows a hand holding a piece of bread, with the text ""Serves 6"" displayed. The video concludes with a",17. Food
7400109280008867114,"The video features a person wearing a white shirt with the text ""HARRIS FOR PRESIDENT"" in red and blue. The person is sitting in a room with a white blanket draped over their lap. They are speaking directly to the camera, emphasizing the importance of checking voter registration status for Democrats in red or purple states. The person also mentions that they will be wearing the shirt for the next 90-some days. The video ends with the person saying ""All hotties for Harris"" and ""I will be wearing this shirt for the next 90-some days.""",Politics
7331415226442730757,"The video captures a series of performances by a group of individuals, likely a band or a group of performers, on a stage. The first frame shows a person in a black jacket and jeans dancing on a stage with a crowd in the background. The second frame features a person in a red cap and a dark shirt, holding a microphone and singing. The third frame shows a person in a camouflage jacket and white pants dancing on stage, with a large screen displaying the text ""Jihae Doo"" in the background. The final frame shows a person in a green jacket and white pants dancing on stage, with a large screen displaying the text ""World is clear, fake, fake"" in the","Music, Singing, & Dancing"
7307346522234998049,"The video features a woman sitting on a couch, wearing a dark-colored top. She is speaking to the camera, and the text overlay on the screen reads, ""me when someone asks why I love to watch The Kardashians."" The woman appears to be in a casual setting, possibly a living room, and is engaged in a conversation about her love for the reality TV show ""The Kardashians."" The video does not contain any additional visual or audio information, such as music or sound effects, and the text overlay remains consistent throughout the frames.",8. Entertainment & Shows
7362216509206236449,"The video shows a person with long brown hair, wearing a white shirt, standing in front of a shelf filled with various items. The person is holding a bottle of hand sanitizer and appears to be talking to the camera. The shelf contains various items, including bottles of hand sanitizer, a box of tissues, and other personal care products. The person is seen picking up a bottle of hand sanitizer and talking to the camera. The video then transitions to a close-up of a shelf filled with various items, including bottles of hand sanitizer, a box of tissues, and other personal care products. The person is seen picking up a bottle of hand sanitizer and talking to the camera. The video then transitions to",1. News
7396760829498002720,"The video features a woman with long, wavy blonde hair, wearing a white top, standing in front of a bookshelf filled with various books. She is speaking and gesturing with her hands, seemingly explaining or discussing something related to books and reading. The text overlays on the video provide context to her speech, with phrases like ""warum ich meine Bücher, die ich schon gelesen habe, nicht einfach verleihe oder verkaufe,"" which translates to ""why I don't just give away or sell my books that I've already read,"" and ""weil ich habe sie ja schon gelesen,",1. News
7343145915886193926,"The video depicts a series of interactions between two individuals in a nighttime urban setting. The first individual, dressed in a red jacket and blue jeans, engages in a conversation with the second individual, who is wearing a black leather jacket and brown pants. The setting appears to be a cobblestone street with a building in the background. The second individual is holding a microphone, suggesting that they are being interviewed or speaking to the camera.

As the video progresses, the second individual, now wearing a black leather jacket and white sneakers, is seen walking away from the first individual. The first individual follows, and they continue their conversation. The background remains consistent, with the cobblestone street and",Entertainment & Shows
7368596585594359083,"The video shows a man in a white shirt speaking into a microphone with the words ""INTERNATIONAL"" displayed on the screen. The scene then transitions to a large crowd of people in a city square, with the words ""Mace protests against German's far-right A&D over deportation 'masar tepls'"" displayed. The video then shows a close-up of a sign with the letters ""A&D"" on it, and the words ""BUT FOLLOW"" are displayed. The final frame shows a group of people holding flags, with the words ""The AFD has been polling far ahead of Germany's far-right party, the Alternative for Germany, or AF",Politics
7395305751469772075,"The video shows a woman with long, wavy hair wearing a purple top and a heart-shaped necklace. She is sitting in the back seat of a car, and the interior of the car is visible. The woman is speaking to the camera, and there is text overlaid on the video that reads ""Ready to teach more comments Trump or Harris."" The woman appears to be making a humorous or satirical statement about voting.",1. News
7278695690522348843,"The video features a person wearing a green hoodie with a cartoon character on it, sitting in an airplane. The person is speaking and gesturing with their hands. The background shows the interior of the airplane, with seats and overhead compartments visible. The person is discussing the controversy surrounding Mr. Beast's decision to fly economy class, as people are upset that he is flying economy class when he is rich. The person also mentions that Mr. Beast provides the best content on YouTube and that he is not insanely rich, but rather rich compared to others. The video ends with the person thanking Mr. Beast for his work and encouraging viewers to block them if they are upset with",1. Entertainment & Shows
7344030729531067680,"The video features a man in a suit and tie, standing in front of a building with a red sign that reads ""Höppart30"". He is holding a microphone and appears to be speaking to another person, who is wearing a black coat and has a scarf around their neck. The text overlay on the video reads ""Fabian Köstrum nimmt Politiker HopPart30"" and ""heute war hier eine komplett volle Halle und CDU-Mitglieder zuerst. Das wäre ja vielleicht auch... Alle anderen Presseleute sind ja reingekommen",Politics
7395616033127648554,"The video shows a woman in a black dress standing in a room. She is wearing a black dress and has a tattoo on her arm. The room has a bed, a mirror, and some clothes on the floor. The woman is talking to the camera and appears to be explaining something.",13. Beauty Care
7347525697591725355,"The video features a person wearing a green shirt with the text ""It's not in the Bible"" on it. The person is standing in front of a bush with red flowers, and the background shows a building with a red roof. The person is speaking, and the text overlay on the video reads, ""How Zionism is sold to non-Israeli Jews."" The person is discussing the way Zionism is marketed and sold to American Jews, highlighting the contradictory messages they are often given. The person mentions that they were encouraged to visit Israel, and that they were told that it was the only place in the Middle East where Jews could be safe after the Holocaust. The person also discusses the lack of context",Politics
7376404436505136416,"The video shows a woman, identified as Little Ms Jocelyn, being stopped by a traffic warden in a city street. The warden is wearing a uniform and is holding a ticket. The woman is visibly upset and is making a gesture with her hand, possibly indicating frustration or anger. The video also includes text overlays that suggest the warden is trying to explain something to the woman, possibly about the parking regulations in the area. The tone of the video is confrontational, with the warden appearing to be in a position of authority and the woman appearing to be in a state of disbelief or anger.",1. News
7341059462687509803,"The video shows a series of images related to the situation of Kate Middleton, who is said to be confined in a tower. The first image shows a woman in a red dress with a crown on her head, while the second image shows a woman in a blue dress with a crown on her head. The third image shows a woman in a white dress with a crown on her head. The fourth image shows a woman in a white dress with a crown on her head and a man in a white outfit with a crown on his head. The fifth image shows a woman in a white dress with a crown on her head and a man in a white outfit with a crown on his head. The sixth",1. News
7357877605581802795,"The video is a series of frames from a video game, specifically a Roblox game. The game features a character with a dark, spooky appearance, resembling a zombie or a monster. The character is seen in various settings, including a dark tunnel, a green field, and a city street. The character is also seen interacting with other characters, who appear to be human. The character's actions and dialogue suggest a sense of fear and paranoia, as if the character is being stalked or threatened by someone. The video ends with the character saying, ""I'm scared,"" indicating a sense of fear or vulnerability.",9. Gaming
7348220196772990254,"The video depicts a person in a blue shirt with a graphic on it, sitting in a room with a laptop in front of them. The laptop screen shows a message that says ""This site can't be loaded. Try: ENS.COM, TIMED-OUT, ENS.COM, TIMED-OUT, ENS.COM, TIMED-OUT, ENS.COM, TIMED-OUT, ENS.COM, TIMED-OUT, ENS.COM, TIMED-OUT, ENS.COM, TIMED-OUT, ENS.COM, TIMED-OUT, ENS.COM, TIM",1. News
7323547689201765664,"The video features a person in a garage setting, showcasing five cars from the Italian edition. The person, wearing a black cap and a black shirt with a white logo, gestures towards the cars, which are displayed in a garage setting. The first car is a Ferrari Pro Sangue, a daily driver with a V12 engine. The second car is a Ferrari GTC4 Lusso, a daily car with a V12 engine. The third car is a Lamborghini Centenario, a supercar with a hybrid element. The fourth car is a Ferrari LaFerrari, a hypercar with a V12 engine and a hybrid element. The fifth car",Comedy
7388973620116180257,"The video features a man in a suit and tie standing at a podium, delivering a speech. The background is plain and gray, and the man appears to be addressing an audience. The text overlay on the video reads ""Jordan Bradea: 'J'y serai, vous serais, nous serons jusqu'à la victoire'."" This translates to ""Jordan Bradea: 'I will be there, you will be there, we will be there until the victory.'"" The video also includes a timestamp, ""VINCENNES, 7 JUIL 2024,"" indicating that the speech was given on",Politics
7392691382218935583,"The video begins with a group of people standing in a room, all wearing white t-shirts with black designs. They are gathered around a person sitting on the floor, who is wearing a black shirt. The group appears to be posing for a photo, with some of them making peace signs. The scene then transitions to an outdoor setting where a group of people are standing in front of a building. One person is holding a camera, and another is holding a microphone. The group is posing for a photo, with some of them making peace signs. The video then shows a group of people sitting on chairs in a room, all wearing black shirts. They appear to be posing for a photo, with","3. Music, Singing, & D"
7323689375043243269,"The video features a white cat standing on a blue couch in a well-lit room with wooden floors and a chandelier. The cat is holding a small object in its paws, possibly a toy or a treat. The cat appears to be looking at the camera with a curious expression. The text on the screen reads ""Вам покачиваю карьинокикикику"" (I am playing with kittens), indicating that the cat is engaging in playful behavior. The cat's actions suggest it is enjoying the attention and interaction with the camera.",Entertainment & Shows
7383363724628725024,"The video depicts a fashion show featuring models in various outfits, including a black and white striped sweater, a black and white striped shirt, and a black and white striped shirt with a hood. The models are walking down a runway, with the audience seated on either side, watching the show. The audience members are dressed in casual clothing, and some are taking photos or clips with their phones. The setting appears to be a large, industrial space with high ceilings and exposed beams, and the lighting is bright and even.",1. Entertainment & Shows
7339981163756490030,"The video showcases a person's hands with long, bright pink nails, which are being painted with a bright pink polish. The person is using a nail art brush to apply the polish to their nails. The video is set in a room with a gray tiled floor and a white wall. The person is wearing a black shirt and is focused on the task of painting their nails. The video ends with the person holding up their hands to show the completed nails.",Beauty Care
7318033407785569569,"The video showcases a man standing next to a red Mercedes-Benz car in a parking lot. The text ""Brabus"" appears at the top of the screen, indicating the brand of the car. The man appears to be explaining something about the car, as he gestures with his hands. The background features a concrete structure and a few other cars. The video then transitions to a close-up of the car's side, highlighting the ""V8 TURBO"" badge, which suggests that the car is a high-performance model. The video concludes with the text ""known"" appearing at the top of the screen, possibly indicating the brand or the type of car.",1. News
7361467847190760750,"The video features a person sitting in front of a wall covered with various posters and decorations. The person is wearing a gray hoodie and is holding a phone. The text overlay on the video reads: ""I'm not afraid to admit I'm not afraid to admit I'm not afraid to admit I'm not afraid to admit I'm not afraid to admit I'm not afraid to admit I'm not afraid to admit I'm not afraid to admit I'm not afraid to admit I'm not afraid to admit I'm not afraid to admit I'm not afraid to admit I'm not afraid to admit I'm not afraid to admit I'm not afraid to admit I'm not afraid to admit I'm not",1. News
7323131799310306590,"The video is a series of interviews with Jeff Bezos, the founder and CEO of Amazon.com, conducted in 2000. The video begins with Bezos being interviewed in a modern office setting, where he is seen talking to another man. The interview is conducted in a casual setting, with Bezos wearing a blue shirt and the other man in a blue suit. The video then transitions to a different setting, where Bezos is sitting in front of a pink background, wearing a blue shirt. The interview is conducted in a more formal setting, with Bezos speaking directly to the camera. The video ends with Bezos continuing to speak, with the",1. News
7353311795374738721,"The video features a person sitting on the floor, wearing a gray hoodie and black pants, with a gray blanket with yellow patterns draped over their legs. The person is holding a white object, possibly a phone or a small device, in their hands. The background includes a wooden floor and a wall with a mirror. The person appears to be speaking, as indicated by the text overlay on the video. The text reads: ""Pov: 'T'es en m'a-t-il, tu n'as toujours suivis me, tu n'as toujours suivis me, tu n'as toujours suivis me,",1. News
7329621030023089440,"The video shows a man and a woman standing close together in a room. The man is wearing a white hoodie and a black bag slung over his shoulder. The woman is wearing a black top and white pants. They are posing for a photo, with the man's arm around the woman's shoulder. The background shows other people in the room, and there is a plant visible in the background.",1. Entertainment & Shows
7261278269884992795,"The video shows a group of people on stage, with one person in the center holding a microphone. The stage is lit with red and purple lights, and there are people in the audience taking photos and videos. The person in the center is wearing a white shirt and black pants, and they are holding a microphone. The background is dark, and there are other people on stage, some of whom are holding umbrellas. The video ends with a close-up of the person in the center, who is smiling and waving at the camera.",Entertainment & Shows
7397527101143878954,"The video depicts a heated exchange between Senator Cruz and the acting Secretary of the Department of Homeland Security, regarding the number of Secret Service agents assigned to protect Donald Trump and Joe Biden. The video shows a congressional hearing where Cruz is questioning the Secretary about the number of agents assigned to each president. The Secretary is refusing to answer the question directly, leading to a heated exchange. The video also shows a man in a suit speaking at a podium, with the text ""Is it your testimony that in Butler, Pennsylvania, Donald Trump had the same number of agents protecting him that Joe Biden has at a comparable event?"" displayed on the screen. The video concludes with the Secretary refusing to answer the question, and",1. News
7353267784886897952,"The video shows two men sitting at a counter in a room. One man is wearing a yellow jacket, and the other is wearing a white hoodie. They are engaged in a conversation, with the man in the yellow jacket gesturing with his hands while talking. The man in the white hoodie listens attentively. The background features a wall with a window and some decorations. The video ends with the man in the yellow jacket continuing to talk, while the man in the white hoodie looks on.",Entertainment & Shows
7351137146004114693,"The video captures a series of intense moments during a soccer match between Ukraine and Israel. The match is being played in a stadium filled with spectators, creating a lively atmosphere. The players are dressed in their respective team uniforms, with the Ukrainian team in blue and the Israeli team in yellow.

The video begins with a close-up of a player in a blue uniform, who is seen running towards the ball. The player is in the midst of a powerful kick, sending the ball flying towards the goal. The goalkeeper, dressed in a yellow uniform, is seen diving to his left to try and save the ball.

As the ball approaches the goal, the goalkeeper makes a successful",5. Sports
7312903813122280746,The video shows a group of farmers protesting against the draconian regulations against ethm. Now they are literally spraying cow shit at government officials. The protesters are holding signs and chanting slogans. The video also shows a man in a suit and tie standing in front of a building.,1. News
7357063093962214689,"The video features a person wearing a black jacket with white trim and a pearl necklace. The person is seen in a room with a window in the background. The text overlay on the video reads ""wie ich in die Deutsche n254 rein gehe am abprüfung rei gehe am"" and ""und danach gucken wir, was wir dann noch so rasieren können."" This suggests that the person is speaking about their experience in Germany and how they feel about the language they are learning. The person appears to be speaking in German, as indicated by the text overlay.",1. News
7374800691677629729,"The video features a person wearing a beige hoodie and headphones, standing in front of a large orange truck with the text ""MULGREW"" on it. The person is holding a microphone and appears to be speaking or singing. The background shows a road with trees and a clear sky. The text overlay on the video reads, ""How do you step 4 hours and ovvk15 hours,"" followed by ""It's in my blood."" The person seems to be performing or singing, with the truck serving as a backdrop.",1. News
7350964297381498154,"The video shows a person rummaging through a trash bin, looking for items. The trash bin is filled with various items, including a box of macaroons, a box of roses, and a box of pizza. The person is looking for something specific, possibly a valuable item or a piece of jewelry. The video ends with the person looking at the items in the trash bin, possibly deciding what to do next.",1. News
7405044080729787678,"The video shows a woman in a blue suit standing on a stage, holding a book. She is speaking into a microphone. The background is a blue and white striped pattern with stars. The text on the screen reads ""DNC speaker briggugat at copy of Proj:2025."" The woman is talking about a document called Project 2025, which is a 900-page document that outlines the Republican blueprint for a second Trump term. The video also includes the text ""MUCH"" and ""TERM"" in yellow letters at the bottom of the screen.",Politics
7337416931965685034,"The video showcases a man standing in front of a tree, with the text ""Tiny Oregon utility is among the state's biggest polluters"" displayed on the screen. The man is wearing a plaid shirt and appears to be speaking. The video then transitions to an aerial view of a large industrial facility, likely a data center, with the text ""Amazon, which has built 10 huge data centers around the cities of Boardman and Hermiston."" The video continues with the man speaking again, and the text ""So what's going on?"" is displayed. The video then shows the man standing in front of a tree, with the text ""Amazon plans to build 10 more data",1. News
7283933352267337002,"The video features a woman in a white shirt with a colorful design, wearing a black headscarf. She is sitting on a couch and talking to the camera. The text ""Mother Ghetl but make her Desi"" appears on the screen, suggesting that the woman is expressing her love for her daughter. The video then transitions to another woman wearing a red and gold traditional outfit, with intricate jewelry and a headscarf. The text ""Rapunzel, look at that now. You know what I see? I see a strong, confident, beautiful young lady. Oh look, you're here too."" appears on the screen, indicating that the woman is admiring the other woman's appearance",1. News
7353365116554956074,"The video features a person wearing a colorful jacket with a lightning bolt on it. The person is standing in front of a disco ball, which is illuminated with a rainbow of colors. The background is a vibrant, colorful pattern. The person is smiling and appears to be enjoying themselves. The video is titled ""You are my sunshine, round of 16 #4"" and includes a countdown from 1 to 16. The person is also wearing sunglasses. The video is a meme, and the text at the top of the video reads ""You are my sunshine, round of 16 #4."" The text at the bottom of the video reads ""你是�",1. News
7398943500328242463,"The video showcases the process of creating glittery dice. It begins with a close-up of a hand sprinkling pink glitter onto a green surface, which is likely a mold for the dice. The scene transitions to a purple surface where a hand is seen pouring a clear liquid, possibly a resin, into a mold. The video then shows a purple surface with a hand pressing down on a mold containing pink glitter, indicating the start of the casting process. The final scene features a purple surface with a hand pressing down on a mold containing pink glitter, with the text ""Reply to Kal Swank's comment on part 2 I need to see them!"" suggesting that the video is part of a",Entertainment & Shows
7386453398792441131,"The video depicts a young woman with braided hair, wearing a white t-shirt with the text ""FEEL GREAT"" and a graphic of a cat, engaging in a makeup routine. She is applying makeup to her face using a brush, with a makeup palette visible in her hand. The setting appears to be a bedroom with a bed and a nightstand in the background. The video also includes a close-up of the makeup palette, which is labeled ""Longing Cool Toned Heaven"" and features a pink and white design. The woman appears to be explaining the features of the palette and expressing her excitement about it. The video concludes with her sharing her experience of receiving a package from",Beauty Care
7348462120817790240,"The video shows a man in a store looking at a shelf of snacks. He picks up a box of Cathedral City cheese snacks and looks at it. The text on the screen says ""Cathedral City, you just made the old boy happy. They've all done a £2 a pack. Well, you haven't the lot, Mark. You are greedy, though, Mark. That's nothing, is it? I know, but that is greedy, innit? Well, go on then. There you are, Cathedral City. You've now made Mark happy. There you are. He was upset with you. And the pack. And they're the big packs. Dick here."" The",1. News
7360235976494550304,"The video features a person in a white t-shirt and blue shorts performing a series of jumps and flips on a trampoline. The trampoline is surrounded by a green and pink padded area, and the person is seen jumping and flipping in the air. The video then transitions to a different scene where the same person is seen standing on a wall, wearing a black shirt and blue shorts. The person is then seen jumping and flipping on a trampoline again, with the same padded area in the background. The video concludes with the person standing on the trampoline, with the text ""bro said sayonara"" displayed at the top of the screen.",プレイヤー
7347591598408043808,"The video consists of three different scenes, each showcasing a unique location in the United States. The first scene features a map of the United States with the text ""Random City USA"" overlaid on it. The map is colorful and detailed, with each state labeled. The second scene shows a park with a statue in the foreground and a building in the background. The third scene captures a view of a body of water during sunset, with the sky painted in shades of blue and orange. The video does not provide any additional context or information about the locations shown in the video.",Travel & Events
7310063052341185823,"The video features a series of images showcasing various aspects of a technology called Quantum Stealth, which is being developed by a physicist named Chu. The first image shows a large, transparent panel with the text ""not"" written on it, indicating that the technology is not yet fully developed. The second image shows a blue and black camouflage-patterned aircraft, suggesting that the technology could be used to make objects or people invisible. The third image shows two people in white uniforms standing behind a podium, with the text ""stating"" above them, indicating that they are discussing the technology. The final image shows a person with the text ""very"" above them, suggesting that the technology is very advanced",1. Science & Technology
7380812058167708960,"The video is a humorous take on the debate over whether a player is English or German, featuring a person in a blue shirt making a peace sign. The video then transitions to a graphic with the text ""Germany over England"" and shows a person in a red shirt with the number 8 on it. The text ""£180,000 for Musiala"" appears, indicating the amount paid for the player. The video then shows a graphic with the text ""Germany over England"" and shows a person in a black and red striped shirt with the number 10 on it. The text ""Jude Bellingham"" appears, indicating the player's name. The video",Sports
7377701670077205803,"The video shows a person with pink hair, wearing a black top and a necklace, sitting in a room with a lamp and a mirror in the background. The person is holding a hair dye and talking about not wanting to dye their hair pink, but the parasites in them want the pink hair. The person then changes the color of their hair to a darker shade, and the text ""AMBER"" appears on the screen.",1. News
7309888375023045931,"The video features a man in a suit and tie standing in front of an American flag, delivering a speech. The text overlay on the video reads, ""republican lawmakers are saying he's trying to protect the insurrectionists from prosecution."" The man appears to be addressing the audience, likely in a formal setting such as a government building or a political event.

The video then transitions to a different man, who is wearing a blue jacket with a logo on the front. The text overlay on this frame reads, ""but he's also making you and I complicit in the January 6th insurrection."" This man is also speaking, possibly in a different location or at a different time.",Politics
7312875354220285215,"The video features a series of scenes with a man in a suit and tie, speaking in front of a backdrop of a city skyline at night. The man is seen gesturing with his hands as he speaks, and the background changes to show different scenes, including a news ticker with stock market information and a man in a suit and tie at a podium with an American flag in the background. The video also includes a graphic with the text ""BIDEN 2024!!!"" and an image of the presidential seal. The overall tone of the video is humorous, with the man's exaggerated gestures and the contrasting scenes of the stock market and the man at the podium.",1. News
7283816318883679531,"The video is a series of frames from a video titled ""Things you didn't know about teaching in 2023."" The video features a person with long blonde hair wearing a black shirt with the word ""NAKED"" on it. The person is speaking and gesturing with their hands. The background is plain and white. The video includes text overlays that provide information about teaching in 2023. The text includes information about meetings that announce the day of, students growing up around technology, and overstimulated classrooms. The video also mentions that out of 25 students, 17 did not turn in work, which is described as ""completely normal",Education
7317764806767922475,"The video shows a woman and a child in a snowy forest. The woman is holding the child and they are standing next to a large metal container filled with water. The woman is trying to get the child to jump into the water, but the child is hesitant. The woman then uses a hose to fill the container with water, and the child jumps in. The woman then jumps in, and the child follows. The woman and child are then seen in a hot tub filled with water, and the woman is holding the child. The video ends with the woman and child sitting in the hot tub, enjoying the warm water.",1. Entertainment & Shows
7395290316569382174,"The video features a woman standing in front of a scenic background, wearing a leopard print outfit. She is speaking, and the text overlay on the screen provides a detailed explanation of the process of making a surprise. The woman gestures with her hands as she speaks, emphasizing the steps involved in creating a surprise. The video appears to be a tutorial or instructional guide on how to make a surprise, with the woman providing step-by-step instructions on how to do so.",1. News
7358143601869671685,"The video showcases a breathtaking sunset over the ocean, with the sun setting in the background and the sky painted in hues of orange and yellow. The water is calm, with gentle waves lapping against the shore. The sky is filled with clouds, and the sun is partially obscured by them, creating a dramatic and serene atmosphere. The video captures the beauty of nature and the tranquility of the moment.",1. News
7366140924629470496,"The video showcases a woman in a stunning, elaborate dress at a high-profile event, likely the Met Gala. The dress is intricate, with a flowing train and a corset-like bodice, and features a design that includes mechanical moving butterflies. The woman is seen posing for photos, and the video includes various screenshots and comments from social media users, all of whom are trying to identify the mysterious woman. The video also provides background information on Mona Patel, an Indian businesswoman and philanthropist, who has built a million-dollar empire in the US and has been involved with the non-profit organization Couture for Cause, which works to provide opportunities for people in",Entertainment & Shows
7380810864477130016,"The video shows a person in a car with a red background. The person is wearing a black shirt and has a tattoo on their arm. The text on the screen says ""Can't stop th power *Stops the power*"". The person is driving and the car is moving.","3. Music, Singing, & D"
7346779567639498026,"The video features a person with long, wavy hair wearing a black top and a headband with pink hair clips. They are applying makeup, specifically lipstick, using a lip brush. The person is wearing a white top in the final frames of the video. The text overlay at the top of the video reads ""Pov: you're watching a lip tutorial in 2016."" The person is seen holding a tube of lipstick and applying it to their lips. The background is a plain, light-colored wall. The person's hair is styled in a way that it appears to be blowing in the wind, adding a sense of movement to the scene. The person's",1. News
7299554274827046187,"The video features a series of individuals discussing the history and identity of Palestine. The first individual, wearing a white hoodie, is seen speaking into a microphone with a red background displaying the text ""The Older Milennial Teaches This Young Man Actual History."" The second individual, wearing a dark blue shirt, is shown in a different setting with a ceiling fan in the background. The third individual, wearing a dark blue shirt with a necklace, is seen in a room with a beige wall. The fourth individual, wearing a dark blue shirt, is shown in a room with a beige wall and a window. The fifth individual, wearing a dark blue shirt, is shown in a room with a",8. Politics
7348934489122327841,"The video is a compilation of scenes from a large public demonstration in Berlin, Germany. The footage shows a group of people gathered in the city, with some holding signs and banners. The signs and banners are in German, and they appear to be related to political issues. The video also includes text overlays in German, which provide context and information about the event. The text overlays include phrases such as ""FRIEDENSDEMO"" and ""UNTERVEGS auf or FRIEDENSDEMO,"" which suggest that the event is a demonstration or protest related to the topic of peace. The video also includes a reference to the ZDF television channel, which is",Politics
7282317561864260897,"The video showcases a train journey through a scenic landscape, with steam engines emitting smoke and passengers enjoying the ride. The train is seen moving through a forested area, with lush greenery and trees lining the tracks. The video captures the train's journey from a stationary position to its movement, highlighting the steam engines' power and the passengers' enjoyment of the ride. The video also includes text overlays with emojis, adding a playful and humorous tone to the scene.",1. News
7343605850105318658,"The video showcases a close-up view of a grand piano, illuminated by a spotlight, with the keys and the piano's body in sharp focus. The piano is positioned in a dimly lit room, with the light source casting a soft glow on the keys and the surrounding area. The video captures the intricate details of the piano's design and the craftsmanship of the keys, highlighting the craftsmanship and the beauty of the instrument. The video does not contain any text or additional information.","3. Music, Singing, & D"
7349023065575083306,"The video shows a woman standing on a stage in front of a large audience, with a man in a suit and tie standing behind her. The woman is holding a microphone and appears to be speaking to the audience. The text on the screen reads ""In Germany: Jewish Woman yelling at Palestinians,"" followed by ""Mr. Scholz, you cannot talk about democracy, the blood of Palestinians is on your hands!"" The woman is wearing a white shirt and has long hair. The man behind her is wearing a suit and tie. The background shows a large audience in a theater or auditorium.",Politics
7223384947938053418,"The video shows a person with glasses and a shirt with the word ""Summit"" on it, standing in a kitchen. The person is holding a small animal, possibly a puppy, and the animal is interacting with a larger animal, possibly a cat. The video then transitions to a close-up of a nine-banded armadillo, a type of armadillo, in a natural setting. The armadillo is shown walking on the ground, surrounded by leaves and dirt. The video continues with a close-up of the armadillo, with the text ""it is estimated that about 20% of the Gulf Coast nine banded armadillos have it, but",7. Pets & Animals
7386641138611981601,"The video features a person with a bald head and a beard, wearing a brown jacket and a blue and white checkered shirt. The person is seen applying makeup to their face, with the text ""I put makeup for my grandfather"" displayed at the top of the screen. The makeup application process is shown in detail, with the person using a brush to apply the makeup. The video then transitions to a different person wearing a black military-style uniform with gold accents, including a hat and gloves. The text ""sakurashi"" is displayed at the bottom of the screen, indicating the name of the person. The video concludes with the person in the military uniform standing against a plain background",1. Entertainment & Shows
7314163714402340102,"The video begins with a close-up of a futuristic space station, showcasing its sleek design and advanced technology. The station is surrounded by a dark, star-filled sky, emphasizing its isolation and the vastness of space. The camera then zooms out to reveal the entire space station, which is a large, circular structure with multiple levels and a central hub. The station is equipped with various modules and structures, including what appears to be a central command center. The video then transitions to a close-up of a warp gate, which is a large, circular structure with a glowing blue light at its center. The warp gate is surrounded by a dark, star-filled sky, and the camera",Science & Technology
7385499788764040481,"The video shows a person holding a piece of food in their hand, with German text overlaid on the screen. The text reads, ""Deutschland draußen, 33 Grad, Sandra hat Lust auf einen kalten Kinderriegel. Wie bekommt die Sandra jetzt diesen Kinderriegel direkt kalt?"" This translates to, ""Sandra in Germany wants a cold chocolate bar. How does Sandra get this cold chocolate bar?""

The video then shows a close-up of a metal container filled with water, with German text overlaid on the screen. The text reads, ""es ist sack",1. News
7276776260431367467,"The video depicts a man in a suit and tie, holding a microphone and speaking into it. The background is dimly lit, with a warm, yellowish hue. The man appears to be giving a speech or making a statement, as indicated by the text overlay on the video. The text reads, ""Anything I've done in my guise as an SS colonel was sanctioned by the OSS as a necessary evil to establish my cover with the Germans. And it was my placement of Lieutenant Raine's dynamite in Hitler and Goebbels's opera box that assured their demise. By the way, that last part's actually true. I want my full military pension and benefits under my proper",1. News
7372265021042101550,"The video features a person with long hair, wearing a black shirt, standing in a room with a window in the background. The person is speaking and gesturing with their hands. The video includes text overlays that provide context and information about the person's experience in Glasgow, Scotland. The text mentions that the person had a wonderful time in Glasgow, particularly noting the friendly people and the food. The person also mentions that they would move to Scotland if they could, and that the architecture of Edinburgh is impressive. The video concludes with the person expressing their love for the architecture of Edinburgh, but also noting that they have a different perspective on the people of Glasgow compared to Edinburgh.",1. News
7373730224879521056,"The video showcases a series of images featuring a tiger, each with a different background and color scheme. The first image shows the tiger in a dark, shadowy environment with a blue and red background. The second image features the tiger in a vibrant, colorful setting with a blue and yellow background. The third image presents the tiger in a dark, shadowy environment with a blue and red background, similar to the first image. The fourth image features the tiger in a vibrant, colorful setting with a blue and yellow background, similar to the second image. The fifth image shows the tiger in a dark, shadowy environment with a blue and red background, similar to the first image. The sixth image features",1. Entertainment & Shows
7326266761773436166,"The video features a person wearing a black sweatshirt with white text on it, sitting in front of a wall adorned with various posters and a guitar. The individual appears to be speaking, as indicated by their mouth movements and hand gestures. The background includes a poster with a person in a suit and tie, a poster with a person in a suit and tie, and a poster with a person in a suit and tie. The person is also wearing a necklace with a pendant. The video seems to be a monologue or a conversation, as the person is speaking directly to the camera.",1. News
7371461402030034218,"The video features a man in a suit and tie standing in an office, holding a phone. He is speaking to the camera, and the text overlay on the screen reads, ""And if Jewish people are gonna vote for Joe Biden, they have to have their head examined."" The man then says, ""The last person I'm gonna take advice from as a Jewish person is a known anti-Semite who's had dinner with anti-Semites, who said there was good people on both sides after Charlottesville."" The man continues to speak, and the text overlay changes to, ""He's the last person I'm gonna take advice from."" The video ends with the man still speaking to",Politics
7367380929913900320,"The video features a person wearing a black shirt and headphones, standing on a road with a clear blue sky in the background. The person is wearing a necklace and has long hair. The video includes text overlays that read ""PSA I wore shorts on my walk and the town elders at that size 12 queen wore shorts summer heat x"" and ""Literally wear your sweater you don't."" The person appears to be talking about wearing shorts in a small town during a hot summer, and the text suggests that the person is not wearing a sweater. The video does not provide any additional context or information about the person or the location.",1. News
7306264195475983622,"The video features a woman performing on stage, wearing a black top and a beige skirt with chains and a belt. She is dancing energetically, moving her arms and legs in sync with the music. The background is colorful and vibrant, with a mix of red, green, and blue lights. The woman's outfit is stylish and eye-catching, and she appears to be enjoying her performance.","3. Music, Singing, & D"
7360919706913525035,"The video is a series of frames showing a puzzle game with a timer counting down from 0:00 to 0:00. The game is set against a black background with a grid of colored tiles. The tiles are red, green, and white, and the player must swap them to form a path from the top left to the bottom right. The text overlay at the top of the frames reads ""USE THESE FILES even if it's your drats save the effect and boost videos using them."" The text at the bottom of the frames reads ""They are invading Rafa now. Our friend Moe who made these filters has been separated from his family. He",1. News
7380730540061691178,"The video begins with a black screen that transitions to a green logo with the text ""Hulu Originals"" in white. The scene then shifts to a silhouette of a person standing in a dark, foggy environment, with a bright light source behind them. The person appears to be looking up at the light, creating a sense of mystery and intrigue. The video then cuts to a close-up of a hand holding a small, glowing object, possibly a key or a tool, with the text ""Lamborghini truck Full of cow More money than the cow Cow"" appearing on the screen. The final frames show a close-up of a person's hand holding a small, glowing",1. News
7355249683469454634,"The video features a person standing on a beach during sunset, with the ocean in the background. The person is wearing a white hoodie and a cap with a logo. The sky is a gradient of orange and pink, indicating the time of day is either sunrise or sunset. The person appears to be speaking, as indicated by the text overlay on the screen. The text reads: ""the joy of jesus, the security of jesus, the peace of jesus, the love of jesus, the joy of jesus, the security of jesus, the peace of jesus, the love of jesus, the joy of jesus, the security of jesus, the peace of","the joy of jesus, the security of j"
7387743887940390177,"The video features a person wearing a white sweater with a zipper, standing in a room with a red door in the background. The person is holding their hair up with one hand and appears to be speaking. The text overlay on the video reads, ""Someone in their twenties says they aren't voting."" This suggests that the person is addressing someone who is in their twenties and is not interested in voting. The video also includes a humorous comment from another person, which is not visible in the video frames provided.",1. News
7297354768928853294,The video is a series of frames from a TikTok video where a person is talking to the camera. The person is wearing a beige t-shirt and is standing in front of a wall with various posters and stickers. The person is discussing the challenges of keeping 176 HEB store stock and the importance of the variety pack and POG. They also mention that HEB has committed to taking on bigger orders and opening new Buc-ee's test stores. The person encourages viewers to join their VIP phone number list for updates on new nectar flavors and other goodies.,Entertainment & Shows
7374908166175280427,The video shows a person preparing a meal. The first frame shows a plate of tacos with a side of sauce. The second frame shows a hand holding a bowl of chopped vegetables. The third frame shows a hand holding a tortilla in a frying pan. The fourth frame shows the person pouring the sauce over the tacos. The final frame shows the person holding a plate of tacos with a side of sauce.,1. Food
7377866805823491371,"The video features a person with curly hair, wearing a dark blue shirt, standing in a room with a painting on the wall. The person is speaking, and the text overlay on the screen reads, ""You could kiss any woman in the world, feet, who would it be? My beautiful girlfriend, Kaylee. She don't count. You'll do that anyway. Megan Fox."" The person appears to be making a humorous or sarcastic comment about the hypothetical scenario of kissing any woman in the world.",1. Entertainment & Shows
7149700277782760746,"The video shows a person lying on a bed with a cat on their chest. The person is wearing a black shirt and has long blonde hair. The room is dimly lit with pink lighting, and the person is holding a phone. The text on the screen reads ""I like pauline dreams... are like this.""",Pets & Animals
7384004708165242144,"The video features a woman sitting in a chair in a room with gold wallpaper and framed pictures on the wall. She is wearing a light blue sweater and has short gray hair. The woman is talking about a black and white dog named Mika, who is a Jack Russell. She mentions that Mika is a live wire and has wide paws, and that she might have had a difficult birth or trauma. The woman also mentions that Mika can sense out spirit and that she is loved. The video ends with the woman saying that Mika is adorable and that she loves her name.",7. Pets & Animals
7314367547862781226,"The video showcases a serene winter landscape, starting with a view of a snow-covered field with trees in the background. The scene transitions to a closer view of the trees, highlighting their snow-laden branches and the ground covered in a layer of snow. The video then shifts to a close-up of a pine tree, focusing on its snow-covered branches and the ground beneath. The final frame captures a wider view of the snowy field, with the trees standing tall in the background. The video concludes with a view of a snow-covered field, with a person walking through the snow.",1 kg of chicken breast
7340337384652934446,"The video features a series of photos of famous people, with captions indicating that they are ""Nepo babies"" who have changed their last names to fly under the radar. The first photo shows a woman in a black dress with the caption ""Angelina Jolie Voight,"" indicating that she is the daughter of the famous actress Angelina Jolie. The second photo shows a man in a tuxedo with the caption ""Angelina Jolie Voight,"" indicating that he is the son of the same actress. The third photo shows a man in a blue shirt with the caption ""Redfoo and Sky Blue from LMFAO,"" indicating that they are related to the founder",8. Entertainment & Shows
7333801200875261185,"The video is a promotional graphic for the show ""The Daily Show"" on Comedy Central. It features a dark blue background with a world map in the background. The text ""An Election Year Guaranteed To Divide Us"" is displayed in white at the top of the screen. Below this, the text ""A Second Term We Can All Agree On"" is shown in yellow. The show's title, ""The Daily Show,"" is displayed in white at the bottom of the screen, along with the airing time ""Monday at 11 on Comedy Central and streaming next day on Paramount+."" The Comedy Central logo is also visible in the bottom left corner of the screen.",8. Entertainment & Shows
7328517572679372078,"The video depicts a man sitting at a table in a car dealership, holding a piece of paper with handwritten text. The text on the paper includes a handwritten note that reads ""POV: The customer never stops negotiating."" The man appears to be in the process of negotiating the price of a car, as indicated by the handwritten note and the context provided by the video. The man is seen gesturing with his hands and pointing at the paper, suggesting he is explaining or emphasizing a point. The video also includes text overlays that provide additional context to the negotiation, such as the man's request for all-weather mats and his mention of being hungry. The video concludes with the man signing the",1. News
7375847354341068065,"The video captures a large crowd of people gathered at Hinds Hall in Erma, Canada, during a concert. The stage is illuminated with bright lights, and the crowd is densely packed, with many people standing close together. The performers on stage are visible, but their faces are not shown. The text overlay on the video reads ""Hinds Hall in Erma 🇨🇦"" and ""Say Free Free Palestine The crowd: The next but never ended to colonize the rise. The students in tents, posted on the lawn. Occupying the quad, really against the law. Ain't no reason to call in the police and their squad. But it's genocide, they a","3. Music, Singing, & D"
7392127900079721761,"The video showcases a woman standing in front of a large wooden cabinet filled with various items, including glasses, bottles, and a coffee machine. She is wearing a black tank top and light blue jeans. The text overlay on the video reads, ""Let me show you around our room here at Estelle Manor. We've got a large stables room because we're here with our small animal. So this is one of the dog-friendly rooms. This is the little foyer bit. And all of this, well, we've got some poo bags and then this little bag that's got a load of dog treats in it, is very sweet we've also been given these snacks and",13. Entertainment & Shows
7368121296154086688,"The video shows a table filled with various dishes, including salads, meats, and other food items. There are also glasses of water and a bottle of juice on the table. A person is standing in front of the table, and the text on the screen reads, ""Коломогу столу гості, як і ми хотіли, Ой, хто б'є, то воно не байде, то..."" which translates to ""I'm tired of serving the table, as I and you wanted, Oh, it's not good, it's not",1. Food
7378190751211064607,"The video showcases a man demonstrating the features of an expandable camper. The camper is equipped with a seven-way wiring harness, electric brakes, and a two-inch ball. It has a trailer light and blinkers, spare tires, and a body made of lightweight aluminum. The camper also has compartments with stainless steel hinges and lockable doors. It comes with a GoSun power center, a 1100-watt inverter, USB ports, and a 12-volt power socket. The video highlights the camper's ground clearance, compartments, and storage features. It also mentions the GoSun cooker and the electrical conduit inside the compartment. The man demonstrates",Travel & Events
7325985650140974382,"The video shows a series of experiments conducted by Jamie and Adam to test the hypothesis that running in the rain is better than walking on rainy days. The experiments involve using artificial rainfall methods to simulate rain, and the participants wear tight-fitting clothes to prevent sweat from mixing with rainwater. The video also mentions that the experiments are conducted in both windy and windless conditions. The results show that running in the rain does get wetter than walking, and the participants' work clothes become heavier due to the water absorption. The video concludes with a question about the rigor of the experiments and any potential improvements.",1. News
7406690692765977887,"The video shows a man sitting in a train, looking angry and frustrated. He is wearing a white shirt and a cap. He is talking to the camera and telling the viewer that someone is sitting in his seat. The man is also telling the viewer that he is going to talk normally and not be quiet. He is also telling the viewer that he doesn't want to be told to be quiet and that he doesn't want to be treated like a child. The video ends with the man looking angry and frustrated.",1. News
7309290162540858667,"The video is a news report about a massive home explosion in Arlington, Virginia, outside the Capitol. Police were called to the scene, and they were there for hours trying to execute a search warrant. The explosion caused the house to turn to splinters, and human remains were found inside, believed to be the suspect. The suspect, 56-year-old James Yu, refused to surrender and discharged several rounds from a firearm as officers closed in. The FBI and ATF were on the scene, and authorities said human remains were found at the site. The suspect was inside the residence at the time of the explosion and is presumed to be deceased. The video also mentions that the suspect made",1. News
7365274404420406571,"The video shows a man on a sailboat, washing dishes in a sink. He is shirtless and wearing gray pants. The video then transitions to a man sitting on a boat, holding a glass of orange juice. The next scene shows a man standing on a boat, holding a bottle of dish soap. The final scene shows a man sitting on a boat, holding a bowl of food. The video ends with a view of a dock at night, with boats and buildings in the background.",1. News
7392992201837464850,"The video depicts a mother's daily routine, focusing on her daughter's haircut and her own bath. The mother, who is a full-time mom, is seen taking her daughter to a salon for a haircut. The daughter, named Eve, wants her hair to be short, and the mother is determined to make it happen before their trip to Japan. The video also shows the mother taking her daughter to the train for fun, and later, the daughter is seen enjoying a marshmallow hot chocolate at a bakery. The mother reflects on her sentimental feelings towards her daughter's first haircut and the idea of her hair reaching her toes. The video also includes scenes of the mother taking a",Entertainment & Shows
7395692426888891679,"The video features a series of images showcasing different individuals in various settings, each with a message related to the theme of freedom and equality. The first image shows a person with a rainbow flag in the background, with the text ""Gay News"" and ""Reproductive Rights"" displayed at the top. The second image features a person in a blue suit, with the text ""KamalaHarris.com"" at the bottom. The third image shows a person in a yellow shirt with floral embroidery, with the text ""The free make"" at the bottom. The final image shows a person in a blue suit, with the text ""Go to KamalaHarris.com and let's",1. News
7335178711819373867,"The video shows a series of tweets from the ICCJICJ, a news organization, reporting on the South African government's request for additional measures from the International Court of Justice (ICJ) to protect the Palestinian people living in Rafah. The tweets provide context and information about the case, including the filing of an emergency request and the specific measures being sought. The video also includes a screenshot of a document from the International Court of Justice, which outlines the case and the measures being requested. The final frame shows a man in a brown shirt speaking, likely providing further commentary on the situation.",1. News
7353793317437590827,"The video shows a man and a woman standing in a room. The man is holding a cup of hot coffee and the woman is bending over. The man then pretends to pour the hot coffee into the woman's face, causing her to react with surprise. The text on the screen reads ""DON'T PRANK YOUR EMPLOYEE WHEN THEY'RE HOIDING HOT COFFEE"".",1. News
7377799778299579690,"The video features a woman standing outdoors, with an American flag in the background. She is wearing a black top and has tattoos on her arms. The text overlay on the video reads, ""Isn't it weird you're a fan of an American flag, but you know who you're voting for?"" The woman appears to be speaking directly to the camera, and the video seems to be a commentary on the American flag and the voting process.",1. News
7346724921361435937,"The video shows two young girls walking down a sidewalk, both dressed in black jackets and carrying backpacks. They are walking away from the camera, and the background features a building with a red roof and some trees. The girls appear to be enjoying their walk, and the video ends with them continuing to walk away from the camera.",1. News
7384186520351083781,"The video begins with a person in a light-colored robe, standing in a room with a beige wall and a window with brown curtains. The person is holding a phone and appears to be speaking, with text overlays in Russian providing context. The scene transitions to a close-up of the person's hands, showing a pink nail polish and a ring, indicating a personal touch. The video then shifts to a screenshot of a social media conversation, where the person is discussing a situation involving a partner who did not pay for a product. The conversation includes messages from other users, including one from a user named ""Angelica"" who expresses frustration and disappointment. The video wraps up with a",Entertainment & Shows
7396382918039457041,"The video features a series of humorous and relatable interactions between two individuals, likely a man and a woman, in a domestic setting. The man, dressed in a white shirt and black shorts, is seen sitting on a bed with his arm around the woman, who is wearing a white shirt with the word ""RUSSIA"" printed on it and blue jeans. The woman is gesturing with her hand, possibly indicating a conversation or reaction to something the man said.

As the video progresses, the man and woman continue their interaction, with the man making a gesture that suggests he is speaking or explaining something. The woman responds with a gesture that indicates she is listening or reacting to the man",Entertainment & Shows
7273841367351069998,"The video shows a person wearing white gloves and a gold chain, handling a stack of bright yellow soap bars. The soap bars are stacked on a marble countertop. The person then picks up a yellow soap bar and holds it up to the camera, showing the label. The label reads ""Annoya Nata Turmeric & Kajal Brightening Soap."" The person then places the soap bar back on the countertop and picks up another one, continuing to hold it up to the camera.",1. Beauty Care
7277167570946379014,"The video captures a lively and energetic atmosphere at a sports event, likely a soccer match, given the context provided by the text ""Ucrânica! Ucrânica! Ucrânica!"" which translates to ""Goal! Goal! Goal!"" in English. The scene is set in a large stadium filled with a dense crowd of spectators, many of whom are wearing blue and yellow clothing, indicating a team or national pride. The crowd is animated, with many people raising their hands and cheering enthusiastically. The atmosphere is one of excitement and celebration, as the crowd's collective energy is palpable. The video does not provide any additional context or information about the specific event or location",Sports
7365322515998068011,"The video features a series of scenes depicting a group of people gathered in what appears to be a protest or encampment. The individuals are dressed in various outfits, including suits and traditional clothing. The setting is outdoors, with tents and flags visible in the background. The text overlay on the video reads, ""STITCH INCOMING WOKE ENCAMPENTS EXPOSED!!! We're here to discuss the little Gazas that have risen up on campuses across America. So I'm at one of these little Gazas right now and I'm here to expose it for what it really is. Check out these anti-Semitic signs, oh my god. These little Gazas are disgust",1. News
7362319887361903905,"The video features a woman in a gray sweater, standing in front of a white wall. She is wearing sunglasses and has wet hair. The text overlay reads, ""Seeing Rufus re-doing Uni ski trip after seeing Uni ski trip after watching vpiany sd hates watching Uni ski trip on a podcast."" The woman appears to be speaking directly to the camera, possibly narrating a story or sharing her thoughts on the topic. The video then transitions to a group of people gathered around a giraffe costume, with one person in the center wearing a red and white striped shirt. The text overlay changes to, ""Seeing Rufus re-doing Uni ski",1. Entertainment & Shows
7311332422077975840,"The video depicts a series of interactions between a woman and a man, with the woman being the primary focus. The woman is seen in various settings, including an outdoor area with a fence, a park, and a street, while the man is consistently present in the background. The woman is engaged in conversations with the man, who appears to be a police officer, as indicated by his uniform and badge. The interactions are tense and confrontational, with the woman expressing frustration and the man responding with authority. The video concludes with the woman being arrested for attempted robbery, and the man appearing to be in control of the situation.",Entertainment & Shows
7354415572626509099,"The video begins with a person wearing a red beanie and a white shirt, sitting in a room with a white wall and a green shelf in the background. The text on the screen reads, ""When earthquakes happen on the eastern side of the United States, they can be felt over a much larger area and cause damage over that area more easily because of the composition of the Earth's crust."" The person gestures with their hands while speaking.

The video then transitions to a map of the United States, showing the epicenter of a 4.8 magnitude earthquake that occurred in Lebanon, New Jersey. The map is labeled with the USGS Community Intermap, and the text on the screen",Science & Technology
7378608951975349536,"The video captures a moment of triumph for England in a soccer match. The scene is set in a stadium filled with spectators, with the crowd cheering and celebrating the victory. The players, dressed in white and blue uniforms, are seen celebrating their win, with some players hugging each other and others raising their arms in triumph. The text ""ENGLAND WIN"" is prominently displayed at the top of the screen, indicating the outcome of the match. The atmosphere is one of jubilation and excitement, with the players and fans alike expressing their joy and relief.",5. Sports
7293239332167617834,"The video features a person wearing a light blue, patterned sleeveless top, standing in front of a wall adorned with a colorful floral curtain and a painting depicting a moose and a deer. The individual appears to be in a casual, home-like environment, possibly a living room or a bedroom. Throughout the video, the person is seen making various hand gestures, including pointing, touching their face, and raising their hands, which could indicate a range of emotions or actions. The person's facial expressions and body language suggest a sense of frustration or annoyance, as indicated by the text overlay ""some of y'all m'n"" accompanied by a laughing emoji. The video's context is",1. News
7372186670273137952,"The video showcases a series of scenes featuring a person enjoying various vegan dishes and drinks. It begins with a close-up of a colorful wrap filled with vegetables, followed by a shot of a coffee shop with a sign that reads ""RELAX. DRINK A COFFEE! 10 BUCKS."" The person is seen sitting at a table with a cup of coffee and a book, enjoying the atmosphere. The video then transitions to a person sitting at a table with a plate of food, a cup of coffee, and a bottle of soda. The final scene features a person sitting outdoors, holding a slice of pizza and a bottle of soda, with a scenic view of a city",1. Food
7379475961139547398,"The video features a woman in a black dress with ruffles, standing in a modern kitchen with white chairs and a dining table. She is wearing high heels and has long blonde hair. The text on the screen reads ""Мени 60 роки"" (My 60 years) and ""Ну, чуждый 60 годин"" (Well, 60 years old). The woman then changes into a black dress with a ruffled skirt and high heels, and the text changes to ""Мени 60 роки"" (My 60 years","13. Outfit, Style, &"
7364542326959574314,"The video shows a person sitting on a bed, holding a phone and typing on it. The person is wearing a black shirt and has long hair. The background is a room with a white wall and a window. The person is talking about something, and the text on the screen reads, ""I just finished doing my nails, I'll send him a pic, I hope he likes them."" The person then starts to move around the bed, possibly getting ready to take a picture or video.",1. News
7309293532467039531,"The video shows a group of people sitting on a couch in a studio, with a news anchor in the background. The text overlay reads ""Barbie MAGA-Alinny thought she had a 'gotcha' moment."" The scene then transitions to a different setting, showing a man in a suit sitting in front of a cityscape. The text overlay changes to ""Barbie MAGA-Alinny thought she had a 'gotcha' moment."" The video then shows a group of people sitting on a couch in a studio, with a news anchor in the background. The text overlay reads ""Barbie MAGA-Alinny thought she had a 'gotcha' moment.""",Entertainment & Shows
7376360928851299590,"The video features a woman in a white shirt, sitting in front of a bookshelf, discussing the benefits of using a specific product, likely a skincare product, to help with aging. She emphasizes the importance of using the product consistently and mentions that it is a natural solution that can help with wrinkles and aging. The video also includes a woman with curly hair, wearing a black blazer, who appears to be providing additional information or commentary on the topic. The video concludes with the woman in the white shirt continuing her discussion, reinforcing the benefits of using the product for anti-aging purposes.",Entertainment & Shows
7347847920151956779,"The video shows a person standing in a doorway, holding a leash with a dog on it. The person is wearing a black shirt and white pants. The dog is small and appears to be a puppy. The person is talking to the camera, and the text overlay reads, ""POV: you had a dog day and come home just to get tripped up."" The person then falls to the ground, and the dog runs away. The person gets up and looks around, seemingly confused or frustrated. The video ends with the person standing up and looking at the camera again.",7. Pets & Animals
7291696863449763078,"The video depicts a person in a beige shirt and glasses, speaking directly to the camera. The person is expressing frustration and disbelief about how the Israelis think they are victims and how they blame others for their problems. The person also mentions that they are not victims and that they are not blaming the world or other people for what is happening to them. The video includes a screenshot of a text message conversation, where the person is asking for a conversation and expressing frustration with the lack of communication. The person also mentions that they are not victims and that they are not blaming the world or other people for what is happening to them. The video ends with the person expressing their faith in humanity and their belief that",1. News
7375186781999762721,"The video shows a woman in a blue floral dress and hat standing in front of a table with wine glasses, a bowl of food, and a bottle of wine. She is holding a book and appears to be reading or looking at it. The text on the screen says ""When you rock up to your friends place for a quick visit..."" and ""1pm"". The woman then puts down the book and continues to stand in front of the table.",1. News
7309512164870491435,"The video shows a man in a suit and red tie speaking at a podium. The text on the screen reads, ""HANNITY ASKS TRUMP IF HE POWERED ABUSE POWER, BREAKING THE LAW, USE THE GOVERNMENT TO GO AFTER PEOPLE."" The man is then shown sitting at a table with another man, and the text changes to, ""TOWN HALL WITH BREAKING NEWS."" The man is then shown sitting in a chair, and the text changes to, ""and I wanna drill, drill, drill. That's not, that's not, that's not retribution. We need to",Politics
7325003811632745761,"The video features a person wearing a green shirt, standing against a plain background. The person is speaking, and the text overlay on the screen reads ""DEUTSCHE THERAPEUTEN HATTE RECHT"" (German therapists had the right). The person appears to be expressing frustration or disappointment, as indicated by the text overlay. The video seems to be a commentary on the treatment of German therapists, suggesting that they have been unfairly treated or misunderstood. The person's facial expressions and body language convey a sense of resignation and frustration. The video does not show any other objects or actions, and the focus remains on the person's speech and the text overlay.",Entertainment & Shows
7355061931993992480,"The video features a person in a blue shirt standing in front of a calendar with the word ""MONDAY"" at the top. The person is making hand gestures, possibly to emphasize a point or express themselves. The background is a plain white wall, and the calendar is the main focus of the video. The person's actions and the calendar's design suggest that the video might be related to a motivational or inspirational message, possibly about overcoming anxiety or stress. The text ""I'm fine! Totally fine! I don't know why it's coming out all loud and squeaky, cause really, I'm fine."" indicates that the person is trying to convey a sense of calm and reassurance, despite",1. News
7330624658686954795,"The video is a compilation of clips showing a person in a pink shirt reacting to various political events. The person is seen making hand gestures and pointing at the screen, indicating their reaction to the events. The first clip shows the person reacting to a news article about Trump's supporters booing him. The second clip shows the person reacting to a news article about Trump's behavior during a press conference. The third clip shows the person reacting to a news article about Trump's behavior during a press conference. The fourth clip shows the person reacting to a news article about Trump's behavior during a press conference. The fifth clip shows the person reacting to a news article about Trump's behavior during a press conference. The",Politics
7397794935199567135,"The video shows a woman tied to a tree in the jungle, with a man standing nearby. The woman is covered in mud and appears to be in distress. The video then cuts to a hospital where the woman is being treated. The video also shows a close-up of a hand writing a letter, with the text ""Injection for extreme psychosis which caused severe pain and injury to my body. I need to be treated urgently. I am a crime victim, but I will survive."" The video ends with the woman being shown in a hospital bed, surrounded by medical equipment.",1. News
7397967668248120622,"The video features a person showcasing a mystery box containing various makeup items. The person, wearing a black shirt and green cactus earrings, is seen holding a small makeup palette and a bottle of Charlotte Tilbury Magic Hydrator Mist. They express their excitement about the box, mentioning that they ordered it to see which products would slay and which would be garbage. The video highlights the items in the box, including a small bottle of the Magic Hydrator Mist, a sample of the Magic Hydrator Mist, a sample of the Magic Body Cream, a sample of the Magic Body Cream, a sample of the Magic Hydrator Mist, a sample of the Magic Hydrator Mist, a sample of the",Beauty Care
7311858161504423214,"The video showcases a collection of bicycles, each with unique features and designs. It begins with a close-up of a bicycle wheel, highlighting its shiny chrome finish and pink accents. The wheel is part of a larger bicycle, which is also chrome-finished and adorned with pink accents. The video then transitions to a different bicycle, this one with a white frame and pink accents, parked in a room with a wall of bicycles in the background. The final scene features a bicycle with a white frame and pink accents, parked in a room with a wall of bicycles in the background. The video concludes with a close-up of a bicycle wheel, highlighting its shiny chrome finish and pink accents",1. News
7299582823940312350,"The video begins with a person sitting on a green leather couch, wearing a gray shirt and black pants. The person is holding a gun and looking down at it. The background is dimly lit, with a wooden wall and a bookshelf visible. The scene then transitions to a close-up of a person's face, with the person wearing a dark hoodie and looking directly at the camera. The lighting is dark, and the person's face is partially obscured by shadows. The video then shows a close-up of a person's face, with the person wearing a dark hoodie and looking directly at the camera. The lighting is dark, and the person's face is partially obscured by shadows",1. News
7331551109649059115,"The video features a black cat playing a violin. The cat is positioned in the center of the frame, with its head tilted slightly to the side as it plays the instrument. The background is dark, with a spotlight illuminating the cat and the violin. The cat's fur is dark, and the violin is black. The cat's eyes are closed, and it appears to be focused on playing the instrument. The video does not contain any additional text or subtitles.","3. Music, Singing, & D"
7293441357169937666,"The video features a series of animated characters in various cars, each with a different background and setting. The first frame shows a character in a blue dress and white shoes standing in front of an orange car. The second frame features a character in a white dress and red shoes standing in front of a white car. The third frame shows a character in a white and red dress standing in front of a white car with red accents. The fourth frame shows a character in a white and blue dress standing in front of a white car with blue accents. The fifth frame shows a character in a white and red dress standing in front of a white car with red accents. The sixth frame shows a character in a white",1. Entertainment & Shows
7397793782122564896,"The video shows a woman lying in bed, wearing a white top and a gold necklace. She is holding her hand to her face, possibly in a contemplative or emotional state. The background is a bed with a white and gray patterned blanket. The woman appears to be speaking or expressing something, as indicated by her hand movements and facial expressions. The video does not provide any additional context or information about the woman's situation or the content of her speech.",Entertainment & Shows
7359943972216638736,"The video shows a group of people protesting in a city street. They are holding signs and banners, and some of them are wearing orange vests. The police are present and are trying to control the situation. The protesters are chanting slogans and waving flags. The video ends with a close-up of a police officer, who is wearing a uniform and a badge.",Politics
7344108969151008001,"The video shows a man in a suit walking through a crowded event, possibly a wedding reception. The man is holding a small object in his hand, which is not clearly visible. The background is filled with people, some of whom are seated at tables with food and drinks, while others are standing and mingling. The event is well-lit, with bright lights illuminating the space. The man appears to be in a hurry, as he is walking quickly through the crowd. The video does not provide any additional context or information about the event or the man's actions.",Entertainment & Shows
7226368631268019482,"The video features a person with long blonde hair, wearing a black leather jacket, standing in a room with a pink towel hanging on the wall. The person is holding a phone, and the text ""Songs for your Insta Story Crush Edition"" is displayed at the top of the screen. The person appears to be recording a video, as indicated by the camera angle and the presence of a music player interface on the screen. The video then transitions to a different scene where the person is seen from the back, with the text ""Abbrechen"" (Cancel) displayed at the top of the screen. The person is holding a phone, and the camera angle is different, showing","3. Music, Singing, & D"
7369594137928109345,The video shows a close-up of a Mr. Brain's box of pork faggots on a grocery store shelf. The box is orange and yellow with an image of the product on the front. The price tag on the shelf indicates that the product is priced at 1.60.,7. Food
7330275353325227297,"The video features a person with extensive tattoos on their face and body, wearing a blue and red striped shirt with a FC Barcelona logo. The person is seen in various settings, including a gym and an outdoor area, with the text ""ZUNDERERDUNN"" appearing on the screen. The person is also seen with a tattooed arm, and the text ""HIN AUS GEWORFENEN"" appears. The video concludes with the person standing in front of a building, with the text ""DAS BEHUPTET"" appearing on the screen.",Sports
7327164126822763808,"The video showcases a group of women in military uniforms performing a synchronized march. The women are dressed in various uniforms, including green, blue, and gray, and are wearing hats. The video also includes text overlays that identify the countries represented by the women, such as ""women ittila"" for the first frame, ""RUSSIA"" for the second frame, ""SOUTH KOREA"" for the third frame, and ""NORTH KOREA"" for the fourth frame. The video appears to be a compilation of different military marches from various countries, with each frame featuring a different group of women in uniform.",1. News
7371855904813157664,"The video features two young women standing side by side in a room, with a white wall and a window in the background. The women are dressed in casual clothing, with one wearing a white crop top and denim shorts, while the other is in a white crop top and black pants. The room is well-lit, and there are various objects on the wall, including a decorative item. The women are engaged in a conversation, with one of them gesturing with her hand. The video also includes text overlays with statistics and emojis, such as ""JULIA"" and ""Amelie,"" along with various statistics like ""Happiness: 6/10,"" """,Entertainment & Shows
7354696392129924385,"The video showcases a series of close-up shots of a red sports car, highlighting its sleek design and luxurious features. The car is parked in an indoor setting, possibly a showroom or exhibition, with a crowd of people gathered around it. The video captures the car's exterior, focusing on its glossy red paint, carbon fiber bodywork, and distinctive emblem. The interior is also visible, featuring a black leather interior with red stitching. The video concludes with a wider shot of the car, revealing its full length and the crowd of people around it, indicating that the car is the center of attention.",1. Autos & Vehicles
7293639077671210286,"The video shows a person feeding fish from a white bucket into a pond. The person is seen scooping up the fish from the bucket and then placing them into the pond. The fish are seen swimming around in the pond, creating ripples and splashes as they move. The person is wearing a blue shirt and is standing on a wooden dock. The pond is surrounded by greenery and trees, and the water is clear and blue. The person is feeding the fish from the bucket, which is filled with fish. The fish are seen swimming around in the pond, creating ripples and splashes as they move. The person is wearing a blue shirt and is standing on a wooden dock. The pond is surrounded",1. Pets & Animals
7357227155979275526,"The video depicts a group of people walking down a cobblestone street at dusk. The group consists of a man in a beige jacket, a woman in a white shirt and black pants, a young boy in a blue outfit, and a man in a black tracksuit. The man in the beige jacket is holding a microphone, suggesting that he is conducting an interview or recording a video. The young boy is holding a small orange object, possibly a toy or a piece of candy. The woman in the white shirt and black pants is holding a white bag, and the man in the black tracksuit is holding a purple balloon. The background shows a street lined with buildings and other people,",Entertainment & Shows
7394532218032491808,"The video features a woman in a pink dress and a man in a black shirt standing on a sidewalk. The woman is holding a pink purse and appears to be talking to the man. The man is wearing a black shirt and has a belt with rings on his pants. The background shows a street with parked cars and a fence. The sky is cloudy, and the sun is setting. The woman is then seen walking away from the man, and the man is standing still. The video ends with the woman walking away from the man.",1. Entertainment & Shows
7354508802932133166,"The video features a series of individuals discussing various topics, including the popularity of romance novels among women, the economic impact of the genre, and the perception of these books as being inferior to others. The first individual, a man, is seen in a room with a bookshelf filled with books, and he is discussing the popularity of romance novels among women. The second individual, a woman, is also in a room with a bookshelf, and she is talking about the economic impact of the genre. The third individual, a man, is in a car, and he is discussing the perception of romance novels as inferior to other genres. The video also includes text overlays that provide additional context and commentary",Entertainment & Shows
7344855206242389280,"The video features a woman named Alice Weidel, who is speaking in front of a wooden background. She is wearing a black blazer and a black turtleneck. The text overlay on the video reads ""Alice Weidel reagiert auf AFD-chatterläufe"" (Alice Weidel reacts to AFD chatter). The video seems to be a commentary or discussion about the AfD party, as indicated by the text and the woman's reaction. The video does not provide any additional context or information about the topic being discussed.",Entertainment & Shows
7377794153071037739,"The video shows a man in a tuxedo standing in an office, reading from a piece of paper. He is then seen in a different part of the office, looking at a coat rack. The text in the video says ""Roulette is not a game of skill, it is a game of chance. I could always kind of win at roulette. Oh, really? Mm-hmm. Yeah. How would you do that? Mind control. You can't be serious. That's ridiculous. You know what? Uh, why don't you move that coat rack? Excuse me, everyone. Attention in the office, please. Jim is about to prove his",1. News
7349706117166959879,"The video features a man standing in a natural setting, surrounded by trees and greenery. He is wearing a light-colored shirt and appears to be speaking to the camera. The text overlays on the video read ""What's up everyone?"" and ""I'm Frankie Muniz here and I am officially going into the jungle. I don't know how to feel. I'm excited. I'm nervous. You know, I'm normally a very organized and a planner and a control freak and I don't get to control anything here. So I'm along for the ride and, you know, I hope they go easy on me. That's for sure. See you in the jungle.""",1. News
7308194891656400170,"The video shows a group of people in a stadium, with a large crowd of fans wearing red and white. The crowd is cheering and waving their arms in the air, indicating excitement and support for a team or event. The text ""FUMBLE."" appears at the top of the screen, suggesting that the video is related to a game or event involving the FUMBLE brand. The video does not provide any additional context or information about the specific event or team being referred to.",5. Sports
7375105398946139398,"The video shows a woman in a light blue robe standing in a living room, talking to the camera. She is holding a remote control and pointing at a television. The room has a large television, a coffee table, and a rug on the floor. The woman then puts on a light blue robe and sits on a chair, holding a phone. She talks to the camera again, gesturing with her hands. The video ends with the woman standing in front of a door, talking to the camera.",1. News
7387067236218916129,"The video showcases a woman in a white shirt eating a cupcake in a car. She is seen holding the cupcake and taking a bite. The video then transitions to an outdoor setting where the woman is sitting on a bench, enjoying a cupcake. The background features a clear blue sky and greenery. The video also includes text overlays and a QR code, indicating that the video is promoting a loyalty program and a cake box store.",Entertainment & Shows
7323395108378840351,"The video shows a person dancing in a hallway. The person is wearing a gray sweatshirt and black pants. The hallway has white walls and a tiled floor. There is a Christmas tree decorated with red ornaments and a white star on top. The person is dancing energetically, moving their arms and legs in various directions.","3. Music, Singing, & D"
7378610696390528289,"The video is a compilation of various segments related to the dissolution of the French National Assembly. It begins with a man in a suit and tie standing in front of a large crowd, with a French flag in the background. The text overlay reads ""Dissolution of the National Assembly: Voici tout ce que vous avez fait à l'Assemblée Nationale."" The scene then transitions to a man in a white lab coat speaking into a microphone, with the text overlay ""La dissolution de l'Assemblée Nationale."" The final segment shows a man in a suit and tie with the text overlay ""Journalistes, Motur."" The video also includes",Politics
7292568999932529963,"The video shows two women walking on a dirt path in a grassy area. One woman is wearing a black sports bra and black shorts, while the other is wearing a black sports bra and black leggings. They are both holding water bottles and have their hair tied back. The video ends with a red button that says ""FOLLOW"" on it.",Fitness & Health
7360445995945037088,"The video shows a group of people, including a man and a woman, interacting with a group of wild boars on a paved road at night. The man is seen holding a bag of food, which the boars are attracted to. The boars are seen eating from the bag and from the ground. The man and the woman are seen standing on the road, observing the boars. The video also shows a close-up of the boars' legs and feet as they move around. The man is seen holding a flashlight, which he uses to illuminate the area. The video ends with the man and the woman walking away from the boars, leaving them to continue their nightly activities",Sports
7356329953622822187,"The video features a person wearing a colorful cap and a gray shirt with a logo on it. The person is seen speaking in front of a computer screen displaying a stock chart. The stock chart shows the price of the stock, which is DJT, and the time and date of the chart. The person is discussing the stock's value and the stock market's reaction to Donald Trump's presidency. The video ends with the person expressing their enjoyment of watching the stock price drop every day.",1. News
7376774039899082027,"The video shows a group of elderly people in wheelchairs in a museum. They are dressed in formal attire and are seated in the wheelchairs. The wheelchairs are electric and the people are using them to move around the museum. The video also shows a man in a suit standing in the background, observing the people in the wheelchairs. The text on the screen reads ""THIS ART INSTALLATION lets elderly world leaders roam around a museum in electric wheelchairs."" The video is part of a series of videos that showcase the work of Sun Yuan and Peng Yu, who created the artwork ""Old People's Home"" in 2007. The video is part of the Borster",1. News
7394396617882799366,"The video features a person with curly red hair, wearing a dark top, holding a pink and white drink with a straw. The person is in a dimly lit room, and the text overlay reads ""POV: Your cousin gives you something to do drink."" The person appears to be in a playful or humorous mood, as indicated by the text. The video does not show any other actions or movements, and the focus remains on the person and the drink.",1. News
7382929842615979296,"The video features a person wearing a white t-shirt and blue jeans, sitting in a room with a white wall and a door in the background. The person is holding their head with one hand and appears to be in a state of distress or frustration. The text overlay on the video reads, ""Ich bin gerade so deprimiert. Ich habe jetzt die letzten anderthalb Stunden damit verbracht, am Laptop irgendwelche Familien, etwas gehobene Hotels auf Mallorca oder generell bei den Jahren abzuklappern. Ich finde",13. Beauty Care
7283171808595971370,"The video features a woman with long black hair, wearing a gray top, standing in a room with a white wall and a plant in the background. She is holding a blue object, possibly a phone or a camera, and appears to be speaking or singing. The text overlay on the video reads, ""NO BECAUSE I'M REAL AES,"" followed by ""remember the duck dick among the stand for the guy at the teaming for,"" and ""they MAD FLAWSHIRT."" The woman's facial expressions and body language suggest she is engaged in a conversation or performance, possibly singing or speaking. The video does not contain any other discernible actions or",1. News
7299771215755906312,"The video shows two women in a dance studio, performing a choreographed routine. They are dressed in black outfits and are moving in sync with each other. The studio has a wooden floor and a high ceiling with lights. The women are seen executing various dance moves, including spins and arm movements. The video ends with the women standing side by side, having completed their routine.","3. Music, Singing, & D"
7397523950391086369,"The video features a series of animated characters, including a green apple with a face and a blue fish with a crown. The apple is the main character, and it is shown in various scenes throughout the video. The apple is surrounded by colorful confetti, and it appears to be in a state of celebration or excitement. The video also includes a song with lyrics that suggest themes of driving, feeling alone, and finding one's way.",6. Film & Animation
7410518813021637930,"The video shows a man in a suit and tie, followed by a woman in a white blazer speaking at a podium. The text overlay suggests a conversation about the importance of a question. The man appears to be listening intently, while the woman speaks passionately. The setting is a formal event, likely a press conference or a political address, as indicated by the background and the formal attire of the individuals. The video does not provide any additional context or information about the conversation or the individuals involved.",Politics
