video_id,summary,category
7349900395843472672,"The video shows a man in a suit and tie holding a microphone with the logo of a news channel. He is standing in front of a crowd of people, some of whom are holding flags. The man appears to be giving an interview or report. The video then cuts to a group of people standing in line, possibly waiting to enter a building or event. The final part of the video shows a man in a suit and tie holding a microphone with the logo of a news channel, standing in front of a truck with a sign on it. The man appears to be giving an interview or report.",Politics
7326597898358066465,"The video is a humorous comparison between a person's reaction to their cat's behavior and the reaction of a smartphone. The video is divided into two parts, each showing a different reaction.

In the first part, the person is shown in a room with a cat sitting on a bed. The person is holding a smartphone and looking at it with a surprised expression. The text on the screen reads ""Pov: Les appels avec mon chacad qui n'ai jamais fait de cela"" (Pov: The calls with my cat who has never done this). The person's reaction is shown in a split-screen format, with the left side showing the",7. Pets & Animals
7302484543691328810,"The video is a black screen with white text. The text reads ""EMERGENCY RELIEF DISTRICT OCTOBER 1TH, 2023. Stop the killing. Stop hate. Time to donate."" The text is in a bold, sans-serif font and is centered on the screen. The video does not contain any other visual elements or audio.",1. News
7339991555408694561,"The video shows a person standing in a store, holding a brown hoodie with the word ""Balea"" on it. The person is talking about the most popular beauty products from their store. The video then shows a close-up of the store shelves, displaying various beauty products, including Balea products. The video continues to show different Balea products, such as the Vital Augencreme, Aqua Augen Roll-On, and Vital Plus straffende Augencreme. The video concludes with a close-up of the Balea products on the shelves.",Beauty Care
7351403366368546081,"The video showcases a series of events involving a group of humans and aliens in a battle. Initially, the humans are shown preparing food, with one person cutting a piece of bread and another adding a mixture of ingredients. The scene transitions to the aliens cooking, with one person frying a dish in a pan. The narrative then shifts to the aliens preparing a dish in a pan, with the text ""aside"" appearing, suggesting a humorous or ironic moment.

The video continues with the aliens cooking, with the text ""laughed"" appearing, indicating a comedic or lighthearted moment. The scene then shows the aliens cooking a dish in a pan, with the text ""hours"" appearing,",1. Entertainment & Shows
7380379588242804001,The video shows a person lying in bed with a pink pillow behind them. The person is wearing a black shirt with blue text on it. The person is making a hand gesture with their hand near their face. The person is also wearing a necklace with a pendant. The person is looking at the camera and appears to be talking or expressing something.,Entertainment & Shows
7291005324717313313,"The video features a woman in a pink coat standing in front of a large building with a flag on top. She is speaking to the camera and providing information about the rise of the anti-immigration party AfD in Germany. The video also includes text overlays that provide additional information about the party's policies and the current state of the German citizenship rules. The woman is seen gesturing with her hands as she speaks, and the background includes a body of water and a bridge.",Politics
7184540937974975786,"The video shows a person sitting in the back seat of a car, wearing a black tank top and white headphones around their neck. They are holding a spoolie brush and applying a product to their eyebrows. The text overlay reads ""e.i.f brow lift review"" and ""e.i.f brow lift."" The person demonstrates the application process, showing the product's effectiveness in lifting and sculpting the eyebrows. The video concludes with a final look at the person's eyebrows, with the text ""I give it a 10 out of 10"" indicating satisfaction with the product.",Beauty Care
7343334803665603883,"The video features a woman with long, wavy hair, wearing a dark sweater and a gold necklace, sitting in front of a colorful, starry background. She is holding a black object, possibly a makeup brush, and appears to be speaking or presenting something. The text ""TikTok BAN TOMORROW"" is displayed at the top of the screen, indicating that the video is related to a potential ban on the social media app. The woman seems to be discussing the potential ban and its implications, as well as the benefits of using TikTok for educational purposes. The video also includes a phone number, ""202-224-321",Science & Technology
7343662075299761440,"The video begins with a person wearing a pink sweater with a black bow tie, standing in a room with a white wall and a shelf in the background. The person is looking at the camera with a serious expression. The scene then transitions to a close-up of a person with long blonde hair, wearing a white shirt with a red tie, standing in a dimly lit room with a green hue. The person appears to be in a state of shock or fear. The video then cuts back to the person in the pink sweater, who is now looking at the camera with a more relaxed expression. The final scene shows the person in the pink sweater standing in the same room,",1. News
7394913119375527210,"The video features a person wearing a gray shirt and a camouflage cap, standing in front of a plain wall. The person is seen making various hand gestures, including pointing and raising their hand. The background includes a shelf with various items, such as bottles and a small object. The person's expressions and hand movements suggest they are engaged in a conversation or monologue, possibly discussing a topic related to politics or social issues. The video does not contain any text or subtitles.",Politics
7327439802637307178,"The video showcases a person in a green hoodie standing next to a white Chevrolet truck. The person is holding a phone and appears to be talking about the truck. The video also includes text overlays that read ""This is The CHEPAEST Brand New Truck You Can Buy Today *2024 Chevy W/T* part 2"" and ""This is The CHEPAEST Brand New Truck You Can Buy Today *2024 Chevy W/T* part 3."" The person is seen pointing at the truck and gesturing towards it, possibly discussing its features or design. The video also includes a close-up of the truck's","11. Outfit, Style, &"
7296461109572275488,"The video is a series of clips featuring individuals who are Trump supporters and express their opinions on unions. The first clip shows a person wearing a red hat with the text ""MAKE AMERICA GREAT AGAIN"" and a red shirt with the text ""UNION"" and ""I DON'T SUPPORT UNIONS."" The person is standing in front of a building with a mural of Donald Trump. The text overlay reads, ""Trump Supporters: I Disagree with Trump on..."" followed by the text ""what do you think about unions?"" The person responds, ""I don't have a say in it, to be honest with you. Listen, I've been working",Politics
7385384197864557855,"The video features a series of images from a CNN broadcast, showing two men in suits, one with a red tie and the other with a blue tie, standing at podiums with microphones. The background is blue with the CNN logo. The text overlay reads ""My favorite prt of th debate waswaaahhting whoever wasn't talking."" The video appears to be a commentary on the debate format, focusing on the moments where the speakers are not engaged in conversation.",Politics
7358352976639184146,The video shows a person driving a car on a rainy day. The car is driving on a highway with other vehicles in the background. The person is wearing a black shirt and has a camera mounted on the dashboard. The video shows the person driving through a city with tall buildings and a bridge in the background. The video also shows the person driving through a foggy area with a view of the ocean in the distance. The video ends with the person driving through a foggy area with a view of the ocean in the distance.,1. News
7371030140370963713,"The video is a series of gameplay clips from the game Overwatch, showing a player navigating through various levels and encountering different characters. The player is using a character named ""Ludicrous"" and is seen using a variety of abilities, including a melee attack and a projectile. The player is also seen using a character named ""Spartan"" and is seen using a melee attack and a projectile. The player is also seen using a character named ""Kill Cam"" and is seen using a melee attack and a projectile. The player is also seen using a character named ""Ludicrous"" and is seen using a melee attack and a projectile. The player is also",Sports
7328941581862473006,"The video begins with a close-up of a jet aircraft on a runway, with the word ""HIGH"" in bright yellow letters superimposed over the image. The scene then transitions to a different aircraft, a fighter jet, in flight with the word ""HIGH"" again. The video then shows a fighter jet on a runway, with the word ""HIGH"" in bright yellow letters superimposed over the image. The scene then transitions to a different aircraft, a fighter jet, in flight with the word ""HIGH"" again. The video then shows a fighter jet on a runway, with the word ""HIGH"" in bright yellow letters superimposed over the image. The scene then",1. News
7295860137162591519,"The video features a person wearing a plaid shirt, speaking in front of a blue background. The person is discussing the topic of genocide and the treatment of indigenous people by colonizers. The person expresses their thoughts on the injustices committed by those in power and the need for accountability. The video also touches on the issue of Palestine and Hamas, but the person emphasizes that it is not justifiable to justify the unaliving of children. The person concludes by stating that feelings of righteousness can lead to the greatest evils.",1. News
7407540452611640606,"The video shows a man in a blue shirt and black gloves sitting at a desk in an office. He is working on a computer and has a passport in front of him. The man is talking to someone off-camera, asking them to open the passport. The man then takes the passport and starts to open it, but then closes it and looks at the camera with a surprised expression. The video ends with the man still looking at the camera, seemingly confused or amused by the situation.",1. News
7372987016914455841,"The video shows a cricket match between Pakistan and England. The players are dressed in their respective team colors. The crowd is visible in the background, cheering and watching the game. The text overlay reads ""FREE FREE..."", which could be a motivational phrase or a part of the game's branding.",Sports
7366561209996332320,"The video shows a person with long, dark hair wearing a white shirt. The person is sitting in a room with a yellow wall and a black TV in the background. The person is making various hand gestures, including pointing and touching their face. The person's facial expressions change throughout the video, indicating different emotions such as anger, frustration, and sadness. The video ends with the person looking down and away from the camera, possibly indicating a moment of contemplation or sadness.",13. Entertainment & Shows
7334130841016274222,"The video features a black sports car parked in a parking lot. The car is sleek and has a low profile, with a prominent front grille and large alloy wheels. The background of the video is a mix of greenery and trees, with a clear sky overhead. The text overlay on the video reads, ""I don't reverse park to look cool, a mufti can't park forward..."" This suggests that the person filming the video is trying to convey a message about the importance of parking correctly. The video does not show any specific actions being taken by the car or the person filming it.",1. News
7380389929790033185,"The video features a series of dramatic and intense scenes from a video game, with characters engaged in combat and dramatic poses. The first scene shows a character in a blue outfit with a cape, standing in a dark, smoky environment, with another character in a white dress and a blue cape in the background. The text overlay reads, ""The difference between the two of us is obvious."" The second scene shows a character in a blue outfit with a cape, standing in a dark, smoky environment, with another character in a white dress and a blue cape in the background. The text overlay reads, ""The difference between the two of us is obvious."" The third scene shows a character",Sports
7343754603927850245,"The video is a series of images that appear to be from a movie or a video game, with a focus on a character who is holding a flag and appears to be in a state of excitement or triumph. The background of the images is a mix of red and orange colors, suggesting a fiery or intense atmosphere. The character is wearing a black outfit and appears to be in a crowd of people, some of whom are also holding flags. The text ""FREE PALESTINE"" is prominently displayed at the top of the images, suggesting that the character is advocating for the freedom of Palestine. The images are overlaid with a filter that makes them appear to be from a video game or movie,",1. News
7357827492289465646,"The video features a person wearing a white t-shirt with a cartoon character on it. The person is standing in a room with a refrigerator and a table in the background. The person is making various hand gestures and movements, possibly expressing frustration or annoyance. The text on the screen reads, ""I don't personally think this is a hot take but some people might if I never had to eat again like I could just survive without putting food in my body I would and before everybody in the comments no it's inconvenient grocery shopping inconvenient cooking inconvenient fucking sitting down eating a goddamn meal inconvenient dude I don't want to do it anymore like I don't want to decide, dude",1. Entertainment & Shows
7366736772253977889,"The video is a series of clips that discuss the potential fate of Tuvalu, a small island nation in the Pacific, due to rising sea levels. The video begins with an aerial view of Tuvalu, highlighting its small size and the threat of rising sea levels. It then shows the effects of the rising sea levels on the island, with waves crashing onto the shore and the island disappearing into the water. The video also discusses the government's efforts to create a virtual country, including the creation of digital passports and the transfer of government activities to the cloud. However, the video also notes that the government's definition of a country as having a physical territory and a permanent population is not universally recognized",1. News
7342750088902511915,"The video shows a person standing in a bathroom, taking a selfie with a phone. The person is wearing a black t-shirt and black shorts. The bathroom has a tiled floor and a mirror. The person is also wearing a blue wristband and has their hair tied back. The video ends with the person still in the bathroom, taking the selfie.",1. News
7325461211653492010,"The video shows a person wearing a purple hoodie with the word ""Alicia"" on it. The person is standing in front of a door and talking to the camera. The person is also wearing braided hair. The person is talking about getting their hair done and how it looks. The person is also talking about the price of hair braids in their city and how they were charged $3.50. The person is also talking about the size of their hair braids and how they are not as long as they want them to be. The person is also talking about the color of their hair and how it is a little darker than they want it to be. The person is",13. Entertainment & Shows
7363144949442825518,"The video features a young woman with long blonde hair, wearing a black top with a graphic design. She is standing in a room with a white door in the background. The text overlay on the video reads, ""why is finding a girl friend so hard, no im not trying to be funny, im trying to be serious."" The woman appears to be speaking directly to the camera, expressing her frustration with the difficulty of finding a girl friend.",1. Entertainment & Shows
7375972216707484960,"The video features a person standing in front of a whiteboard with a list of Labour's policy steps for change. The person is wearing a white shirt and is holding a pen. The background of the video is a dark wall with a Union Jack flag visible. The person is pointing to the list on the whiteboard, which includes items such as ""1. Deliver economic stability,"" ""2. Cut NHS waiting times,"" ""3. Launch a new Border Security Command,"" ""4. Set up Great British Energy,"" and ""5. Crave down on n'articial ine."" The person is also seen holding a blue pen and pointing to the list. The video ends with the person standing in",Politics
7363604482355137799,"The video shows a person in a kitchen setting, surrounded by various items and appliances. The person is seen holding a box and a tablet, with text overlays indicating a conversation about purchasing items online. The person is also seen using a tablet to search for deals and discounts. The video then transitions to a person in a bathroom, holding a box and a tablet, with text overlays indicating a conversation about purchasing items online. The person is seen using a tablet to search for deals and discounts. The video then transitions to a person in a hallway, holding a box and a tablet, with text overlays indicating a conversation about purchasing items online. The person is seen using a tablet to search for",Entertainment & Shows
7341253553245408558,"The video features a woman in a light blue shirt with a floral pattern, standing in a room with a window in the background. She is holding a makeup product and appears to be explaining something. The text overlay on the video reads, ""So we bought a house for my entire family, but who's paying for it? Do I expect them to pay rent? Are my brothers going to move out when Jacob and I want babies? First, hi, my name is Maymay, and I haven't really talked a lot about this topic because I in no way expect you guys to understand. So first, who pays for our house? The answer is me and Jacob. The title is in our",1. News
7346960504490937642,"The video starts with a woman lying on a bed, wearing a white tank top. She is holding a phone and looking at it. The text on the screen reads, ""When you wanted you're engagement song so you could look at me ok."" The scene then transitions to a black and white photo of a car driving down a road, with the text ""JUST ME"" on the license plate. The video then shows a close-up of a woman's hand with a ring on it, followed by a man and a woman sitting in a convertible car, with the man holding the woman's hand. The video then shows a man and a woman on a sailboat, with the man",1. Entertainment & Shows
7203774185322188037,"The video features a man in a dark blue sweater and gray pants walking into a room with a wooden floor and a door. He is holding a piece of paper and appears to be in a hurry. The room has a sign that reads ""COMPUTERS & LESSONS"" on the wall. The man then sits down at a desk and starts typing on a computer. The video ends with the man still typing on the computer.",1. Entertainment & Shows
7324373228028300577,"The video is a humorous take on the challenges and realities of working in finance. It starts with a man walking down a street at night, with text overlays indicating the various things he needs to know before getting a job in finance. The video then transitions to a coffee shop, where the man is shown with a coffee cup, followed by a close-up of a coffee machine. The next scene shows the man in an office, working on a computer, with text overlays indicating the challenges of working in finance. The video then shows the man walking through a subway station, with text overlays indicating the challenges of working in finance. The video ends with the man walking down a street at night",1. News
7404376866108312865,"The video is a compilation of various scenes showing the aftermath of a tragic event in Kursk, Russia. It begins with a group of people gathered around a bus, possibly in distress or mourning. The scene then shifts to a man in a wheelchair being assisted by a police officer, indicating a sense of urgency or emergency. The narrative continues with a man in a denim jacket speaking to the camera, suggesting a personal account of the event. The video then transitions to a woman in a white shirt standing in front of a building, possibly providing further context or information about the incident. The final scene shows a woman in a patterned jacket standing in front of a building, possibly giving a statement or interview",Travel & Events
7379002112652660014,"The video features a person wearing a white shirt with a graphic design, standing in front of a window with blinds. The person is seen holding a necklace with the name ""RITANA"" written on it. The necklace is displayed on a white card with the text ""Fashion Jewelry"" and a logo. The person appears to be expressing gratitude towards someone named Sarah, as indicated by the text on the card. The video concludes with a close-up of the necklace on the card, emphasizing the name ""RITANA"".",1. News
7394618529569344811,"The video features a series of political events and speeches, starting with a woman in a light blue shirt standing in front of a microphone, with a backdrop featuring the American flag and the text ""DELEGATE."" The scene transitions to a man in a suit and tie, with the text ""President Biden phoned into the meeting."" The video then shows a woman in a black suit with a white shirt, speaking at a podium with the text ""Vice President Kamala Harris in her first political remarks this evening since President Joe Biden decided not to run for reelection and instead endorsed her."" The final scene shows a woman in a light blue shirt with the text ""Vice President Kamala Harris",2. Politics
7366286242406829345,A man in a gray hoodie is standing in an office and playing a DJ controller. He is wearing headphones and has a microphone in front of him. He is playing music and dancing.,"Music, Singing, & Dancing"
7325205573941710111,"The video begins with a person sitting in a room, wearing a black t-shirt with a graphic on it. The room is dimly lit, with a dresser and a mirror in the background. The person appears to be speaking, as indicated by their mouth movements and hand gestures. The text overlay on the video reads ""Reply to Lisa Mae's comment hanging around for the ghost hunting"" and ""30. Haid it reodding for a while but decided to delete it."" The person then stands up and walks towards the camera, still speaking. The text overlay changes to ""stay tuned"" and ""😂😂😂😂😂",Entertainment & Shows
7352304151897951521,"The video starts with a person standing in a living room, wearing a black shirt and red pants. The room has a large window, a chandelier, and a rug on the floor. The person is holding a pair of shoes and appears to be talking to the camera. The scene then transitions to a different room with a wooden floor and a wooden table. The person is now sitting on the floor, surrounded by shoes. The video ends with the person standing up and walking away from the camera.",Entertainment & Shows
7365063366907333921,"The video showcases a breathtaking view of a city skyline at sunset. The sky is painted with hues of pink, purple, and orange, creating a stunning backdrop for the city's illuminated buildings. The city's lights reflect off the water, adding to the beauty of the scene. The video captures the city's skyline from a distance, allowing viewers to appreciate the architectural details and the city's layout. The video also includes a voice-over that repeats the phrase ""I'm the way you are, I'm the way you are, I'm the way you are,"" which could be a part of a song or a motivational message.",1. News
7346235933882076448,"The video shows a man in a green hoodie and blue jeans using a blue mechanical device to work on a wooden post in a field. He is seen bending over and using the device to work on the post, which is surrounded by a dirt ground and some trees in the background.",1. Sports
7305148019727420718,"The video is a series of frames from a movie called ""Watcher"". The first frame shows a woman with long black hair, wearing a white turtleneck and a brown coat, standing in front of a movie poster. The poster features a woman with long blonde hair, wearing a red shirt, and the title ""Watcher"" is prominently displayed. The background of the poster is dark and rainy. The second frame shows a woman with short blonde hair, wearing a brown coat, standing in front of a movie poster. The poster features a woman with long blonde hair, wearing a red shirt, and the title ""Watcher"" is prominently displayed. The background of",8. Entertainment & Shows
7395252325104766216,"The video is a series of frames from a first-person shooter game, likely Counter-Strike, where the player is in a virtual environment resembling a war-torn city. The player is holding a sniper rifle and aiming at a target. The environment is a desolate urban setting with buildings and debris scattered around. The player's character is a cat with a green helmet and a sniper rifle. The cat's face is superimposed onto the player's character, giving the impression that the player is a cat. The cat's face is also superimposed onto the sniper rifle, making it appear as if the player is holding a sniper rifle with a cat's face",01
7354853011887312160,The video shows a group of people sitting at a table with pizza in front of them. One person is wearing a blue hoodie and is eating a slice of pizza. The other people are watching the person eating the pizza. The person eating the pizza is saying something about pineapple not belonging on pizza. The video ends with the person eating the pizza looking at the camera.,Entertainment & Shows
7355938811429260550,The video shows a person wearing headphones and reacting to a song. The person is eating chips and talking about how the song makes them feel. The video is a commentary on the song's lyrics and the person's reaction to them.,"3. Music, Singing, & D"
7363655590524226862,"The video features a person sitting at a desk with a computer and a keyboard in front of them. The person is wearing a dark shirt with the words ""LOVE HOPE CURVE"" written on it. The background is a blue and purple neon light. The person is talking about Discord, a messaging platform, and how it is still being used despite the issue of data privacy. The person mentions that Discord has changed its terms of service, making it difficult for users to sue the company in case of a class action lawsuit. The person also mentions that Discord has acknowledged the issue and is working on fixes, but they do not claim to be the reason for the taked",8. Entertainment & Shows
7337977691611696417,"The video shows a person driving a car, wearing a white sweater and a seatbelt. The person is making hand gestures and talking to the camera. The car is driving through a city street with buildings and other cars visible through the windows.",1. News
7335864619187146016,"The video is a series of maps and images that compare the population and geography of Wyoming and Colorado. It starts with a map of the United States highlighting the states of Wyoming and Colorado, with the text ""Why Wyoming Is 'Epiphy' And Colorado Is Not"" at the top. The video then shows a map of the Rocky Mountains, with the text ""Why so many people live in Colorado and not Wyoming"" at the bottom. It continues with a map of the Rocky Mountains, with the text ""Why so many people live in Colorado and not Wyoming"" at the bottom. It then shows a map of the Rocky Mountains, with the text ""Why so many people live in Colorado and not",1. News
7356565580603870497,"The video features a series of individuals in different settings, each engaged in a conversation. The first individual, dressed in a dark suit, is seated in front of a microphone, with a turquoise background. The text overlay reads, ""Upwell wyll caller asr's a psychothere aart's a psychothere aart's a psychothere aart's a psychothere aart's a psychothere aart's a psychothere aart's a psychothere aart's a psychothere aart's a psychothere aart's a psychothere aart's a psychothere aart's a psychothere aart's",1. News
7407322364309949728,"The video shows a group of people performing on stage. They are dressed in casual clothing and are dancing energetically. The stage is brightly lit with colorful lights, and the background features a large screen with a pink and blue design. The performers are moving in sync with each other, and the audience can be seen in the foreground, watching the performance. The video also includes a text overlay that reads ""I don't wanna die Before we love, we love, this feeling, babe Cause it's enough, enough, can't be this way Before we love, we love, this feeling, babe I love it, I like it, but I don't wanna die Ooh,","3. Music, Singing, & D"
7395058028594122014,"The video features a series of individuals in different settings, each with their own unique attire and expressions. The first person is wearing a suit and tie, while the second person is in a casual outfit. The third person is seen in a car, and the fourth person is in a store. The fifth person is in a swimming pool, and the sixth person is in a bedroom. The seventh person is in a gym, and the eighth person is in a swimming pool. The video concludes with a black screen displaying the text ""Jacksons.""",Politics
7357035995667107114,"The video shows a woman in a black shirt and blue jeans ordering a drink at a counter in a restaurant. She is seen drinking from a cup with a straw and then walking away from the counter. The video then shows the woman sitting at a table in the restaurant, holding a cup with a straw and a spoon, and talking to the camera. The video ends with the woman standing at the counter again, holding a cup with a straw and a spoon, and talking to the camera.",Entertainment & Shows
7322958700291853614,"The video is a compilation of various segments from a news broadcast, featuring different individuals and topics. The first segment shows a close-up of a person's face with the text ""What was Trump asked about?"" in bold red letters. The second segment features a man in a suit and tie speaking at a podium with the text ""FOX NEWS DEMOCRACY"" displayed on the screen. The third segment shows a man in a suit and tie speaking at a podium with the text ""FOX NEWS DEMOCRACY"" displayed on the screen. The fourth segment shows a man in a suit and tie speaking at a podium with the text ""FO",Politics
7333721172363922734,"The video shows a man in a blue shirt and khaki pants standing in front of a black Toyota car. He is wearing sunglasses and a blue jacket. The man is dancing and moving his arms around. The background shows other cars and a building. The text ""Toyota coulver"" is displayed at the top of the video.",1. News
7320342127790148907,"The video depicts a series of interactions between a police officer and a person in a blue uniform, likely a sergeant, in a room with blue lockers. The officer, identified as ""SILVERTHORNE COLORADO - FINAL AMENDMENT AUTOAMAGANET PRESS,"" is seen standing in front of the lockers, gesturing and speaking to the person in the blue uniform. The person in the blue uniform appears to be listening and responding to the officer. The video includes text overlays that suggest the officer is explaining something important, possibly related to the officer's rights or the situation at hand. The officer's demeanor is serious and authoritative,",News
7287998089279917345,"The video showcases a person walking on a sidewalk, wearing a dark jacket and a white shirt with the letters ""AC"" on it. The person is holding a smartphone and appears to be talking or explaining something. The background shows a park with trees and a path. The person then opens a laptop and starts browsing the Amazon website, specifically the Amazon Outlet section. The laptop screen displays various products, including a TV, a gaming console, and other electronics. The text on the screen indicates that the products are discounted by at least 25% due to Amazon's requirements for sellers to list in the outlet section. The person continues to browse the Amazon Outlet section, showing various products and their",1. News
7340766599860849926,"The video shows a man in a military uniform standing at a podium, speaking into a microphone. He is wearing a dark blue uniform with various medals and insignia on the left side of his chest. The background features a large sign with the words ""THE PENTAGON WASHINGTON"" and a building with a dome. The man appears to be giving a speech or statement, as indicated by the text overlay on the video. The video also includes a text overlay that reads ""Trick Ryder J.S.A. U.S. Air Force Brigadier General"" and ""Global News"" in the top right corner.",Politics
7324688586807201070,"The video shows a young woman sitting in a classroom, wearing a white sweater and a beige scarf. She is talking to the camera and appears to be explaining something. The background shows a window with blinds, a bulletin board with various papers and notes, and a shelf with books and other items. The text overlay on the video reads ""Special Ed teacher trying to figure out whether their student is crying."" The woman gestures with her hands as she talks, and the video seems to be a humorous take on a common situation in special education classrooms.",1. News
7195058735914519809,"The video shows a large building being demolished by a crane. The crane lifts the building, and it begins to collapse. The building is surrounded by smoke and dust, indicating that it is being demolished. The demolition is taking place in an urban area, with other buildings visible in the background. The video captures the demolition from different angles, including a close-up of the crane and a wider view of the demolition site. The video concludes with a view of the city from a high vantage point, showing the extent of the demolition and the surrounding buildings.",1. News
7360854136440540459,"The video depicts a series of interactions between two men in a dimly lit room. The man on the left, wearing a light gray shirt, is seen holding a door open and speaking to the man on the right, who is wearing a dark shirt with red accents. The text overlay on the screen reads ""CAN I HELP YOU?"" and ""WHAT'S THIS ABOUT?"" The man on the right responds with ""HUELL"" and ""HUELL? WHO'S HUELL?"" The scene then shifts to a close-up of the man on the right, who is holding a magazine titled ""RALPH LAUREN PAINT"" and appears to be reading it",1. Entertainment & Shows
7408631372044111135,"The video shows a person holding a cat with a bandage on its leg. The cat is lying on a white surface. The person is also holding another cat, which is orange. The person is wearing a tattoo on their hand. The video also shows a person holding a cat with a bandage on its leg. The cat is lying on a white surface. The person is also holding another cat, which is orange. The person is wearing a tattoo on their hand. The video also shows a person holding a cat with a bandage on its leg. The cat is lying on a white surface. The person is also holding another cat, which is orange. The person is wearing a tattoo on their hand.",Pets & Animals
7383460841204534534,"The video showcases a series of woodworking tasks, starting with a close-up of a wooden block with a small metal screw embedded in it. A green-handled tool is used to remove the screw, followed by a hand holding a chisel and a power tool to grind the wood. The final step involves using a hand saw to cut the wood, with sparks flying as the blade makes contact. The video emphasizes the precision and care involved in woodworking, from removing the screw to shaping the wood with a hand saw.",Science & Technology
7340748820130647326,"The video shows a group of people sitting at a table in an office setting. One person is holding a sandwich and another person is holding a phone. The video is titled ""How Panera Bread California's New $20 Minimum Wage Law."" The video also includes a text overlay that reads ""We're so excited to announce California's new $20 minimum wage for fast food restaurants. Um, quick question. Why is there a very specific exemption for fast food chains that have bakeries? We just felt like that's fair. And that would apply to Panera Bread, correct? I guess it would. Well, one of Gavin Newsom's longtime donors, Glenn Flynn,",1. News
7289539647825382698,"The video features a person in a kitchen, wearing a peach-colored shirt and dark shorts, dancing energetically. The person is surrounded by various kitchen items, including a stove and a refrigerator. The text overlay on the video reads, ""Me, with 0% Palestinian blowdown, withstanding the 10 pesetas of Palestine."" The person's movements are animated, and they appear to be enjoying themselves.",1. News
7390878944012045598,"The video is a series of clips from a game called ""Roblox,"" where players compete in a fashion challenge. The first clip shows a player in a green outfit with a camouflage pattern, standing in a room with a window in the background. The player is wearing a mask with a skull design and is surrounded by other players. The text ""Starting in..."" appears at the top of the screen, indicating the start of the challenge.

The second clip shows a player in a black outfit with a crown on their head, standing in a room with a window in the background. The text ""PUPFER"" appears at the top of the screen, indicating the player's name. The",9. Entertainment & Shows
7390133152670420266,"The video features a person standing in a room with a wooden dresser and various items on it. The person is wearing a black shirt with a graphic design and has long hair. They are also wearing a necklace and hoop earrings. The lighting in the room is dim, and there is a red laser light projected onto the person's forehead. The person appears to be speaking or singing, as indicated by the audio in the caption.",1. News
7373916497896377617,"The video begins with a close-up of a slice of a chocolate cake, which is placed on a white plate with a floral pattern. The cake is topped with a layer of creamy frosting and is surrounded by a border of gingerbread cookies. The scene transitions to a close-up of a bowl filled with a brown mixture, which is being stirred with a whisk. The mixture is then poured into a bowl of whipped cream, which is being stirred with a spoon. The video continues with a close-up of a hand holding a spoon, which is being used to spread the whipped cream onto the cake. The cake is then covered with a layer of chocolate frosting, and the video concludes",7. Food
7303250453079280927,"The video is a promotional video for an airline pass that allows you to travel to four destinations: Tahiti, Paris, Auckland, and Tokyo. The pass costs $1,525 and can be purchased through the website. The video also includes a disclaimer that the pass is only available for purchase through the website and that there are only 250 passes available. The video encourages viewers to act quickly if they want to purchase the pass.",Travel & Events
7330776298576514347,"The video features two individuals sitting at a table with a large, colorful, and interactive game board in front of them. The game board has various sections with different colored backgrounds and text. The individuals are holding cards with words on them, and they are using a spinner to determine which word to choose. The words on the cards include ""Eyes,"" ""Invention of the telephone,"" ""The Beatles,"" and ""The Eagles."" The individuals are engaged in a playful and interactive activity, possibly a game or challenge, as they try to determine which word is correct.",Entertainment & Shows
7386716685945900320,"The video shows a man in a suit and tie standing in front of a crowd of people. He is holding a camera and appears to be taking a photo or video of the crowd. The crowd is seated in green chairs and appears to be watching something. The man in the suit is then seen walking away from the crowd, and the crowd continues to watch him.",Sports
7390820226562084139,"The video shows a group of anthropomorphic animal characters, including a bear, a dog, and a cat, standing in the rain. The bear is holding a purple umbrella, and the dog is holding a yellow umbrella. The cat is wearing a yellow dress and has a yellow umbrella. The bear is talking to the dog and the cat, and the dog and cat are listening to the bear. The bear is saying something to the dog and the cat, and the dog and cat are looking at the bear. The bear is saying something to the dog and the cat, and the dog and cat are looking at the bear. The bear is saying something to the dog and the cat, and the dog",Film & Animation
7361435694725696810,"The video is a series of clips from a live concert, with the performer addressing the audience. The performer is wearing a blue and pink outfit and is standing on stage, surrounded by a crowd. The audience is engaged, with some people taking photos or clips. The performer is speaking to the audience, addressing their concerns and expressing gratitude. The performer also mentions that they have been told to be a friend to everyone who comes alone to the show, and that they have been told to be a friend to everyone who comes alone to the show. The performer also mentions that they have been told to be a friend to everyone who comes alone to the show, and that they have been told to be a friend","3. Music, Singing, & D"
7317028968568343850,"The video is a series of humorous and relatable tips for improving one's ability to talk to girls. It starts with a person using a drill to cut a piece of wood, with the text ""how do I talk to girls I'm shy?"" displayed at the top. The person then uses a green tool to cut a piece of wood, with the text ""if you wanna"" displayed at the top. The person then uses a wooden block to cut a piece of wood, with the text ""that when you"" displayed at the top. The person then uses a metal tool to cut a piece of wood, with the text ""that when you"" displayed at the top. The person then uses",1. News
7393735339996712225,"The video features a person wearing a white and blue striped shirt with a blue collar, standing in front of a door. The person is holding a phone and appears to be speaking, as indicated by their hand gestures and facial expressions. The background is a plain wall with a door visible. The person is seen making various hand gestures, including pointing and holding their hand up to their face, which suggests they are explaining or discussing something. The video also includes text overlays in Spanish, which appear to be part of the person's speech. The text reads ""QUAND ON A11 DE VUE LE \""M\"" VENTE E \""MILLION\"" MAISQUAND ON A",1. News
7286953369133174062,"The video shows a man in a yellow jacket and black pants standing on a street with a large black and white parachute attached to him. He is holding onto the parachute and preparing to take off. The background features a road, trees, and mountains. The man begins to lift off the ground, but instead of flying, he floats in midair. He then starts to pump his parachute like a bird, trying to gain more lift. However, the video appears to be in reverse, showing the man floating in midair and then starting to descend.",Sports
7210197949433892142,"The video showcases a picturesque beach scene with a clear blue sky and the ocean in the background. The beach is crowded with people relaxing on beach chairs and lounging on the sand. The video is overlaid with text in Italian, which appears to be a list of recommendations for a favorite beach in Capri. The text includes descriptions of the beach, such as ""La Fontelina - ico & ricci, a place to see and be seen, Great peach Bellinis,"" and ""Torre Sarcaen - riattantissima, the beach is reasonable, food is delish, Bagni Internazionale Clivio umbrellas are a joy",Favorite beach in Capri
7317451980497046826,"The video is a compilation of morbid facts about the Church of Scientology. It features a series of images of people, including a man in a suit, a woman in a blue dress, and a man in a suit and tie. The text overlays provide information about the deaths and disappearances of Scientology members, as well as the criticism of the church's practices. The video also includes a quote from Scientology leader David Miscavige's wife, who has not been seen since 2007. The video is presented in a collage format, with each image and text overlay appearing in a separate frame.",1. News
7346304747646848288,"A group of people are shopping in a grocery store. They are looking at the shelves, which are mostly empty. One person is holding a box of cookies. The video shows a man in a blue jacket and red hoodie standing in front of an empty shelf.",Entertainment & Shows
7357381570371603717,"The video shows a group of people dancing in a room. One person is wearing a white shirt and brown boots, while another is wearing a black and white patterned dress. The person in the white shirt is dancing with the person in the black and white dress. The person in the white shirt is also dancing with another person wearing a brown jacket. The person in the white shirt is dancing with a person wearing a white shirt and brown boots. The person in the white shirt is dancing with a person wearing a black and white patterned dress. The person in the white shirt is dancing with a person wearing a white shirt and brown boots. The person in the white shirt is dancing with a person wearing a white",1. News
7319635608945675528,"The video shows a person performing a dance routine on a stage. The person is wearing a white shirt with a cat design, black and white striped pants, and red shoes. The stage is lit with purple lights, and there are other people in the background, some sitting and some standing. The person is moving their arms and legs in a coordinated manner, and at one point, they are seen jumping in the air.",3
7288048371019926814,"The video shows a woman standing outside in a cold environment, wearing a white shirt and a necklace. She is holding a thermometer and appears to be measuring the temperature. The background is a wooden structure with a white wall. The woman is wearing a ring on her finger.",1. News
7302492057975688490,The video features a person wearing a tie-dye tank top with a watermelon pattern. The person is standing in front of a white wall with a ceiling fan. The person is wearing a pair of glasses on their head. The person is also wearing a necklace with a watermelon pendant. The person is holding a watermelon slice in their hand. The person is also wearing a ring on their finger. The person is standing in front of a window with blinds. The person is also wearing a necklace with a watermelon pendant. The person is holding a watermelon slice in their hand. The person is also wearing a ring on their finger. The person is standing in front of a window with blinds,1. News
7289320054347468078,"The video features a person sitting at a desk, typing on a laptop. The background includes a painting with a sunset scene. The person is wearing a dark shirt and has their hands on the keyboard. The video is a commentary on the political situation in the United States, specifically the debate over who should be the Speaker of the House of Representatives. The person is discussing the potential for Republicans to work with Democrats to elect a Speaker of the House, but acknowledges that this is unlikely due to the current political landscape. The video ends with a humorous prediction about the reaction of right-wing media figures if the Speaker of the House is elected with Democratic votes.",Entertainment & Shows
7346011922946510126,"The video features a person wearing a brown hoodie and a backpack, standing outdoors with trees and a street sign in the background. The person is seen speaking and gesturing with their hands. The video includes text overlays that provide context and information about the person's political views and the election. The text mentions that RFK Jr. is considering Aaron Rodgers as his vice presidential running mate, and that Rodgers has no governing experience. The video also includes a screenshot of a CNN article about RFK Jr. and his potential vice presidential running mate, Aaron Rodgers. The video concludes with a screenshot of a CNN article about RFK Jr. and his potential vice presidential running mate, Aaron Rod",Politics
7366304208150121774,"The video features a series of individuals making heart shapes with their hands in front of their faces. Each person is wearing a different outfit and has a different hairstyle. The video is set in a room with various decorations, including a cactus plant, a framed picture, and a chandelier. The text overlays the video with the names of the individuals and the year they were born.",Entertainment & Shows
7360733570232552710,"The video features a person standing outdoors, holding a large, black, decorative clock with the word ""КУРАЕНИЯ"" (Ukraine) written on it. The clock has Roman numerals and is adorned with gold accents. The person is dressed in a black shirt and light blue jeans. The background is a park with trees and a paved path. The video includes text overlays in Russian, providing contact information and a phone number. The person appears to be showcasing the clock, possibly for sale or as a decorative piece.","1. Music, Singing, & D"
7369576124948548897,"The video shows a dog wearing a red shirt with a logo on it. The dog is standing in a grassy field and appears to be barking or growling. The text in the video is in Russian and appears to be a translation of the dog's actions. The dog's actions are described as ""подвигаться"" (to dive), ""забыть туда моими подружками"" (to forget my friends), and ""подружками"" (friends). The dog's actions are also described as ""подружками"" (friends)",7. Pets & Animals
7393839173922327841,"A map of the United States is shown with a blue and red color scheme. The blue color represents the states that voted for Joe Biden, while the red color represents the states that voted for Donald Trump. The map also shows the number of votes each candidate received in each state.",Politics
7388205937036725537,"The video shows a person wearing a blue and white jacket with the word ""Supacell"" on it. The person is sitting in a car and appears to be trying to activate their Supacell power. The person is holding a phone and looking at it, possibly trying to figure out how to activate the power. The background of the video is a car interior, with a steering wheel and other car features visible. The person is wearing a seatbelt and appears to be focused on the task at hand.",1. News
7362611852360174881,"The video begins with a black screen displaying the text ""4TO ЛОБОВЬ БЫЛА ПЕРЕСТРЕЛКИ ДУШ"" in white, pixelated font. The scene then transitions to a dark, nighttime setting with a cityscape in the background. The text ""НЕ БУДЕТ ПОДПИСАТЬСЯ В ПОДПИС�",1. News
7368846954471640362,"The video features a person with long red hair wearing a black sweatshirt with green text. The person is standing in a kitchen with white cabinets and a refrigerator in the background. The person is speaking and gesturing with their hands, and the video includes text overlays that discuss the importance of solidarity and the intersection of activism with class and race. The video also includes a quote from Dylan Mulvaney, who is criticized for not understanding the intersectionality of activism among oppressed people. The video ends with a call to action for viewers to stop following influencers who prioritize money over activism.",1. News
7108772250320473349,"The video showcases various activities and attractions in the Greek island of Paros. It begins with a person standing in front of a scenic view of the island, with the text ""Paros 5 out of the box activities!"" displayed at the top. The person is wearing a red and white striped shirt and appears to be speaking. The video then transitions to a series of images, each accompanied by a text description of an activity. The first image shows a person with the text ""Have a meal in the traditional village of Lefkest. From Lefkest you can make a 3.5 kilometer hike on the old Byzantine road which leads to the even more traditional village of Prodromos",Travel & Events
7349908267742743854,"The video features a person wearing a red shirt with a black design, speaking into a microphone. The background is a room with shelves containing various items, including what appears to be a framed picture. The person is discussing the legal implications of Donald Trump's actions, specifically his claim of immunity. The video includes text overlays that provide context and quotes from legal scholars and other sources. The person in the video is seen gesturing with their hands while speaking, indicating a dynamic and engaging discussion.",Politics
7273897683918621994,"The video begins with a group of football players in yellow and black uniforms, with one player wearing a helmet with the name ""McCarthy"" on it. The players are standing in a stadium, with a crowd of spectators in the background. The scene then transitions to a close-up of a player in a white and yellow uniform, holding a football. The player is then seen running on the field, with other players in red and white uniforms in the background. The video then shows a player in a white and yellow uniform catching a football, with a crowd of spectators in the background. The final scene shows a player in a white and yellow uniform running on the field, with other players in",Sports
7374631394108181806,"The video shows a young woman standing in a bedroom, talking about her life. She mentions that her husband was brought to the USA when she was a baby, and he became a DREAMER at age 19. She got married in 2017, and her daughter was born in 2020. She left the USA for her husband's job in Mexico, but she has been living in the USA since 2018. She has been traveling to Mexico every 4-6 weeks since 2018. The video also shows a picture of a bed with a woman standing next to it.",1. News
7285324334934035745,"The video shows a man in a gym, wearing a black shirt, bending over a machine. He is surrounded by people, some of whom are watching him. The man is then seen standing up and walking away from the machine. The video ends with the man walking out of the gym.",1. News
7374137745364602155,"The video features a woman in a pink jacket and a man in a black shirt inside a car. The woman is speaking, and the man is listening attentively. The text overlay on the video reads ""Mom - Date someone who wants you... Not my type."" This suggests that the woman is giving advice to the man about dating someone who is interested in him. The video does not show any other significant details or actions.",1. News
7345205332383108394,"The video shows a series of scenes from Haiti, with text overlays indicating various events and situations. It begins with a view of the Earth from space, with the text ""MARINES DEPLOYED"" indicating the deployment of U.S. Marines to Haiti. The scene then shifts to a view of Haiti's capital, with the text ""HATI'S CAPITAL"" indicating the location. The next scene shows a crowded street with people carrying large loads on their heads, with the text ""HAS RULED OUT"" indicating a decision not to use troops to restore order. The scene then shifts to a view of a large number of tents, with the text """,1. News
7335427690708651272,"The video features a person wearing a white sweater with black trim and blue jeans, standing on a city street. The person is holding a microphone and appears to be speaking to the camera. The background shows a busy street with people walking by. The person is also wearing a necklace and has short hair. The video includes text overlays that read ""think makes,"" ""nowhere,"" ""people,"" and ""I'm older, I'm."" The person seems to be discussing the concept of personal bubble and social environment in Korea.",1. News
7366011789085035809,"The video shows two men standing on a stage at a conference. One man is wearing a suit and tie, while the other is wearing a suit and tie with a pink tie. They are standing in front of a podium with the letters ""CDU"" on it. The man on the left is holding a cane and appears to be speaking into a microphone. The man on the right is standing next to him and appears to be listening. The background of the stage is blue with white dots. The man on the left is gesturing with his hands while he speaks.",Politics
7383627859803393313,"The video features a man in a white polo shirt sitting at a desk in an office setting. The man is speaking and gesturing with his hands. The background shows a computer monitor and some papers on the desk. The text in the video is in yellow and appears to be in Spanish. The text changes throughout the video, indicating different points or statements being made by the man.",Politics
7362157037511396613,"A woman is unpacking a large box of beauty products from a shipping container in a living room. She is wearing a black shirt and has long hair. The box is filled with various beauty products, including skincare items and hair care products. The woman is excited to receive the products and is looking forward to using them. She is also excited to receive a free product from the shipping company. The video ends with the woman holding up a product from the box, showing it to the camera.",Beauty Care
7346042702347406638,"The video is a series of scenes showing a person interacting with various people in different settings. The person is seen sitting on a rooftop in a city with red-tiled roofs, then at an airport, in a forest, on a swing, and in a room. The person is also seen in a car, on a bus, and in a store. The person is interacting with different people, including a girl who is referred to as ""Anya"" in the video. The person is also seen getting a haircut and trying on clothes. The video ends with the person looking at a book on Audible.",Travel & Events
7362203819721166123,"The video shows a group of people protesting in front of a building, holding signs and chanting slogans. The signs read ""Pro-Palestinian protests spread to even more college campuses"" and ""We love the students of Harvard University."" The protesters are dressed in casual clothing and are holding up their signs and chanting slogans. The video also shows a group of children holding signs and chanting slogans, with one sign reading ""We love the students of Harvard University."" The children are dressed in casual clothing and are holding up their signs and chanting slogans. The video also shows a group of people protesting in front of a building, holding signs and chanting slogans. The signs read ""Pro-Palestinian protests spread",1. News
7389277272009690401,"The video begins with a boat named ""Hurricane"" navigating through icy waters, indicating a significant change in the environment since the election. The boat is seen moving through the water, with the sky appearing overcast. The text overlay reads ""FIRST MIGRANTS SINCE ELECTION,"" suggesting a shift in migration patterns or policies.

As the video progresses, the boat continues its journey, with the text overlay changing to ""A Border Force vessel arrived in Dover,"" indicating a new development in the area. The boat is seen approaching a dock, with the text overlay reading ""New home secretary, Vettere Cooper, is currently the Border Security Command,"" suggesting a change in",1. News
7315533802409839914,"The video features a person with long blonde hair, wearing a dark jacket, standing in a room with a plant in the background. The person is seen gesturing with their hands while speaking, and the text overlays the video with various statements. The first statement reads, ""Bill Maher a well-known Islamophobe,"" followed by, ""and the suffocating occupation."" The next statement is, ""and that is something that Hamas continuously condemns and calls Israel out for as."" The person continues to speak, and the text changes to, ""why would he disrupt his Islamophobic rhetoric with the truth?"" The person then says, ""I don't know much about the mass migration of",Politics
7355525427160452385,"The video features a woman performing on stage, wearing a black outfit and a hat, with the text ""When Beyoncé points at you in the crowd"" displayed at the top of the screen. The woman is singing into a microphone, and the background shows a large crowd of people taking photos and videos. The video also includes a text overlay that reads ""What you say? She ain't no diva She ain't no diva She ain't no diva.""","3. Music, Singing, & D"
7368383778034601249,"The video shows a computer screen with a 3D model of a room. The room has a desk, a chair, and a trash can. The desk has a computer on it. The trash can is labeled ""Recycle Bin."" The computer screen is showing a 3D model of a room. The room has a desk, a chair, and a trash can. The desk has a computer on it. The trash can is labeled ""Recycle Bin."" The computer screen is showing a 3D model of a room. The room has a desk, a chair, and a trash can. The desk has a computer on it. The trash can is labeled ""Recycle Bin.""",1. News
7386720277557742880,"The video showcases a gymnastics competition where a gymnast is performing a routine on the uneven bars. The gymnast, wearing a blue and yellow leotard, is seen executing a series of flips and swings on the bars. The background features a large audience seated in bleachers, with banners and advertisements visible. The gymnast's movements are fluid and precise, demonstrating her skill and control. The video captures the intensity and focus of the gymnast as she performs her routine, with the audience watching intently.",Sports
7297944147648924961,"The video showcases the process of making Slow Cooker French Onion Soup. It begins with a close-up of a white ceramic pot filled with sliced onions being poured into it. The text ""10 Onions Or 1/2 lb"" appears, indicating the amount of onions used. The onions are then seasoned with salt and garlic powder, and a bottle of oil is poured in. The mixture is cooked on high for 8-10 hours, resulting in a rich, brown soup. The next step is to add beef stock, followed by grating cheese over the soup. Finally, the soup is served in a black bowl with a slice of bread on top. The video concludes",17. Food
7400109280008867114,"The video features a person wearing a white t-shirt with red and blue text that reads ""HARRIS FOR PRESIDENT"" and a gold necklace. The person is sitting on a bed in a room with a white wall and a lamp in the background. The person is speaking and gesturing with their hands, and the text ""DEMOCRATS MUST CHECK/VOTER REGISTRATION STATUS"" appears at the top of the screen in blue and red. The person is also wearing a gold chain necklace. The video ends with the person continuing to speak and gesture, and the text ""All hotties for Harris"" appears at the bottom of the",Politics
7331415226442730757,"The video captures a lively and energetic performance by a group of individuals on a stage. The stage is adorned with vibrant lighting and a large screen displaying the text ""바람에 있는 이벤트"" (Event with the wind). The performers are dressed in colorful and eclectic outfits, adding to the vibrant atmosphere. They are seen dancing and moving energetically, with one individual in a red jacket and hat leading the group. The crowd in the background is visible, adding to the sense of a live event. The video also includes text overlays in Korean, which provide context to the performance, such as ""�","Music, Singing, & Dancing"
7307346522234998049,"The video features a woman sitting on a couch, wearing a dark-colored top. She is speaking to the camera, and the text overlay on the screen reads, ""me when someone asks why I love to watch The Kardashians."" The woman appears to be in a casual setting, possibly a living room, and is engaged in a conversation about her love for the reality TV show ""The Kardashians."" The video does not contain any additional visual or audio information, such as music or other people, and the woman's facial expressions and body language suggest she is speaking directly to the camera.",8. Entertainment & Shows
7362216509206236449,"The video showcases a person's shopping trip, starting with them holding a package of ""Spa Moments"" bath bombs. They then move to a shelf stocked with various items, including snacks and snacks, and a bottle of ""Bullseye"" sauce. The person continues shopping, picking up items like a bottle of ""Bullseye"" sauce, a box of ""Mercan"" chocolate, and a bottle of ""Bullseye"" sauce. They then move to a shelf stocked with snacks and snacks, and pick up a box of ""Mercan"" chocolate. The video ends with the person holding a bottle of ""Bullseye"" sauce and a box",1. News
7396760829498002720,"A young woman with long blonde hair is standing in front of a bookshelf filled with books. She is wearing a white tank top and has her hair down. She is talking to the camera and gesturing with her hands. The text on the screen reads ""warum ich meine Bücher, die ich schon gelesen habe, nicht einfach verleihe oder verkaufe, weil ich habe sie ja schon gelesen, dann brauche ich sie ja nicht mehr."" This translates to ""why I don't just give away or sell my books, since I have already read them, I don't",Entertainment & Shows
7343145915886193926,"The video shows a man and a woman standing on a cobblestone street at night. The man is wearing a red jacket and blue jeans, while the woman is dressed in a black leather jacket and brown pants. They are engaged in a conversation, with the man holding a microphone and the woman holding a small object. The background features a building with a sign that reads ""ПОЛИТИКА"" (Politics). The scene then transitions to a wider shot, showing the man and woman standing in front of a crowd of people. The man is holding a microphone and the woman is holding a small object. The background features a building with",Entertainment & Shows
7368596585594359083,"The video is a news report about the German far-right party, Alternative for Germany (AfD), and its recent legal challenges. It begins with a man in a studio, speaking into a microphone, with the text ""INTERNATIONAL"" displayed at the top. The scene transitions to a large crowd in a public square, with the text ""JUST HAPPENED"" at the top. The video then shows a sign with the text ""ANTI-IMMIGRATION"" and a German flag, with the text ""ANTI-IMMIGRATION"" at the top.

The next scene shows a man in a studio, with the text ""ANTI",Politics
7395305751469772075,"The video shows a woman sitting in the driver's seat of a car, wearing a purple top and a necklace. She has long, wavy hair and is looking at the camera. The background is a car interior with a window showing the outside. The woman is talking about selling her vote and asking for offers on social media.",1. News
7278695690522348843,"The video features a person wearing a green hoodie with a graphic on it, sitting in an airplane. The person is speaking and gesturing with their hands. The background shows the interior of the airplane, with seats and overhead compartments visible. The person is also wearing a ring on their left hand. The video includes text overlays with emojis and a search bar, which suggests that the video is part of a larger video series or channel. The text overlays include a question about why people are mad at Mr. Beast for flying economy, and a statement about Mr. Beast's net worth. The video also includes a screenshot of a YouTube page with a video titled ""Mr.",1. Entertainment & Shows
7344030729531067680,"The video features a man in a suit and tie, holding a microphone, interviewing another man in a suit and tie. The background shows a building with a sign that reads ""Höppart30"". The man being interviewed is holding a microphone with a logo on it. The text on the screen reads ""Fabian Köstrum nimmt Politiker HopPart30"" and ""Fabian Köstrum nimmt Politiker HopPart30"". The man being interviewed is also holding a microphone with a logo on it. The text on the screen reads ""Fabian Köstrum nimmt Politiker HopPart30"" and """,Politics
7395616033127648554,The video shows a woman in a black outfit standing in a room. She is holding a pair of pants and talking to the camera. The room has a bed and a mirror. The woman is wearing a black shirt and black pants. She is talking about her belly fat and how it was stubborn. She is also talking about her belly fat being stubborn.,1. News
7347525697591725355,A young man wearing a green shirt stands in front of a bush with red flowers. He is talking about how Zionism is sold to non-Israeli Jews.,Politics
7376404436505136416,"The video is a humorous take on a traffic warden's interactions with a woman named Ms. Jocelyn. The warden, wearing a uniform and a hat with the word ""Traffic Warden"" on it, is seen giving tickets to the woman, who is seen in various scenes, including in a car, on the street, and in a police station. The warden is seen talking to the woman, who is seen arguing with the warden, and the warden is seen writing tickets and talking to the woman. The video ends with the warden explaining the reason for the ticket to the woman, who is seen driving away.",Travel & Events
7341059462687509803,"The video shows a series of images depicting various events involving Kate Middleton and Camilla Parker. The first image shows a woman in a red dress with a crown on her head, standing in front of a group of people. The second image shows a group of people walking in a park. The third image shows a woman in a black dress with a crown on her head, standing in front of a group of people. The fourth image shows a woman in a blue dress with a crown on her head, standing in front of a group of people. The fifth image shows a woman in a white dress with a crown on her head, standing in front of a group of people. The sixth image shows",1. News
7357877605581802795,"The video is a series of clips from a video game, specifically from the game ""Roblox"". The game is set in a virtual world where players can interact with each other and explore different environments. In the first clip, a player is seen walking through a dark tunnel with a flashlight. The player is accompanied by another character, and they are both moving towards a door. The player then opens the door and enters a room.

In the second clip, the player is seen standing in a room with a pool of water. The player is holding a flashlight and looking around the room. The player then moves towards a door and opens it, revealing a hallway.

In the",9. Gaming
7348220196772990254,"The video depicts a person in a blue shirt and a black cap, with a background showing a hotel room and a computer screen. The person is talking about the censorship in China, mentioning that they can't access Google, Facebook, Instagram, TikTok, and other social media platforms. They also mention that they can't access news websites like the New York Times and Washington Post, and that even the Wall Street Journal is blocked. The person discusses the difficulty of accessing VPNs in China and mentions that most VPNs do not work. They also mention that there is relative freedom in China, such as clean subway systems and well-stocked supermarkets, but also mention that law enforcement is everywhere.",1. News
7323547689201765664,"The video features a person in a garage, wearing a black shirt with a white design and a black cap. The person is pointing to the camera and speaking, with the text ""5 Cars from Country Italian Edition"" displayed at the top of the screen. The person is seen pointing to different cars in the garage, with the first car being a red sports car, the second a green sports car, and the third a black sports car. The person then points to a red sports car on a road, followed by a black sports car on a road, and finally a black sports car on a road. The person continues to speak, with the text ""I'm an Italian car fan"" displayed at",Comedy
7388973620116180257,"The video shows a man in a suit and tie standing at a podium, speaking into a microphone. The background is a plain, light-colored wall. The text on the screen reads ""Jordan Bordeau: Je serai là, pour vous, avec vous, jusqu'à la victoire."" This is followed by ""Vincennes, 7 juillet 2024"" in smaller text. The man appears to be giving a speech or making a statement. The video then transitions to a crowd of people, some of whom are holding flags, and the text on the screen reads ""Jordan Bordeau: Je serai l",Politics
7392691382218935583,"The video begins with a group of people standing in a room, all wearing white t-shirts with black designs. They are gathered around a table, and one person is holding a black object. The scene then transitions to an outdoor setting where two people are standing in front of a building. The next scene shows a person sitting in a car, followed by a group of people sitting in a room. The final scene features a group of people playing ping pong in a room. The video also includes a series of images with text, such as ""Блонды и брюнетки Мне не важно нашла вст",1. Sports
7323689375043243269,"The video features a white cat standing on a blue couch in a well-lit room with wooden flooring and a chandelier. The cat is holding a piece of food in its mouth and appears to be looking at the camera. The text on the screen reads ""Вам покачиваю кабардинокой и убиомору"" (You are annoying me with your cat and I am killing you), suggesting that the cat is annoyed by the person filming it. The cat's expression changes from neutral to slightly annoyed as the video progresses.",Friends
7383363724628725024,"The video shows a group of people walking down a runway in a large, industrial-style room. The people are dressed in various outfits, including some wearing black leather jackets and others in black and white clothing. The audience is seated on either side of the runway, watching the models as they walk by.",1. Entertainment & Shows
7339981163756490030,"The video shows a person's hands with long, bright pink nails, which are being painted with a bright pink polish. The person is using a nail art brush to paint the nails. The video also shows a nail dryer in the background.",Beauty Care
7318033407785569569,"The video showcases a man standing next to a red Mercedes-Benz car in a parking lot. The man is wearing a light blue shirt and dark pants. The car has a sleek design with a prominent front grille and black rims. The background features a concrete parking structure and a few other cars. The man appears to be explaining something about the car, gesturing with his hands. The video also includes text overlays that provide information about the car's history and the company Brabus.",13. Entertainment & Shows
7361467847190760750,"The video features a person sitting in front of a wall covered with various posters and decorations. The person is wearing a gray hoodie and is speaking to the camera. The text overlay on the video reads, ""I'm not afraid to admit that I'm not afraid to admit that I'm not afraid to admit that I'm not afraid to admit that I'm not afraid to admit that I'm not afraid to admit that I'm not afraid to admit that I'm not afraid to admit that I'm not afraid to admit that I'm not afraid to admit that I'm not afraid to admit that I'm not afraid to admit that I'm not afraid to admit that I'm not afraid to admit that",Entertainment & Shows
7323131799310306590,"The video is a series of interviews with Jeff Bezos, the founder and CEO of Amazon.com, conducted in 2000. The video begins with Bezos being interviewed in a room with a blue wall and a window. The interviewer, wearing a blue shirt, is seen holding a microphone. The text on the screen reads ""Jeff Bezos interview on Amazon in 2000"" and ""2000 Jeff Bezos."" The interviewer asks Bezos about his early days and his vision for Amazon. Bezos talks about his early days and his vision for Amazon. The interviewer asks Bezos about his family and his",Entertainment & Shows
7353311795374738721,"The video features a person sitting on the floor, wearing a gray hoodie and black pants, with their legs crossed. They are surrounded by a room with a brick wall and a curtain with a yellow pattern. The person is holding a phone and appears to be in a state of contemplation or frustration, as indicated by the text overlay. The text reads: ""Pov: t'es en même temps, tu n'as vu suit sans avoir suivi, car, tu n'as vu suit sans avoir suivi, car, tu n'as vu suit sans avoir suivi, car, tu n'as",1. News
7329621030023089440,"The video shows a group of people in a room, with one person wearing a white hoodie and another wearing a black top. They are standing close together, and the person in the white hoodie has their arm around the person in the black top. The background is a room with a white wall and a window. The person in the white hoodie is wearing a black bag over their shoulder.",1. Entertainment & Shows
7261278269884992795,The video shows a group of people dancing on a stage with bright lights. There is a woman in a white dress dancing with a man in a black shirt. The stage is lit with red and blue lights.,Entertainment & Shows
7397527101143878954,"The video depicts a heated exchange between a senator and a man in a suit, likely a government official, during a congressional hearing. The senator is questioning the number of agents assigned to protect the sitting president, while the official is refusing to answer the question directly. The video is timestamped ""July 30, 2024"" and has a view count of ""5.7M"". The official is seen speaking into a microphone, while the senator is seated at a table with a nameplate that reads ""RONALD REAGAN"". The atmosphere appears tense, with the official appearing to be in control of the situation. The video does not provide any additional context or information about",Politics
7353267784886897952,"The video shows two young men sitting at a counter in a room. One of them is wearing a yellow jacket, while the other is wearing a white hoodie with black text on it. They are engaged in a conversation, with the man in the yellow jacket gesturing with his hands as he speaks. The man in the hoodie listens attentively, occasionally nodding his head. The background features a beige wall and a black door. The video ends with the man in the hoodie looking at the man in the yellow jacket, who is now leaning back in his chair.",Entertainment & Shows
7351137146004114693,"The video captures a series of intense moments from a soccer match between two teams, one in blue and the other in yellow. The blue team, wearing blue jerseys and shorts, is seen in possession of the ball, attempting to maneuver past the yellow team's defenders. The yellow team, in yellow jerseys and shorts, is actively defending, trying to intercept the ball and regain control. The action is fast-paced, with players from both teams moving swiftly across the field. The crowd in the background adds to the atmosphere of the match. The video concludes with a close-up of a player in a blue jersey, who appears to be in pain or discomfort, possibly due to",5. Sports
7312903813122280746,The video shows a group of farmers protesting against the draconian regulations against ethm. Now they are literally spraying cow shit at government officials.,1. News
7357063093962214689,"The video features a person wearing a black jacket with white zippers and a pearl necklace. They are standing in front of a window with blinds and a white wall in the background. The person is speaking German, as indicated by the text on the screen. The text reads ""wie ich in die Deutsche abprüfung reiß gehe am,"" which translates to ""how I do the German test in the German."" The person appears to be explaining or demonstrating something related to the German test.",1. News
7374800691677629729,"The video features a person standing in front of a large orange truck with the text ""How do you step 4 hours and ovvk15 hours"" displayed at the top. The person is wearing a black shirt and has a microphone in front of them. The background is a road with trees and a clear sky. The person appears to be speaking or singing, and the video ends with the person still in front of the truck.",1. News
7350964297381498154,"The video shows a person rummaging through a pile of trash bins in front of a house. The trash bins are black and blue, and they are lined up in a row. The person is looking through the bins, searching for something. The video also shows a close-up of a black trash bin with a white label on it. Inside the bin, there is a box with a white label on it. The box is filled with various items, including a pink and white box with a floral design, a white box with a floral design, and a black box with a white label on it. The video also shows a close-up of a blue trash bin with a white label on",1. News
7405044080729787678,"The video shows a woman in a blue suit standing at a podium, reading from a book. The background is a blue and white striped pattern with stars. The text on the screen reads ""DNC speaker briggugat at copy of Proj:2025"" and ""Mallory McMorrow, Michigan State Senator."" The woman is speaking into a microphone, and the text at the bottom of the screen reads ""THIS"" and ""MUCH."" The video also includes a screenshot of a website with the text ""Read it here: https://www.project2025.org/.""",Politics
7337416931965685034,"The video features a man standing in front of a tree, wearing a plaid shirt. He is talking about the carbon footprint of Umatilla Electric Cooperative, which has doubled its emissions between 2018 and 2020. The man explains that the increase is due to Amazon building data centers in Boardman and Hermiston. He also mentions that Amazon plans to build more data centers in eastern Oregon in the coming years. The video ends with a website link for the Oregonian's website, oregonlive.com slash business.",Science & Technology
7283933352267337002,"The video features a woman in a white shirt with a colorful design, wearing a black headwrap. She is sitting on a couch and talking to the camera. The text on the screen reads ""Mother Ghetl but maker Desi"" with a heart emoji. The woman is then shown wearing a traditional Indian outfit with a red and gold headscarf, and she is standing in front of a purple background.",1. News
7353365116554956074,"The video features a person wearing a colorful jacket with a yellow and green pattern, standing in front of a disco ball. The background is a vibrant, colorful setting with a disco ball and a rainbow-colored floor. The person is smiling and appears to be enjoying themselves. The video then transitions to a different scene, showing a framed picture of a man in a military uniform. The text at the top of the video reads ""You are my sunshine, round of 16, #4, Chines sunshine."" The video then transitions to a different scene, showing a person wearing a green military uniform. The text at the top of the video reads ""You are my sunshine, round of",1. News
7398943500328242463,A person is making a set of dice with glitter and pink resin. They are using a mold to shape the resin into dice. The person is wearing gloves and is carefully pouring the resin into the mold. The resin is pink and has glitter in it. The person is making sure the resin is evenly distributed in the mold. The person is also using a tool to help shape the resin. The person is making sure the resin is smooth and even. The person is making sure the resin is evenly distributed in the mold. The person is making sure the resin is smooth and even. The person is making sure the resin is smooth and even. The person is making sure the resin is smooth and even.,Entertainment & Shows
7386453398792441131,"The video shows a person with long braided hair, wearing a white t-shirt with the text ""FEEL GREAT"" on it, applying makeup. The person is in a bedroom with a bed and a blue blanket in the background. They are using a makeup brush to apply eyeshadow and a lip gloss. The person is also holding a makeup palette with the text ""Longing Cool Toned Heaven"" on it. They are talking about the makeup palette and how they received it as a gift from Blamboni. The person seems excited about the new makeup and shows it to the camera.",Beauty Care
7348462120817790240,The video shows a man in a store looking at a shelf of snacks. He picks up a box of Cathedral City cheese snacks and looks at it. He then takes the box and puts it in his cart. The video ends with the man walking away from the store.,1. News
7360235976494550304,"The video features a series of individuals attempting to jump over a wall in a trampoline park. The first person, wearing a white t-shirt and blue shorts, is seen jumping over the wall. The text ""あなたはないらあ"" (You are not) appears on the screen, suggesting a humorous or ironic comment. The second person, dressed in black, attempts to jump over the wall but falls. The third person, wearing a white t-shirt and blue shorts, is seen jumping over the wall again. The text ""あなたはないらあ"" (You are not)",プレイヤー
7347591598408043808,"The video starts with a map of the United States, with the text ""Random City USA"" overlaid. The map is colorful, with each state represented in a different color. The video then transitions to a close-up of a building with the words ""Steeling"" written on it. The building is tall and has a blue and yellow color scheme. The video then shows a street scene with cars and buildings in the background. Next, the video shows a statue of two people on a pedestal in a park. The statue is made of bronze and is surrounded by trees and a fence. The video then shows a long road leading to a sunset over a field. The sky is orange and",Travel & Events
7310063052341185823,"The video is a compilation of various scenes and clips related to the development and use of an invisibility cloak by China. It starts with a person standing in front of a large, transparent, rectangular object, which is later revealed to be an invisibility cloak. The video then transitions to a news article about China's development of an invisibility cloak, with a physicist named Chu announcing its existence. The article mentions that the cloak can hide objects and people, and that it is being tested on combat aircrafts. The video also shows a thermal spectrum image, which is a visual representation of the temperature distribution of an object. The video ends with a person standing in front of a panel",Science & Technology
7380812058167708960,"The video is a humorous take on the transfer of a football player from England to Germany. It starts with a person in a blue shirt pointing at a screen showing a football player in a red jersey. The text on the screen reads ""Germany over England"" and ""Meet Jamal."" The scene then shifts to a different person in a blue shirt, with the text ""Germany over England"" and ""he tore up the Southampton Tyro League and then Saints Academy asked him for a trial where he scored six goals in the first 10 minutes."" The video continues with the same person in a blue shirt, with the text ""Germany over England"" and ""And of course he did.",Sports
7377701670077205803,"The video shows a person with red hair, wearing a black tank top and a necklace, standing in a room with a lamp and a mirror in the background. The person is talking about their hair color and how it changes. The video also includes text overlays with different messages, such as ""I don't want to dye my hair pink"" and ""I don't want to dye my hair on everything."" The person is also seen with a tattoo on their arm.",1. News
7309888375023045931,"The video features a man wearing a suit and tie, standing in front of an American flag. He is speaking at a podium. The text on the screen reads, ""republican lawmakers are saying he's using taxpayer dollars to hire additional staff to blur the faces of participants in the January 6th insurrection in order to protect them from prosecution from the Department of Justice."" The man continues to speak, and the text changes to, ""but he's also making you and I complicit in the January 6th insurrection. He is using our money to protect insurrectionists. If you're outraged by this, that's right. You should be. When they say January 6th",Politics
7312875354220285215,"The video features a man in a suit and tie, who appears to be delivering a speech or monologue. The background is a night sky with city lights, suggesting an outdoor setting. The man is seen gesturing with his hands as he speaks, indicating he is emphasizing his points. The video then transitions to a live broadcast of a political event, showing a man in a suit and tie standing at a podium with an American flag in the background. The broadcast includes a ticker at the bottom of the screen with news headlines and stock market information. The video then cuts back to the man in the suit and tie, who continues to speak, with the background remaining the same. The video concludes",Politics
7283816318883679531,"The video is a series of frames from a video titled ""Things you didn't know about teaching in 2023."" The video features a person with long blonde hair wearing a black shirt with the word ""SAVE"" on it. The person is speaking and gesturing with their hands. The background is a white wall with a list of things that the person didn't know about teaching in 2023. The list includes items such as meetings announced day of, students growing up around technology but not knowing how to Google, overstimulated classrooms, and students not turning in work. The video also includes a note that says ""Part two is already up."" The video is",Education
7317764806767922475,"The video shows a woman and a child in a snowy forest. The woman is wearing a leopard print top and the child is wearing a blue and white outfit. They are standing next to a large metal barrel filled with snow. The woman is holding a bucket and is about to pour the snow into the barrel. The child is standing in the barrel, which is filled with water. The woman then jumps into the barrel, and the child follows. The woman is then seen standing in the snow, with the barrel filled with water and ice floating on top. The child is also in the barrel, and the woman is holding a bucket, pouring water into the barrel. The text on the screen says """,Entertainment & Shows
7395290316569382174,"The video features a woman wearing a leopard print top and glasses, standing in front of a sunset. She is speaking, and the text overlay on the screen reads, ""Я давался сделаем при парте ткалась обивать тк оставим в комментарии, кидайте разкушки и подписывайтеся на подписывающаяся."" This translates to ""I have learned your surprise""",1. News
7358143601869671685,"The video showcases a breathtaking sunset over the ocean, with the sun casting a warm glow on the water and the sky. The sky is painted with hues of orange, yellow, and blue, creating a stunning visual effect. The waves gently crash against the shore, adding to the serene atmosphere. The video captures the beauty of nature and the tranquility of the moment.",1. News
7366140924629470496,"The video features a woman in a white dress with gold accents at a red carpet event. She is surrounded by other attendees in formal attire. The video also includes a Twitter post from Dunni Adetipan asking, ""Who is the mystery woman who went viral at the Met?"" and a tweet from Vee asking, ""Is she an influencer? Who is she?"" The video also includes a comment from Aunty Lara, who says, ""Who is she? She's gorgeous."" The video concludes with a close-up of the woman in the white dress, with the text ""Mona Patel"" appearing on the screen.",Entertainment & Shows
7380810864477130016,"The video is a series of images showing a person in a yellow hoodie standing in front of a large, fiery explosion. The person appears to be shouting or calling out, and the text overlay on the images reads ""Can't stop th power *Stops the power*"". The background is filled with flames and smoke, and the person is wearing a yellow hoodie.",1. News
7346779567639498026,"The video features a person with long, wavy hair wearing a black top and pink hair clips. They are applying makeup to their lips using a lipstick. The person is wearing a white top and has their hands on their chest. The background is plain and light-colored. The video includes text at the top of the screen that reads ""Pov: you're watching a lip tutorial in 2016.""",Beauty Care
7299554274827046187,"The video features a series of individuals discussing the history and identity of Palestine. The first person, wearing a white shirt and headphones, is seen speaking into a microphone. The second person, wearing a blue shirt and glasses, is also speaking into a microphone. The third person, wearing a blue shirt and glasses, is seen speaking into a microphone. The fourth person, wearing a blue shirt and glasses, is seen speaking into a microphone. The fifth person, wearing a blue shirt and glasses, is seen speaking into a microphone. The sixth person, wearing a blue shirt and glasses, is seen speaking into a microphone. The seventh person, wearing a blue shirt and glasses, is seen speaking into a microphone",8. Entertainment & Shows
7348934489122327841,"The video is a compilation of various scenes from a large public demonstration, likely a protest or rally, with a focus on different individuals and groups. The video is presented in a split-screen format, with the top half showing a person holding a microphone and the bottom half showing a group of people. The text overlay at the top of the screen reads ""UNTERVEGS auter FRIENDSEMO"" and ""heute Show-Friedensbotschafter,"" indicating that the person is a show host or commentator for a show related to the demonstration.

The video captures different moments and interactions during the demonstration. In one scene, a person is seen holding a sign",Politics
7282317561864260897,"The video showcases a train journey through a scenic landscape, with steam engines and vintage carriages. The train is seen passing through a lush, green forest, with passengers enjoying the ride. The video also features a close-up of a person dressed in a steampunk costume, complete with a hat and goggles, and a table filled with various steampunk accessories and items. The final scene shows a person with red hair, wearing a steampunk-inspired outfit, standing in front of a backdrop of a train station.",1. Entertainment & Shows
7343605850105318658,"The video showcases a piano with a black and white keyboard, illuminated by a blue light. A person's hands are seen playing the piano, with the focus on the keys and the person's fingers moving across them. The video captures the intricate movements of the hands as they play, with the piano's keys and the person's fingers being the main focus. The video does not provide any additional context or information about the person or the music being played.","Music, Singing, & Dancing"
7349023065575083306,"The video shows a woman in a suit standing on a stage in front of a large audience. She is holding a microphone and appears to be speaking. The audience is watching her and some of them are taking pictures or recording the event. The woman is wearing a suit and has a serious expression on her face. The video also shows a man in a suit standing at a podium, speaking to the audience. The audience is watching him and some of them are taking pictures or recording the event. The man is wearing a suit and has a serious expression on his face. The video also shows a woman in a suit standing on a stage in front of a large audience. She is holding a microphone and",Politics
7223384947938053418,"The video shows a person interacting with a small animal, likely an armadillo, in a kitchen. The armadillo is seen rolling around on the floor, and the person is seen holding it. The text overlay on the video reads, ""Armadillos have been given a reputation, specifically the nine banded armadillo that is from the American South. And the reason for this is because they are known for being able to carry leprosy. Leprosy is a very ancient disease that is actually in modern times, not only very curable, but it's actually kind of a weak disease. It basically, if it's too hot or too cold, the thing dies. And the",7. Pets & Animals
7386641138611981601,"The video features a person with a bald head and a beard, wearing a brown jacket and a blue and white checkered shirt. The person is being painted with makeup by another individual, who is applying makeup to the person's face. The makeup application process is shown in detail, with the person's face being covered in makeup. The video then transitions to a different person wearing a black military-style uniform, complete with a hat and gloves. The uniform is adorned with gold accents and a belt, and the person is holding a pair of handcuffs. The video concludes with the person in the military uniform standing against a plain background, with the text ""sa_kurosaki""",1. Entertainment & Shows
7314163714402340102,"The video begins with a close-up of a futuristic, glowing, circular object in space, emitting a bright light. The object is surrounded by a dark background with stars. The text ""This Is How A Warp Gate slows a ship down to a hyper lane"" appears at the top of the screen, indicating the object's function. The scene transitions to a view of the object from a different angle, showing its intricate design and glowing patterns. The object is shown from various perspectives, highlighting its unique structure and the light it emits. The video concludes with a close-up of the object, emphasizing its intricate design and glowing patterns.",Science & Technology
7385499788764040481,"The video shows a person holding a piece of Kinder chocolate in their hand. The person then places the chocolate into a metal container filled with water. The water starts to bubble and froth around the chocolate, indicating that it is melting. The person then uses a black brush to stir the chocolate, which is now fully melted and mixed with the water. The video concludes with the melted chocolate and water mixture being poured into a glass bowl, where it continues to bubble and froth.",Entertainment & Shows
7276776260431367467,"The video depicts a man in a suit and tie, speaking into a microphone. The text overlays the video, providing context and information about the man's actions and their significance. The man is identified as an SS colonel, and he discusses his involvement in the Third Reich, mentioning the placement of dynamite in Hitler and Goebbels's opera box. He also expresses his desire for a military pension, Congressional Medal of Honor, full citizenship, and property on Nantucket Island. The video is a montage of scenes showing the man in various settings, including a dark room and a room with bookshelves, suggesting a narrative of his experiences and the events he has been involved in.",1. News
7372265021042101550,"The video features a person with long hair, wearing a black shirt, sitting in a room with a window in the background. The person is speaking and gesturing with their hands. The video includes text overlays that read ""Reply to tynesy, ca's comment"" and ""Glasgow,"" indicating that the person is responding to a comment from someone named Tynesy from Glasgow. The person mentions that they had a wonderful time in Glasgow and that the people of Glasgow are nice. They also mention that they dream about the food in Glasgow being back in the UK. The person concludes by saying that if they had to move anywhere in the UK, it would probably be Scotland, and that","3. Music, Singing, & D"
7373730224879521056,"The video showcases a detailed and vibrant drawing of a tiger, rendered in a striking color palette of orange, black, and white. The tiger is depicted in a dynamic pose, with its mouth open and teeth bared, as if in the midst of a fierce battle. The background is a dark, textured surface, which contrasts with the tiger's vivid colors and adds depth to the artwork. The drawing is done in a realistic style, with attention to detail in the tiger's fur and facial features. The video does not contain any additional information or context beyond the visual content of the drawing.",1. Entertainment & Shows
7326266761773436166,"The video features a person wearing a black sweatshirt with white text on it, sitting in front of a wall adorned with various posters and a guitar. The individual appears to be speaking, as indicated by their mouth movements and hand gestures. The background includes a bed with a blue blanket and a window with blinds. The person's facial expressions and body language suggest they are engaged in a conversation or monologue. The video does not contain any discernible text or captions.",1. News
7371461402030034218,"The video shows a man in a suit and tie standing in an office, holding a card. He is speaking to the camera and the text on the screen reads, ""And if Jewish people are gonna vote for Joe Biden, they have to have their head examined."" The man then says, ""The last person I'm gonna take advice from as a Jewish person is a known anti-Semite who's had dinner with anti-Semites, who said there was good people on both sides after Charlottesville. He's the last person I'm gonna take advice from."" The video ends with the man continuing to speak to the camera.",Politics
7367380929913900320,"The video features a person wearing a black shirt and headphones, standing on a road with trees in the background. The person is wearing a necklace and has long hair. The video is a selfie, and the person is looking at the camera. The text overlay on the video reads, ""PSA I wore shorts on my walk and the only thing that cared was my mom. No one alerted the town elders at that size 12 queen wore shorts summer heat x. Literally wear your outfit."" The person is likely discussing the experience of wearing shorts during a hot summer day, and the text suggests that the shorts were too small for the person's body.",1. News
7306264195475983622,"The video showcases a group of dancers performing on stage. The central figure is a woman with long, wavy hair, wearing a black top and a beige skirt with a chain belt. She is adorned with multiple gold necklaces and bracelets, and her hair is styled in a braid. The background is vibrant with colorful lights, and the dancers are dressed in coordinated outfits. The woman in the center is the focal point, as she moves energetically across the stage, her arms and legs flailing in various directions. The other dancers, including a woman with long hair, are also visible, but they are not the main focus. The video captures the dynamic and energetic nature of the","3. Music, Singing, & D"
7360919706913525035,"The video is a series of frames showing a puzzle game with a timer counting down from 00:00 to 00:30. The game is set against a black background with a blue border. The puzzle pieces are red, white, and green, and they are arranged in a grid. The timer is displayed at the top of the screen in white text on a red background. The text at the top of the screen reads ""USE THESE FILES even if it's your dads as save the effect and boost videos using them."" The text at the bottom of the screen reads ""They are invading Rafa now. Our friend Moe who made these filters",1. News
7380730540061691178,"The video begins with a black screen that transitions to a green and black background with a small green dot in the center. The text ""hulu"" appears in the center of the screen, followed by ""ORIGINAL"" in a smaller font below it. The scene then shifts to a silhouette of a person standing in a dark, foggy environment, with a bright light source behind them. The person appears to be looking out into the distance. The video then shows a close-up of a person's hands, which are covered in a dark substance, possibly blood. The final scene shows a close-up of a person's hand, which is covered in a dark substance, possibly blood",1. News
7355249683469454634,"The video features a person standing on a beach during sunset, with the ocean in the background. The person is wearing a white hoodie and a cap. The video is accompanied by a text overlay that reads, ""the joy of jesus, the security of jesus, the peace of jesus, the love of jesus, the joy of jesus, the security of jesus, the love of jesus, the peace of jesus, the love of jesus, the joy of jesus, the security of jesus, the love of jesus, the peace of jesus, the love of jesus, the joy of jesus, the security of jesus, the","the joy of jesus, the security of j"
7387743887940390177,"The video features a person wearing a white sweater with a zipper, standing in a room with a door and a light fixture in the background. The person is holding their hair up with one hand and appears to be speaking. The text overlay on the video reads, ""Someone in their twenties says they aren't voting."" The person then gestures with their hand, possibly emphasizing a point or making a statement. The video ends with the text, ""You're not really into politics? Okay, fair enough. But what are you into? Transformers? Pokemon, you fucking child?""",1. News
7297354768928853294,The video is a series of frames from a video where a person is talking about the challenges of keeping HEB store stock in Texas. The person is wearing a beige shirt and is standing in front of a wall with posters on it. The person is also using hand gestures to emphasize their points. The video includes text overlays that provide information about the challenges of keeping HEB store stock in Texas and the benefits of buying the variety pack and POG. The video also includes a list of locations where HEB stores are located and a list of new Buc-ee's test stores that are being opened. The video ends with a message to the viewers to join the VIP phone number list to,Entertainment & Shows
7374908166175280427,"The video shows a person preparing a meal. They start by cutting up vegetables on a cutting board, then mix them with a spoon in a bowl. Next, they cook shrimp in a pan, and then assemble tacos with the cooked shrimp and vegetables. The final step is to serve the tacos on a plate with a side of sauce. The video also includes a close-up of a can of OLIPO Watermelon Lime soda and a bowl of sour cream.",1. Food
7377866805823491371,"The video features a person with curly hair, wearing a dark blue shirt, standing in a room with a painting of a tree on the wall. The person is speaking, and the text overlay on the screen reads, ""You could kiss any woman in the world, feet, who would it be?"" The person then points to themselves and says, ""Megan Fox."" The scene transitions to a close-up of a person sitting in front of a large, ornate chair with swords sticking out of it, which is a replica of the Iron Throne from the Game of Thrones series. The person in the chair is dressed in black, and the text overlay on the screen reads, ""Daener",8. Entertainment & Shows
7149700277782760746,"The video shows a person lying on a bed with a pink blanket. The person has long hair and is wearing a black shirt. The person is lying on their side, with their head resting on the bed. The person is also wearing a necklace. The person is lying on their side, with their head resting on the bed. The person is wearing a black shirt and has long hair. The person is lying on their side, with their head resting on the bed. The person is wearing a black shirt and has long hair. The person is lying on their side, with their head resting on the bed. The person is wearing a black shirt and has long hair. The person is lying on their",Pets & Animals
7384004708165242144,"The video features a woman sitting in a chair in a room with gold wallpaper and framed pictures on the walls. She is wearing a light blue sweater and has short gray hair. The woman is talking about a black and white dog named Mika, who is sitting in a field of red flowers. She mentions that Mika is a ""live wire"" and that she has a ""paws"" problem, which is a reference to her wide paws. The woman also mentions that Mika is a ""hunter"" and that she can sniff out rabbits. She also talks about Mika's hip problem and how it might be related to her birth. The video ends with the woman saying that M",7. Pets & Animals
7314367547862781226,"The video showcases a serene winter landscape, starting with a view of a snow-covered field with trees in the background. The camera then moves closer to the trees, revealing their snow-laden branches and the ground beneath them. The scene transitions to a closer view of the trees, highlighting their snow-covered trunks and the ground covered in snow. The video then shifts to a close-up of a snow-covered pine tree, showcasing its snow-laden branches and the ground beneath them. The camera then pans out to reveal a snow-covered forest, with trees and snow-covered ground visible in the distance. The video concludes with a view of a snow-covered forest, with trees and snow",1 kg of chicken breast you
7340337384652934446,"The video is a series of images featuring various celebrities and their children, with text overlays providing information about the children's last names and their connection to famous people. The video starts with a woman in a black dress, followed by a man in a suit, and then a woman in a white dress. The text overlay reads ""Nepo Babies Who Are Hiding Their Famous Last Names."" The next image shows a woman in a gray sweater with the text ""Malia Obama -> Malia Ann,"" and the text overlay reads ""I didn't know that some of these Nepo babies changed their last names to fly under the radar."" The following image shows a woman in a white dress with",8. Entertainment & Shows
7333801200875261185,"The video begins with a dark blue background featuring a world map with a digital overlay. The text ""An Election Year Guaranteed To Divide Us"" is prominently displayed in white. The scene transitions to a man in a suit and tie, sitting in front of a blue background with a world map. The man appears to be speaking, and the text ""A Second Term"" is shown in white. The video then shows the Comedy Central logo and the text ""The Daily Show with Jon Stewart"" in white, followed by the show's airing time ""Monday at 11 on Comedy Central and streaming next day on Paramount+"". The video concludes with the Comedy Central logo and the text """,8. Entertainment & Shows
7328517572679372078,"The video features a man in a gray jacket sitting at a table with a piece of paper in front of him. The paper has handwritten text and a drawing of a car. The man is talking to the camera, and the text on the screen reads ""POV: The customer never stops negotiating."" The man gestures with his hands while talking, and the camera zooms in on the paper. The man then points to the paper and says, ""All right. My manager said he'd do the all weather mats too."" The man continues to talk and gesture, and the camera zooms in on the paper again. The man then says, ""You guys have anything to get through on lunch or",1. Comedy
7375847354341068065,"The video captures a large crowd of people gathered at Hinds Hall in Erzurum, Turkey, during a protest. The stage is illuminated with bright lights, and the crowd is densely packed, with many people holding up their phones to record the event. The text overlay on the video reads ""Hinds Hall in Erzurum 🇷🇺"" and ""Free Palestine to the home and land. The next but never ended to colonize the rise. The students in tents, posted on the lawn. Occupying the quad, really against the law. Ain't no reason to call in the police and their squad. But it's genocide, they ain't making it","3. Music, Singing, & D"
7392127900079721761,"The video showcases a woman's tour of her home, starting with a view of the exterior of a building with large glass doors. She is wearing a black tank top and light blue jeans, and her tattoos are visible on her arms. The text overlay reads, ""Let me show you around our room here at Estelle Manor. We've got a large stables room because we're here with our small animal. So this is one of the dog-friendly rooms. This is the little foyer bit. And all of this, well, we've got some poo bags and then this little bag that's got a load of dog treats in it, is very sweet we've also been",Entertainment & Shows
7368121296154086688,"The video shows a table filled with various dishes, including salads, meats, and side dishes. There are also glasses of water and wine on the table. A person is standing in front of the table, talking to the camera. The person is wearing a dark sweater and glasses. The background shows a room with a window and some furniture.",1. Entertainment & Shows
7378190751211064607,"The video showcases a man demonstrating the features of an expandable camper. The camper is white and has a black wheel. The man is wearing a black t-shirt and blue jeans. He is seen opening the door of the camper, revealing a small compartment inside. The compartment has a GoSun power center, which is a solar panel that can charge devices. The man also shows the compartment's lockable compartments and the GoSun cooker, which is a solar oven. The video emphasizes the camper's size and the ease of access to its features.",Travel & Events
7325985650140974382,"The video shows a series of experiments conducted by two individuals, Adam and Jamie, to determine if running in the rain is better than walking in rainy conditions. The experiments involve measuring the weight of work clothes, which are tight-fitting and made of a material that absorbs water, and comparing the results to those of walking. The experiments are conducted in various conditions, including wind and without wind, to see how the water absorption affects the results. The video concludes with a discussion about the rigor of the experiments and whether there are any areas for improvement.",1. News
7406690692765977887,"The video is a series of clips showing a person sitting in a train or bus, with the text overlaying the video reading ""THIS STRANGER SUMMY MY SEAT AND DISSRESPECT ME. WATCH HOW THIS BDS."" The person in the video is wearing a white shirt and a face mask, and they are seen sitting in a red seat. The video also includes text overlays with messages such as ""I'M GOING TO TALK NORMAL VOICE"" and ""IF YOU DON'T WANNA ME RESPECT ME."" The video also includes a series of images with text overlays such as ""THIS STRAN",Travel & Events
7309290162540858667,"The video is a news report about a massive home explosion in Arlington, Virginia, outside the Capitol. Police were called to the scene, and they were there for hours trying to execute a search warrant. The explosion caused the home to turn to splinters, and human remains were found inside, believed to be the suspect. The suspect, 56-year-old James Yu, refused to surrender and discharged several rounds from a firearm as officers closed in. The FBI and ATF were on the scene, and authorities said human remains were found at the site. The suspect was inside the residence at the time of the explosion and is presumed to be deceased. The video also mentions that the suspect made",1. News
7365274404420406571,"The video shows a man and a dog on a boat. The man is shirtless and is washing dishes. The dog is lying on the boat. The man is also cooking food in a pan. The man and the dog are then seen sitting on the boat, enjoying the view. The man is also seen taking a picture of the boat. The video ends with the man and the dog sitting on the boat, enjoying the view.",Entertainment & Shows
7392992201837464850,"The video is a series of scenes showing a woman's daily routine, including her daughter's haircut, her daughter's playdates, and her own bath. The video starts with the woman standing in front of a glass window, talking about her daughter's haircut. She then shows a close-up of her daughter getting her hair cut by a hairdresser. The video then shows the woman and her daughter playing in a room with toys and books. The video ends with the woman taking a bath with Epsom salt.",Entertainment & Shows
7395692426888891679,"The video features a series of images and scenes with a person wearing a colorful shirt with floral patterns. The person is seen in different settings, including a room with a rainbow flag, a beach, and a crowd. The text ""Gay News"" appears at the top of the screen, and the text ""KamalaHarris.com"" appears at the bottom. The video also includes a message encouraging viewers to visit the website and join the fight for a better future.",8. Entertainment & Shows
7335178711819373867,"The video shows a series of tweets from the ICCJICJ, a news organization, reporting on the South African government filing an emergency request with the International Court of Justice for additional provisional measures specific to the imminent invasion of Rafah. The tweets provide context and background information on the situation, including the development of the case and the legal arguments being made. The video also includes a screenshot of a legal document from the International Court of Justice, which outlines the legal basis for the emergency request. The final frame shows a person in a brown shirt speaking, likely providing further commentary on the situation.",News
7353793317437590827,The video shows a man and a woman standing in a room. The man is wearing a black shirt and the woman is wearing a black shirt and shorts. They are holding a coffee cup and a phone. The man is talking to the woman. The woman is holding a phone and talking to the man. The man is talking to the woman. The woman is talking to the man. The man is talking to the woman. The woman is talking to the man. The man is talking to the woman. The woman is talking to the man. The man is talking to the woman. The woman is talking to the man. The man is talking to the woman. The woman is talking to the man,1. News
7377799778299579690,"The video features a woman standing in front of an American flag, with a serene background of trees and a clear sky. She is wearing a black top and has tattoos on her arms. The video is accompanied by text overlays that read, ""Isn't it weird you're a fan of an American flag, but you know who you're voting for?"" and ""Isn't it weird you're a fan of an American flag, but you know who you're voting for?"" The woman appears to be speaking directly to the camera, and the text overlays seem to be part of a conversation or monologue.",1. News
7346724921361435937,"The video shows two young girls walking down a sidewalk, both wearing black jackets and carrying backpacks. They are walking away from the camera, and the background includes a building and some trees. The video is in Russian, and the text at the bottom of the screen reads, ""А в Украине, - я участвую в теории, - детели, детели, детели, детели, детели, детели, детели, детели, детели, детели, детели",Education
7384186520351083781,"The video begins with a person in a light-colored robe sitting in a room, speaking to the camera. The person is holding a phone and appears to be explaining something. The background features a beige wall and a window with dark curtains. The person then shows a screenshot of a social media post, which includes a message from a user named ""Angelica"" and a comment from a user named ""Katie."" The post is about a person who is not paying for a product, and the comment suggests that the person should pay for the product. The video then shows a screenshot of a conversation between the person and another user named ""Angelica,"" discussing the situation. The person",Entertainment & Shows
7396382918039457041,"The video features a man and a woman sitting on a bed in a modern room. The man is wearing a white t-shirt and black shorts, while the woman is dressed in a white t-shirt with the word ""Chelsea"" written on it and blue jeans. The man is holding the woman's leg, and they are both looking at the camera. The text in the video is in Russian and provides humorous commentary on the man's height and the woman's height. The video ends with the man and woman continuing to sit on the bed, with the man still holding the woman's leg.",Entertainment & Shows
7273841367351069998,"The video shows a person wearing gloves handling a stack of bright yellow soap bars. The soap bars are rectangular and have a shiny, smooth surface. The person is then shown holding a package of the soap bars, which has a label that reads ""Annoya Nata Turmeric & Kajal Brightening Soap."" The soap is made with ingredients like goat milk, lemongrass, turmeric, and kajal. The person is likely demonstrating the use of the soap or explaining its benefits.",1. News
7277167570946379014,"The video captures a lively and energetic atmosphere at a sports event, likely a soccer match, given the context provided by the text ""Ucrânica! Ucrânica! Ucrânica!"" which translates to ""Goal! Goal! Goal!"" in English. The crowd is predominantly dressed in yellow and blue, with some individuals wearing blue scarves and others with blue and yellow scarves. The atmosphere is one of excitement and celebration, with the crowd raising their hands and cheering enthusiastically. The video also shows a view of the soccer field, with players in action and a goalkeeper in a blue uniform. The overall mood is one of triumph and joy, as the crowd celebrates",Sports
7365322515998068011,"The video starts with a group of people standing in front of a podium, with a backdrop of the U.S. Capitol building. The text on the screen reads ""STITCH INCOMING WOKE ENCAMPENTS EXPOSED!!!!"" and ""we're here to discuss the little Gazas that have risen up on campuses across America."" The group appears to be discussing the encampments, with one person gesturing towards the group. The scene then cuts to a close-up of a sign that reads ""JEWS AGAINST GENOCIDE"" and ""check out these anti-semi signs."" The video then shows a person standing in front of a",1. News
7362319887361903905,"The video features a woman in a gray sweater, standing in front of a red and white striped tent. She is wearing sunglasses on her head and has wet hair. The background shows a crowd of people, some of whom are wearing animal costumes. The woman appears to be speaking, as indicated by her mouth movements and hand gestures. The text overlay on the video reads, ""Seeing Rufus' trip during my Uni ski trip after watching vpimany sd hates watching on a podcast."" The video seems to be a commentary on the woman's experience during her university ski trip, which was disrupted by the appearance of Rufus.",1. Entertainment & Shows
7311332422077975840,"The video shows a series of interactions between different individuals in various settings. It begins with a woman in a fur coat standing in front of a fence, engaged in conversation with another person. The scene then transitions to a man in a purple jacket and a pink tie, standing in front of a hedge, with a small inset image of a woman in a white shirt and glasses in the background. The narrative then shifts to a woman in a white shirt and a red and white sweater, standing in front of a fence, with the same inset image of the woman in the white shirt and glasses. The video continues with the woman in the white shirt and red and white sweater, now standing",Entertainment & Shows
7354415572626509099,"The video is a series of frames showing a person wearing a maroon beanie and a white shirt, with text overlaid on the screen. The text provides information about earthquakes and their impact on different regions. The first frame shows the person sitting in a room with a closet in the background. The text reads, ""It was magnitude of 4.8 and its epicenter was located around Lebanon, New Jersey."" The second frame shows the person standing in front of a building with a sign that reads ""Pau Martin."" The text reads, ""So that they don't think it's something else."" The third frame shows the person standing in front of a building with a sign that reads """,Science & Technology
7378608951975349536,"The video captures the moment when England won the soccer match against Scotland. The crowd is cheering and celebrating the victory. The players are seen hugging each other and jumping in the air in celebration. The text ""ENGLAND WIN SOCCERAID"" is displayed at the top of the screen, indicating the support for the English team.",5. Sports
7293239332167617834,"The video features a person wearing a light-colored, patterned top, standing in front of a wall adorned with a colorful floral curtain and a painting depicting a deer. The individual appears to be engaged in a conversation, as indicated by the text overlay that reads ""some of y'all m'n"" accompanied by a laughing emoji. Throughout the video, the person's expressions and body language change, suggesting a dynamic interaction. The person's hair is styled in a way that it appears to be blowing in the wind, adding a sense of movement to the scene. The video does not provide any additional context or information about the person or the setting beyond what is visible in the frames.",1. News
7372186670273137952,"The video showcases a series of food-related scenes, starting with a close-up of a colorful wrap with various vegetables. The text ""VEGAN IN MÜNCHEN"" appears, indicating the theme of the video. The scene transitions to a person eating a burger, with the text ""HANS IM GÜLK"" suggesting a playful or humorous tone. The video then moves to a close-up of a dessert, with the text ""CINAMOOD"" indicating the name of the dessert. The final scene features a person holding a pink and green striped bag, with the text ""PRETTY"" suggesting a positive or attractive quality. The video",1. Food
7379475961139547398,"The video features a woman in a black dress with ruffles, standing in a modern kitchen with white chairs and a dining table. She is wearing black high heels and has long blonde hair. The text on the screen reads ""Мени 60 роки"" (My 60 years) and ""Ну, чуждый 60 годин"" (Well, 60 years old). The woman then changes into a black dress with a ruffled skirt and black high heels. She poses in different ways, including standing with her hands on her hips and walking around the room. The text on","13. Outfit, Style, &"
7364542326959574314,"The video shows a person lying on a bed, holding a baby. The person is wearing a black shirt and has long hair. The baby is wearing a white onesie. The person is talking to the baby, and the baby is looking at the person. The person is holding the baby's hand and talking to the baby. The person is also holding a bottle of baby formula. The person is talking to the baby and the baby is looking at the person. The person is holding the baby's hand and talking to the baby. The person is also holding a bottle of baby formula. The person is talking to the baby and the baby is looking at the person. The person is holding the baby",1. News
7309293532467039531,"The video shows a group of people sitting on a couch in a studio, with a cityscape visible through the windows. The group is engaged in a discussion, with one person speaking and others listening. The scene is set in a news studio, with a news ticker at the bottom of the screen displaying various headlines. The video then transitions to a different scene, showing a man in a suit and tie sitting in front of a cityscape backdrop. The news ticker continues to display the same headlines. The video then returns to the group of people on the couch, with the same cityscape visible through the windows. The group is still engaged in a discussion, with one person speaking and others listening",Politics
7376360928851299590,"The video features a series of individuals discussing the benefits of using a specific product, likely a skincare or hair care product, to combat aging. The first person, with long brown hair, is seen gesturing with their hands while speaking, indicating a discussion about the product's effectiveness. The second person, with curly hair, is also seen gesturing and speaking, reinforcing the idea that the product is beneficial for hair health. The third person, with short hair, is shown speaking and gesturing, emphasizing the product's impact on skin health. The video concludes with a person with short hair, wearing a white shirt, speaking and gesturing, reinforcing the idea that the product is effective in reducing wrinkles and",Lifestyle
7347847920151956779,"The video shows a person standing in a doorway, holding a dog. The dog is small and appears to be a Dalmatian. The person is wearing a hat and a jacket. The person then walks into a room and sits down on the floor. The dog jumps up and starts to play with the person. The person then stands up and walks away, leaving the dog on the floor.",7. Pets & Animals
7291696863449763078,"The video features a person wearing a beige shirt and a black headband, speaking directly to the camera. The person is seen gesturing with their hands and making various facial expressions, indicating a sense of frustration or disbelief. The background is a room with a window and some furniture, suggesting an indoor setting. The person is seen holding a pen and a piece of paper, which they use to write down notes or quotes. The text overlays on the video include phrases such as ""I'm actually kind of offended of how stupid the Israelis think we are,"" ""And we is referred to the world, not us only Arabs,"" and ""The way they come up with excuses, logical excuses, and",1. News
7375186781999762721,"The video shows a woman in a blue floral dress and hat standing in front of a table with wine glasses, a bowl of food, and a bottle of wine. The text on the screen reads ""When you rock up to your friends place for a quick visit..."" and ""1pm"". The woman is holding a bottle of wine and a glass. The scene then changes to show the same woman in a different outfit, holding a book and a bottle of wine. The text on the screen reads ""When you rock up to your friends place for a quick visit..."" and ""3pm"". The woman is now wearing a different outfit and holding a book. The scene then changes again to show the same",1. News
7309512164870491435,"The video shows a man in a suit and red tie speaking at a podium. The text on the screen reads ""HANNITY ASKS TRUMP IF HE POWER ABUSE POWER, TOWN HALL WITH BREAKING NEWS."" The man is speaking to a group of people, and the text on the screen changes to ""Do you in any way have any plans whatsoever, if re-elected president, to abuse power, to break the law, to use the government to go after people? You mean like they're using right now? Under no circumstances, you are promising America tonight, you would never abuse power as retribution against anybody. Except for day one.",Politics
7325003811632745761,"The video features a person wearing a green shirt, standing against a dark background. The person is speaking, and the text ""DEUTSCHE THERAPEUTEN HATTE RECHT"" (German therapists had the right) appears at the top of the screen. The person gestures with their hands, emphasizing their points. The video seems to be discussing the rights of German therapists, possibly in the context of a discussion or debate.",Entertainment & Shows
7355061931993992480,"The video consists of a series of frames featuring a person in a blue shirt standing in front of a calendar. The calendar is labeled ""MONDAY"" and has a red dot at the top. The person is making hand gestures, possibly indicating frustration or disbelief. The text overlay on the video reads ""Me mentally preparing myself for work tomorrow"" and ""I'm fine! Totally fine! I don't know why it's coming out all loud and squeaky, cause really, I'm fine."" This suggests that the person is mentally preparing themselves for work, but is also expressing frustration or disbelief about the loud and squeaky sound they are making.",1. News
7330624658686954795,"The video is a compilation of clips showing a person in a pink shirt reacting to various political events. The person is seen making hand gestures and pointing at the screen, indicating their reaction to the events. The background of the clips is a room with shelves filled with various items, including books and decorative objects. The person is wearing a pink shirt and has their hair tied back. The video includes text overlays that read ""That's his supporters Booing m & I ❤️ that 4 min"" and ""Trump booed loring about the Arian nostalgia."" The person appears to be reacting to a political event, possibly a speech or debate, and is expressing",Politics
7397794935199567135,"The video shows a woman tied to a tree in the Indian jungle, with a man standing nearby. The woman is covered in mud and appears to be in distress. The video then cuts to a close-up of a hand writing on a piece of paper. The text on the paper is in a foreign language, and the hand is writing in a foreign language. The video then cuts back to the woman tied to the tree, and the text on the paper is revealed to be a letter written by the woman. The letter describes her experiences during her 40-day ordeal, including her extreme psychosis and her survival. The video concludes with the woman being rushed to the hospital and being treated",1. News
7397967668248120622,"The video features a person with long hair, wearing a black shirt and green earrings, showcasing a mystery box of Charlotte Tilbury products. The person opens the box, revealing various items such as a mascara, body cream, and a body lotion. They also show a small bottle of body lotion and a pink box with a white lid. The person demonstrates the use of the body lotion and the mascara, highlighting the product's features. The video concludes with the person expressing their satisfaction with the box, which they consider a solid upper middle of the pack box.",Entertainment & Shows
7311858161504423214,"The video showcases a collection of vintage BMX bikes, each with a unique design and color scheme. The first bike, a pink and white model, is prominently displayed in the foreground, with its intricate details and vibrant colors drawing attention. The second bike, a blue and white model, is positioned in the background, partially obscured by the pink and white bike. The third bike, a pink and white model, is shown in a close-up, highlighting its shiny chrome components and intricate design. The fourth bike, a blue and white model, is positioned in the background, partially obscured by the pink and white bike. The fifth bike, a pink and white model, is shown in a close",1. News
7299582823940312350,"The video begins with a man sitting on a green leather couch in a dimly lit room. He is wearing a gray shirt and has his hands clasped together. The scene then transitions to a man in a blue uniform, standing in a room with a glass door in the background. The man in the blue uniform appears to be in a state of shock or surprise. The video then cuts back to the man on the couch, who is now looking at the camera with a serious expression. The video concludes with the man in the blue uniform standing in the same room, looking around with a concerned expression.",1. Entertainment & Shows
7331551109649059115,"The video features a black cat playing a violin. The cat is positioned in a dark setting, with its body illuminated by the light of the violin. The cat's fur is sleek and shiny, and it appears to be focused on playing the instrument. The video is presented in black and white, which adds to the dramatic effect of the scene.",7. Pets & Animals
7293441357169937666,"The video features a series of animated characters in various cars, each with a different background and setting. The first car is an orange sports car with a cartoon character standing next to it. The second car is a white sports car with a cartoon character standing next to it. The third car is a pink sports car with a cartoon character standing next to it. The fourth car is a white sports car with a cartoon character standing next to it. The fifth car is a white sports car with a cartoon character standing next to it. The sixth car is a white sports car with a cartoon character standing next to it. The seventh car is a white sports car with a cartoon character standing next to it. The",1. Entertainment & Shows
7397793782122564896,"The video shows a person lying in bed, wearing a white top and a gold necklace. The person is holding their hand to their face, possibly in a gesture of surprise or excitement. The background is a bed with a patterned blanket. The person is wearing a ring on their left hand. The video is a series of frames showing the person's reactions and expressions as they look at the camera. The person seems to be reacting to something off-camera, possibly a comment or a reaction from someone else. The person is wearing a gold necklace and has long hair. The video is a series of frames showing the person's reactions and expressions as they look at the camera. The person seems to be reacting",Entertainment & Shows
7359943972216638736,"The video shows a group of people protesting in a city street. They are holding signs and flags, and some of them are wearing orange vests. There are police officers present, and they are trying to keep the peace. The protesters are marching down the street, and they are being escorted by police officers. The protesters are holding signs that say things like ""Palestina darf sich wehren"" and ""Widerstand ist Völkerrecht"". The police officers are trying to keep the peace and make sure that the protesters do not get too close to the buildings.",Politics
7344108969151008001,"The video shows a group of people at a wedding reception. There are tables set up with food and drinks, and people are sitting and standing around. A woman in a red dress is sitting at a table with a man in a black suit. They are holding glasses of champagne and smiling at the camera. The woman is holding a piece of paper with the words ""Damian really likes cookies I guess"" written on it. The man is wearing a black suit and a white shirt. The woman is wearing a red dress and has long hair. The man is wearing a black suit and a white shirt. The woman is holding a piece of paper with the words ""Damian really likes cookies I",Entertainment & Shows
7226368631268019482,"The video features a person with long blonde hair, wearing a black leather jacket, standing in a room with a pink towel hanging on the wall. The person is holding a phone, and the text ""Songs for your Insta Story Crush Edition"" is displayed at the top of the screen. The person is seen taking a selfie, and the camera angle shifts to show the person's face. The video then transitions to a screen with the text ""EVERY TIME WE TALK, IT'S JUST HURTS SO BAD"" and ""CAUSE I DON'T EVEN KNOW WHAT WE ARE."" The person is seen holding the phone again, and the","3. Music, Singing, & D"
7369594137928109345,"The video shows a shelf in a grocery store with various food items, including a box of Mr. Brain's pork faggots. The box is prominently displayed and features an image of the product on the front. The price tag on the shelf indicates that the pork faggots are priced at 1.60. The video also includes a humorous comment from the person recording the video, questioning the price of the pork faggots and expressing surprise at the cost.",7. Food
7330275353325227297,"The video features a person with extensive tattoos and scars, who is seen in various settings, including a restaurant, a bar, and a parking lot. The person is wearing different outfits and accessories, such as a tank top, a blue and red striped shirt, and a black tank top. The text overlays in the video suggest that the person is discussing their experiences with body modification and the challenges they face in finding acceptance. The video also includes a quote from Anthony Lofredo, a person who has undergone extensive body modification, including the amputation of their own fingers. The video concludes with a message encouraging viewers to be open-minded and to embrace their individuality.",Sports
7327164126822763808,"The video showcases a series of military parades from different countries, each with a distinct uniform and flag. The first frame features a group of women in military uniforms, with the text ""women ilita"" appearing on the screen. The scene transitions to a group of soldiers in green uniforms, with the text ""CHINA"" and the Chinese flag displayed. The next frame shows a group of soldiers in red uniforms, with the text ""RUSSIA"" and the Russian flag. The video continues with a group of soldiers in beige uniforms, with the text ""VIETNAM"" and the Vietnamese flag. The final frame features a group of soldiers in green uniforms, with the text """,1. News
7371855904813157664,"The video features two young women standing side by side in a room, with a white wall and a decorative flower in the background. The women are dressed in casual clothing, with one wearing a white crop top and denim shorts, while the other is in a white crop top and black pants. The video is titled ""pre summer sats"" and includes a list of statistics for each woman, such as their age, height, and other personal information. The video also includes emojis and text that appear at the top of the screen, adding a playful or humorous element to the presentation.",Entertainment & Shows
7354696392129924385,"The video showcases a series of close-up shots of a red sports car, focusing on its exterior and interior details. The car is displayed in a showroom, with a crowd of people visible in the background, indicating that it is part of a car show or exhibition. The car's design features a sleek, aerodynamic shape with a prominent rear spoiler and large, black wheels. The interior of the car is visible through the windows, showcasing a luxurious and high-tech environment. The video highlights the car's luxurious and high-tech interior, with a focus on the dashboard and steering wheel. The car's exterior is also shown in detail, with a focus on the wheels and the car's",1. News
7293639077671210286,"The video shows a person feeding fish from a white bucket into a pond. The person is seen scooping the fish out of the bucket and then releasing them into the water. The fish are seen swimming around in the pond, creating ripples and splashes as they move. The person is wearing a blue shirt and is standing on a wooden dock. The pond is surrounded by trees and grass, and the water is clear and blue.",1. Pets & Animals
7357227155979275526,"The video depicts a group of people walking down a cobblestone street at dusk. The group consists of a man in a beige jacket, a woman in a white top and blue jeans, a young boy in a blue outfit, and a man in a black tracksuit. The man in the beige jacket is holding a microphone and appears to be interviewing the group. The young boy is holding an orange cup and appears to be the subject of the interview. The woman in the white top and blue jeans is holding a white bag and appears to be a participant in the interview. The man in the black tracksuit is also holding an orange cup and appears to be a participant in the interview.",Entertainment & Shows
7394532218032491808,"The video features a woman in a pink dress and a man in a black shirt standing on a sidewalk. The woman is holding a pink purse and appears to be talking to the man. The man is wearing a black shirt and has a black belt around his waist. The background shows a street with parked cars and a fence. The sky is cloudy, and the sun is setting. The woman and the man are walking together, and the woman is gesturing with her hands as she talks. The man is looking at her and appears to be listening. The woman is wearing a pink dress and a pink purse, and the man is wearing a black shirt and a black belt. The background shows a street",1. Entertainment & Shows
7354508802932133166,"The video features a series of individuals engaged in various activities, with text overlays providing commentary on their actions. The first individual, wearing a light-colored shirt, is seen in a room with a bookshelf filled with books. The text overlay reads ""Booktalk"" and ""Stitch Inning,"" suggesting a discussion or review of a book. The scene transitions to another individual, also in a light-colored shirt, sitting in a car with a bookshelf visible through the window. The text overlay changes to ""A CROWD OF AGE, SEX, AND BACKGROUND,"" indicating a focus on the diversity of the audience.

The narrative continues with the same individual","3. Music, Singing, & D"
7344855206242389280,"The video features a woman in a black blazer and white shirt, seated in a room with a wooden background. She appears to be engaged in a conversation, as indicated by her facial expressions and hand gestures. The text overlay at the top of the screen reads ""Alice Weidel reagierte auf AFD-chatterläufe,"" suggesting that the woman is reacting to comments or discussions related to the Alternative für Deutschland (AfD) party. The video does not provide any additional context or information about the woman or the topic of discussion.",Entertainment & Shows
7377794153071037739,"The video shows a man in a tuxedo standing in an office, reading from a piece of paper. He is then joined by a woman in a pink shirt, and they both appear to be engaged in a conversation. The man then stands in front of a coat rack, and the woman is seen talking on the phone. The video ends with the man looking surprised and confused.",8. Entertainment & Shows
7349706117166959879,"The video features a man standing in a natural setting, surrounded by trees and greenery. He is wearing a light-colored shirt and appears to be speaking to the camera. The text overlays on the video provide context and information about the man's experience in the jungle. The man expresses his excitement and nervousness about going into the jungle, mentioning that he is normally a planner and control freak, but he is along for the ride and hopes for a positive experience. The video concludes with the man saying ""See you in the jungle.""",1. News
7308194891656400170,"The video is a compilation of images from a sports event, likely a basketball game, as indicated by the text ""FUMBLE."" The images show a crowd of people, mostly wearing red, cheering and celebrating. The crowd is diverse, with some wearing hats and others with their hands raised in the air. The background is a stadium filled with spectators, and the atmosphere is lively and energetic. The images are taken from different angles, capturing the excitement and enthusiasm of the crowd.",Sports
7375105398946139398,"The video shows a woman in a light blue robe standing in a living room with a large window and a television. She is holding a phone and appears to be talking to someone off-camera. The text overlay at the top of the video reads ""POV: South African non-ons during winter."" The woman then takes off her robe and stands in front of a door, looking at the camera. She is wearing a light blue robe with a checkered shirt underneath. The video then shows her sitting on a chair in the living room, still wearing the robe. She is holding a phone and appears to be talking to someone off-camera. The text overlay at the top of the video",Entertainment & Shows
7387067236218916129,"The video showcases a person's experience at a cake shop, specifically Cakebox. The shop offers a variety of cakes, including heart-shaped ones with the word ""Party!"" written on them. The person is seen selecting a cake, joining the Cake Club, and receiving a free cupcake. The video also highlights the variety of cakes available, the ease of joining the loyalty program, and the deliciousness of the cakes. The final scene shows the person enjoying a slice of cake with friends and family, emphasizing the social aspect of the experience.",Entertainment & Shows
7323395108378840351,"The video shows a person dancing in a hallway. The person is wearing a gray sweatshirt and black pants. The hallway has white walls and a tiled floor. There is a Christmas tree decorated with red ornaments on the right side of the hallway. The person is dancing energetically, moving their arms and legs in various directions.","3. Music, Singing, & D"
7378610696390528289,"The video is a series of frames showing a man in a suit and tie, with text overlays in French. The first frame shows the man in a suit and tie, with the text ""Dissolution of the National Assembly: Voici tout ce que faut savoir"" (Dissolution of the National Assembly: Here is what you need to know). The second frame shows the man in a suit and tie, with the text ""du Rassemblement national"" (of the National Rally). The third frame shows the man in a suit and tie, with the text ""en vertu de l'article 12 de la Constitution."" The fourth frame shows the man",Politics
7292568999932529963,"The video shows two women walking in different settings. One is wearing a black t-shirt and shorts, while the other is in a black sports bra and leggings. They are carrying water bottles and have a playful demeanor. The video also shows them in different outfits, including a black leather jacket and white pants, and a black leather jacket and white pants. The video ends with a red button that says ""FOLLOW"" and a white button that says ""SUBSCRIBE.""",Fitness & Health
7360445995945037088,"The video shows a wild boar walking on a paved road at night. The text ""Jour 6 pour traiter un sanglier"" (Day 6 to treat a boar) appears at the top of the screen. The boar is seen sniffing the ground and eating food. A person's hand appears, offering the boar food. The boar sniffs the food and eats it. The person then walks away, leaving the boar alone. The boar continues to eat the food on the ground.",Sports
7356329953622822187,"The video features a person wearing a colorful cap and a gray shirt with a logo on it. The person is seen speaking in front of a computer screen displaying a stock chart for Trump Media & Technology Group Corp. The stock price is shown to have fallen again today, with a percentage change of 9%. The person is discussing the stock's value and the potential impact of Donald Trump's presidency on the stock's performance. The video also includes text overlays that provide additional commentary on the stock's value and the potential consequences of Trump's presidency.",1. News
7376774039899082027,"The video shows a group of elderly people in wheelchairs in a museum. They are dressed in formal clothing and are seated in a circle. The video then transitions to a group of people in military uniforms, also in wheelchairs. The video then shows a group of people in military uniforms, also in wheelchairs. The video then shows a group of people in military uniforms, also in wheelchairs. The video then shows a group of people in military uniforms, also in wheelchairs. The video then shows a group of people in military uniforms, also in wheelchairs. The video then shows a group of people in military uniforms, also in wheelchairs. The video then shows a group of people in",1. News
7394396617882799366,"The video features a person with curly red hair, wearing a dark top, holding a pink and white drink with a straw. The text overlay reads ""POV: Your cousin gives you something to do drink."" The person appears to be in a dimly lit room, with a dark background. The video seems to be a humorous take on a common situation where someone is given a drink to consume, possibly as a prank or a joke.",1. News
7382929842615979296,"The video shows a person sitting in a room, wearing a white shirt and blue jeans. The person is talking about their frustration with finding affordable accommodations in Mallorca. They mention that they have spent the last few hours on the internet looking for hotels, but they can't find anything under 4,000 euros for a week. The person expresses their frustration and disappointment with the lack of affordable options.",Entertainment & Shows
7283171808595971370,"The video features a woman with long black hair, wearing a gray tank top, standing in a room with a plant in the background. She is holding a phone and appears to be speaking, as indicated by her hand gestures. The text overlay on the video reads, ""NO BECAUSE I'M REAL AORES WHEN THE DUCK DUCK AOKING STAND THE GUY AT THE TEAMKAMAD FOR THEY MAD FAWTFIRS LMAO."" The woman's facial expressions and hand movements suggest she is reacting to something humorous or surprising.",1. News
7299771215755906312,Two women are dancing in a gym. They are wearing black outfits and have their hair down. They are moving their arms and legs in a coordinated fashion.,"3. Music, Singing, & D"
7397523950391086369,"The video begins with a black screen, where a small blue character with a heart-shaped nose and a red heart-shaped antenna is visible on the left side. The scene then transitions to a green apple with a smiling face and a small green antenna on the right side. The apple is surrounded by two smaller blue characters with heart-shaped noses and red heart-shaped antennas. The apple and the blue characters appear to be interacting with each other. The video then shows the apple and the blue characters moving closer to each other, with the apple appearing to be the center of attention. The video continues with the apple and the blue characters moving closer together, with the apple appearing to be the center of",6. Film & Animation
7410518813021637930,"The video shows a man in a suit and tie, and a woman in a white blazer, both standing in front of a podium with the White House seal. The man is speaking, and the woman is listening. The text overlay on the video asks, ""Do you think Americans seriously think that this is an important question?"" The man appears to be responding to the question, and the woman is listening attentively.",Politics
