video_id,summary,category
7349900395843472672,"The video shows a man in a suit and tie holding a microphone in front of a crowd. The crowd is holding Russian flags and appears to be listening to the man. The man is speaking into the microphone, and the text on the screen reads ""Putins/Vereinigte Russland"" (Putin's/United Russia). The man is also seen being interviewed by another man in a suit and tie, with a truck in the background. The man being interviewed is wearing a blue cap and a gray jacket. The video appears to be a news report or interview about the political situation in Russia.",Politics
7326597898358066465,"The video is a humorous comparison between a person's reaction to their cat's behavior and the reaction of a smartphone. The video is divided into two parts, each showing a different reaction.

In the first part, the person is shown in a room with a cat sitting on a bed. The person is holding a smartphone and looking at it with a surprised expression. The text on the screen reads ""Pov: Les appels avec mon chachet qui n'a jamais fait de cela"" (Pov: The calls with my cat who has never done this). The person's reaction is shown in a split-screen format, with the left side showing the",7. Pets & Animals
7302484543691328810,"The video is a black screen with white text. The text reads ""EMERGENCY RELIEF DISTRIBUTION OCTOBER 1TH, 2023. Stop the killing. Stop hate. Time to donate."" The text is in a bold, sans-serif font and is centered on the screen. The video does not contain any other visual elements or audio.",1. News
7339991555408694561,"The video shows a person standing in a store, holding a brown hoodie with the word ""Balea"" on it. The person is talking about the most popular beauty products from their store. The video then shows a close-up of the store shelves, displaying various beauty products, including Balea's Vital Augencreme, Aqua Augen Roll-On, and Q10 Anti-Falten Augencreme. The video also shows the prices of these products, with the Vital Augencreme being the most expensive at 3,85 Euro.",Beauty Care
7351403366368546081,"The video showcases a series of events involving a group of humans and aliens in a battle. Initially, the humans are shown preparing for a battle, with one person holding a piece of bread with various ingredients on it. The scene transitions to the aliens cooking food in a pan, with the text ""aside"" appearing, indicating a humorous or ironic moment. The aliens then cook the food in a pan, with the text ""laughed"" appearing, suggesting a comedic or exaggerated reaction.

The video then shows the aliens cooking the food in a pan, with the text ""laughed"" appearing, suggesting a comedic or exaggerated reaction. The scene transitions to the aliens cooking the food in",1. Entertainment & Shows
7380379588242804001,"The video shows a person lying in bed with a pink pillow behind them. The person is wearing a black shirt with blue text on it. The person is making hand gestures and talking to the camera. The text overlay on the video says ""Ni extraire droit ni extraire neuque?"" which translates to ""Do you want to extract right or extract nothing?"" The person is making a face and gesturing with their hands while talking.",Entertainment & Shows
7291005324717313313,"The video features a woman in a pink coat standing in front of a large building with a flag on top. She is speaking to the camera and providing information about the rise of the anti-immigration party AfD in Germany. The video also includes text overlays that provide additional information about the party's policies and the current state of the German citizenship rules. The woman is seen gesturing with her hands as she speaks, and the background includes a body of water and a bridge.",Politics
7184540937974975786,"The video shows a person sitting in the back seat of a car, wearing a black tank top and white headphones around their neck. They are holding a spoolie brush and applying a product to their eyebrows. The text overlay reads ""e.i.f brow lift review"" and ""e.i.f brow lift review"" throughout the video, indicating that the person is reviewing the product. The person appears to be demonstrating the use of the product, showing how it can be used to create a brow lift effect. The video ends with the person giving the product a 10 out of 10 rating, indicating that they found it to be a good investment and easy to use.",Beauty Care
7343334803665603883,"The video features a woman with long, wavy hair, wearing a dark sweater and a gold necklace, sitting in front of a colorful, starry background. She is holding a black object, possibly a makeup brush, and appears to be speaking or presenting something. The text ""TikTok BAN TOMORROW"" is displayed at the top of the screen, indicating that the video is related to a potential ban on the social media platform. The woman seems to be discussing the potential ban and its implications, as well as the benefits of using TikTok for educational purposes. The video also includes a phone number, ""202-224-321",Science & Technology
7343662075299761440,"The video begins with a person wearing a pink sweater with a black bow tie, standing in a room with a white wall and a shelf in the background. The person is looking at the camera with a serious expression. The scene then transitions to a close-up of a person with long blonde hair, wearing a white shirt with a red tie, standing in a dimly lit room with a green hue. The person appears to be in a state of shock or fear. The video then cuts back to the person in the pink sweater, who is now looking at the camera with a more relaxed expression. The final frame shows the person in the pink sweater with a black bow tie,",1. News
7394913119375527210,"The video features a person wearing a gray shirt and a camouflage cap, standing in front of a plain wall. The person is seen making various hand gestures, including pointing and raising their hand. The background includes a shelf with various items, such as bottles and a box. The person appears to be engaged in a conversation or monologue, as indicated by the text overlay on the video. The text discusses the comparison of the number of people killed by different leaders, with a focus on Joe Biden and Saddam Hussein. The video concludes with the person continuing to make hand gestures, possibly emphasizing their points.",Politics
7327439802637307178,"The video showcases a person in a camouflage hoodie standing next to a white Chevrolet truck. The person is holding a phone and appears to be talking about the truck. The video also includes text overlays that read ""This is The CHEPAEST Brand New Truck You Can Buy Today *2024 Chevy W/T* part 2"" and ""This is The CHEPAEST Brand New Truck You Can Buy Today *2024 Chevy W/T* part 1."" The person is seen pointing at the truck and gesturing towards it, possibly discussing its features or design. The video also includes a close-up of the truck's","11. Outfit, Style, &"
7296461109572275488,"The video features a series of individuals wearing red ""Make America Great Again"" hats and shirts, expressing their opinions on unions. The first individual, wearing a red ""Make America Great Again"" hat and a red shirt with the text ""I'm a union member"" and ""I'm a union member,"" is seen in a parking lot with a truck and a building in the background. The second individual, also wearing a red ""Make America Great Again"" hat and a red shirt with the text ""I'm a union member,"" is seen in a park with trees and a building in the background. The third individual, wearing a red ""Make America Great Again"" hat and a red shirt with the",Politics
7385384197864557855,"The video features a series of images from a CNN broadcast, showing two men in suits, one with a red tie and the other with a blue tie, standing at podiums with microphones. The background is blue with the CNN logo. The text overlay reads ""My favorite prt of th debate waswaaahhting whoever wasn't talking."" The video appears to be a commentary on the debate, focusing on the moments where the speakers are not engaging with the audience.",Politics
7358352976639184146,"The video shows a person driving a car on a rainy day, with the windshield wipers on. The road is wet, and the person is driving through a city. The video then shows the person driving through a foggy area, with the windshield wipers on. The video then shows the person driving through a rainy area, with the windshield wipers on. The video then shows the person driving through a foggy area, with the windshield wipers on. The video then shows the person driving through a rainy area, with the windshield wipers on. The video then shows the person driving through a foggy area, with the windshield wipers on. The video",1. News
7371030140370963713,"The video is a series of gameplay clips from the game Overwatch, showing a player navigating through a virtual environment. The player is using a character with a green and black color scheme, and the gameplay is fast-paced with a lot of action. The player is seen using various abilities and weapons, including a gun and a melee weapon. The environment includes a stone-like structure, a building, and a staircase. The player's health and ammo are displayed on the screen, and the game's score and time are also visible. The player is seen using a ""Kill Cam"" to capture the action, and the game's chat box is visible, showing messages from other players.",Sports
7328941581862473006,"The video begins with a close-up of a jet aircraft on a runway, with the word ""HIGH"" in bright yellow letters superimposed over the image. The scene then transitions to a different aircraft, a fighter jet, in flight, with the word ""HIGH"" again appearing in the same bright yellow color. The video then shows a fighter jet in flight, with the word ""HIGH"" in bright yellow letters superimposed over the image. The scene then transitions to a different aircraft, a fighter jet, in flight, with the word ""HIGH"" again appearing in the same bright yellow color. The video then shows a fighter jet in flight, with the word ""HIGH",1. News
7295860137162591519,"The video features a person wearing a plaid shirt, speaking in front of a blue background. The person is discussing the topic of genocide and the treatment of indigenous people by colonizers. The person expresses their thoughts on the injustices committed by those in power and the need for accountability. The video also touches on the issue of Palestine and Hamas, but the person emphasizes that it is not justifiable to justify the unaliving of children. The person concludes by stating that feelings of righteousness can lead to the greatest evils.",1. News
7407540452611640606,"The video shows a man in a blue shirt and black gloves sitting at a desk in an office. He is working on a computer and has a passport in front of him. The man is talking to someone off-camera, asking them to open the passport. The man then takes the passport and starts to open it, but then closes it and looks at the camera with a surprised expression. The video ends with the man still looking at the camera, with the text ""Next"" appearing on the screen.",1. News
7372987016914455841,"The video shows a cricket match between Pakistan and England. The players are dressed in their respective team colors, with the Pakistan team in green and the England team in orange. The match is taking place in a stadium filled with spectators, and the atmosphere is lively. The players are seen running and hitting the ball, and the crowd is cheering and clapping. The video captures the excitement and energy of the match, with the players displaying their skills and the crowd enjoying the game.",Sports
7366561209996332320,"The video shows a person with long, dark hair wearing a white shirt. The person is sitting in a room with a yellow wall and a black TV in the background. The person is making various hand gestures, including pointing and touching their face. The person's facial expressions change throughout the video, indicating different emotions such as anger, frustration, and sadness. The video ends with the person looking down and away from the camera, with their hand on their face.",1. News
7334130841016274222,"The video features a black sports car parked in a parking lot. The car is sleek and has a low profile, with a prominent front grille and large alloy wheels. The background of the video is a typical parking lot scene, with trees and a fence visible in the distance. The video is overlaid with text that reads, ""I don't reverse park to look cool, a mf just can't park forward..."" This text suggests that the person filming the video is frustrated with their friends' parking habits. The video does not contain any additional information or context beyond the text and the visual of the car.",1. News
7380389929790033185,"The video features a series of dramatic and intense scenes from a video game, with characters engaged in combat and dramatic poses. The first scene shows a character in a blue outfit and another in a white dress, with the text ""The difference is obvious"" indicating a contrast between the two characters. The second scene shows a character in a blue outfit with a cape, with the text ""The difference is so obvious"" suggesting a comparison between the two characters. The third scene shows a character in a blue outfit with a cape, with the text ""The difference is so obvious"" again, indicating a comparison between the two characters. The fourth scene shows a character in a blue outfit with a cape",8. Entertainment & Shows
7343754603927850245,"The video is a series of images that appear to be from a movie or a video game, with a focus on a character who is holding a flag and appears to be in a state of excitement or triumph. The background is a mix of red and orange colors, suggesting a fiery or intense atmosphere. The text ""FREE PALESTINE"" is prominently displayed at the top of the images, indicating a theme of freedom or liberation. The character is wearing a dark-colored outfit, and there are other characters in the background, some of whom are also holding flags or other objects. The images are static, with no movement or action taking place.",1. News
7357827492289465646,"The video features a person wearing a white t-shirt with a cartoon character on it. The person is standing in a room with a refrigerator and a table in the background. The person is making various hand gestures and movements, possibly expressing frustration or annoyance. The text on the screen reads, ""I don't personally think this is a hot take but some people might if I never had to eat again like I could just survive without putting food in my body I would and before everybody in the comments no it's inconvenient grocery shopping inconvenient cooking inconvenient fucking sitting down eating a goddamn meal inconvenient dude I don't want to do it anymore like I don't want to decide, dude",1. Entertainment & Shows
7366736772253977889,"The video is a series of clips that discuss the potential impact of rising sea levels on Tuvalu, a small island nation in the Pacific. The video begins with an aerial view of Tuvalu, showing its coral islands and the surrounding ocean. It then transitions to a close-up of the ocean, with waves crashing against the shore. The video then shows a beach with a podium and flags, indicating a formal event. It then shows a map of Tuvalu, with the text ""The sea level in Tuvalu is now 15 cm higher than it was 30 years ago."" The video then shows a view of the ocean with a boat in the water,",1. News
7342750088902511915,"The video shows a person standing in a bathroom, taking a selfie with a phone. The person is wearing a black t-shirt and black shorts. The bathroom has a tiled floor and a mirror. The person is also wearing a blue wristband and has their hair tied back. The video ends with the person standing in front of a yellow sign that reads ""Go, go, go, go.""",1. Entertainment & Shows
7325461211653492010,"The video shows a person wearing a purple hoodie with the word ""Alicia"" on it. The person is standing in front of a door and talking to the camera. The person is also wearing a headband and has braided hair. The person is gesturing with their hands while talking. The person is also holding a phone in their hand.",13. Entertainment & Shows
7363144949442825518,"The video features a young woman with long blonde hair, wearing a black top with a graphic design. She is standing in a room with a white door in the background. The text overlay on the video reads, ""why is finding a girl friend no im not trying to fall in love with, im trying to fall in love with her."" The woman appears to be speaking directly to the camera, expressing her thoughts on the subject. The video does not contain any additional visual elements or actions beyond the woman's speech and the text overlay.",1. Entertainment & Shows
7375972216707484960,"The video is a series of frames showing a person in a white shirt standing in front of a screen with a list of Labour's policy steps for change. The person is holding a pen and pointing at the screen. The background features a British flag. The text on the screen reads: ""Thanks for the plug Rishi,"" followed by a list of policy steps, including:
1. Deliver economic stability
2. Cut NHS waiting times
3. Launch a new Border Security Command
4. Set up Great British Energy
5. Crackdown on illegal immigration
6. Recruit 6,500 new nurses
7. Recruit 6,500 new",Politics
7363604482355137799,"The video shows a person in a kitchen setting, surrounded by various items and appliances. The person is seen unpacking a box and placing it on the floor. They then use a tablet to search for deals on Amazon, with the text ""Ну нарешті та кухня стоїть. І для зручних і естетичних розкладань речей в шуфлядах я вже отримала частину органай",Entertainment & Shows
7341253553245408558,"The video features a woman in a light blue shirt with a floral pattern, standing in a room with a window in the background. She is holding a makeup product and appears to be explaining something. The text overlay on the video reads, ""So we bought a house for my entire family, but who's paying for it? Do I expect them to pay rent? Are my brothers going to move out when Jacob and I want babies? First, hi, my name is Maymay, and I haven't really talked a lot about this topic because I in no way expect you guys to understand. So first, who pays for our house? The answer is me and Jacob. The title is in our",1. News
7346960504490937642,"The video starts with a woman lying on a bed, wearing a white tank top. She is holding a phone and looking at it. The text on the screen reads, ""When you wanted you're engagement song so you could look at me ok."" The scene then transitions to a black and white photo of a car driving down a road, with the text ""JUST ME"" on the license plate. The video then shows a close-up of a woman's hand with a ring on it, followed by a man and a woman sitting in a convertible car, with the man holding the woman's hand. The video then shows a man and a woman on a sailboat, with the man",1. Entertainment & Shows
7203774185322188037,"The video begins with a person standing in front of a door, holding a piece of paper. The text on the screen reads ""Ich im 1. Lehjahr."" The person then walks into a room with a wooden floor and a gray rug, and the text changes to ""Ich im 1. Lehjahr."" The person continues to walk into the room, and the text changes to ""Ich im 1. Lehjahr."" The person then walks into a room with a wooden floor and a gray rug, and the text changes to ""Ich im 1. Lehjahr."" The person then walks into a room with a wooden floor and a gray rug",1. Entertainment & Shows
7324373228028300577,"The video is a humorous take on the challenges and realities of working in finance. It starts with a man walking down a street at night, with text overlays indicating the various things he needs to know before getting a job in finance. The video then transitions to a coffee shop, where the man is shown with a coffee cup, followed by a close-up of a coffee machine. The next scene shows the man in an office, working on a computer, with text overlays indicating the challenges of working in finance. The video then shows the man walking through a subway station, with text overlays indicating the challenges of working in finance. The video ends with the man walking down a street at night",1. News
7404376866108312865,"The video shows a group of people, including a man in a wheelchair, being escorted by police officers in a city at night. The scene is chaotic, with people running and shouting. The video then cuts to a man in a denim jacket sitting outside a building, talking to the camera. The final scene shows a woman in a white shirt standing in front of a building, also talking to the camera. The video ends with a black screen, indicating a transition or a pause in the narrative.",Travel & Events
7379002112652660014,"The video features a person wearing a white shirt with a graphic design, standing in front of a window with blinds. The person is holding a necklace with the name ""RITANA"" written on it. The necklace is displayed on a white card with the text ""Fashion Jewelry"" and a logo. The person appears to be expressing gratitude to someone named Sarah, as indicated by the text on the card. The video concludes with a close-up of the necklace on the card, emphasizing the name ""RITANA"".",1. News
7394618529569344811,"The video features a series of political speeches and interviews, focusing on the transition of power and the upcoming presidential election. It begins with a woman in a light blue shirt standing in front of a backdrop with the American flag and the text ""DELEGATE."" She is speaking, and the video captures her from different angles, showing her from the front, side, and back. The timestamp ""7/22/24"" is visible in the top right corner, indicating the date of the video.

The scene then shifts to a man in a dark suit and blue tie, also speaking at a podium with multiple microphones. The backdrop features the text ""KAMALA"" and",2. Politics
7366286242406829345,A man in a gray hoodie is standing in an office and playing a DJ controller. He is wearing a black shirt and has a microphone in his hand. He is playing music on the controller.,"Music, Singing, & Dancing"
7325205573941710111,"The video begins with a person sitting in a room, wearing a black t-shirt with a graphic on it. The room has a dresser with a mirror above it, and a door in the background. The person is speaking, and the text ""Reply to Lisa Mae's comment hanging around for the ghost hunting"" appears at the top of the screen. The person continues to speak, and the text ""30. Haid it reodding for the ghost hunting"" appears at the bottom of the screen. The person then says ""I decided to delete it"" and the text ""stay tuned"" appears at the bottom of the screen. The person continues to speak, and the text",Entertainment & Shows
7352304151897951521,"The video starts with a person standing in a living room, wearing a black shirt and red pants. The room has a large window, a chandelier, and a rug on the floor. The person is holding a pair of shoes and appears to be talking to the camera. The scene then transitions to a close-up of a shoe rack filled with various shoes. The person is seen sitting on the floor, surrounded by the shoes, and continues to talk to the camera. The video ends with the person standing up and walking away from the camera.",Entertainment & Shows
7365063366907333921,"The video showcases a breathtaking view of a city skyline at sunset. The sky is painted with hues of pink, purple, and orange, creating a stunning backdrop for the city's illuminated buildings. The city's lights reflect off the water, adding to the beauty of the scene. The video captures the city's skyline from a distance, allowing viewers to appreciate the architectural details and the city's layout. The video also includes a voice-over that repeats the phrase ""I'm the way you are, I'm the way you are, I'm the way you are,"" which could be a part of a song or a motivational message.",1. News
7346235933882076448,"The video shows a man in a green hoodie and blue jeans using a blue mechanical device to work on a wooden post in a field. He is seen bending over and using the device to work on the post, which is surrounded by a dirt ground and trees in the background.",1. Sports
7305148019727420718,"The video is a series of frames from a movie called ""Watcher"". The first frame shows a woman with long black hair, wearing a white turtleneck and a brown coat, standing in front of a movie poster. The poster features a woman with long blonde hair, wearing a red dress, and the text ""WATCHER"" and ""EVIL WANTS TO BE SEEN"" at the top. The second frame shows a woman with short blonde hair, wearing a brown coat, standing in front of a movie poster. The poster features a woman with long blonde hair, wearing a red dress, and the text ""WATCHER"" and ""EVIL W",8. Entertainment & Shows
7395252325104766216,"The video is a series of frames from a first-person shooter game, likely Counter-Strike, where the player is in a virtual environment resembling a war-torn city. The player is holding a sniper rifle and aiming at a target. The environment is a desolate urban setting with buildings and debris scattered around. The player's character is a cat with a green helmet and a sniper rifle. The cat's face is superimposed onto the player's character, giving the impression that the player is a cat. The cat's face is also superimposed onto the sniper rifle, making it appear as if the player is holding a sniper rifle with a cat's face",01
7354853011887312160,The video shows a group of people sitting at a table with pizza in front of them. One person is wearing a blue hoodie and is eating a slice of pizza. The other people are watching him. The person in the blue hoodie is saying something about pineapple not belonging on pizza. The video ends with the person in the blue hoodie eating the rest of the pizza.,Entertainment & Shows
7355938811429260550,The video shows a person wearing headphones and reacting to a song. The person is eating chips and talking about how the song makes them feel. The video is a commentary on the song's lyrics and the person's reaction to them.,"3. Music, Singing, & D"
7363655590524226862,"The video shows a person sitting at a desk with a computer and a keyboard in front of them. The person is wearing a dark shirt with the words ""LOVE HOPE CURVE"" written on it. The background is lit with blue and purple lights, and there is a neon sign visible. The person is talking about why Discord is still using Discord. The video also shows a screenshot of a Discord chat window with a message from a user named ""Spy.Pet"" and a link to a backup website. The video also shows a screenshot of a YouTube channel with a message from a user named ""Spy.Pet"" and a link to a backup website.",1. News
7337977691611696417,"The video shows a person driving a car, wearing a white sweater and a seatbelt. The person is making hand gestures and talking to the camera. The car is driving through a city street with buildings and other cars visible through the windows.",1. News
7335864619187146016,"The video is a series of maps and images that compare the population and geography of Wyoming and Colorado. It starts with a map of the United States, highlighting the states of Wyoming and Colorado, and the text ""Why Wyoming Is 'Epiphy' And Colorado Is Not"" is displayed. The video then shows a map of the Rocky Mountains, with the text ""Why so many people live in Colorado and not Wyoming"" and ""Part 3"". It continues with a map of the Rocky Mountains, with the text ""Robust Economy"" and ""Part 3"". The video then shows a map of the Yellowstone Plateau, with the text ""Wyoming's O'Nine Four Year U",1. News
7356565580603870497,"The video features a series of individuals in a professional setting, likely a radio or podcast studio, discussing various topics. The first individual, dressed in a dark suit, is seen speaking into a microphone. The text overlay on the screen reads, ""Upwell wyll ysall acrith a psychonther a rath a psychonther a psychonther a psychonther a psychonther a psychonther a psychonther a psychonther a psychonther a psychonther a psychonther a psychonther a psychonther a psychonther a psychonther a psychonther a psychonther a psychonther a psychonther a",1. News
7407322364309949728,"The video shows a group of people performing on stage. They are dressed in casual clothing and are dancing energetically. The stage is brightly lit with colorful lights, and the background features a large screen with a pink and blue design. The performers are moving in sync with each other, and the audience can be seen in the foreground, watching the performance. The video also includes a text overlay that reads ""I don't wanna die Before we love, we love, this feeling, babe Cause it's enough, enough, can't be this way Before we love, we love, this feeling, babe I love it, I like it, but I don't wanna die Ooh,","3. Music, Singing, & D"
7395058028594122014,"The video features a series of individuals in different settings, each with a caption that appears on the screen. The captions suggest that the individuals are discussing the importance of the election and the issues involved. The video also includes a transition to a different setting, where a person is seen standing in a store aisle, wearing a white t-shirt and black shorts. The video concludes with a person standing in a room, wearing a blue t-shirt with the number 2 on it, and a skeleton figure in the background.",Politics
7357035995667107114,"The video shows a woman in a black shirt and blue jeans standing in front of a counter in a restaurant. She is holding a drink in her hand and appears to be talking to someone off-camera. The counter has a variety of drinks and snacks on it, including a drink with a straw and a cup of fruit. The woman then walks away from the counter and sits down at a table. She is wearing a red shirt and appears to be talking to someone off-camera. The video ends with the woman sitting at the table, looking at her drink.",Entertainment & Shows
7322958700291853614,"The video is a compilation of various segments from a news broadcast, featuring different individuals and topics. The first segment shows a close-up of a person's face with the text ""What was Trump asked about?"" in bold red and yellow letters. The second segment features a man in a suit and tie speaking at a podium with the text ""FOX NEWS DEMOCRACY"" displayed on the screen. The third segment shows a man in a suit and tie speaking at a podium with the text ""FOX NEWS DEMOCRACY"" displayed on the screen. The fourth segment shows a man in a suit and tie speaking at a podium with the text",Politics
7333721172363922734,"The video shows a man in a blue shirt and khaki pants standing in front of a black Toyota car. He is wearing sunglasses and a blue jacket. The man is dancing and moving his arms around. The background shows other cars and a building. The text ""Toyota coulver"" is displayed at the top of the video.",1. News
7320342127790148907,"The video depicts a series of interactions between a police officer and a person in a blue uniform, likely a sergeant, in a room with blue lockers. The officer, identified as ""SILVERTHORNE COLORADO - FINAL AMENDMENT AUTO AMAGANESET PRESS,"" is seen standing in front of the lockers, gesturing and speaking to the person in the blue uniform. The person in the blue uniform appears to be listening and responding to the officer. The video includes text overlays that suggest the officer is explaining something important, possibly related to the officer's rights or the situation at hand. The officer is seen making hand gestures and",News
7287998089279917345,"The video is a tutorial on how to save money by shopping on Amazon, specifically during Prime Day. It starts with a person standing on a sidewalk, talking about the benefits of shopping on Amazon. The person then shows a laptop screen displaying the Amazon website, with various products listed in different categories. The text on the screen explains that every product on Amazon is discounted at least 25% because of Amazon's requirements for sellers to list in the outlet section. The person advises viewers to check the Amazon Outlet for discounted items, and to save money during Prime Day. The video concludes with the person continuing to talk about the benefits of shopping on Amazon.",1. News
7340766599860849926,"The video shows a man in a military uniform standing at a podium, speaking into a microphone. He is wearing a dark blue uniform with various medals and insignia on the left side of his chest. The background features a large sign with the words ""THE PENTAGON WASHINGTON"" and a building with a dome. The man appears to be giving a speech or statement, as indicated by the text overlay on the video. The video also includes a text overlay that reads ""Trick Ryder J.S.A. U.S. Air Force Brigadier General"" and ""Global News"" in the top right corner.",Politics
7324688586807201070,"The video shows a young woman sitting in a classroom, wearing a white sweater and a beige scarf. She is looking at a piece of paper in front of her. The background shows a window with blinds, a bulletin board with various papers and notes, and a shelf with books and other items. The text overlay on the video reads ""Special Ed teacher trying to figure out whether their student is crying."" The woman appears to be in a classroom setting, possibly teaching or discussing something related to the student's emotional state.",1. News
7195058735914519809,"The video shows a large building being demolished by a crane. The crane lifts the building, and it collapses, causing a massive cloud of dust and debris to rise into the air. The demolition is taking place in an urban area, with other buildings visible in the background. The video captures the demolition from different angles, including a close-up of the crane and a wider view of the demolition site. The video concludes with a view of the city skyline, with the dust cloud still visible in the foreground.",1. News
7360854136440540459,"The video depicts a series of interactions between two men in a room, with one man speaking to the other. The text overlays on the video suggest that the man speaking is trying to convey a message to the other man, who is not responding. The text also implies that the man speaking is trying to get the other man to do something, possibly related to a checkbook. The video ends with the text ""HUELL"" appearing on the screen, which could be the name of the man speaking or the name of the character in the video.",1. Entertainment & Shows
7408631372044111135,"The video shows a person holding a cat with a bandage on its leg. The cat is lying on a white surface. The person is also holding another cat, which is orange. The person is wearing a tattoo on their hand. The video also shows a person holding a cat with a bandage on its leg. The cat is lying on a white surface. The person is also holding another cat, which is orange. The person is wearing a tattoo on their hand. The video also shows a person holding a cat with a bandage on its leg. The cat is lying on a white surface. The person is also holding another cat, which is orange. The person is wearing a tattoo on their hand.",Pets & Animals
7383460841204534534,"The video showcases a series of woodworking tasks, starting with a close-up of a wooden block with a small metal screw embedded in it. A green-handled tool is used to remove the screw, followed by a hand holding a sharp tool, possibly a chisel or a knife, to further refine the wood. The process is repeated with a different tool, a grinder, to sharpen the metal screw. The video concludes with a close-up of the wood block with the metal screw now sharpened and ready for use.",Science & Technology
7340748820130647326,"The video shows a group of people sitting at a table in an office setting. One person is holding a sandwich and another person is holding a phone. The video is discussing California's new $20 minimum wage for fast food restaurants, with a specific exemption for Panera Bread. One person asks why there is a specific exemption for Panera Bread, and another person responds that it is because one of the company's longtime donors, Glenn Flynn, owns two dozen Panera Bread locations in California and has been a critic of the $20 minimum wage. The video also mentions that Glenn Flynn is a donor to Gavin Newsom, the governor of California.",1. News
7289539647825382698,"The video features a person in a kitchen, wearing a peach-colored shirt and dark shorts, dancing energetically. The person is surrounded by various kitchen items, including a stove and a refrigerator. The text overlay on the video reads, ""Me, with 0% Palestinian blowdown, withstanding the 10 pesetas of Palestine."" The person's movements are animated, and they appear to be enjoying themselves.",1. News
7390878944012045598,"The video is a series of clips from a game called ""Roblox,"" where players compete in a fashion challenge. The first clip shows a player in a green outfit with a camouflage pattern, standing in a room with a window in the background. The player is wearing a headset and is seen reacting to the game. The second clip shows a player in a black outfit with a crown, standing in a room with a window in the background. The player is wearing a headset and is seen reacting to the game. The third clip shows a player in a green outfit with a camouflage pattern, standing in a room with a window in the background. The player is wearing a headset and is",9. Entertainment & Shows
7390133152670420266,"The video features a person standing in a room with a wooden dresser and various items on it. The person is wearing a black shirt with a graphic design and has long hair. They are also wearing a necklace and hoop earrings. The room has a dark background with some light sources visible. The person appears to be speaking or singing, as indicated by the audio.",1. News
7373916497896377617,"The video begins with a close-up of a slice of a chocolate cake, which is made with a graham cracker crust. The cake is topped with a layer of creamy white frosting and is decorated with a few pieces of the graham cracker crust. The scene transitions to a close-up of a bowl filled with a brown mixture, which is likely the frosting. A hand is seen mixing the frosting with a whisk, creating a smooth and creamy texture. The video then shows a close-up of a hand holding a spoon, which is used to spread the frosting onto the cake. The frosting is spread evenly over the cake, covering the entire surface. The",7. Food
7303250453079280927,"The video is a promotional video for an airline pass that allows you to travel to four destinations: Tahiti, Paris, Auckland, and Tokyo. The pass costs $1,525 and can be purchased through the website. The video also includes a disclaimer that the pass is only available for purchase through the website and that there are only 250 passes available. The video encourages viewers to act quickly if they want to purchase the pass.",Travel & Events
7330776298576514347,"The video features two individuals sitting at a table with a large, colorful, and interactive game board in front of them. The game board has various sections with different colored backgrounds and text. The individuals are holding cards with words on them, and they are using a spinner to determine which word to choose. The words on the cards include ""Eyes,"" ""Invention of the telephone,"" ""The Beatles,"" and ""The Eagles."" The individuals are engaged in a playful and competitive activity, with the person on the left pointing at the spinner and the person on the right holding up a card. The video captures the excitement and fun of the game, with the individuals laughing and smiling as",Entertainment & Shows
7386716685945900320,"The video shows a man in a suit and tie standing in front of a crowd of people. He is holding a camera and appears to be taking a photo or video of the crowd. The crowd is seated in green chairs and appears to be watching something. The man in the suit is then seen walking away from the crowd, and the crowd continues to watch him.",1. News
7390820226562084139,"The video shows a group of cartoon characters standing in the rain, holding umbrellas. One character, a bear, is talking to another character, a girl with a yellow dress. The bear is trying to explain something to the girl, but she is not listening. The bear says, ""I thought these people were my friends. Little did I know, I was swimming with a pack of thieves."" The girl looks angry and frustrated. The bear then says, ""Calm down, DW. Someone probably put it in the lost and found. We'll have to come back Monday. The office is closed. But today's Saturday. That's almost two whole days away."" The girl looks even",Film & Animation
7361435694725696810,"The video is a series of clips from a live concert, with the performer addressing the audience. The performer is wearing a blue and pink outfit and is seen interacting with the crowd. The audience is shown in the background, with some people sitting and others standing. The performer is also seen holding a microphone and singing into it. The video also includes text overlays that provide commentary on the performance and the performer's message to the audience. The text overlays include phrases such as ""Every headline show I make my VIP pledge to be a friend to anyone who came alone to show what night,"" ""Is if every single person in the room, or I guess we're outside, so whatever the f","3. Music, Singing, & D"
7317028968568343850,"The video is a series of clips showing different ways to talk to girls. The first clip shows a person using a drill to cut a piece of wood, with the text ""how do I talk to girls I'm shy?"" displayed at the top. The second clip shows a person using a green tool to cut a piece of wood, with the text ""if you wanna"" displayed at the top. The third clip shows a person using a wooden block to cut a piece of wood, with the text ""that when you"" displayed at the top. The fourth clip shows a person using a metal tool to cut a piece of wood, with the text ""that when you"" displayed at the top",1. News
7393735339996712225,"The video features a person wearing a white and blue striped shirt with a blue collar, standing in front of a door. The person is holding a phone and appears to be speaking, as indicated by their hand gestures and facial expressions. The background is a plain wall with a door visible. The person is seen making various hand gestures, including pointing and holding their hand up to their face, which suggests they are explaining or discussing something. The video also includes text overlays in Spanish, which appear to be part of the person's speech. The text reads ""QUAND ON A 11 DE VUE LE \""M\"" VENTE E \""MILLION\"" MASQUAND ON A",1. News
7286953369133174062,"The video shows a man in a yellow jacket and black pants standing on a street with a large black and white parachute attached to him. He is holding onto the parachute and preparing to take off. The background features a road, trees, and mountains. As he begins to lift off, the parachute starts to inflate, and he starts to float in the air. The video ends with him still floating in the air, with the parachute fully inflated.",Sports
7210197949433892142,"The video showcases a picturesque beach scene with a clear blue sky and calm ocean waters. The beach is bustling with people enjoying the sunny weather, with some lounging on beach chairs and others walking along the shore. The beach is lined with umbrellas and beach towels, indicating a popular spot for relaxation and sunbathing. The video is overlaid with text in Italian, providing a list of the beach's favorite attributes, such as its ""iconic and icy"" nature, its ""reasonable"" food options, and its ""delicious"" umbrellas. The text also mentions the beach's ""great peachy bellies"" and its ""reasonable"" prices. The video concludes",Favorite beach in Capri
7317451980497046826,"The video is a compilation of morbid facts about the Church of Scientology. It features a series of images and text that highlight the dark side of the organization. The first image shows a man in a suit and tie, with the text ""Morbid Scientology Facts"" at the top. The second image shows a woman in a black dress, with the text ""Scientology has been accused of covering up child abuse."" The third image shows a man in a suit and tie, with the text ""Scientology has been accused of covering up child abuse."" The fourth image shows a woman in a black dress, with the text ""Scientology has been accused of covering up child abuse."" The fifth",1. News
7346304747646848288,A group of people are shopping in a grocery store. They are looking at the shelves for items to buy. One person is holding a box of cookies. The video shows a person in a blue jacket standing in front of a shelf.,Entertainment & Shows
7357381570371603717,"The video shows a group of people dancing in a room. One person is wearing a white shirt and a brown jacket, while another is wearing a black and white dress. The person in the brown jacket is talking to the camera and using hand gestures to emphasize their points. The video ends with a close-up of the person in the brown jacket, who is wearing a name tag that reads ""Bradley.""",1. News
7319635608945675528,"The video shows a young man performing a dance routine on a stage. He is wearing a white sweatshirt with a cat design, black and white striped pants, and red sneakers. The stage is lit with purple lights, and there are other people in the background, some of whom are watching the performance. The man is moving his arms and legs in various ways, and at one point, he is seen bending down and picking something up from the floor.",3
7288048371019926814,"The video shows a woman standing outside in a cold environment, wearing a white shirt and a necklace. She is holding a thermometer and appears to be measuring the temperature. The background is a wooden deck with a white railing. The woman is wearing a ring on her finger.",1. News
7302492057975688490,"The video features a person wearing a tie-dye tank top with a watermelon pattern. The person is standing in front of a white wall with a ceiling fan. The person is wearing a pair of glasses on their head. The video includes text overlays that read ""From the river to the sea"" and ""From the river to the sea."" The person is also wearing a necklace with a watermelon pendant.",1. News
7289320054347468078,"The video features a person sitting at a desk with a laptop, wearing a dark shirt. The background includes a painting with a red and orange color scheme. The person is speaking and gesturing with their hands, and there is text overlaid on the video that reads, ""Hakeem Jeffries will expel Republicans."" The person continues to speak and gesture, and the text remains on the screen. The video ends with the person still speaking and gesturing, with the text ""Hakeem Jeffries will expel Republicans"" still visible.",Entertainment & Shows
7346011922946510126,"The video features a person wearing a brown hoodie and a backpack, standing outdoors with trees and a street sign in the background. The person is seen speaking and gesturing with their hands. The video includes text overlays that provide commentary on the person's actions and the political context. The text mentions a political candidate, RFK Jr., and his potential vice presidential running mate, Aaron Rodgers. It also discusses the candidate's lack of experience and his views on conspiracy theories. The video concludes with the person continuing to speak and gesture, with the text overlay remaining on the screen.",Politics
7366304208150121774,"The video features a series of individuals making heart shapes with their hands in front of their faces. Each person is wearing a different outfit and has a different hairstyle. The video is set in a room with various objects, including a plant, a painting, and a shelf. The text on the screen changes to indicate the year each person was born, with the year being displayed in a white font. The video appears to be a montage of different people making heart shapes with their hands, with the text indicating the year each person was born.",Entertainment & Shows
7360733570232552710,"The video features a person standing outdoors, holding a large, black, decorative clock with the word ""КУРАЕНИЯ"" (Ukraine) written on it. The clock has Roman numerals and is adorned with gold accents. The person is dressed in a black shirt and light blue jeans. The background is a park with trees and a paved path. The video includes text overlays in Russian, providing contact information and a website for the clock. The person appears to be showcasing the clock, possibly for sale or as a decorative piece.","1. Music, Singing, & D"
7369576124948548897,"The video shows a dog wearing a red shirt with a logo on it. The dog is standing in a grassy field and appears to be barking or growling. The text in the video is in Russian and appears to be a translation of the dog's actions. The text reads ""Когда он пытается забрать тубики с подругок"" which translates to ""When he tries to grab the girl's hair with a friend"". The dog is shown in various stages of barking and growling, with the text changing to reflect the dog's actions. The video appears to be a humorous take",7. Pets & Animals
7393839173922327841,"A map of the United States is shown with a blue and red color scheme. The blue color represents the states that voted for Joe Biden, while the red color represents the states that voted for Donald Trump. The map is labeled ""Yapms"" in the top left corner.",Politics
7388205937036725537,"The video shows a person wearing a blue and white jacket with the word ""Supacell"" on it. The person is driving a car and appears to be trying to activate their Supacell power. The person is seen looking at the dashboard and the steering wheel, and they are wearing a seatbelt. The background of the video is a dark interior of the car.",1. News
7362611852360174881,"The video begins with a black screen displaying the text ""4TO ЛОБОВЬ БЫЛА ПЕРЕСТРЕЛКИ ДУШ"" in white, pixelated font. The scene then transitions to a dark, nighttime setting with a cityscape in the background. The text ""НЕ БУДЕТ ПОДПИСАТЬСЯ В ПОДПИС�",1. News
7368846954471640362,"The video features a person with long red hair wearing a black sweatshirt with green text. The person is standing in a kitchen with white cabinets and a refrigerator in the background. The person is speaking and gesturing with their hands, and the video includes text overlays that discuss the importance of solidarity and the intersection of activism with class and race. The video also includes a quote from Dylan Mulvaney, who is criticized for not understanding the intersectionality of activism among oppressed people. The video ends with a call to action for viewers to stop following influencers who prioritize fame and money over activism and solidarity.",1. News
7108772250320473349,"The video showcases various activities and attractions in the Greek island of Paros. It begins with a person standing in front of a scenic view of the island, with the text ""Paros 5 out of the box activities!"" displayed at the top. The person is wearing a red and white striped shirt and appears to be speaking. The video then transitions to a series of images, each accompanied by a text description of a different activity. The first image shows a person with the text ""Have a meal in the traditional village of Lefkest. From Lefkest you can make a 3.5 kilometer hike on the old Byzantine road which leads to the even more traditional village of Prodrom",Travel & Events
7349908267742743854,"The video features a person wearing a red shirt with a black design, speaking into a microphone. The background includes shelves with various items, such as books and decorative objects. The text overlay on the video reads ""Trump works againstin is legal team in Presidenta Immunity claim!"" and ""Donald Trump has destroyed his immunity claim. In one post on Truth Social, Donald Trump did all the work for Jack Smith and the prosecution and made the work of his defense team that much harder. This case, as do various highly respected legal scholars, that crooked Joe Biden has long since crossed over that very sacred threshold, unquote."" The person in the video is discussing the legal implications of Donald Trump's",Politics
7273897683918621994,"The video begins with a group of football players in yellow and black uniforms, with one player wearing a helmet with the name ""McCarthy"" on it. The players are standing in a stadium, with a crowd of spectators in the background. The scene then transitions to a close-up of a player in a white and yellow uniform, holding a football. The player is then seen running on the field, with other players in red and white uniforms in the background. The video then shows a player in a white and yellow uniform catching a football, with a crowd of spectators in the background. The final scene shows a player in a white and yellow uniform running on the field, with other players in",Sports
7374631394108181806,"The video shows a young woman standing in a bedroom, talking about her life. She mentions that her husband was brought to the USA when she was a baby, and he became a DREAMER at age 19. She got married in 2017, and her daughter was born in 2020. She left the USA for her husband's job in Mexico, but she has been living in the USA since 2018. She has been traveling to Mexico every 4-8 weeks to see her daughter. The video also shows the woman packing, as she is preparing to move to Mexico.",1. News
7285324334934035745,"The video shows a man in a gym, wearing a black shirt, bending over a machine. He is surrounded by people, some of whom are watching him. The man is then seen lying on the machine, with his head on the floor. The video ends with the man standing up and walking away.",1. News
7374137745364602155,"The video features a woman in a pink jacket and a man in a black shirt inside a car. The woman is speaking, and the man is listening. The text overlay reads ""Mom - Date someone who wants you... Not my type."" The woman then gestures with her hand, possibly emphasizing her point. The man continues to listen attentively. The video does not show any other significant actions or movements.",1. News
7345205332383108394,"The video shows a series of scenes from Haiti, with text overlays indicating various events and situations. It begins with a view of the Earth from space, with the text ""MARINES DEPLOYED"" indicating the deployment of U.S. Marines to Haiti. The scene then shifts to a view of Haiti's capital, with the text ""HATI'S CAPITAL"" indicating the location. The next scene shows a crowded street with people carrying large loads on their heads, with the text ""HAS RULED OUT"" indicating a decision or rule. The scene then shifts to a view of a large number of tents, with the text ""TO COMMIT"" indicating",1. News
7335427690708651272,"The video features a person wearing a white sweater with black trim and blue jeans, standing on a city street. The person is holding a microphone and appears to be speaking to the camera. The background shows a busy street with people walking by. The person is also wearing a necklace and has short hair. The video includes text overlays that read ""think makes,"" ""nowhere,"" ""people,"" and ""I'm older, I'm."" The person seems to be discussing the concept of personal bubble and social environment in Korea.",1. News
7366011789085035809,A man in a suit and tie is standing at a podium on a stage. He is holding a cane and speaking into a microphone. There is another man standing next to him. The stage is decorated with blue and white lights.,Politics
7383627859803393313,"The video features a man in a white polo shirt sitting at a desk in an office setting. The man is speaking and gesturing with his hands. The background shows a computer monitor and some papers on the desk. The text in the video is in yellow and appears to be in French. The text changes throughout the video, indicating different points or statements being made by the man.",Politics
7362157037511396613,"A woman is unpacking a large box of beauty products from a shipping container in a living room. She is wearing a black shirt and has long hair. The box is filled with various beauty products, including skincare items and hair care products. The woman is excited to receive the products and is looking forward to using them. She is also excited to receive a free product from the shipping company. The video ends with the woman holding up a product from the box, showing it to the camera.",Beauty Care
7346042702347406638,"The video is a series of scenes showing a person interacting with various people and places. The person is seen sitting on a rooftop in a city with red-tiled roofs, then at an airport, in a forest, on a swing, and in a room. They are also seen in a car, on a bus, and in a store. The person is wearing different outfits in each scene, and the text overlays the video with messages such as ""I met the most amazing girl last year. Is it me? That's Anya, that's just my best friend. You're number one in my heart. I'm pretty sure everyone knows that last year I met a girl at the",1. Entertainment & Shows
7362203819721166123,"The video shows a group of people protesting in front of a building, holding signs and chanting slogans. The signs read ""Pro-Palestinian protests spread to even more college campuses"" and ""We love the students of Harvard University."" The protesters are dressed in casual clothing and are holding up their signs. The video also shows a group of children holding signs and chanting slogans, with one sign reading ""We love the students of Harvard University."" The children are dressed in casual clothing and are holding up their signs. The video concludes with a group of people standing in front of a building, holding signs and chanting slogans. The signs read ""We love the students of Harvard University"" and ""We hear you",1. News
7389277272009690401,"The video begins with a boat named ""BF HURRICANE"" navigating through icy waters, with the text ""FIRST MIGRANTS SINCE ELECTION"" overlaid. The scene transitions to a dock where the boat is being unloaded, with the text ""New home secretary, Cooper, is currently the Border Security Command"" appearing. The video then shows a large container ship docked at a port, with the text ""Number 0 has warned of a challenging journey ahead"" displayed. The final scene shows a busy port with various vehicles and containers, with the text ""sky news"" visible in the top left corner.",1. News
7315533802409839914,"The video features a person with long blonde hair, wearing a dark jacket, standing in a room with a plant in the background. The person is seen gesturing with their hands while speaking, and the text overlays the video with various statements. The first statement reads, ""Bill Maher a weknln Islamophobe,"" followed by, ""and the suffocating occupation."" The next statement is, ""why would he disrupt his Islamophobic rhetoric with the truth,"" and the final statement is, ""all sources in the comments."" The person continues to speak, and the text overlay changes to, ""sickness and disease,"" and then to, ""left women with no right."" The",Politics
7355525427160452385,"The video features a woman performing on stage, wearing a black outfit and a hat. She is holding a microphone and singing into it. The background is a large crowd of people, some of whom are taking pictures or videos with their phones. The text overlay on the video reads ""When Beyoncé points at you in the crowd."" The woman appears to be performing for the crowd, and the text suggests that she is being recognized or admired by the audience.","3. Music, Singing, & D"
7368383778034601249,"The video shows a computer screen with a 3D model of a room. The room has a desk, a chair, and a bin. The desk has a computer on it. The bin is labeled ""Recycle Bin"". The computer screen is showing a 3D model of a room. The room has a desk, a chair, and a bin. The desk has a computer on it. The bin is labeled ""Recycle Bin"". The computer screen is showing a 3D model of a room. The room has a desk, a chair, and a bin. The desk has a computer on it. The bin is labeled ""Recycle Bin"". The computer screen is showing a",1. News
7386720277557742880,"The video showcases a gymnastics competition where a gymnast performs a series of flips and jumps on a blue and orange mat. The gymnast, wearing a blue and yellow leotard, executes a series of flips and jumps, demonstrating her athleticism and skill. The gymnasium is filled with spectators, and the gymnast's performance is well-received by the audience.",Sports
7297944147648924961,"The video showcases the process of making Slow Cooker French Onion Soup. It begins with a close-up of a white ceramic pot filled with sliced onions being poured into it. The text ""10 Onions Or 1/2 lb"" appears, indicating the amount of onions used. The onions are then seasoned with salt and garlic powder, followed by the addition of beef stock. The soup is cooked on high for 8-10 hours, resulting in a rich, flavorful broth. The final step is to add bread, cheese, and top the soup with more cheese. The video concludes with a close-up of a hand holding a slice of the finished soup, highlighting its delicious",17. Food
7400109280008867114,"The video features a person wearing a white t-shirt with blue and red text that reads ""HARRIS FOR PRESIDENT"" and a gold necklace. The person is sitting on a bed in a room with a white wall and a lamp in the background. The person is speaking and gesturing with their hands, and the text ""DEMOCRATS MUST CHECK/VOTER REGISTRATION STATUS"" appears at the top of the screen in blue and red. The person continues to speak and gesture, and the text ""I don't care if you've been a registered Democrat for 20 years. I don't care if you just got your license",Politics
7331415226442730757,"The video captures a lively and energetic performance by a group of individuals on a stage. The stage is adorned with vibrant lighting and a large screen displaying the text ""도아몬드"" (Dream). The performers are dressed in colorful and eclectic outfits, adding to the vibrant atmosphere. They are seen dancing and moving energetically, with some individuals holding microphones and others engaging in synchronized movements. The crowd in the background is visible, indicating that the performance is taking place in a public setting. The overall mood of the video is one of excitement and celebration, as the performers engage with the audience and each other.","Music, Singing, & Dancing"
7307346522234998049,"The video features a woman sitting on a white couch in a living room. She is wearing a dark blue shirt and has long dark hair. The background is a simple, neutral color with a white wall and a white chair. The woman is speaking, and the text overlay on the screen reads, ""me when someone asks why I love to watch The Kardashians."" The woman appears to be talking about her love for the show, and the text overlay suggests that she is sharing her thoughts on why she enjoys watching it.",8. Entertainment & Shows
7362216509206236449,"The video showcases a person's shopping trip, starting with them holding a package of ""Spa Moments"" bath bombs. They then move to a shelf stocked with various items, including snacks and snacks, and a bottle of ""Bullseye"" sauce. The person continues to browse through the items, eventually selecting a bottle of ""Bullseye"" sauce. The video ends with the person holding a bottle of ""Bullseye"" sauce, with the text ""War EINIMAL in Backfieber seit 10 Jahren"" (I've been allergic to backfire for 10 years) displayed on the screen.",1. News
7396760829498002720,"The video features a woman with long, wavy blonde hair, wearing a white top, standing in front of a bookshelf filled with various books. She is speaking directly to the camera, using hand gestures to emphasize her points. The text overlays on the video provide context to her speech, which discusses her decision to not buy new books and instead reuse old ones. She explains that she has already read the books she wants to keep, so she doesn't need to buy new ones. She also mentions that she has a Kindle and doesn't need to buy new books for that purpose. The video concludes with her expressing her frustration at the idea of buying new books, as she believes it's",Entertainment & Shows
7343145915886193926,"The video shows a man and a woman standing on a cobblestone street at night. The man is wearing a red jacket and blue jeans, while the woman is dressed in a black leather jacket and brown pants. They are engaged in a conversation, with the man holding a microphone and the woman holding a small object. The background features a building with a sign that reads ""МИСТЕРИ"" (Master). The scene then transitions to a wider shot, showing the man and woman standing in front of a crowd of people. The man is holding a microphone and the woman is holding a small object. The background features a building with a sign that",Entertainment & Shows
7368596585594359083,"The video is a news report about the German far-right party Alternative for Germany (AfD) and its controversial stance on immigration. It begins with a man in a studio discussing the topic, with the text ""INTERNATIONAL"" displayed at the top. The scene then shifts to a large crowd of people in a public square, with the text ""JUST HAPPENED"" at the top. The video then shows a sign with the text ""ANTI-IMMIGRATION"" and a German flag, with the text ""GERMANY'S FAR-RIGHT AFD IS OVERTURNING EUROPEAN DEMOCRACY TO UPS",Politics
7395305751469772075,"The video shows a woman sitting in the driver's seat of a car, wearing a purple top and a necklace. She is talking to the camera and appears to be engaged in a conversation. The video also includes text overlays that suggest she is discussing a political issue, specifically voting for Trump or Harris. The woman is seen gesturing with her hands as she speaks, and the background shows the interior of the car and some greenery outside.",1. News
7278695690522348843,"The video features a person wearing a green hoodie with a graphic on it, sitting in an airplane. The person is speaking and gesturing with their hands. The background shows the interior of the airplane, with seats and overhead compartments visible. The person is also wearing a ring on their left hand. The video includes text overlays with emojis and a search bar at the top of the screen. The text overlays read ""PEOPLE ARE MAD AT MR BEAST FOR FLYING ECONOMY? 😂😂😂😂😂😂😂😂😂😂😂�",1. Entertainment & Shows
7344030729531067680,"The video features a man in a suit and tie, holding a microphone, interviewing another man in a suit and tie. The interview takes place in various locations, including an outdoor setting and an indoor setting. The man in the suit and tie is being interviewed by a woman in a black coat and a leopard print scarf. The interviewer asks questions, and the interviewee responds. The video also includes text overlays with German phrases such as ""Fabian Köstermittnen Politiker HopPart30,"" ""aber inhaltlich finden sie ja sogar,"" and ""da gibts wieder da."" The video seems to be a commentary on",Politics
7395616033127648554,The video shows a woman in a black outfit standing in a room. She is holding a pair of pants and talking to the camera. The room has a bed and a mirror. The woman is wearing a black shirt and black pants. She is talking about her belly fat and how it was stubborn. She is also talking about her belly fat being stubborn.,13. Beauty Care
7347525697591725355,"The video features a person wearing a green shirt with the text ""I AM THE KING OF THE WORLD"" on it. The person is standing in front of a bush with red flowers and a building in the background. The person is speaking and gesturing with their hands. The video is titled ""How Zionism is sold to non-Israeli Jews."" The person is discussing the way Zionism is marketed and sold to American Jews, particularly how it is presented as a safe haven for Jews. The person mentions that the narrative of Israel being a safe haven for Jews is contradictory and that it is often used to justify the use of force. The person also discusses the pressure to visit Israel and the lack",Politics
7376404436505136416,"The video is a series of scenes showing a woman in a police uniform interacting with a man in a black jacket and blue beanie. The woman is wearing a hat with the words ""London Traffic Warden"" on it. The man is talking to her, and she is gesturing with her hands while speaking. The background shows a city street with buildings and cars. The woman is also seen in a different setting, wearing a blue hat and a black jacket, standing in front of a blue wall. The video ends with the woman writing a ticket on a piece of paper.",1. News
7341059462687509803,"The video shows a series of images of Kate Middleton, who is believed to be sedated and locked in a tower with Camilla Parker being held responsible. The images depict Middleton in various settings, including a red dress, a school uniform, and a formal setting. The text overlay confirms the situation and suggests that Middleton is under anesthesia and confined in a tower. The video also includes a screenshot of a news article from the New York Times, which reports on the situation. The article suggests that Middleton may be deceased and that Camilla Parker is being held responsible. The video concludes with a statement from friends of Camilla Parker who claim that they would not mind if Middleton were to",1. News
7357877605581802795,"The video is a series of scenes from a video game, specifically from the game ""Roblox"". The first scene shows a character with a dark, spooky appearance standing in a dark room. The second scene shows a character with brown hair and a white shirt walking down a street in a virtual city. The third scene shows a character with brown hair and a white shirt standing in a dark room. The fourth scene shows a character with brown hair and a white shirt walking down a street in a virtual city. The fifth scene shows a character with brown hair and a white shirt standing in a dark room. The sixth scene shows a character with brown hair and a white shirt walking down a street in",Gaming
7348220196772990254,"The video depicts a person in a blue shirt and a black cap, with a background showing a hotel room and a computer screen. The person is talking about the censorship in China, mentioning that they can't access Google, Facebook, Instagram, TikTok, and other social media platforms. They also mention that they can't access news websites like the New York Times and Washington Post, and that even the Wall Street Journal is blocked. The person discusses the lack of VPNs that work in China and the difficulty of accessing information. They also mention that there is relative freedom in China, such as clean subway systems and well-stocked supermarkets, but also mention that law enforcement is everywhere. The video",1. News
7323547689201765664,"The video features a person in a garage, wearing a black shirt with a white design and a black cap. The person is pointing to the camera and speaking, with the text ""5 Cars from Country Italian Edition"" displayed at the top of the screen. The person is seen pointing to different cars in the garage, with the first car being a red sports car, the second a green sports car, and the third a black sports car. The person is also seen pointing to a red sports car on a road, and later to a black sports car with yellow accents. The video concludes with the person pointing to a black sports car with a white design on the hood.",Comedy
7388973620116180257,A man in a suit is giving a speech at a podium. He is standing in front of a microphone. The background is plain and light-colored. The man is wearing a suit and tie. He is speaking into the microphone. The audience is not visible in the video.,Politics
7392691382218935583,"The video starts with a group of people standing in a room, all wearing white t-shirts with black designs. They are gathered around a table, and one person is holding a black object. The scene then transitions to an airport, where a group of people are standing in front of a building with a sign that reads ""Welcome to Terminal 9"". The next scene shows a group of people sitting in a room, with one person holding a book. The final scene shows a group of people playing ping pong in a room with blue walls.",1. Sports
7323689375043243269,"The video features a white cat standing on a blue couch in a well-lit room with wooden floors and a chandelier. The cat is holding a piece of food in its mouth and appears to be looking at the camera. The text on the screen reads ""Бам покаяла карьинкикой у людей, у которых у купирующей соседи, чики чики чики чики чики чики ч",Friends
7383363724628725024,"The video showcases a fashion show featuring a group of models dressed in black and white clothing. The models are walking down a runway, with the audience seated on either side. The audience members are taking photos and videos of the show, and some are wearing backpacks. The runway is set in a large, industrial space with high ceilings and exposed pipes. The lighting is bright, and the floor is made of concrete. The models are wearing various outfits, including hooded jackets, pants, and boots. Some models are also wearing hats and sunglasses. The audience is diverse, with some people wearing backpacks and others taking photos and videos. The overall atmosphere is one of excitement and anticipation as the models walk",1. Entertainment & Shows
7339981163756490030,"The video shows a person's hands with long, bright pink nails, which are being painted with a bright pink polish. The person is using a nail polish brush to apply the polish to their nails. The video also shows a nail dryer in the background, which is used to dry the nails after they are painted.",Beauty Care
7318033407785569569,"The video showcases a man standing next to a red Mercedes-Benz car in a parking lot. The man is wearing a light blue shirt and dark pants. The car has a sleek design with a prominent front grille and black rims. The background features a concrete parking structure and a few other cars. The man appears to be explaining something about the car, gesturing with his hands. The video also includes text overlays that provide information about the car's history and the company Brabus.",13. Entertainment & Shows
7361467847190760750,"The video features a person sitting in a room with a wall covered in various posters and decorations. The person is wearing a gray hoodie and is speaking to the camera. The text overlay on the video reads, ""I'm not afraid to admit that I've been hanging out with him like I don't know. Every time he leaves the city, you've been trying to run game on me like it's just us. When I see you in a Snapchat on his store bus in my heart it don't mean that much. I know you caught him on a cell phone. When you couldn't reach my love."" The person appears to be expressing their feelings and concerns about their relationship with the",Entertainment & Shows
7323131799310306590,"The video is a series of interviews with Jeff Bezos, the founder and CEO of Amazon.com, conducted in 2000. The video begins with Bezos being interviewed in a room with a blue wall and a window. The interviewer, wearing a blue shirt, is seen holding a microphone. The text on the screen reads ""Jeff Bezos interview on Amazon in 2000."" The interviewer asks Bezos about his early days and his vision for the company. Bezos responds that he saw early on the power of the Internet and that he would be a billionaire eight times over if he had invested in the company. The video then",Entertainment & Shows
7353311795374738721,"The video features a person sitting on the floor in a room with a gray wall and a wooden shelf in the background. The individual is wearing a gray hoodie and black pants, and they are holding a white object in their hands. The person appears to be in a state of contemplation or deep thought, as indicated by the text overlay on the screen. The text reads: ""Pov: t'es en mairte, tu n'as toujours suivis son carous, tu n'as toujours suivis son carous, tu n'as toujours suivis son carous, tu n'as toujours suivis son",1. News
7329621030023089440,"The video shows a group of people in a room, with one person wearing a white hoodie and another wearing a black top. They are standing close together, and the person in the white hoodie has their arm around the person in the black top. The background is a room with a white wall and a window. The person in the white hoodie is wearing a black bag over their shoulder. The person in the black top is wearing a necklace. The person in the white hoodie is smiling. The person in the black top is also smiling. The person in the white hoodie is looking at the camera. The person in the black top is looking at the person in the white hoodie",1. Entertainment & Shows
7261278269884992795,"The video shows a group of people on stage, with one person in the center holding a microphone. The stage is lit with red and blue lights, and the audience is visible in the foreground. The video also shows a person holding a red umbrella, possibly indicating a performance or event.",Entertainment & Shows
7397527101143878954,"The video depicts a heated exchange between a senator and a man in a suit, likely in a congressional hearing room. The senator is questioning the number of Secret Service agents assigned to protect Donald Trump compared to Joe Biden. The man in the suit is trying to answer the senator's questions but is interrupted and refuses to provide a direct answer. The video also shows a man in a suit sitting at a table, with the text ""I'm asking the relative difference in the number of agents between those assigned to Donald Trump and those assigned to Joe Biden."" The video is timestamped ""July 30, 2024"" and has 5.7M views.",Politics
7353267784886897952,"The video shows two young men sitting at a counter in a room. One of them is wearing a yellow jacket, while the other is wearing a white hoodie with black text on it. They are engaged in a conversation, with the man in the yellow jacket gesturing with his hands as he speaks. The man in the hoodie listens attentively, occasionally nodding his head. The background features a beige wall and a window with black bars. The video ends with the man in the hoodie looking at the man in the yellow jacket, who is now looking back at him.",Entertainment & Shows
7351137146004114693,"The video captures a series of intense moments from a soccer match between two teams, one in blue and the other in yellow. The blue team, wearing blue jerseys and shorts, is seen in possession of the ball, attempting to maneuver past the yellow team's defenders. The yellow team, in yellow jerseys and shorts, is actively defending, trying to intercept the ball and regain control. The action is fast-paced, with players from both teams moving swiftly across the field. The crowd in the background adds to the atmosphere of the match. The video concludes with a close-up of a player in a blue jersey, who appears to be in pain or discomfort, possibly due to",5. Sports
7312903813122280746,"The video shows a group of farmers protesting against the draconian regulations against ethm. They are spraying the government with water. The protesters are holding signs and chanting slogans. The video also shows a man in a suit and tie, who is likely a government official, standing in front of a building.",1. News
7357063093962214689,"The video features a person wearing a black jacket with white zippers and a pearl necklace. They are standing in front of a window with blinds and a wall with a picture frame. The person is speaking in German, and the text on the screen reads ""wie ich in die Deutsche abprüfung rei gehe am."" The person is gesturing with their hands while speaking.",1. News
7374800691677629729,"The video features a person wearing a black hoodie and headphones, sitting in front of a microphone. The person is holding a microphone and appears to be speaking or singing. The background is a road with trees and a truck visible. The text overlay reads, ""How do you step 4 hours and ovvk15 hours,"" suggesting a humorous or exaggerated time frame. The person's actions and the text overlay suggest a comedic or satirical context.",1. News
7350964297381498154,"The video shows a person rummaging through a pile of trash bins in front of a house. The trash bins are black and blue, and they are lined up in a row. The person is looking through the bins, searching for something. The video also shows a close-up of a blue trash bin with a white label on it. Inside the bin, there is a box with a white label on it. The box is filled with various items, including a pink and white box, a white box, and a black box. The video also shows a close-up of a black trash bin with a white label on it. Inside the bin, there is a box with a white label",1. News
7405044080729787678,"The video shows a woman in a blue suit standing at a podium, speaking into a microphone. She is holding a book in her hand. The background is a blue and white striped pattern with stars. The text on the screen reads ""DNC speaker briggugot at copy of Proj:2025"" and ""Mallory McMorrow, Michigan State Senator."" The woman is speaking about a document called Project 2025, which is a 900-page document outlining the Republican blueprint for a second Trump term. The video also includes text on the screen that reads ""This is the Republican blueprint for a second Trump term. That's right.",Politics
7337416931965685034,"The video features a man standing in front of a tree, wearing a plaid shirt. He is talking about the carbon footprint of Umatilla Electric Cooperative, which has doubled its emissions between 2018 and 2020. The man explains that the emissions are due to Amazon building data centers in the area. He also mentions that Amazon plans to build more data centers in eastern Oregon in the coming years. The video ends with a website link for the Oregonian's website, oregonlive.com slash business.",1. News
7283933352267337002,"The video features a woman in a white shirt with a colorful design, wearing a black headwrap. She is sitting on a couch and talking to the camera. The text ""Mother Ghetl but maker Desi"" appears on the screen, suggesting that the woman is addressing her mother. The woman then changes into a traditional Indian outfit, including a red and gold sari, and is seen in a different setting with purple lighting. The video appears to be a montage of different scenes, possibly showcasing the woman's journey or experiences.",1. News
7353365116554956074,"The video features a person wearing a colorful jacket with a yellow and green pattern. The background is a vibrant, colorful dance floor with a disco ball hanging above. The text at the top of the screen reads ""You are my sunshine, round of 16, #4"" with two options below: ""1. 80s sunshine"" and ""2. Chines sunshine."" The person appears to be smiling and looking at the camera. The video then transitions to a different frame, showing a framed picture of a person in a military uniform. The text at the top of the screen remains the same, but the options change to ""1. 80s sunshine"" and """,1. News
7398943500328242463,A person is making a set of dice with glitter and pink resin. They are using a mold to shape the resin and then pouring it into a container. The person is wearing gloves and is careful not to spill any of the resin. They are also using a tool to help them shape the resin. The person is excited to see the finished product and hopes that it will be successful.,Entertainment & Shows
7386453398792441131,"The video depicts a young woman with braided hair, wearing a white t-shirt with the text ""FEEL GREAT"" printed on it, applying makeup in a bedroom. She is using a makeup brush and a palette, and at one point, she holds up a card with the text ""Blamboni beauty"" and ""Longing Cool Toned Heaven"" written on it. The video also shows her talking to someone off-camera, possibly her sister, and expressing her excitement about receiving a new makeup palette from Blamboni. The video ends with her apologizing for not posting the palette earlier and expressing her gratitude to Maggie for sending it.",Beauty Care
7348462120817790240,The video shows a man in a store looking at a shelf of Cathedral City cheese. He picks up a box of Cathedral City cheese and looks at it. He then takes the box and puts it in his cart. The video ends with the man walking away from the store.,1. News
7360235976494550304,"The video features a series of individuals attempting to jump over a wall in a trampoline park. The first person, wearing a white t-shirt and blue shorts, is seen jumping over the wall. The text ""あなたはないらっち"" (You are not a trampoline) appears on the screen, suggesting a humorous or ironic commentary on the person's attempt. The second person, dressed in black, attempts to jump over the wall but falls short. The third person, wearing a white t-shirt and blue shorts, is seen jumping over the wall again, with the text ""あなたは",プレイヤー
7347591598408043808,"The video starts with a map of the United States with the words ""Random City USA"" written across it. The map is colorful and has various states labeled. The video then transitions to a close-up of a building with the words ""Steeling"" written on it. The building is tall and has a blue and yellow color scheme. The video then shows a street scene with cars and buildings in the background. Next, the video shows a statue of two people on a pedestal in a park. The statue is made of bronze and is surrounded by trees and a fence. The video then shows a long road leading to a sunset over a field. The sky is orange and the sun is setting",Travel & Events
7310063052341185823,"The video is a compilation of various scenes and clips related to the development and use of an invisibility cloak in science fiction and real-world applications. It starts with a scene showing a person in a suit standing in front of a large, transparent panel with the words ""not"" and ""presentation"" visible. The scene then transitions to a news article from Bilibili, a Chinese video sharing platform, about China developing an invisibility cloak. The article mentions that the cloak is not for reproduction or distribution, but for military use. The video then shows a thermal spectrum image, followed by a scene of a person in a suit standing in front of a large, transparent panel with the",Science & Technology
7380812058167708960,"The video is a series of frames showcasing a person in a blue shirt, with text overlays in German and English. The person is seen making various gestures and pointing at different images. The first image shows a person in a red shirt with the text ""Germany over England"" at the top. The second image shows a person in a blue shirt with the text ""he tore up the Southampton Tyro League and then Saints Academy asked him for a trial where he scored six goals in the first 10 minutes."" The third image shows a person in a red shirt with the text ""And a year later, he became the youngest ever Bundesliga player."" The fourth image shows a person",Sports
7377701670077205803,"The video shows a person with red hair, wearing a black tank top and a necklace, standing in a room with a lamp and a mirror in the background. The person is talking about not wanting to dye their hair pink, but the parasites in them want them to dye it pink. The person then says they don't want to eat candy, but the parasites in them want the candy. The person also says they don't want to drink liquor, but the parasites in them want the liquor. The video ends with the person saying ""AMBER"" in Japanese.",1. News
7309888375023045931,"The video features a man wearing a suit and tie, standing in front of an American flag. He is speaking at a podium. The text on the screen reads, ""republican lawmakers are saying he's trying to protect the insurrectionists from prosecution."" The man continues to speak, and the text changes to, ""but he's also making you and I complicit in the January 6th insurrection."" The video then transitions to a man wearing a blue jacket with an NFL logo on it, standing in front of a garage door. The text on the screen reads, ""but he's also making you and I complicit in the January 6th insurrection."" The man continues to speak",Politics
7312875354220285215,"The video features a man in a suit and tie, who appears to be delivering a speech or monologue. The background is a night sky with city lights, suggesting an outdoor setting. The man is seen gesturing with his hands as he speaks, indicating he is emphasizing his points. The video then transitions to a live broadcast of a political event in Iowa, where a man in a suit and tie is speaking at a podium. The background shows a large American flag and a sign that reads ""TRUMP 2024."" The man at the podium is wearing a suit and tie, and he is speaking into a microphone. The video then cuts back to the man in the",Politics
7283816318883679531,"The video is a series of frames from a video titled ""Things you didn't know about teaching in 2023."" The video features a person with long blonde hair wearing a black shirt with the word ""SAVE"" on it. The person is seen speaking, and the background is a white wall with a list of things that the person didn't know about teaching in 2023. The list includes items such as meetings announced day of, students growing up around technology but not knowing how to Google, overstimulated classrooms, and students not turning in work. The video also includes a screenshot of a phone with a camera app open, showing the person's face. The",Education
7317764806767922475,"The video shows a woman and a child in a snowy forest. The woman is wearing a leopard print top and the child is wearing a blue and white outfit. They are standing next to a large metal barrel filled with snow. The woman is holding a bucket and is pouring water into the barrel. The child is sitting in a smaller plastic container filled with water. The woman then jumps into the barrel filled with water, and the child joins her. The woman is then seen standing in the snow, with the barrel filled with water and the child sitting in the smaller plastic container filled with water. The woman is holding a bucket and is pouring water into the barrel. The child is sitting in the smaller plastic",Entertainment & Shows
7395290316569382174,"The video features a woman standing in front of a sunset, wearing a leopard print top. She is speaking, and the text overlay on the screen reads, ""Я давался сделаем при парте ткала обиваем, тк оставим в комментарии, кидаются в подруги далься."" This translates to ""I have learned your surprise. I have learned to make a surprise party with the part, because I leave it in the comments, they throw it to the friends.""",1. News
7358143601869671685,"The video showcases a breathtaking sunset over the ocean, with the sun casting a warm glow on the water and the sky. The sky is painted with hues of orange, yellow, and blue, creating a stunning visual effect. The waves gently crash against the shore, adding to the serene atmosphere. The video captures the beauty of nature and the tranquility of the moment.",1. News
7366140924629470496,"The video shows a woman in a white dress with gold accents at a red carpet event. The woman is wearing a long, strapless dress with a high slit and has long, wavy hair. She is standing next to another woman who is wearing a black dress with a geometric pattern. The background shows other people at the event, including a man in a black suit and a woman in a white dress. The video also shows a tweet from a user named ""Dunni Adetipan"" that reads, ""Please who is she? She is wearing this dress at the Met.""",Entertainment & Shows
7380810864477130016,"The video is a series of images showing a person in a yellow hoodie standing in front of a large, fiery explosion. The person appears to be shouting or calling out, and the text overlay on the images reads ""Can't stop th power *Stops the power*"". The background is filled with flames and smoke, and the person is wearing a yellow hoodie. The video does not provide any additional context or information about the event or the person's actions.",1. News
7346779567639498026,"The video features a person with long, wavy hair wearing a black top and pink hair clips. They are applying makeup to their lips using a lipstick. The person is wearing a white top and has their hands on their chest. The background is plain and light-colored. The video includes text at the top of the screen that reads ""Pov: you're watchin a lip tutorial in 2016.""",Beauty Care
7299554274827046187,"The video features a series of individuals discussing various aspects of Palestinian history and identity. The first individual, wearing a white hoodie, is seen speaking into a microphone, with a red sign in the background that reads ""The Older Milennial Teaches This Young Man Actual History."" The second individual, wearing a blue shirt, is shown in a different setting, with a fan in the background. The third individual, wearing a blue shirt and glasses, is seen in a different setting, with a black cap visible in the background. The fourth individual, wearing a blue shirt and glasses, is seen in a different setting, with a black cap visible in the background. The fifth individual, wearing a blue shirt",8. Entertainment & Shows
7348934489122327841,"The video features a man in a dark coat speaking into a microphone in front of a crowd of people. The text on the screen reads ""UNTERVEGS auf er FRIENDSDEMO"" and ""Saha Wagenknecht."" The man is seen holding a microphone and talking to the crowd. The crowd is holding signs and banners, and there are police officers present. The text on the screen changes to ""normale Leute, Schwaben,"" ""Von Hamburg,"" and ""das ist ja Geopolitik."" The man continues to speak to the crowd, and the text on the screen changes to ""Warum sind Sie heute hier",Politics
7282317561864260897,"The video showcases a train journey through a scenic landscape, with steam engines and vintage carriages. The train is seen passing through a lush, green forest, with passengers enjoying the ride. The video also features a close-up of a person dressed in a steampunk costume, complete with a hat and goggles, and a table filled with various steampunk-themed items. The final scene shows a group of people gathered around a table, admiring the steampunk-themed items on display.",1. Entertainment & Shows
7343605850105318658,"The video showcases a piano with a black and white keyboard, illuminated by a blue light. A person's hands are seen playing the piano, with the focus on the keys and the person's fingers moving across them. The video captures the intricate movements of the hands as they play, with the piano's keys and the person's fingers being the main focus. The video does not provide any additional context or information about the person or the music being played.","Music, Singing, & Dancing"
7349023065575083306,"The video shows a woman in a suit standing in front of a crowd, with the text ""In Germany: Jewish Woman yelling out to Mr. Scholz, you can't talk about democracy, while your money and weapons are killing."" The woman is holding a microphone and appears to be addressing the crowd. The scene then transitions to a man in a suit standing at a podium, with the text ""In Germany: Jewish Woman yelling out to Mr. Scholz, you can't talk about democracy, while your money and weapons are killing."" The man is speaking into a microphone and appears to be addressing the crowd. The video then shows the woman again, with the text ""In Germany: Jewish",Politics
7223384947938053418,"The video shows a person wearing glasses and a dark shirt with the word ""GUILTY"" on it. The person is standing in a kitchen with a tiled floor. In the background, there is a person holding a small animal, possibly a kitten. The person in the kitchen is holding a small animal, possibly a kitten. The person in the kitchen is holding a small animal, possibly a kitten. The person in the kitchen is holding a small animal, possibly a kitten. The person in the kitchen is holding a small animal, possibly a kitten. The person in the kitchen is holding a small animal, possibly a kitten. The person in the kitchen is holding a small animal, possibly",7. Pets & Animals
7386641138611981601,"The video features a person with a bald head and a beard, wearing a brown jacket and a checkered shirt. The person is being painted with makeup by another individual, who is applying makeup to the person's face. The makeup application process is shown in detail, with the person's face being covered in makeup. The video then transitions to a different person wearing a black military-style uniform, complete with a hat and gloves. The uniform is adorned with gold accents and a belt, and the person is holding a pair of handcuffs. The video concludes with the person in the military uniform standing against a plain background, with the text ""sa_kurosaki"" visible on the",1. Entertainment & Shows
7314163714402340102,"The video begins with a close-up of a futuristic, glowing, circular object in space, emitting a bright light. The object is surrounded by a dark background with stars. The text ""This Is How A Warp Gate slows a ship down to a hyper lane"" appears at the top of the screen, indicating the object is a warp gate. The scene then transitions to a view of the warp gate from a different angle, showing its intricate design and glowing effect. The warp gate is shown in a close-up view, with the text ""scene from r/pyserial animation/film project"" appearing at the top of the screen, indicating the source of the animation. The warp gate",This is how a warp gate slows a ship down
7385499788764040481,"The video shows a person holding a piece of Kinder chocolate in their hand. The person then places the chocolate into a metal container filled with water. The water starts to bubble and froth around the chocolate, indicating that it is melting. The person then uses a black brush to stir the chocolate in the water, causing it to break down further. The video concludes with the chocolate completely melted and mixed with the water, creating a frothy mixture.",Entertainment & Shows
7276776260431367467,"The video depicts a man in a suit and tie, speaking into a microphone. The text overlays the video, providing context and information about the man's actions and their significance. The man is identified as an SS colonel, and his actions are described as necessary evils to establish his cover with the Germans. He is also credited with placing dynamite in Hitler and Goebbels's opera box, which led to their demise. The man expresses his desire for a military pension, Congressional Medal of Honor, full citizenship, and property on Nantucket Island as a reward for his contributions to the downfall of the Nazi regime.",1. News
7372265021042101550,"The video features a person with long hair, wearing a black shirt, standing in a room with a window in the background. The person is seen making various hand gestures and movements, possibly indicating a conversation or monologue. The text overlay on the video reads, ""Reply to tynesy, ca's comment,"" suggesting that the person is responding to a comment from someone named Tynesy. The video also includes a text overlay that reads, ""Glasgow,"" which could be related to the person's location or the topic of discussion. The person's movements and gestures are the main focus of the video, with the background and text overlays serving as secondary elements.","3. Music, Singing, & D"
7373730224879521056,"The video showcases a detailed and vibrant illustration of a tiger, rendered in a striking color palette of orange, black, and white. The tiger is depicted in a dynamic pose, with its mouth open and teeth bared, as if in the midst of a fierce battle. The background is a dark, textured surface, which contrasts with the tiger's vivid colors and adds depth to the scene. The tiger's eyes are particularly striking, with a piercing gaze that seems to draw the viewer into the artwork. The overall composition of the video is striking, with the tiger's powerful presence and the contrasting background creating a compelling visual narrative.",1. Entertainment & Shows
7326266761773436166,"The video features a person wearing a black sweatshirt with white text on it, sitting in front of a wall adorned with various posters and a guitar. The individual appears to be speaking, as indicated by their mouth movements and hand gestures. The background includes a bed with a blue blanket and a window with blinds. The person's facial expressions and body language suggest they are engaged in a conversation or monologue. The video does not contain any discernible text or captions.",1. News
7371461402030034218,"The video shows a man in a suit and tie standing in an office. He is holding a card and appears to be reading it. The text on the card is not visible. The man is speaking to the camera, and the text on the screen is in English. The video ends with the man continuing to speak to the camera.",Politics
7367380929913900320,"The video shows a person wearing a black shirt and headphones, standing on a road with trees in the background. The person is wearing a necklace and has long hair. The video is a selfie, and the person is talking about their experience with wearing shorts in the summer. The person mentions that they were wearing shorts on their walk and that they didn't care about the size of the shorts, but they did care about the heat. The person also mentions that they wear a necklace and have long hair.",1. News
7306264195475983622,"The video showcases a group of dancers performing on stage. The central figure is a woman with long, wavy hair, wearing a black top and a beige skirt with a chain belt. She is adorned with multiple gold necklaces and bracelets, and her hair is styled in a braid. The background is vibrant with colorful lights, and the dancers are dressed in coordinated outfits. The woman in the center is the focal point, as she moves energetically across the stage, performing a series of dance moves. The other dancers, including a woman with long hair and a man with a beard, are also visible, but they are not the main focus. The video captures the dynamic and energetic","3. Music, Singing, & D"
7360919706913525035,"The video is a series of frames showing a puzzle game with a timer counting down from 00:00 to 00:30. The game is set against a black background with a blue border. The puzzle pieces are red, white, and green, and they are arranged in a grid. The text at the top of the screen reads ""USE THESE FILES even if it's your daftas save the effect and boost videos using them."" The text at the bottom of the screen reads ""They are invading Rafa now. Our friend Moe who made these filters has been separated from his family. He moved to Germany two months before the war started and",1. News
7380730540061691178,"The video begins with a black screen that transitions to a green-lit screen displaying the Hulu Originals logo. The scene then shifts to a silhouette of a person standing on a cliff at sunset, with the text ""ACCOUNT OF CRYSTALS"" appearing on the screen. The person is seen in a contemplative pose, with the sun setting behind them. The video then cuts to a close-up of a person's hands, which are shown in a dimly lit environment. The final scene shows a close-up of a person's hand, with the text ""ACCOUNT OF CRYSTALS"" appearing on the screen. The video concludes with the text ""ACCOUNT OF CR",1. News
7355249683469454634,"The video features a person standing on a beach during sunset, with the ocean waves gently lapping at the shore. The individual is wearing a white hoodie and a baseball cap, and is seen from the back. The person is holding a white object, possibly a book or a piece of paper, and appears to be reading or speaking. The background is a serene beach scene with the sun setting in the sky, casting a warm glow over the water. The person's actions and the setting suggest a moment of reflection or prayer.","the joy of jesus, the security of j"
7387743887940390177,"The video features a person wearing a white sweater with a zipper, standing in a room with a door and a light fixture in the background. The person is holding their hair up with one hand and appears to be speaking. The text overlay on the video reads, ""Someone in their twenties says they aren't voting."" The person then gestures with their hand, possibly emphasizing a point or making a statement. The video ends with the text, ""You're not really into politics? Okay, fair enough. But what are you into? Transformers? Pokemon, you fucking child?""",1. News
7297354768928853294,"The video is a series of frames from a YouTube video. The person in the video is wearing a beige shirt and is standing in front of a wall with posters on it. The person is talking about the difficulties of keeping store stock in Texas and how it has been difficult to keep 176 HEB store stock. They also mention that the store has been consistently buying the variety pack and POG, which has helped the store to take on bigger orders and has increased the store's confidence in the young brand. The video also mentions that the store has launched seven new Buc-ee's test stores and that if the new variety pack sells well, it will open the store up to more",Entertainment & Shows
7374908166175280427,"The video shows a person preparing a meal. They start by cutting up vegetables on a cutting board, then mix them with a sauce in a bowl. Next, they cook shrimp in a pan and assemble tacos with the shrimp and vegetables. Finally, they serve the tacos on a plate with a drink in the background.",1. Food
7377866805823491371,"The video features a person with curly hair, wearing a dark blue shirt, standing in a room with a painting of a tree on the wall. The person is speaking, and the text overlay on the screen reads, ""You could kiss any woman in game of thrones who would it be?"" The person then points to themselves and says, ""Megan Fox."" The scene transitions to a close-up of the person, with the text overlay changing to, ""Daenerys."" The final frame shows a person sitting on a throne, with the text overlay reading, ""If you can kiss any woman in the world, feet, who would it be?"" The person on the throne is wearing a",8. Entertainment & Shows
7149700277782760746,"The video shows a person lying on a bed with a pink blanket. The person has long hair and is wearing a black shirt. The person is lying on their side, with their head resting on the bed. The person is also wearing a necklace. The person is lying on their side, with their head resting on the bed. The person is wearing a black shirt and has long hair. The person is lying on their side, with their head resting on the bed. The person is wearing a black shirt and has long hair. The person is lying on their side, with their head resting on the bed. The person is wearing a black shirt and has long hair. The person is lying on their",Pets & Animals
7384004708165242144,"The video features a woman sitting in a chair in a room with gold wallpaper and framed pictures on the walls. She is wearing a light blue sweater and has short gray hair. The video includes a series of images of a black and white dog named Mika, who is sitting in a field of red flowers. The woman appears to be talking about Mika, mentioning that she is a ""live wire"" and that Mika has a ""huge"" hip area. She also mentions that Mika is a ""hunter"" and that she has had some ""trauma"" in her hip area. The video concludes with the woman saying that Mika is ""adorable"" and that she",7. Pets & Animals
7314367547862781226,"The video showcases a serene winter landscape, beginning with a view of a snow-covered field dotted with trees. The camera pans to reveal a dense forest of pine trees, their branches heavy with snow, creating a picturesque winter scene. The scene is tranquil, with no visible movement or activity, emphasizing the stillness of the environment. The video then transitions to a close-up of a pine tree, highlighting the snow-covered branches and the texture of the snow. The camera then pans to reveal a snow-covered path leading through the forest, with the trees standing tall on either side. The video concludes with a close-up of a snow-covered rock, emphasizing the untouched beauty of the winter",1 kg of chicken breast you
7340337384652934446,"The video is a series of images featuring various celebrities and their last names. The first image shows a woman with the text ""Nepo Babies Who Are Hiding Their Famous Last Names"" and a man with the text ""I didn't know that some of these Nepo babies changed their last names to fly under the radar."" The second image shows a woman with the text ""Malia Obama recently made her directorial debut at Sundance Film Festival under the name Malia Ann."" The third image shows a woman with the text ""Angelina Jolie's birth name is Angelina Jolie Voight."" The fourth image shows a woman with the text ""Angelina Jol",Entertainment & Shows
7333801200875261185,"The video begins with a dark blue background featuring a world map with a digital overlay. The text ""An Election Year Guaranteed To Divide Us"" is prominently displayed in white. The scene transitions to a man in a suit and tie, sitting in front of a blue background with a world map. The man appears to be speaking, and the text ""A Second Term"" is shown in white. The video then shows a close-up of the man's face, with the text ""The Daily Show with Jon Stewart"" and the time ""Monday 11pm"" displayed in white. The final frame shows the Comedy Central logo and the text ""Comedy Central"" and ""Next Day on",8. Entertainment & Shows
7328517572679372078,"The video features a man in a gray jacket sitting at a table with a piece of paper in front of him. The paper has handwritten text and a drawing of a car. The man is talking to the camera, and the text on the screen reads ""POV: The customer never stops negotiating."" The man gestures with his hands while talking, and the camera zooms in on the paper. The man then points to the paper and says, ""All right. My manager said he'd do the all weather mats too."" The man continues to talk and gesture, and the camera zooms in on the paper again. The man then says, ""You guys have anything to get through on lunch or",1. Comedy
7375847354341068065,"The video captures a large crowd of people gathered at Hinds Hall in Germany, watching a concert or event on stage. The stage is brightly lit with green and red lights, and the crowd is enthusiastic, with many people standing and cheering. The text overlay on the video reads ""Hinds Hall in Germany 🇩🇪"" and ""Free Palestine to the home and land. The next but never ended to colonize the rise. The students in tents, posted on the lawn. Occupying the quad, really against the law. Ain't no reason to call in the police and their squad. But it's genocide, they ain't making it up. Make sure you can drop","3. Music, Singing, & D"
7392127900079721761,"The video showcases a woman's tour of her home, starting with a view of the exterior of a building with large glass doors. She then moves inside, showing a room with a large stable area, a dog-friendly room, and a small foyer. The video highlights the cost of staying in the home, with the large stable room costing £750 a night and the dog-friendly room costing £650 a night. The woman also mentions that she has been upgraded to the large stable room, which is more expensive. The video ends with a view of the bedroom, which includes a bed, a nightstand, and a lamp.",Entertainment & Shows
7368121296154086688,"The video shows a table filled with various dishes, including salads, meats, and side dishes. There are also glasses of water and wine on the table. A person is standing in front of the table, talking to the camera. The person is wearing a dark sweater and glasses. The background shows a room with a window and some furniture.",1. News
7378190751211064607,"The video showcases a man demonstrating the features of an expandable camper. The camper is white and has a black wheel. The man is wearing a black t-shirt and blue jeans. He is standing next to the camper, which is parked on grass. The video is divided into two parts, with the first part showing the man opening the door of the camper and the second part showing him opening the side compartment. The camper has various features, including a seven-way wiring harness, electric brakes, and a GoSun power center. The man also mentions the importance of ground clearance and the availability of compartments with stainless steel hinges. The video concludes with the man explaining the features",Travel & Events
7325985650140974382,"The video shows a series of experiments conducted by two individuals, Adam and Jamie, to determine if running in the rain is better than walking in rainy conditions. The experiments involve measuring the weight of work clothes, which are tight-fitting and made of a material that absorbs water, and comparing the results to those of walking. The experiments are conducted in various conditions, including wind and without wind, to see how the water absorption affects the results. The video concludes with a discussion about the rigor of the experiments and whether there is anything that needs improvement.",1. Science & Technology
7406690692765977887,"The video is a series of clips showing a person sitting in a train or bus, with the text overlaying the video reading ""THIS STRANGER SUMMY MY SEAT AND DISRESPECT ME. WATCH HOW THIS BDS."" The person in the video is wearing a white shirt and a face mask, and they are seen interacting with other passengers, including a man in a black shirt and a woman in a black jacket. The video also shows the person sitting in a red seat, and later in a black seat, with the text overlaying the video reading ""I'M GOING TO TALK NORMAL VOICE, JUST LIKE EVERYB",Travel & Events
7309290162540858667,"The video is a news report about a massive home explosion in Arlington, Virginia, outside the Capitol. Police were called to the scene, and they were there for hours trying to execute a search warrant. The explosion caused the home to turn to splinters, and human remains were found inside, believed to be the suspect. The suspect, 56-year-old James Yu, refused to surrender and discharged several rounds from a firearm as officers closed in. The FBI and ATF were on the scene, and authorities say human remains were found at the site. The suspect was inside the residence at the time of the explosion and is presumed to be deceased. The report also mentions a deleted LinkedIn page",1. News
7365274404420406571,"The video shows a man and a dog on a boat. The man is shirtless and is cooking food in a pan. The dog is lying on the boat. The man is also taking pictures of the boat. The video then shows the man and the dog on the boat, and the man is taking pictures of the boat. The video then shows the man and the dog on the boat, and the man is taking pictures of the boat. The video then shows the man and the dog on the boat, and the man is taking pictures of the boat. The video then shows the man and the dog on the boat, and the man is taking pictures of the boat. The video then shows the",Entertainment & Shows
7392992201837464850,"The video is a series of scenes showing a woman's daily routine, including her daughter's haircut, her daughter's play date, and her own bath. The video starts with the woman standing in front of a glass window, talking about her daughter's haircut. She then shows a close-up of her daughter getting her hair cut by a hairdresser. The video then shows the woman and her daughter in a room, with the daughter playing with toys. The video ends with the woman and her daughter sitting at a table, eating food.",Entertainment & Shows
7395692426888891679,"The video features a series of images and scenes with a person wearing a colorful shirt with floral patterns. The person is seen in different settings, including a room with a rainbow flag, a beach, and a crowd. The text ""Gay News"" appears at the top of the screen, and the text ""KamalaHarris.com"" appears at the bottom. The person is also seen holding a microphone and speaking into it. The video ends with the text ""Go to KamalaHarris.com and let's get to work.""",1. News
7335178711819373867,"The video shows a series of tweets from the ICCJICJ, a news organization, reporting on the South African government filing an emergency request with the International Court of Justice for additional provisional measures to protect the Palestinian people living in Rafah. The tweets provide context and background information on the case, including the development of the case and the legal arguments being made. The video also includes a screenshot of a document from the International Court of Justice, which outlines the legal arguments and evidence presented in the case. The video concludes with a quote from the South African legal team, highlighting the dedication of the team in this case.",News
7353793317437590827,"The video shows a man and a woman standing in a room. The man is wearing a black shirt and the woman is wearing a black shirt and shorts. They are holding a coffee cup. The man is holding a phone and the woman is holding a remote control. The man is talking to the woman and the woman is talking to the man. The man is saying something to the woman and the woman is saying something to the man. The man is saying ""Don't prank your employee when they're holding hot coffee"" and the woman is saying ""Oh! Oh! Oh! Oh! Oh!"" The man is saying ""Oh! Oh! Oh! Oh! Oh!"" and the woman is",1. News
7377799778299579690,"The video features a woman standing outdoors, with an American flag in the background. She is wearing a black top and has tattoos on her arms. The text overlay on the video reads, ""Isn't it weird you're a fan of an American flag, but you know who you're voting for?"" The woman appears to be speaking directly to the camera, and the video seems to be a commentary on the political climate.",1. News
7346724921361435937,"The video shows two young girls walking down a sidewalk, both wearing black jackets and carrying backpacks. They are walking away from the camera, and the background includes a building and some trees. The video is in Russian, and the text at the bottom of the screen reads, ""А в Украине, - я участвую в теории, - детели, детели, детели, детели, детели, детели, детели, детели, детели, детели, детели",Education
7384186520351083781,"The video begins with a person in a light-colored robe sitting in a room, speaking to the camera. The person is holding a phone and appears to be explaining something. The background features a beige wall and a window with dark curtains. The person then shows a screenshot of a social media post, which includes a message from a user named ""Angelica"" and a comment from a user named ""Katie."" The post is about a person who is not paying for a product, and the comment suggests that the person should pay for the product. The video then shows a screenshot of a conversation between the person and another user named ""Angelica,"" discussing the situation. The person",Entertainment & Shows
7396382918039457041,"The video features a man and a woman sitting on a bed in a modern room. The man is wearing a white shirt and black shorts, while the woman is dressed in a white shirt with the word ""Chelsea"" written on it and blue jeans. The man is holding the woman's leg, and they are both looking at the camera. The text in the video is in Russian and provides humorous commentary on the man's height and the woman's height. The video ends with the man and woman continuing to sit on the bed, with the man still holding the woman's leg.",Entertainment & Shows
7273841367351069998,"The video shows a person wearing gloves handling a stack of bright yellow soap bars. The soap bars are rectangular and have a shiny, smooth surface. The person is then shown holding a package of the soap bars, which has a label that reads ""Annoya Nata Turmeric & Kajal Brightening Soap."" The soap is made with goat milk, lemongrass oil, turmeric oil, and kajal. The person is likely demonstrating the use of the soap or explaining its benefits.",1. News
7277167570946379014,"The video captures a lively and energetic atmosphere at a sports event, likely a soccer match, given the context provided by the text ""Ucrânica! Ucrânica! Ucrânica!"" which translates to ""Goal! Goal! Goal!"" in English. The crowd is predominantly dressed in yellow and blue, with some individuals wearing blue scarves and others with blue and yellow scarves. The atmosphere is one of excitement and celebration, with the crowd raising their hands and cheering enthusiastically. The video also shows a view of the soccer field, with players in action and a goalkeeper in a green jersey. The overall mood is one of triumph and joy, as the crowd",Sports
7365322515998068011,"The video starts with a group of people standing in front of a podium, with a backdrop of the U.S. Capitol building. The text on the screen reads ""STITCH INCOMING WOKE ENCAMPENTS EXPOSED!!!!"" and ""we're here to discuss the little Gazas that have risen up on campuses across America."" The group appears to be discussing the encampments, with one person gesturing towards the group. The scene then cuts to a close-up of a sign that reads ""JEWS AGAINST GENOCIDE"" and ""check out these anti-semi signs."" The video then cuts to a person standing in front of",1. News
7362319887361903905,"The video begins with a person wearing a gray sweater and sunglasses on their head, standing in a room with a bed and a window in the background. The person is holding a red and white striped object, possibly a flag or a piece of clothing. The text overlay reads, ""Seeing Rufus' trip during Uni ski trip after watching Uni ski trip on a podcast."" The scene then transitions to an outdoor setting where a person is standing on a stage, wearing a red and white outfit, with a crowd of people in the background. The text overlay reads, ""Seeing Rufus' trip during Uni ski trip after watching Uni ski trip on a podcast."" The video",1. Entertainment & Shows
7311332422077975840,"The video shows a series of interactions between different individuals in various settings. It begins with a woman in a fur coat standing in front of a fence, talking to someone off-camera. The scene then transitions to a man in a purple jacket and a pink tie standing in front of a hedge, also engaged in conversation. The video then cuts back to the woman in the fur coat, who is now standing next to a man in a purple jacket and a pink tie, who is also talking to her. The video continues with the woman in the fur coat and the man in the purple jacket and pink tie standing together, with the man in the purple jacket gesturing with his hands. The video then",Entertainment & Shows
7354415572626509099,"The video is a series of frames showing a person wearing a maroon beanie and a white shirt, with text overlaid on the video. The text provides information about earthquakes and their impact on different regions. The first frame shows the person with the text ""It was magnitude of 4.8 and its epicenter was located around Lebanon, New Jersey."" The second frame shows the person with the text ""So that they don't think it's something else."" The third frame shows the person with the text ""I likely because they had undergone."" The fourth frame shows the person with the text ""and did generate some damage."" The fifth frame shows the person with the text ""And then you have",Science & Technology
7378608951975349536,"The video captures a moment of jubilation and celebration in a soccer match. The players, dressed in white jerseys, are seen running across the field, their faces lit up with joy. The crowd, a sea of spectators, is seen cheering and waving flags, their excitement palpable. The text overlay ""ENGLAND WIN SOCCERAID"" adds a touch of humor to the scene, suggesting a playful or ironic twist on the victory. The video is a snapshot of a moment of triumph, capturing the collective elation of the players and the crowd alike.",5. Sports
7293239332167617834,"The video features a person wearing a light-colored, patterned top, standing in front of a wall adorned with a colorful floral curtain and a painting depicting a deer. The individual appears to be engaged in a conversation, as indicated by the text overlay ""some of y'all m'n"" accompanied by a laughing emoji. Throughout the video, the person's expressions and body language change, suggesting a dynamic interaction. The person's hair is styled in a way that it appears to be blowing in the wind, adding a sense of movement to the scene. The video does not provide any additional context or information about the person or the setting beyond what is visible in the frames.",1. News
7372186670273137952,"The video showcases a series of food-related scenes, starting with a close-up of a colorful wrap with various vegetables and a slice of bread. The text ""VEGAN IN MÜNCHEN!"" appears, indicating the wrap's vegan nature. The scene transitions to a person eating a burger, with the text ""HANS IM GÜLK"" suggesting a playful or humorous context. The video then shows a person enjoying a dessert, with the text ""CINAMOOD"" possibly indicating a creative or artistic theme.

The next scene features a person holding a box of red velvet cake, with the text ""CINAMOOD"" again.",1. Food
7379475961139547398,"The video features a woman in a black dress with ruffles, standing in a modern kitchen with white chairs and a dining table. She is wearing black high heels and has long blonde hair. The text on the screen reads ""Мени 60 роки"" (My 60 years) and ""Ну, чуждый 60 годин"" (Well, 60 years old). The woman then changes into a black dress with a ruffled skirt and black high heels. She poses in different ways, including standing with her hands on her hips and walking around the room. The text on","13. Outfit, Style, &"
7364542326959574314,"The video shows a person lying on a bed, holding a baby. The person is wearing a black shirt and has long hair. The baby is wearing a white onesie. The person is talking to the baby, and the baby is looking at the person. The person is holding the baby's hand and talking to the baby. The person is also holding a bottle of baby formula. The person is talking to the baby and holding the bottle of baby formula. The person is talking to the baby and holding the bottle of baby formula. The person is talking to the baby and holding the bottle of baby formula. The person is talking to the baby and holding the bottle of baby formula. The person is",1. News
7309293532467039531,"The video shows a group of people sitting on a couch in a studio, with a cityscape visible through the windows. The group is engaged in a discussion, with one person speaking and others listening. The scene is set in a news studio, with a news ticker at the bottom of the screen displaying various headlines. The video then transitions to a different scene, showing a man in a suit and tie sitting in front of a cityscape backdrop. The news ticker continues to display the same headlines. The video then returns to the group of people on the couch, with the same cityscape visible through the windows. The group is still engaged in a discussion, with one person speaking and others listening",Politics
7376360928851299590,"The video features a series of individuals discussing the benefits of using a specific product, likely a skincare or hair care product, to combat aging. The first person, with long brown hair, is seen gesturing with their hands while speaking, indicating a discussion about the product's effectiveness. The second person, with curly hair, is also seen gesturing and speaking, emphasizing the product's benefits. The third person, with short hair, is shown gesturing with their hands, possibly explaining the product's application or benefits. The video concludes with a person with long brown hair, wearing a white shirt, speaking and gesturing, reinforcing the product's benefits. The text overlay throughout the video provides additional information about",Lifestyle
7347847920151956779,"The video shows a person standing in a doorway, holding a dog. The dog is small and appears to be a puppy. The person is wearing a hat and is holding the dog in their arms. The person then walks into a room and drops the dog on the floor. The dog appears to be excited and jumps up onto the person. The person then bends down to pick up the dog, and the dog jumps up onto the person's lap. The person then stands up and walks away from the camera. The video ends with the person standing in the doorway, holding the dog.",7. Pets & Animals
7291696863449763078,"The video features a person wearing a beige shirt and a black headband, speaking directly to the camera. The person is making various hand gestures and pointing to different parts of the room, indicating a discussion or explanation. The background is a typical indoor setting with furniture and decorations. The person is seen holding a phone, which displays a series of tweets from a user named Hanan Nafla, discussing the situation in Palestine. The tweets include images of a hospital on fire and a person in a hospital bed. The person in the video is expressing frustration and disbelief about the situation, questioning the actions of the Israeli government and the lack of international support. The person also mentions that they are not victims",1. News
7375186781999762721,"The video shows a woman in a blue floral dress and hat standing in front of a table with wine glasses, a bowl of food, and a bottle of wine. She is holding a bottle of wine and appears to be talking to someone off-camera. The text on the screen reads ""When you rock up to your friends place for a quick visit..."" and ""1pm"" at the top, and ""3pm"" at the bottom. The woman is seen drinking from the bottle of wine and then standing up, looking around the room. The video ends with the woman standing in front of the table, holding the bottle of wine and looking at the camera.",1. News
7309512164870491435,"The video shows a man in a suit and red tie speaking at a podium. The text on the screen reads, ""HANNITY ASKS TRUMP IF HE POWER ABUSE POWER, DO YOU IN ANY WAY HAVE ANY PLANS WHATEVER, IF RE-ELECTED PRESIDENT, TO ABUSE POWER, TO BREAK THE LAW, TO USE THE GOVERNMENT TO GO AFTER PEOPLE? YOU MEAN LIKE THEY'RE USING RIGHT NOW? UNDER NO CIRCUMSTANCES, YOU ARE PROMISING AMERICA TONIGHT, YOU WOULD NEVER AB",Politics
7325003811632745761,"The video features a person wearing a green shirt, standing in front of a dark background. The person is speaking, and the text ""DEUTSCHE THERAPEUTEN HATTE RECHT"" (German therapists had the right) appears at the top of the screen. The person gestures with their hands, emphasizing their points. The video seems to be discussing the rights of German therapists, possibly in relation to the treatment of patients. The person appears to be expressing frustration or disappointment with the treatment of patients by German therapists.",Entertainment & Shows
7355061931993992480,"The video consists of a series of frames featuring a person in a blue shirt standing in front of a calendar. The calendar is labeled ""MONDAY"" and has a red dot at the top. The person is making hand gestures, possibly indicating frustration or stress. The text overlay on the video reads ""Me mentally preparing myself for work tomorrow"" and ""I'm fine! Totally fine! I don't know why it's coming out all loud and squeaky, cause really, I'm fine."" This suggests that the person is mentally preparing themselves for work, but is also expressing frustration or stress about the upcoming workday.",1. News
7330624658686954795,"The video is a compilation of clips showing a person in a pink shirt reacting to various political events. The person is seen making hand gestures and pointing at the screen, indicating their reaction to the events. The background is a room with shelves filled with various items, including books and decorative objects. The person is wearing a pink shirt and has their hair tied up in a bun. The video includes text overlays that read ""That's his supporters Booing m & I ❤️ that 4 min"" and ""Trump booed loring about the American hostage."" The person appears to be reacting to a political event, possibly a speech or debate, and is expressing their disapproval of",Politics
7397794935199567135,"The video shows a woman tied to a tree in the Indian jungle after a domestic dispute. She is chained to the tree and left to die by her husband, Lalita Kai Kumar. The woman survives for 40 days without food or water. She is later rescued by a local shepherd who finds her crying for help. The woman writes a letter detailing her experiences and reveals that she has extreme psychosis.",1. News
7397967668248120622,"The video features a person with long hair, wearing a black shirt and green earrings, showcasing a mystery box of Charlotte Tilbury products. The person opens the box, revealing various items including a mascara, body cream, and a body lotion. They also show a small bottle of body lotion and a highlighter. The person appears to be discussing the contents of the box, mentioning that they are a mystery box and that they are excited to see which products will be included. The person also mentions that they are not disappointed with the amount of money they spent, as they feel they got their money's worth.",Entertainment & Shows
7311858161504423214,"The video showcases a collection of vintage BMX bikes, each with its own unique design and color scheme. The first bike, a pink and white model, is prominently displayed in the foreground, with its intricate details and vibrant colors drawing attention. The second bike, a blue and white model, is positioned in the background, partially obscured by the pink and white bike. The third bike, a pink and white model, is shown in a close-up view, highlighting its detailed design and vibrant colors. The fourth bike, a blue and white model, is positioned in the background, partially obscured by the pink and white bike. The fifth bike, a pink and white model, is shown in a close",1. News
7299582823940312350,"The video begins with a man sitting on a green leather couch in a dimly lit room. He is wearing a gray shirt and has his hands clasped together. The scene then transitions to a man in a blue uniform, standing in a room with a glass door in the background. The man in the blue uniform appears to be in a state of shock or surprise. The video then cuts back to the man on the couch, who is now looking at the camera with a serious expression. The video concludes with the man in the blue uniform standing in the same room, looking around with a concerned expression.",1. Entertainment & Shows
7331551109649059115,"The video features a black cat playing a violin. The cat is positioned in a dark setting, with its body and the violin illuminated by a spotlight. The cat's fur is sleek and shiny, and it appears to be focused on playing the instrument. The video is shot in black and white, which adds to the dramatic effect.",Pets & Animals
7293441357169937666,"The video features a series of animated characters in various cars, each with a different background and setting. The first car is an orange sports car with a cartoon character standing next to it. The second car is a white sports car with a cartoon character standing next to it. The third car is a pink sports car with a cartoon character standing next to it. The fourth car is a white sports car with a cartoon character standing next to it. The fifth car is a white sports car with a cartoon character standing next to it. The sixth car is a white sports car with a cartoon character standing next to it. The seventh car is a white sports car with a cartoon character standing next to it. The",1. Entertainment & Shows
7397793782122564896,"The video shows a person lying in bed, wearing a white top and a gold necklace. The person is holding their hand to their face, possibly in a gesture of surprise or excitement. The background is a bed with a patterned blanket. The person is wearing a ring on their left hand. The video ends with the person still lying in bed, with the same background and clothing.",Entertainment & Shows
7359943972216638736,"The video shows a group of people protesting in a city street. They are holding signs and flags, and some of them are wearing orange vests. There are police officers present, and the protesters are trying to get their message across to the police. The video also shows a group of people protesting in front of a building, with some of them holding signs and flags.",Politics
7344108969151008001,"The video shows a group of people at a wedding reception. There are tables set up with food and drinks, and people are sitting and standing around. A woman in a red dress is sitting at a table with a man in a black suit. The woman is holding a glass of water and smiling. The man is also smiling and holding a glass of water. The woman then stands up and walks away from the table. The man follows her and they walk towards the front of the room. The woman then walks up to a man in a dark suit who is standing at the front of the room. The man in the dark suit is holding a microphone and appears to be speaking to the woman. The",Entertainment & Shows
7226368631268019482,"The video features a person with long blonde hair, wearing a black leather jacket, standing in a room with a pink towel hanging on the wall. The person is holding a phone, and the text ""Songs for your Insta Story Crush Edition"" is displayed at the top of the screen. The person is seen taking a selfie, and the camera angle shifts to show the person's face. The video then transitions to a screen with the text ""EVERY TIME WE TALK, IT'S JUST HURTS SO BAD"" and ""CAUSE I DON'T EVEN KNOW WHAT WE ARE."" The person is seen holding a phone, and the camera","3. Music, Singing, & D"
7369594137928109345,"The video shows a shelf in a grocery store with various food items, including a box of Mr. Brain's pork faggots. The box is prominently displayed and features an image of the product on the front. The price tag on the shelf indicates that the pork faggots are priced at 1.60. The video also includes a humorous comment from the person recording the video, questioning the price of the pork faggots.",7. Food
7330275353325227297,"The video features a person with extensive tattoos and scars, who is seen in various settings, including a restaurant, a bar, and a parking lot. The person is wearing different outfits and accessories, such as a tank top, a blue and red striped shirt, and a black tank top. The text in the video suggests that the person is discussing their experiences with body modification and the challenges they face in finding acceptance. The video also includes a quote from Anthony Lofredo, a person who has undergone extensive body modification, including a full body amputation, to become a black alien. The video ends with a quote from Anthony, stating that he has been tatooing himself since the age of",Sports
7327164126822763808,"The video showcases a series of military parades from different countries, each with a distinct uniform and flag. The first frame features a group of women in military uniforms, with the text ""women ilita"" appearing on the screen. The scene transitions to a group of men in similar uniforms, with the text ""CHINA"" displayed. The next frame shows a group of women in military uniforms, with the text ""RUSSIA"" appearing. The video continues with a group of men in military uniforms, with the text ""VIETNAM"" displayed. The final frame features a group of women in military uniforms, with the text ""SOUTH KOREA"" appearing. The video concludes",1. News
7371855904813157664,"The video features two young women standing side by side in a room, with a white wall and a window in the background. They are dressed in casual clothing, with one wearing a white crop top and denim shorts, and the other in a white crop top and black pants. The text overlay at the top of the screen reads ""pre summer stats,"" and below it, there are two columns of text, each listing different statistics for each woman. The statistics include their age, height, weight, and other personal information. The video appears to be a fun and lighthearted way to compare the two women's stats, with emojis and other symbols used to add a playful touch.",pre summer sats
7354696392129924385,"The video showcases a series of close-up shots of a red sports car, focusing on its exterior and interior details. The car is displayed in a showroom, with a crowd of people visible in the background, indicating that it is part of a car show or exhibition. The car's design features a sleek, aerodynamic shape with a prominent rear spoiler and large, black wheels. The interior of the car is visible through the windows, showcasing a luxurious and high-tech environment. The video highlights the car's luxurious and high-tech interior, with a focus on the dashboard and steering wheel. The car's exterior is also shown in detail, with a focus on the wheels and the car's",1. News
7293639077671210286,"The video shows a person feeding fish from a white bucket into a pond. The person is seen scooping the fish out of the bucket and then releasing them into the water. The fish are seen swimming around in the pond, creating ripples and splashes as they move. The person is wearing a blue shirt and is standing on a wooden dock. The pond is surrounded by trees and grass, and the water is clear and blue.",1. Pets & Animals
7357227155979275526,"The video shows a group of people walking down a cobblestone street at dusk. The group consists of a man in a beige jacket, a woman in a white top and blue jeans, a young boy in a blue outfit, and a man in a black tracksuit. The man in the beige jacket is holding a microphone and appears to be interviewing the group. The young boy is holding a microphone and appears to be speaking into it. The woman in the white top and blue jeans is holding a bag and appears to be listening to the interview. The man in the black tracksuit is kneeling down and appears to be speaking to the young boy. The background shows a street with buildings",Entertainment & Shows
7394532218032491808,"The video features a woman in a pink dress and a man in a black shirt standing on a sidewalk. The woman is holding a pink purse and appears to be talking to the man. The man is wearing a black shirt and has a black belt around his waist. The background shows a street with cars parked along the side and a fence. The sky is cloudy, and the sun is setting, casting a warm glow over the scene. The woman and the man are engaged in a conversation, with the woman gesturing with her hands while talking. The man listens attentively, occasionally nodding his head. The video ends with the woman walking away from the man, who is still standing on the sidewalk.",1. Entertainment & Shows
7354508802932133166,"The video features a series of individuals engaged in various activities, with text overlays providing commentary on their actions. The first individual, wearing a light-colored shirt, is seen in a room with a bookshelf filled with books. The text overlay reads ""Booktalk"" and ""Stitch Inning,"" suggesting a discussion or review of a book. The scene transitions to another individual, also in a light-colored shirt, sitting in a car with a bookshelf visible through the window. The text overlay changes to ""A CROWD OF ERICOTIC LITERATURE,"" indicating a focus on a specific genre of books.

The narrative continues with the same individual in the car","3. Music, Singing, & D"
7344855206242389280,"The video features a woman in a black blazer and white shirt, seated in a room with a wooden background. She appears to be engaged in a conversation, as indicated by her facial expressions and hand gestures. The text overlay at the top of the screen reads ""Alice Weidel reagiert auf AFD-chatterläufe,"" suggesting that the woman is reacting to comments or discussions related to the Alternative für Deutschland (AfD) party. The video does not provide any additional context or information about the woman or the topic of discussion.",Entertainment & Shows
7377794153071037739,"The video is a series of scenes from the TV show ""The Office,"" featuring various characters in an office setting. The first scene shows a man in a tuxedo reading a newspaper, with the text ""Roulette is not a game of skill, it is a game of chance"" displayed on the screen. The next scene shows a man in a white shirt and tie, with the text ""Mind control. You can't be serious. That's ridiculous. You know what? Uh, why don't you move that coat rack?"" displayed on the screen. The final scene shows a woman in a pink shirt, with the text ""The Office"" displayed on the screen. The video",8. Entertainment & Shows
7349706117166959879,"The video features a man standing in a natural setting, surrounded by trees and greenery. He is wearing a light-colored shirt and appears to be speaking to the camera. The text overlays on the video include phrases such as ""What's up everyone?"", ""I am officially going into the jungle."", ""I don't know how to feel."", ""I'm excited."", ""I'm nervous."", ""You know, I'm normally a very organized and a planner and a control freak and I don't get to control anything here."", ""So I'm along for the ride and, you know, I hope they go easy on me."", and ""See you in the jungle."" The man's expressions",1. News
7308194891656400170,"The video shows a group of people in a stadium, with a large crowd of fans wearing red and white. The fans are cheering and waving their arms in the air, indicating excitement and support for a team or event. The text ""FUMBLE."" appears at the top of the screen, suggesting that the video is related to a sports event or game. The fans are also holding up signs and cheering, which adds to the atmosphere of excitement and support.",Sports
7375105398946139398,"The video shows a woman in a light blue robe standing in a living room, looking at the camera. She is holding a phone and appears to be talking to someone off-camera. The room has a large television, a coffee table, and a rug on the floor. The woman is then seen standing in front of a window with orange curtains, looking outside. She is wearing a light blue robe and appears to be cold. The video then shows the woman sitting on a chair in the living room, still wearing the robe. She is holding a phone and appears to be talking to someone off-camera. The room has a large television, a coffee table, and a rug on the floor.",Entertainment & Shows
7387067236218916129,"The video showcases a person's experience at a cake shop, specifically Cakebox. The shop offers a variety of cakes, including heart-shaped ones with the word ""Party!"" written on them. The person is seen selecting a cake, joining the Cake Club, and receiving a free cupcake after signing up. The video also highlights the store's loyalty program, which offers a £10 voucher after visiting three times. The person enjoys the cake and shares it with friends, emphasizing the quality and variety of the cakes available.",Entertainment & Shows
7323395108378840351,"The video shows a person dancing in a hallway. The person is wearing a gray sweatshirt and black pants. The hallway has white walls and a tiled floor. There is a Christmas tree decorated with red ornaments on the right side of the hallway. The person is dancing energetically, moving their arms and legs in various directions.","3. Music, Singing, & D"
7378610696390528289,"The video is a series of frames from a news broadcast discussing the dissolution of the French National Assembly. It begins with a man in a suit and tie standing in front of a green background, with the text ""Dissolution of the National Assembly: Voici tout ce que faut savoir"" (Dissolution of the National Assembly: Here is what you need to know) displayed at the top. The scene transitions to a man in a white lab coat speaking into a microphone, with the text ""HUGE DECRYPTE"" (HUGE DECRYPTE) at the top. The next frame shows a man in a suit and tie standing in front of a",Politics
7292568999932529963,The video shows a woman walking with another woman in a park. They are both wearing athletic clothing and carrying water bottles. The woman in the black t-shirt and black shorts is holding a green water bottle in her right hand and a white water bottle in her left hand. The other woman is wearing a black sports bra and black leggings. They are walking on a path surrounded by trees and grass. The video also shows them walking on a sidewalk in a park with a lot of greenery.,Fitness & Health
7360445995945037088,"The video shows a wild boar walking on a paved road at night. The text ""Jour 6 pour traiter un sanglier"" (Day 6 to treat a boar) appears at the top of the screen. The boar is seen sniffing the ground and eating food. A person's hand appears, offering the boar food. The boar sniffs the food and eats it. The person then walks away, leaving the boar alone. The boar continues to eat the food on the ground.",Sports
7356329953622822187,"The video features a person wearing a colorful cap and a gray shirt with a logo on it. The person is seen speaking in front of a computer screen displaying a stock chart for Trump Media and Technology Group Corp. The stock price is shown to have fallen again today, about 9%. The person is discussing the stock's value and the potential impact of Donald Trump's presidency on the stock's performance. The video also includes text overlays that provide additional commentary on the stock's value and the potential consequences of Trump's presidency.",1. News
7376774039899082027,"The video shows a group of elderly people in wheelchairs in a museum. They are dressed in formal clothing and are seated in a circle. The video then transitions to a group of people in military uniforms, also in wheelchairs, and the text ""Old People's Home"" appears on the screen. The video then shows a group of people in military uniforms, also in wheelchairs, and the text ""Old People's Home"" appears on the screen. The video then shows a group of people in military uniforms, also in wheelchairs, and the text ""Old People's Home"" appears on the screen. The video then shows a group of people in military uniforms, also in wheelchairs, and",1. News
7394396617882799366,"The video features a person with curly red hair, wearing a dark top, holding a pink and white drink in a clear plastic cup with a straw. The drink is decorated with colorful sprinkles and a small toy figure on top. The person is seen drinking from the cup, with the text ""POV: Your cousin gives you something to do drink"" displayed at the top of the screen. The background is dimly lit, and the person appears to be in a casual setting.",1. News
7382929842615979296,"The video shows a person sitting in a room, wearing a white shirt and blue jeans. The person is holding their head with one hand and appears to be in a state of distress or frustration. The background is a simple room with white walls and a door. The person is speaking, and the text overlay on the video reads, ""Ich bin gerade so deprimiert. Ich habe jetzt die letzten anderthalb Stunden damit verbracht, am Laptop irgendwelche Familien, etwas gehobene Hotels auf Mallorca oder generell bei den Jahren abzuk",Entertainment & Shows
7283171808595971370,"The video features a woman with long black hair, wearing a gray tank top, standing in a room with a plant in the background. She is wearing blue nail polish and has tattoos on her arms. The woman is speaking, and the text overlay on the video reads, ""NO BECAUSE I'M REAL AORES WHEN THE DUCK DUCK DUCK AROUND THE STANDING GUY AT THE TEAM RANO FOR THE FEMMAJUA."" The woman appears to be talking about a situation where someone is annoying her by repeatedly saying ""duck"" in a playful manner. The video seems to be a humorous take on",1. News
7299771215755906312,Two women are dancing in a gym. They are wearing black outfits and have their hair down. They are moving their arms and legs in a coordinated fashion.,"3. Music, Singing, & D"
7397523950391086369,"The video begins with a black screen, where a small blue character with a heart-shaped nose and a red heart-shaped antenna is visible on the left side. The scene then transitions to a green apple with a smiling face and a crown, surrounded by two smaller blue characters with heart-shaped noses and red heart-shaped antennas. The green apple is the centerpiece, with the blue characters positioned on either side. The video then shows the green apple being replaced by a pineapple with a smiling face and a party hat, surrounded by colorful confetti. The confetti is scattered across the screen, creating a festive atmosphere. The video concludes with the pineapple still surrounded by confetti, with the conf",6. Film & Animation
7410518813021637930,"The video shows a man in a suit and tie sitting in a room with a woman in the background. The man is speaking, and the text overlay on the screen reads, ""Do you think Americans seriously think that this is an important question?"" The man appears to be in a serious conversation, possibly about a political or social issue. The video then transitions to a woman speaking at a podium in front of the White House. The text overlay on the screen reads, ""Do you think Americans seriously think that this is an important question?"" The woman appears to be addressing the audience, possibly continuing the conversation from the previous scene.",Politics
