video_id,summary,category
7349900395843472672,"The video shows a man in a suit and tie being interviewed by another man holding a microphone. The man in the suit is wearing an orange and black microphone with the logo of the news channel. The background shows a crowd of people, some of whom are holding flags. The man in the suit is speaking into the microphone, and the other man is listening attentively. The video also shows a man in a gray jacket and a man in a blue cap, both holding microphones. The man in the gray jacket is speaking into the microphone, and the man in the blue cap is listening attentively. The background shows a crowd of people, some of whom are holding flags. The video also shows a man in",Politics
7326597898358066465,"The video is a humorous comparison between two different cats, one with a smartphone and the other without. The first cat is shown with a smartphone in its mouth, while the second cat is shown without a smartphone. The text at the top of the video reads ""Pov: les appels avec mon chacad qui n'a jamais fait de jamais"" which translates to ""Pov: the calls with my cat who has never done anything."" The text at the bottom of the video reads ""Moi: ピッチピッチピッチピッチピッチ",7. Pets & Animals
7302484543691328810,"The video is a black screen with white text. The text reads ""EMERGENCY RELIEF DISTRIBUTION OCTOBER 1TH, 2023. Stop the killing. Stop hate. Time to donate."" The text is in a bold, sans-serif font and is centered on the screen. The video is likely a call to action for viewers to donate to a relief effort in response to a recent event in Gaza.",1. News
7339991555408694561,"The video showcases a selection of skincare products from Balea, a well-known brand in the beauty industry. The products are displayed on shelves in a store, with each product having its own price tag. The video begins with a close-up of a person wearing a brown hoodie with the word ""Balea"" written on it, indicating the brand of the products being showcased. The person appears to be talking about the products, possibly discussing their features or benefits.

The video then transitions to a close-up of a shelf displaying various Balea skincare products, including a box of Aqua Augencreme, a bottle of Vital Plus straffende Augencre",Beauty Care
7351403366368546081,"The video depicts a series of events involving a group of humans and aliens in a battle. Initially, the humans are shown preparing a sandwich with various ingredients, including cheese and vegetables. The scene transitions to a cooking process where the humans are cooking a dish in a pan, with the text ""fast"" appearing on the screen. The cooking process continues with the text ""just"" appearing, indicating a pause in the cooking. The video then shows the humans preparing a sandwich with a human arm, with the text ""then"" appearing, suggesting a sequence of events. The final scene shows the humans and aliens in a battle, with the text ""they"" appearing, indicating a continuation of the conflict. The",1. Entertainment & Shows
7380379588242804001,"The video shows a person lying in bed with a pink pillow behind them. The person is wearing a black shirt with blue text on it. The person is holding their hand to their face and appears to be talking or thinking. The background is a white wall with a window. The video ends with the person still lying in bed, looking at the camera.",Entertainment & Shows
7291005324717313313,"The video features a woman in a pink coat standing in front of a large building with a river in the background. She is speaking to the camera and discussing the rise of the anti-immigration party AfD in Germany. The video includes text overlays that provide information about the party's performance in state elections and its stance on new citizenship rules. The woman also mentions that the law allowing dual nationality and faster German passport processing is still on track, despite the coalition government's opposition.",Politics
7184540937974975786,"The video shows a person sitting in the driver's seat of a car, wearing a black tank top and white headphones around their neck. They are holding a makeup brush and applying makeup to their eyebrows. The person is wearing a ring on their left hand. The video is titled ""e.l.f brow lift review"" and includes a description of the product and its benefits. The person is seen applying the product to their eyebrows, which appears to be a brow lift product. The video ends with the person giving a thumbs-up gesture, indicating satisfaction with the product.",21. Beauty Care
7343334803665603883,"The video features a woman with long, wavy hair, wearing a dark sweater and a gold necklace, sitting in front of a cosmic-themed background. She is speaking and gesturing with her hands. The text ""TikTok BAN TOMORROW"" appears at the top of the screen, indicating that the video is about a potential ban on TikTok. The woman is discussing the potential ban and its implications, mentioning that it is different from previous bans and that TikTok is used for educational purposes. She also mentions that the app is used by millions of people for their education and that the app is safer than other social media platforms. The video ends with a",1. News
7343662075299761440,"The video begins with a woman in a pink sweater with a black bow tie, standing in a room with a white wall and a shelf in the background. She is looking at the camera with a serious expression. The text ""Me (a huge horror freak) thinking no scene could ever affect me"" appears at the top of the screen. The scene then transitions to a man in a white shirt and tie, who is covered in blood and appears to be in a state of shock or distress. The text ""This scene"" appears at the top of the screen. The video then cuts back to the woman in the pink sweater, who is still looking at the camera with a serious expression",1. News
7394913119375527210,"The video features a person wearing a gray shirt and a camouflage cap, speaking directly to the camera. The person is seen in different settings, including a room with a wooden shelf and a red object hanging on the wall, and a plain wall with a green bottle in the background. The person is engaged in a conversation, responding to a comment about Joe Biden's actions and comparing them to those of Saddam Hussein and Vladimir Putin. The video includes a text overlay that provides context and further commentary on the topic, emphasizing the comparison of the number of people killed by different leaders and the moral implications of such comparisons.",Politics
7327439802637307178,"The video showcases a person in a camouflage hoodie standing next to a white Chevrolet truck. The person is pointing at the truck, likely discussing its features or design. The video includes text overlays that read ""This is The CHEPAEST Brand New Truck You Can Buy Today *2024 Chevy W/T* part 2,"" indicating that the video is part of a series or a review of the 2024 Chevy truck. The person appears to be emphasizing certain aspects of the truck, such as its wheels and the fact that it has no options. The video also includes a price comparison, showing that the truck is priced at $39",1. News
7296461109572275488,"The video features a series of interactions between Trump supporters and individuals who are critical of Trump's stance on unions. The first frame shows a man wearing a red hat with the text ""MAKE AMERICA GREAT AGAIN"" and a red and white striped shirt, standing in front of a poster of Donald Trump. The text overlay reads, ""Trump Supporters: I Disagree with Trump on..."" followed by a question, ""what do you think about unions?"" The man responds, ""I don't have a say in it, to be honest with you. Listen, I've been working in the unions since 88, okay? And when Trump came in, that's",Politics
7385384197864557855,"The video features a series of images from a CNN debate, showing two men in suits, one with a red tie and the other with a blue tie, standing at podiums. The background is blue with the CNN logo. The text overlay reads ""My favorite prt of the debate waswaas hitting whoever wasn't talking."" The video appears to be a compilation of clips from the debate, with the same two men in suits at the podiums. The text overlay suggests that the speaker finds the part of the debate where the speaker is not speaking to be the most enjoyable. The video does not provide any additional context or information about the debate or the speakers.",Politics
7358352976639184146,"The video shows a person driving a car on a highway during a rainstorm in Dubai. The video captures the car's journey through the rain, with the windshield wipers moving back and forth to clear the rain from the windshield. The video also shows the person's hands on the steering wheel and the car's dashboard. The video ends with a view of the sky through the rain-covered windshield, with the sun reflecting off the raindrops.",1. News
7371030140370963713,"The video is a series of frames from a gameplay video of a character in a video game. The character is seen running up a set of stairs, with the game's score and timer displayed at the top of the screen. The character is also seen using a weapon, and the text ""overwatch is so broken"" appears at the top of the screen, along with a crying face emoji. The character is also seen using a different weapon, and the text ""I'm stuck"" appears at the bottom of the screen. The character is also seen using a different weapon, and the text ""I'm stuck"" appears at the bottom of the screen. The character is also seen using a different",9. Sports
7328941581862473006,"The video begins with a close-up of a fighter jet on a runway, with the word ""HIGH"" in bright yellow letters superimposed over the image. The jet is stationary, and the background is a cloudy sky. The scene then transitions to a view of the jet in flight, with the word ""HIGH"" still visible. The jet is flying at a high altitude, and the background is a clear blue sky. The video then cuts to a view of the jet flying over the ocean, with the word ""HIGH"" still visible. The jet is flying at a high altitude, and the background is a dark blue sky with clouds. The video concludes with a black screen displaying",1. News
7295860137162591519,"The video features a person wearing a plaid shirt, with a blue background. The person is speaking, and the text overlay on the screen reads, ""I sometimes think about genocide and how barbaric it is and how people ever committed those kind of atrocities and I think we all assume that it could never happen again but it obviously can and probably will. I think about indigenous people and how they were obliterated by colonizers and those settlers did have a legitimate complaint. They were sometimes attacked and women and children were harmed but that kernel of truth was used to justify a greater evil by a larger power to obliterate indigenous people that had no chance to actually fight back. So much about leftist",1. News
7407540452611640606,"The video depicts a man in a blue shirt and black gloves sitting at a desk in an office. He is surrounded by various items, including a computer keyboard, a box, and a bottle. The man appears to be speaking to someone off-camera, as indicated by the text overlay that reads ""Those immigration offices when you come back to the US."" The man gestures with his hands while speaking, and the video ends with him standing up and walking away from the desk.",1. News
7372987016914455841,"The video shows a cricket match between Pakistan and England. The players are in the middle of the field, with the English team wearing green uniforms and the Pakistani team wearing orange uniforms. The crowd is watching the game intently, and the stadium is filled with spectators. The text ""FREE FREE... FREE FREE... FREE FREE..."" appears at the top of the screen, suggesting that the video is a free clip.",Sports
7366561209996332320,"The video features a woman with long, dark hair wearing a white shirt. She is sitting in a room with a yellow wall and a black TV in the background. The woman appears to be speaking, as indicated by her hand gestures and facial expressions. The video includes a series of images showing the woman in different poses and with different expressions, suggesting that she is narrating or reacting to something. The video also includes text that reads, ""I have never been so angry in my entire life. I don't know if anyone saw the video of Kim Kardashian being interrupted by a pro-Palestinian protester while she was giving an interview in Germany. It makes me feel so angry",1. News
7334130841016274222,"The video features a black car parked in a parking lot. The car is sleek and shiny, with a sporty design. The video shows the car from different angles, highlighting its curves and the way it sits on the ground. The background is a typical parking lot scene, with trees and other cars visible. The video also includes text overlays that read ""I don't reverse park to look cool, a mf ust can't park forward"" and ""I don't reverse park to look cool, a mf ust can't park forward."" These overlays suggest that the person in the video is making a statement about their driving habits. The video does not provide any additional context or",1. News
7380389929790033185,"The video features a dramatic scene from a video game, where two characters are engaged in a dance. The character on the left is dressed in a blue and brown outfit, while the character on the right is wearing a white dress. The background is dark, with a spotlight illuminating the dancers. The text overlay on the video suggests that the characters are in a moment of intense emotion, possibly indicating a romantic or dramatic interaction. The video does not provide any additional context or information about the characters or the game.",8. Science & Technology
7343754603927850245,"The video is a series of images that appear to be part of a political or social campaign, possibly related to the Palestinian cause. The images feature a person in a dark jacket with a white collar, who is seen gesturing with their hand, pointing upwards, and making a peace sign. The background of the images is a collage of various images, including a person holding a Palestinian flag, a person in a black outfit, and a person holding a book. The text ""FREE PALESTINE"" is prominently displayed at the top of the images. The images are overlaid with a filter that makes them appear as if they are part of a larger, more dynamic scene, with a smoky or",1. News
7357827492289465646,"The video features a person wearing a white t-shirt with a colorful graphic on it. The person is standing in a kitchen and appears to be talking to the camera. The person is gesturing with their hands and making various facial expressions, indicating that they are engaged in a conversation or expressing their thoughts. The video also includes text overlays that provide context to the person's statements. The person is discussing their feelings about eating and cooking, and they express a desire to not have to do these things anymore. The video ends with the person saying they are over it and that they don't want to do it anymore.",1. Entertainment & Shows
7366736772253977889,"The video presents a series of scenes showcasing the challenges faced by Tuvalu, a small island nation in the Pacific, due to rising sea levels. The first scene shows an aerial view of Tuvalu, highlighting the country's vulnerability to the effects of climate change. The second scene features a map of the Pacific, with Tuvalu highlighted, emphasizing the global impact of sea level rise. The third scene depicts a meeting room where Tuvalu's government officials are discussing the country's future, with the text ""Tuvalu's government is taking the unusual step of creating a virtual country."" The fourth scene shows a beach with a boat partially submerged in the water, illustrating the threat of",1. News
7342750088902511915,"The video shows a person standing in a bathroom, taking a selfie with a smartphone. The person is wearing a black t-shirt and shorts, and has a colorful phone case. The bathroom has a tiled wall and a mirror. The person is also wearing a blue bracelet and has a tattoo on their arm. The video ends with the person standing in front of a mirror, with the text ""Go, go, go, go. Hands up, cause she on the road. She ride a dick like a carnival. I done did the impossible."" displayed on the screen.",1. Entertainment & Shows
7325461211653492010,"The video features a person wearing a purple hoodie with the word ""Adidas"" written on it. The person is seen adjusting their hair, which appears to be in braids. The person is standing in front of a door, and the background is a plain wall. The person is also seen holding their head, possibly indicating that they are experiencing some discomfort or pain. The video ends with the person looking at the camera, possibly expressing frustration or concern about their hair.",1. Entertainment & Shows
7363144949442825518,"The video features a young woman with long blonde hair, wearing a black top with a graphic design. She is standing in a room with a white door in the background. The text overlay on the video reads, ""why is finding a girl friend no im not trying to be friendly, im trying to be flirtatious."" The woman appears to be speaking directly to the camera, possibly addressing the viewer. The video does not show any other people or objects, and the focus remains on the woman and her message.",1. Entertainment & Shows
7375972216707484960,"The video features a man in a white shirt standing in front of a screen displaying a list of Labour's policy steps for change. The man is seen speaking to the camera, and the text on the screen reads ""Thanks for the plug Rishi"" with a thumbs-up emoji. The video then transitions to a close-up of the man's face, with the text ""Thanks for the plug Rishi"" still visible. The final frame shows the man standing in front of a red background with the text ""Thanks for the plug Rishi"" and a thumbs-up emoji.",1. News
7363604482355137799,"The video showcases a kitchen with a messy floor and various items scattered around. A person is seen holding a transparent container, possibly a water filter, and a bottle of water. The text overlay reads ""Ну нарешті та кухня стоїть. І для зручних і естетичних розкладань речей в шуфлядах я вже отримала частину органайзерів, бо м",Entertainment & Shows
7341253553245408558,"The video depicts a woman, identified as Maymay, sharing her personal story about her family's financial situation and her decision to buy a house for her entire family. She explains that she has been working hard to provide for her family, and her goal is to take care of them. The video also touches on the fact that she is her parents' retirement plan, as they have given up on their own goals to support her. Maymay expresses her gratitude for being able to provide for her family and shares her plans for the future, including raising her children in one household. The video highlights the importance of family and the sacrifices that Maymay's parents have made for her and her siblings.",1. News
7346960504490937642,"The video features a woman with long hair, wearing a white tank top, lying on a bed. She is holding a phone and appears to be talking to someone off-camera. The scene transitions to a black and white photo of a couple on a boat, with the woman in a white dress and the man in a suit. The final scene shows the woman lying on a wooden deck, wearing a white dress, with the man standing behind her. The video seems to be a montage of different scenes, possibly related to the woman's life or experiences, with a focus on her relationships and personal moments.",1. Entertainment & Shows
7203774185322188037,The video shows a person walking into a room with a door that has a sign on it. The person is wearing a black shirt and blue jeans. The room has a wooden floor and a door with a sign on it. The person walks into the room and then walks out of the room. The person is then seen sitting at a desk with a computer on it. The person is wearing a black shirt and blue jeans. The person is sitting at a desk with a computer on it. The person is then seen sitting at a desk with a computer on it. The person is wearing a black shirt and blue jeans. The person is sitting at a desk with a computer on it. The person is,1. Entertainment & Shows
7324373228028300577,"The video depicts a man walking down a street at night, holding a drink in one hand and a phone in the other. He is dressed in a suit and tie, and the background shows a row of buildings with various storefronts, including a clothing store and a jewelry store. The text overlay on the video reads, ""things you need to know before getting a job in finance,"" followed by humorous comments about the challenges of working in finance. The man is seen walking past a woman who is holding a phone, and the text overlay humorously suggests that she is a financial model in Excel. The video also includes a humorous comment about the man's dinner, which includes steak and a side of",Entertainment & Shows
7404376866108312865,"The video shows a group of people, including a woman in a blue shirt and a man in a denim jacket, standing on a street in front of a building. The text at the top of the screen reads ""Das sagen Ihnen zur Kursk-Offenfesie"" (The things they say about the Kursk incident). The scene then transitions to a man sitting at a table outdoors, with the same text at the top of the screen. The video then shows a group of people standing on a street, with the same text at the top of the screen. The final scene shows a group of people standing on a street, with the same text",Travel & Events
7379002112652660014,"The video features a person wearing a white t-shirt with a graphic design, standing in a room with a window in the background. The person is holding their hand to their face, possibly wiping away tears. The text overlay on the video reads, ""Thank you Sarah, as for introducing this wedding ring to me."" The video then transitions to a close-up of a gold necklace with the name ""RATARMA"" on it, displayed on a white card with the text ""Fashion Jewelry"" at the top. The necklace is placed on a piece of fabric with a striped pattern. The video concludes with the necklace still on the card, with the text overlay remaining on the screen",1. News
7394618529569344811,"The video features a series of scenes from a press conference where Vice President Kamala Harris is speaking to campaign staff. The scenes are interspersed with text overlays that provide context and commentary on the events. The video begins with a woman in a light blue top standing in front of a backdrop with the American flag and the text ""DELEGATE."" The text overlay reads ""President Biden Now What?"" indicating that the video is discussing the current political situation and the potential actions of President Biden.

As the video progresses, the scenes shift to show Kamala Harris speaking at a podium with multiple microphones, with the text overlay reading ""Vice President Kamala Harris in her first political remarks this evening",1. News
7366286242406829345,A man in a grey hoodie is playing a DJ controller in an office. He is wearing black shorts and has a microphone in his hand. He is standing in front of a computer.,"Music, Singing, & Dancing"
7325205573941710111,"The video begins with a person sitting in a room, wearing a black t-shirt with a graphic on it. The room has a dresser with a mirror above it, a plant on top, and a door in the background. The person is speaking, and the text ""Reply to Lisa Mae's comment hanging around for the ghost hunting"" appears at the top of the screen. The person then stands up and walks towards the camera, and the text ""let me slow it down."" appears on the screen. The person continues to walk towards the camera, and the text ""stay tuned"" appears on the screen. The person then sits back down in the room, and the text ""stay",1. News
7352304151897951521,"The video shows a person sitting on the floor in a living room, wearing a black shirt and red pants. The room has a large window, a chandelier, and a rug on the floor. The person is holding a pair of shoes and appears to be talking or singing. The text on the screen reads ""POV: Du chilst immer 'Ich bin nicht recht'Fuß"" which translates to ""POV: You always say 'I am not right' Foot"". The person seems to be expressing frustration or disappointment with someone, possibly a child, for not being truthful. The video ends with the person sitting on the floor, still holding the shoes",1. News
7365063366907333921,"The video showcases a breathtaking view of a city skyline at sunset. The sky is painted with hues of pink, orange, and purple, creating a stunning backdrop for the city lights. The buildings, tall and modern, stand out against the vibrant sky. The water in the foreground reflects the colors of the sky, adding to the beauty of the scene. The video captures the city's beauty from a distance, with a railing visible in the foreground, suggesting that the viewer is standing on a bridge or viewing the city from a high vantage point. The video does not contain any text or additional information.",1. News
7346235933882076448,"The video shows a person in a green hoodie and black pants using a blue mechanical device to pull a rope attached to a wooden post. The person is positioned on the ground, with the device attached to the post, and is pulling the rope with both hands. The background features a grassy field with trees and a cloudy sky. The person appears to be exerting effort to pull the rope, which is connected to the post.",1. Sports
7305148019727420718,"The video is a series of frames from a movie review. The first frame shows a woman with long black hair wearing a white turtleneck and a brown and white fur coat. The background is dark, and the text ""WATCHER"" is displayed in large white letters. The second frame shows a movie poster for ""WATCHER,"" with the text ""EVIL WANTS TO BE SEEN"" at the top and ""WATCHER"" in large white letters in the center. The third frame shows a woman with long black hair wearing a white turtleneck and a brown and white fur coat, standing in front of a dark background. The text ""WATCHER"" is",8. Entertainment & Shows
7395252325104766216,"The video is a series of frames from a first-person shooter game, likely Counter-Strike, where the player is in a virtual environment resembling a war-torn city. The player is holding a sniper rifle and aiming at a target. The environment is a desolate urban setting with buildings and debris scattered around. The player's character is wearing a green helmet and a camouflage outfit. The game's HUD (Heads-Up Display) shows the player's score and the number of kills. The player is aiming at a target that appears to be a cat wearing a sniper rifle. The cat's face is superimposed onto the sniper rifle, creating a humorous",01
7354853011887312160,"The video shows a group of people sitting around a table with pizza in front of them. One person is eating a slice of pizza with pineapple on it, while the others are watching. The person eating the pizza is wearing a blue hoodie and is holding a fork. The text on the screen says ""Pineapple doesn't belong on pizza... ABSOLUTELY"" and ""Why did you eat the whole pineapple pizza."" The person eating the pizza looks surprised and confused.",8. Entertainment & Shows
7355938811429260550,The video shows a person wearing headphones and singing into a microphone. The person is sitting in front of a colorful background with a microphone and a keyboard. The person is also wearing a black shirt with a floral design. The video also includes text overlays with lyrics and song titles. The person is singing a song about feeling sad because they were damn good. The video also includes a screenshot of a music AI program with lyrics and song titles.,"3. Music, Singing, & D"
7363655590524226862,"The video features a person sitting at a desk with a computer and a cup of coffee in front of them. The person is wearing a dark shirt with the words ""LOVE HURT CUR"" on it. The background is a neon-lit room with a purple and blue color scheme. The person is talking about Discord, a popular online communication platform, and how it has been affected by a website that has been scraping the data of over 114 million Discord users. The website, Spy.pet, has been offering the messaging history of these users to anyone with a spare couple of bucks. Discord has acknowledged the issue and has started banning accounts affiliated with the website",1. News
7337977691611696417,"The video shows a person driving a car, wearing a white sweater and a seatbelt. The person is seen talking to the camera, expressing frustration and frustration with the situation. The video also includes a text overlay that reads ""Just shut up, shut up, shut up, just shut up, shut up. We try to take it slow, but we're still in control. And we try to make it work, but it still ends up the worst. And I'm crazy.""",1. News
7335864619187146016,"The video is a series of maps and aerial views that compare the geography and population of Wyoming and Colorado. It starts with a map of the United States highlighting the Rocky Mountains and the states of Wyoming and Colorado. The text ""Why WYOMING Is 'Epty' And COLORADO Is Not"" appears at the top of the screen, indicating the topic of the video. The video then transitions to a series of aerial views of Wyoming and Colorado, showing the vast open landscapes and the differences in population between the two states. The video concludes with a map of Wyoming, highlighting the state's highest point, Gannett Peak, and the Yellowstone Plateau, which is home to Yellowstone National",1. News
7356565580603870497,"The video features a series of conversations between different individuals, each with their own distinct attire and background. The first individual, dressed in a dark suit, is seen speaking into a microphone, with the text overlay indicating a conversation about mental health and the challenges faced by individuals seeking help. The second individual, wearing a pink outfit, is also engaged in a conversation, with the text overlay suggesting a discussion about the Prime Minister's response to a situation involving mental health. The third individual, wearing a dark suit, is seen speaking into a microphone, with the text overlay indicating a conversation about the Prime Minister's response to a situation involving mental health. The video captures the nuances of these conversations, highlighting the differing",1. News
7407322364309949728,"The video shows a group of people performing on stage. The stage is brightly lit with a vibrant blue and pink background. The performers are dressed in casual clothing, with one person wearing an orange jacket and another wearing a gray shirt. They are dancing and moving energetically, with one person in the center of the stage. The audience is visible in the background, watching the performance. The video also includes a text overlay with the words ""I don't wanna die Before we love, we love, this feeling, babe Cause it's enough, enough, can't be this way Before we love, we love, this feeling, babe I love it, I like it, but I don","3. Music, Singing, & D"
7395058028594122014,"The video features a man in a suit and tie, standing in front of a blue background. He is speaking, and the text overlay on the screen reads, ""and I think these issues in this election are way too important for any of us to be distracted, so I stand by what I said in my video."" The man is then shown flexing his muscles, and the text overlay changes to, ""Wade's take on Rfjkr."" The video continues with the man in a different setting, sitting in a car and talking to the camera. The text overlay on the screen reads, ""And why lives are so important to me."" The video concludes with the man standing on a",Politics
7357035995667107114,"The video shows a woman in a red shirt standing in a restaurant, holding a drink in her hand. She is talking to another woman who is sitting at a table with a drink in front of her. The woman in the red shirt is then seen drinking from a straw, while the woman in the red shirt is looking at her. The video also shows a menu on the wall behind the woman in the red shirt, listing various drinks and their prices.",1. Entertainment & Shows
7322958700291853614,"The video is a compilation of different segments, each featuring a different person or group of people. The first segment shows a close-up of a person's face with the text ""what was GRUMP"" in bold, red letters. The second segment features two people sitting at a news desk, with the text ""FOX NEWS"" and ""FOX NEWS"" displayed on the screen. The third segment shows a close-up of a person's face with the text ""what was GRUMP"" in bold, red letters. The fourth segment features a person with the text ""I believe that the scientist went out, said hello to his girlfriend, and that was the end of",1. News
7333721172363922734,"The video shows a man in a blue shirt and khaki pants standing in front of a black Toyota Camry. He is wearing sunglasses and a blue jacket. The man is dancing and moving his arms around. The background includes other cars and palm trees. The text ""Toyota coulver"" is displayed at the top of the video, and there is a laughing emoji next to it.",1. News
7320342127790148907,"The video depicts a police officer in a uniform, standing in a room with blue lockers in the background. The officer is wearing a badge and a name tag that reads ""POLICE."" The text overlay on the video reads ""TYRANT COPS MAKE BIG MISTAKE Silverthorne Colorado - FBI Amagansett Press."" The officer appears to be speaking to someone off-camera, possibly a reporter or a journalist, and is gesturing with their hands as they talk. The officer is also wearing a cap and sunglasses. The video seems to be a commentary on the actions of the police department in Silverthorne, Colorado, and the officer is expressing frustration or disappointment with the situation",News
7287998089279917345,"The video shows a person standing on a sidewalk with a laptop in front of them. The person is wearing a black jacket and a white shirt. The laptop screen displays a webpage with a list of products, including headphones, a backpack, and a watch. The text on the screen reads, ""You can save so much money shopping on Amazon and it doesn't even have to be Prime Day. Let me show you where you can get all the discounted items. They're all new and it's just sellers trying to get rid of their inventory. Go on the regular Amazon site, scroll down until you find Amazon Outlet. Here you find all the categories that you find on Amazon and you can literally",1. News
7340766599860849926,"The video shows a man in a military uniform standing at a podium, speaking into a microphone. He is wearing a name tag that reads ""RIDER."" The background features a large sign that reads ""THE PENTAGON WASHINGTON."" The man appears to be giving a speech or statement, as indicated by the text overlay on the video. The video also includes a caption that reads, ""Well, just to be clear, we have no plans to send U.S. service members to fight in Ukraine. The president has been pretty clear on that, and that continues to be our position. As it relates to providing assistance to Ukraine, I can really only speak in broad terms",1. News
7324688586807201070,"The video shows a young woman sitting in a classroom, wearing a white sweater and a beige scarf. She is looking at a piece of paper in front of her. The background shows a window with blinds, a bulletin board with various papers and notes, and a shelf with books and other items. The text overlay on the video reads, ""Special Ed teacher trying to figure out whether their student is crying."" The woman appears to be in a classroom setting, possibly a school or a tutoring environment, and is engaged in a conversation or activity related to the student's emotional state.",1. News
7195058735914519809,"The video shows a large building being demolished. The building is tall and white, and it is being demolished by a crane. The demolition is causing a lot of dust and debris to be thrown into the air. The video also shows a large plume of smoke rising from the site, indicating that the demolition is causing a significant amount of destruction.",1. News
7360854136440540459,"The video depicts a man in a gray shirt standing in a room with a door in the background. He is holding a phone and appears to be in a conversation. The text ""CAN I HELP YOU?"" is displayed on the screen, indicating that he is offering assistance. The scene then transitions to a man in a black shirt with red suspenders, who is also holding a phone. The text ""REASPAPY?"" is displayed on the screen, suggesting that he is asking for a response or confirmation. The video then shows a black screen with the text ""HUELL"" in white letters, which could be the name of the person or entity being referred to. The final frame",1. News
7408631372044111135,"The video shows a person petting a cat on a bed. The cat is lying on its back, and the person is gently petting its belly. The cat appears to be relaxed and comfortable. The person is wearing a tattoo on their hand. The video then transitions to a group of kittens huddled together on a white blanket. The kittens are all different colors, including black, brown, and white. They are huddled together, possibly seeking warmth or comfort. The video then shows a close-up of one of the kittens, which is black and white. The kitten is being petted by a person, and the person's hand is visible in the frame. The video then shows a",7. Pets & Animals
7383460841204534534,"The video showcases a series of woodworking tasks, starting with a close-up of a wooden block with a small metal screw embedded in it. The screw is then removed using a pair of pliers, revealing the wood beneath. The process is repeated with another screw, and the video concludes with a close-up of a new screw being inserted into the wood, ready for use.",1.5L of water I'm going
7340748820130647326,"The video shows a group of people sitting at a table in an office setting, discussing the new $20 minimum wage law in California. One person is holding a sandwich, and another person is holding a phone. The video also shows a screen with the California state seal and the text ""California's New $20 Minimum Wage for Fast Food Restaurants."" The video ends with a person holding a sandwich and a drink, with the text ""California's New $20 Minimum Wage for Fast Food Restaurants"" displayed on the screen.",1. News
7289539647825382698,"The video features a woman in a kitchen, wearing a peach-colored shirt and denim shorts, dancing energetically. She is holding a piece of paper in her hand, which appears to be a recipe or a note. The kitchen is well-equipped with various appliances and utensils, and there is a refrigerator in the background. The woman's movements are lively and expressive, and she seems to be enjoying herself. The video does not contain any text or subtitles.",1. News
7390878944012045598,"The video is a series of frames from a video game, specifically a virtual reality game. The game features a character in a black outfit with a pink top and a pink wig, standing in a room with a pink background. The character is holding a phone and appears to be interacting with the game. The game also features a character in a yellow outfit with a pink wig, standing in a different room with a white background. The character in the yellow outfit is holding a phone and appears to be interacting with the game as well. The game also features a character in a black outfit with a pink top and a pink wig, standing in a room with a pink background. The character in",9. Gaming
7390133152670420266,"The video features a person wearing a black off-the-shoulder top with a graphic design on it. The person is standing in a room with a wooden dresser and various items on it, including a lamp and some bottles. The person is wearing a necklace and has a red light on their forehead. The person is also wearing hoop earrings. The video does not contain any additional information or context.",1. Entertainment & Shows
7373916497896377617,"The video shows a close-up of a chocolate cake being cut into slices. The cake is decorated with a layer of white frosting and is surrounded by a ring of gingerbread cookies. The video then shows a close-up of a bowl containing a white mixture, which is being whisked with a gold whisk. The mixture appears to be a batter or dough. The video then shows a close-up of the cake being topped with a layer of white frosting, which is being spread evenly over the cake. The video concludes with a close-up of the cake being decorated with a layer of white frosting, which is being spread evenly over the cake.",7. Food
7303250453079280927,"The video is a promotional video for an airline pass that allows you to travel to four destinations: Tahiti, Paris, Auckland, and Tokyo. The pass costs $1,525 and can be used for four round-trip tickets. The video emphasizes the cost of each ticket, which is typically $750, and suggests that the pass is a good deal. However, it also mentions that there are only 250 passes available and that they go on sale on November 25th at 9 a.m. Pacific time. The video encourages viewers to be quick if they want to beat the bots and purchase the pass.",1. News
7330776298576514347,"The video features two individuals sitting at a table with a colorful, striped structure in front of them. The structure has a large wheel with a red handle and several slots labeled with different words. The person on the left, wearing a white top, is holding a card with the word ""Eyes"" written on it. The person on the right, wearing a dark shirt, is pointing at the wheel and then at the card with the word ""Eyes"" on it. The video then transitions to a close-up of the wheel, which now has the word ""Eyes"" written on it. The video continues with the wheel still showing the word ""Eyes"" and the person on the",Entertainment & Shows
7386716685945900320,"The video shows a man in a suit and tie standing in a stadium, with a crowd of people in the background. The man is holding a microphone and appears to be speaking to the crowd. The video then transitions to a close-up of the man, who is now wearing a suit and tie, and is standing in front of a green background. The man is holding a microphone and appears to be speaking to the crowd. The video then transitions to a close-up of the man, who is now wearing a suit and tie, and is standing in front of a green background. The man is holding a microphone and appears to be speaking to the crowd. The video then transitions to a close",1. News
7390820226562084139,"The video shows a cartoon scene where a group of people are standing under an umbrella in the rain. One of the characters is holding a purple umbrella and appears to be talking to the others. The text on the screen reads, ""When you're just trying to have a brasummer."" The scene then transitions to a close-up of a character with brown hair, wearing a yellow dress, who is holding a blue umbrella. The text on the screen reads, ""I thought these people were my friends. Little did I know, I was swimming with a pack of thieves."" The character appears to be speaking to the others, and the text on the screen reads, ""Calm down,",1. News
7361435694725696810,"The video features a woman standing on a stage in front of a crowd, with the text ""Every headline show I make my vip's pledge to be a friend to anyone who came alone to show what night."" The woman is wearing a blue and pink outfit and is surrounded by people. The scene then transitions to a different part of the stage where the woman is now surrounded by a group of people, including a man in a red shirt and a woman in a pink dress. The text ""Midway through my set I induct more pop to do the same thing"" appears on the screen. The video then shows a poster with the text ""NOMINEE: MY LIVE SET GOT","3. Music, Singing, & D"
7317028968568343850,"The video is a series of humorous and relatable tips for improving one's social skills, particularly when it comes to talking to girls. The first frame shows a person using a knife to cut a piece of wood, with the text ""how do I talk to girls I'm shy?"" displayed at the top. The second frame shows a person holding a piece of wood with the text ""genuinely"" at the top. The third frame shows a person using a heat gun to cut a piece of wood, with the text ""HEAT GUN"" at the top. The fourth frame shows a person using a knife to cut a piece of wood, with the text ""right?"" at the top.",1. News
7393735339996712225,"The video features a person wearing a white and blue striped shirt with a blue collar, standing in front of a door. The person is holding a phone and appears to be speaking, as indicated by the text overlay on the screen. The text reads, ""QUAND ON A 11 DE VUE LE \""M\"" VENTE E \""MILLION\"" MAISQUAND ON A 1 K DE VUE, SE L'IL K VENT DE QUE MOI ?"" which translates to ""When I have 11 views, \""M\"" goes up and \""Million\"" goes down, but when I have 1 thousand views, it goes down from me",1. News
7286953369133174062,"The video shows a man in a yellow shirt and black pants standing on a street with a large black and white parachute attached to his back. He is holding onto the parachute and preparing to take off. The background features a mountainous landscape with trees and buildings. The man begins to lift off the ground, but the parachute does not fully lift him, and he ends up floating in midair. He then starts to pump the parachute like a bird, trying to gain more lift. The video appears to be in reverse, as the man is seen floating in midair and then starting to descend.",1. News
7210197949433892142,"The video showcases a picturesque beach scene with a clear blue sky and calm ocean waters. The beach is lined with numerous lounge chairs and umbrellas, indicating a popular spot for relaxation. The text overlay on the video provides a list of the beach's features, including its iconic and icy nature, a place to see and be seen, and the presence of Great Beaches. The video also mentions that the food is reasonable and the atmosphere is delightful. The video concludes with a call to action, inviting viewers to share their favorite beach in Capri.",Favorite beach in Capri?
7317451980497046826,"The video is a compilation of morbid facts about the Church of Scientology. It starts with a man in a suit and tie, followed by a woman in a blue dress, and then a man in a suit and tie. The text at the top of the screen reads ""Morbid Scientology Facts."" The video then shows a man in a suit and tie, followed by a woman in a blue dress, and then a man in a suit and tie. The text at the top of the screen reads ""Morbid Scientology Facts."" The video continues with a man in a suit and tie, followed by a woman in a blue dress, and then a man in a suit and tie.",1. News
7346304747646848288,"The video shows a group of people shopping in a grocery store. One person is seen holding a box of cereal, while another person is holding a box of cookies. The video also shows a person in a blue jacket standing in front of a shelf, looking at the items on the shelf.",Entertainment & Shows
7357381570371603717,"The video shows a group of people dancing in a room. One person is wearing a white shirt and a black skirt, another is wearing a white shirt and a black dress, and the third is wearing a white shirt and a black dress. They are dancing in a room with a white wall and a door in the background.",1. Entertainment & Shows
7319635608945675528,"The video shows a person performing a dance routine on a stage. The person is wearing a white sweatshirt with a graphic design on it, black and white striped pants, and red sneakers. The stage is dark, and there are other people visible in the background, some of whom are sitting on the floor. The person in the video is moving energetically, with their arms and legs moving in various directions. The video also includes a text overlay that reads ""J-Wars We're free today, we're not getting so far"" and ""Let's go!""","3. Music, Singing, & D"
7288048371019926814,"The video shows a woman sitting on a bench in a backyard, wearing a white shirt. She is talking to the camera and appears to be explaining something. The background includes a house with a porch and a window. The woman is wearing a ring on her finger.",1. News
7302492057975688490,"The video features a person wearing a black and white tie-dye tank top with a watermelon slice graphic on it. The person is standing in a room with a white ceiling and a light-colored wall. They are wearing a pair of yellow sunglasses on their head and have long braided hair. The person is holding a watermelon slice in their hand. The text ""From the river to the sea"" appears at the top of the frame, and there are emojis of a watermelon and sunglasses on the screen. The video also includes a text overlay that reads ""The creator of this filter is in the Filter Creator Fund, and all the proceeds go to Palestine, so if there's nothing that",1. News
7289320054347468078,"The video features a person sitting at a desk, wearing a dark shirt, with a laptop in front of them. The background includes a painting with a red and orange color scheme. The person is speaking and gesturing with their hands, and there is text overlaid on the video that reads, ""Hakeem Jeffries will explode."" The person appears to be discussing a political scenario involving a potential Speaker of the House of Representatives, with a focus on the possibility of a deal with Democrats. The video ends with the person making a humorous prediction about the reaction of right-wing media figures if the next Speaker of the House is elected with Democratic votes.",1. News
7346011922946510126,"The video features a series of frames showing a person wearing a brown hoodie and sunglasses, standing outdoors with trees and a street sign in the background. The person is seen in different positions, with the text ""Reply to Coa's comment I respect myself so I'm voting for RFK Jr."" appearing at the top of the frames. The video then transitions to a news article from NBC News, which discusses RFK Jr.'s consideration of Aaron Rodgers as his vice presidential running mate. The article highlights Rodgers' lack of experience and his views on the Sandy Hook school shooting, as well as his connections to conspiracy theories. The video concludes with the person in the brown hoodie,",Politics
7366304208150121774,"The video features a series of individuals making heart shapes with their hands in front of their faces. The first person is wearing a red shirt with the text ""Los Angeles"" on it, and the text ""Millennials try new Gen Z handcart"" appears at the top of the frame. The second person is wearing a red jacket with the text ""Los Angeles"" on it, and the text ""Laura 1998"" appears at the top of the frame. The third person is wearing a red jacket with the text ""Los Angeles"" on it, and the text ""Lisa 1993"" appears at the top of the frame. The fourth person is wearing",1. News
7360733570232552710,"The video features a person standing outdoors, holding a large, black clock with the word ""КАИНЕ"" written on it. The person is dressed in a black shirt and light blue jeans. The background is a lush, green park with trees and bushes. The person appears to be speaking, as indicated by the text on the screen. The text includes a phone number, email address, and a website, suggesting that the person is providing information or services related to the clock. The video does not show any significant changes in the person's position or the environment throughout the video.","1. Music, Singing, & D"
7369576124948548897,"The video shows a person holding a small, furry animal, possibly a marmot, in a grassy field. The person is wearing a black shirt and is holding the animal close to their body. The animal appears to be vocalizing, as indicated by the text in Russian that reads ""Когда он читает с заветами с подружками"" (When he reads from the stories with his friends). The text also mentions that the animal is a marmot, which is a type of rodent known for its vocalization. The video does not provide any additional context or information about the person or the animal",7. Pets & Animals
7393839173922327841,"A screenshot of a political map showing the results of the 2020 presidential election. The map is color-coded to show the results of the election in each state. The map is titled ""Yaps.com"" and shows the number of votes each candidate received in each state. The map also shows the number of electoral votes each candidate received.",Politics
7388205937036725537,"The video shows a person in a blue and white jacket sitting in a vehicle, with the text ""POV: Trying to activate my Supacell power"" displayed at the top of the screen. The person is holding a phone and appears to be trying to activate something on the phone. The background is dark, and there are some stickers on the wall. The person is wearing a seatbelt and is looking at the phone. The video does not provide any additional context or information about the person or the situation.",1. News
7362611852360174881,"The video begins with a black screen displaying the text ""4TO АЛОБОВЬ БЫЛА ПЕРЕСТРЕЛКИЙ ВЫСТАНОВИТЬ МНЕ СКУЧНО, И Я ТЕБЕ НЕ ВЕРУЮ"" in white, which translates to ""4TO ALOBOWY BILA",1. News
7368846954471640362,"The video features a person with long red hair wearing a black sweatshirt with green text. The person is standing in a kitchen with white cabinets and a window in the background. The person is speaking and gesturing with their hands, possibly explaining or discussing something. The video also includes text overlays that provide context and commentary on the topic being discussed. The text overlays mention the importance of solidarity among oppressed people, the intersectionality of activism, and the need for influencers to prioritize the needs of their followers over personal gain. The video concludes with a call to action for viewers to stop following influencers who prioritize fame and money over activism and solidarity.",1. News
7108772250320473349,"The video showcases a series of activities for a trip to the Greek island of Paros. It begins with a person standing in front of a scenic view of the island, with the text ""Paros 5 out of the box activities!"" displayed at the top. The person is wearing a red and white striped shirt and appears to be speaking directly to the camera. The video then transitions to a series of images, each accompanied by a text overlay. The first image shows a person standing on a rocky beach with the text ""1. Go have a meal in the traditional village of Lefkest."" The second image shows a person hiking on a dirt path with the text ""2. Go to the",Travel & Events
7349908267742743854,"The video features a person in a red shirt speaking into a microphone, with text overlays providing commentary on the topic of Trump's legal immunity claim. The person is in a room with shelves in the background, and the text overlays suggest that Trump's legal team is trying to make the case that he has immunity, while the person in the video argues that Trump is the worst president of all time and has no immunity. The video also includes a quote from a legal scholar, suggesting that Trump has crossed over the threshold of legal immunity.",Politics
7273897683918621994,"The video captures a football game in progress, with players in various uniforms, including a player in a white jersey with the number 8 and a player in a black and yellow striped jersey. The player in the white jersey is seen throwing a football, while the player in the black and yellow striped jersey is running towards the end zone. The crowd is visible in the background, cheering and watching the game. The video also includes a text overlay that reads ""Come on! Honey, I see you looking at me I'm ready to go with you if you want me Cause baby, there's no one that makes me smile The way that you do, you're one of a kind",Sports
7374631394108181806,"The video shows a woman standing in a bedroom, talking about her husband's past. She mentions that he was a DREAMER at age 19 and got married in 2017. In 2020, he left the USA for his hometown in Mexico, where he has been living in the USA for over 10 years. The woman is standing in front of a bed with a white headboard and a gray blanket. She is wearing a denim skirt and white sneakers.",1. News
7285324334934035745,"The video shows a man in a hospital room, wearing a black shirt, bending over a bed with a woman lying on it. The man is holding the woman's legs and appears to be performing a medical procedure. The room is filled with people, some of whom are watching the procedure. The man is wearing a black shirt and is bending over the bed. The woman is lying on the bed with her legs up. The room is filled with people, some of whom are watching the procedure. The man is holding the woman's legs and appears to be performing a medical procedure. The room is filled with people, some of whom are watching the procedure. The man is wearing a black shirt and is",1. News
7374137745364602155,"The video shows a woman in a car, wearing a pink jacket and a teal shirt, with a man in the back seat. The woman is talking to the man, and the man is responding. The woman is making a hand gesture, possibly indicating she is speaking or emphasizing a point. The man is wearing a black shirt and has a black cap on his head. The background shows the interior of the car, with the woman's hand visible in the foreground. The video does not provide any additional context or information about the conversation between the woman and the man.",1. News
7345205332383108394,"The video shows a group of people gathered around a table, with a person in a yellow shirt writing on a piece of paper. The background shows a stone wall and some posters. The text on the screen reads ""HUMANITARIAN."" The scene then transitions to a group of people walking down a street, with the text ""OF THE 15,000 Haitian police officers in the country, over 3,000 of them have fled, and human rights advocates have even accused them of colluding with gangs."" The video then shows a group of people sitting at a table, with the text ""HUMANITARIAN."" The scene then transitions to a",1. News
7335427690708651272,"The video features a person wearing a light-colored sweater with a black and white pattern and blue jeans. They are standing on a city street, with buildings and trees in the background. The person is holding a microphone and appears to be speaking or singing. The text ""think makes"" appears on the screen, followed by ""her,"" and then ""environment?"" The person is gesturing with their hands while speaking. The video then transitions to a black screen, indicating a possible pause or transition in the video.",1. News
7366011789085035809,"The video shows two men standing on a stage at a conference. One man is wearing a suit and tie, while the other is wearing a blue suit and tie. They are both holding microphones and appear to be giving a speech. The stage is decorated with blue and white colors, and there is a large screen behind them displaying the text ""CDU"" and ""ortungführen. In Europa."" The men are shaking hands and embracing each other, indicating a friendly and collaborative relationship.",Politics
7383627859803393313,"The video features a man in a white polo shirt sitting at a desk in an office setting. He is speaking and gesturing with his hands, and the text ""A ENCORE"" appears on the screen, indicating that he is continuing to speak. The man is also seen with the text ""TALENT"" and ""SE CONTENT"" on the screen, suggesting that he is discussing his talent and contentment. The video seems to be a commentary or analysis of the man's actions and statements.",1. News
7362157037511396613,"The video depicts a woman unpacking a large box in a living room, revealing various items such as books and a TV. She is seen holding a bottle of lotion and a spray bottle, indicating that she is preparing to use the products. The video then transitions to a close-up of the woman's face, showing her applying a cream to her face. The text on the screen reads, ""Я дуже довго чекала цю посилку, і не подумайте, що це все мені. Або що",Entertainment & Shows
7346042702347406638,"The video shows a person sitting on a rooftop in a city with red-tiled roofs and a church in the background. The person is wearing a black hoodie and white shorts. The video then transitions to a person hugging a dog in a snowy outdoor setting. The next scene shows a person sitting in a bus, wearing a green jacket. The final scene shows a person sitting in a car, wearing a black jacket. The video also includes text overlays that read ""amazingz,"" ""And Finland,"" ""my way,"" and ""I'm pretty sure everyone knows that last year I met a girl at the airport and we got to spend a day together in New York City. She",1. Entertainment & Shows
7362203819721166123,"The video shows a group of people, including children, gathered in a public space, holding signs and banners. The signs and banners have messages such as ""SEND A MESSAGE TO THE PROTESTS"" and ""We love the students of Harvard University."" The people in the video appear to be protesting or supporting the students of Harvard University. The video also includes text overlays that read ""We respect the students of your university"" and ""We hear you."" The video seems to be a call to action for people to support the students of Harvard University and to show their respect for them.",1. News
7389277272009690401,"The video shows a large white ship with a red and blue stripe on the side, moving through a body of water. The ship is surrounded by ice, indicating cold weather conditions. The sky is overcast, and the water is calm. The ship is moving slowly, and there are no other vessels in sight. The video then shows a close-up of the ship's bow, with the text ""First migrants since election"" displayed on the screen. The ship is docked at a port, and there are several trucks and other vehicles visible in the background. The video then shows a view of the ship from a distance, with the text ""New home secretary vetted by Border Force"" displayed",1. News
7315533802409839914,"The video features a person with long blonde hair, wearing a dark jacket, standing in a room with a plant in the background. The person is seen gesturing with their hands while speaking, and the text overlays the video with various statements. The first text overlay reads ""Bill Maher a weknln Islamophobe,"" which suggests that Bill Maher is an Islamophobe. The second text overlay reads ""as something that just a part of history,"" indicating that the Islamophobia is a historical phenomenon. The third text overlay reads ""killing 10 million Congolese people,"" suggesting that Bill Maher has made a statement about the killing of 10 million Congol",Politics
7355525427160452385,"The video features a woman performing on stage, wearing a black hat and a black outfit. She is holding a microphone and singing into it. The background is a large crowd of people, and the stage is brightly lit with spotlights. The text overlay on the video reads ""When Beyoncé points at you in the crowd."" This suggests that the woman is being recognized or singled out by the audience, possibly as a fan or a celebrity. The video does not provide any additional context or information about the woman or the event.","3. Music, Singing, & D"
7368383778034601249,"The video shows a computer screen with a desktop background featuring a 3D model of a room with a desk, chair, and a computer monitor. The room is decorated with various items, including a lamp, a plant, and a picture frame. The text on the screen reads ""Freundin: Was hast du gegen den Garten tag gemacht? Ich: Aufgeräumt"" (Friend: What did you do in the garden today? Me: Dirty). The video appears to be a humorous or satirical take on a common situation where someone asks their friend what they did in the garden, and the friend responds with a dismissive or uninterested answer.",1. News
7386720277557742880,"The video showcases a group of gymnasts practicing on a set of parallel bars in an indoor gymnasium. The gymnasts are dressed in blue and green uniforms, and the gymnasium is equipped with red mats and a green bar. The gymnasts are seen performing various exercises on the parallel bars, including swings and handstands. The gymnasium is filled with spectators, and the atmosphere is lively and energetic.",Sports
7297944147648924961,"The video showcases the process of making Slow Cooker French Onion Soup. It begins with a close-up of a bowl filled with French onion soup, topped with melted cheese and bread. The text overlay reads ""Slow Cooker French Onion Soup."" The video then transitions to a close-up of a bowl containing sliced onions, with the text ""2 tbsp Worcestershire sauce"" appearing on the screen. The next frame shows a pot filled with onions being cooked in a slow cooker, with the text ""900ml beef stock"" appearing. The final frame shows a hand holding a piece of bread, with the text ""Serves 6"" displayed. The video concludes with a",17. Food
7400109280008867114,"The video features a person wearing a white shirt with the text ""HARRIS FOR PRESIDENT"" in red and blue. The person is sitting in a room with a white blanket draped over their lap. They are speaking directly to the camera, emphasizing the importance of checking voter registration status for Democrats in red or purple states. The person also mentions that they will be wearing the shirt for the next 90-some days. The video ends with the person saying ""All hotties for Harris"" and ""I will be wearing this shirt for the next 90-some days.""",Politics
7331415226442730757,"The video captures a series of performances by a group of individuals, likely a band or a group of performers, on a stage. The first frame shows a person in a black jacket and jeans dancing on a stage with a crowd in the background. The second frame features a person in a green jacket and white pants performing on stage, with a large screen behind them displaying a colorful background. The third frame shows a person in a camouflage jacket and white pants performing on stage, with a large screen behind them displaying a pink and blue background. The final frame shows a person in a green jacket and white pants performing on stage, with a large screen behind them displaying a pink and blue background. The person is","3. Music, Singing, & D"
7307346522234998049,"The video shows a woman sitting on a couch in a living room. She is wearing a dark-colored top and has long dark hair. The background is a simple, neutral-colored room with a white wall and a window. The woman is speaking, and the text overlay on the video reads, ""me when someone asks why I love to watch The Kardashians."" The woman appears to be talking about her love for the show, and the text suggests that she is sharing her thoughts on why she enjoys watching it.",8. Entertainment & Shows
7362216509206236449,"The video shows a person with long brown hair, wearing a white shirt, standing in front of a shelf filled with various items. The person is holding a bottle of hand sanitizer and appears to be talking to the camera. The shelf contains various items, including bottles of hand sanitizer, a box of tissues, and other personal care products. The person is seen picking up a bottle of hand sanitizer and talking to the camera. The video then transitions to a close-up of a shelf filled with various items, including bottles of hand sanitizer, a box of tissues, and other personal care products. The person is seen picking up a bottle of hand sanitizer and talking to the camera. The video then transitions to",1. News
7396760829498002720,"The video features a woman with long, wavy blonde hair, wearing a white top, standing in front of a bookshelf filled with various books. She is speaking and gesturing with her hands, seemingly explaining or discussing something related to books and reading. The text overlays on the video provide context to her speech, with phrases like ""warum ich meine Bücher, die ich schon gelesen habe, nicht einfach verleihe oder verkaufe,"" which translates to ""why I don't just give away or sell my books that I've already read,"" and ""weil ich habe sie ja schon gelesen,",1. News
7343145915886193926,"The video depicts a series of interactions between two individuals in a nighttime urban setting. The first individual, dressed in a red jacket and blue jeans, engages in conversation with the second individual, who is wearing a black leather jacket and brown pants. The setting appears to be a cobblestone street with buildings and people in the background. The conversation seems to be casual and friendly, with the second individual gesturing and the first individual listening attentively.

As the video progresses, the scene shifts to a crowded street with people walking in both directions. The second individual is now wearing a black leather jacket and white sneakers, and the first individual is wearing a red jacket and blue jeans. The crowd appears",Entertainment & Shows
7368596585594359083,"The video shows a man in a white shirt speaking into a microphone with the words ""INTERNATIONAL"" displayed on the screen. The scene then transitions to a large crowd of people in a city square, with the words ""Mace protests against German's far-right"" displayed. The crowd is holding signs and flags, and there are police officers present. The video then shows a close-up of a sign with the letters ""AFD"" on it, and the words ""BUT FOLLOW"" are displayed. The video ends with a news article headline that reads ""The designation has been upheld by the Federal Court of Justice in Germany, allowing intelligence officers to conduct wiretapping of party",Politics
7395305751469772075,"The video shows a woman with long, wavy hair wearing a purple top and a heart-shaped necklace. She is sitting in the back seat of a car, and the interior of the car is visible. The woman is talking to the camera and appears to be making a humorous or satirical comment about voting. The text overlay at the top of the video reads ""Ready to teach more comments Trump or Harris,"" suggesting that the woman is making a joke about the political candidates. The video does not show any other people or objects, and the focus is on the woman and her comments.",1. News
7278695690522348843,"The video features a person wearing a green hoodie with a cartoon character on it, sitting in an airplane. The person is speaking and gesturing with their hands. The background shows the interior of the airplane, with seats and overhead compartments visible. The person is discussing the controversy surrounding Mr. Beast's decision to fly economy class, as people are upset that he is flying economy class when he is rich. The person also mentions that Mr. Beast provides the best content on YouTube and that he is not insanely rich, but he takes all of the billions of dollars that he's gotten from his videos and puts them back into his videos. The person encourages viewers to not be mad at",1. Entertainment & Shows
7344030729531067680,"The video features a man in a suit and tie, standing in front of a building with a red sign that reads ""Höppart30"". He is holding a microphone and appears to be speaking to another person, who is wearing a black coat and has a scarf around their neck. The text overlay on the video reads ""Fabian Köstrum nimmt Politiker HopPart30"" and ""heute war hier eine komplett volle Halle und CDU-Mitglieder zuerst. Das wäre ja vielleicht auch... Alle anderen Presseleute sind ja reingekommen",Politics
7395616033127648554,"The video shows a woman in a black dress standing in a room. She is holding a black bag and talking to the camera. The room has a bed, a mirror, and some clothes on the floor. The woman is wearing a black shirt and black pants. She is talking about her belly fat and how it was stubborn. She mentions that she started exercising and that her belly fat is now gone.",13. Beauty Care
7347525697591725355,"The video features a person wearing a green shirt with the text ""It's not in the Bible"" on it. The person is standing in front of a bush with red flowers, and the background shows a building with a red roof. The person is speaking, and the text overlay on the video reads, ""How Zionism is sold to non-Israeli Jews."" The person is discussing the way Zionism is marketed and sold to American Jews, highlighting the contradictory messages they are often given. The person mentions that they were encouraged to visit Israel, and that they were told that it was the only place in the Middle East where Jews could be safe after the Holocaust. The person also discusses the lack of context",Politics
7376404436505136416,"The video shows a woman, identified as Little Ms Jocelyn, being stopped by a traffic warden in a city street. The warden is wearing a uniform and is holding a ticket. The woman is visibly upset and is making a gesture with her hand, possibly indicating frustration or anger. The video also includes text overlays that suggest the warden is trying to explain something to the woman, possibly about the parking rules or the reason for the ticket. The tone of the video is confrontational, with the warden appearing to be in control of the situation.",1. News
7341059462687509803,"The video shows a series of images related to the situation of Kate Middleton, who is said to be confined in a tower. The first image shows a woman in a red dress with a crown on her head, while the second image shows a woman in a blue dress with a crown on her head. The third image shows a woman in a white dress with a crown on her head. The fourth image shows a woman in a white dress with a crown on her head and a man in a white outfit with a crown on his head. The fifth image shows a woman in a white dress with a crown on her head and a man in a white outfit with a crown on his head. The sixth",1. News
7357877605581802795,"The video is a series of frames from a video game, specifically a Roblox game. The game features a character with a dark, spooky appearance, standing in a dark, narrow hallway. The character is wearing a black outfit and has a menacing expression. The player is controlling the character, and the game is set in a virtual environment with a dark, eerie atmosphere. The player is navigating through the hallway, and the character is moving towards the end of the hallway. The player is also interacting with other characters in the game, including a character with long brown hair and a white shirt. The player is also seen standing in a grassy area outside of the game, with",9. Gaming
7348220196772990254,"The video depicts a person in a blue shirt with a graphic on it, sitting in a room with a laptop in front of them. The laptop screen shows a message that says ""This site can't be loaded. Try: EMM.Connection.TIMED_OUT."" The person is holding a smartphone in their hand, and the video also shows a screenshot of a website with the text ""www.tiktok.com look long for the f***."" The person appears to be frustrated with the lack of internet access in China. The video also shows a screenshot of a computer screen with a message that says ""This site can't be loaded. Try: EMM.Connection.TIMED",1. News
7323547689201765664,"The video features a person in a garage, showcasing five cars from Italy. The person, wearing a black cap and a black shirt with a white logo, gestures towards the cars, which are displayed in a garage setting. The first car is a Ferrari Pro Sangue, a SUV with a V12 engine, described as a daily driver. The second car is a Ferrari GTC4 Lusso, a sports car, which is also mentioned as a daily driver. The third car is a Lamborghini Centenario, a luxury sports car, which is considered a supercar. The fourth car is a Ferrari LaFerrari, a hybrid sports car, which is",Comedy
7388973620116180257,"The video features a man in a suit and tie standing at a podium, delivering a speech. The background is plain and light-colored, and the man appears to be addressing an audience. The text overlay on the screen reads ""Jordan Bordeau: 'J'y serai, vous êtes, jusqu'à la victoire'."" This translates to ""Jordan Bordeau: 'I will be there, you are, until the victory.'"" The video also includes a timestamp at the bottom, indicating that it was recorded on July 24, 2020, in Vincennes, France. The overall tone of the video is",Politics
7392691382218935583,"The video begins with a group of people standing in a room, all wearing white t-shirts with black designs. They are gathered around a person sitting on the floor, who is wearing a black shirt. The group appears to be posing for a photo, with some of them making peace signs. The scene then transitions to a group of people standing in front of a building, with one person holding a camera. The final scene shows a group of people sitting on chairs in a room, with one person holding a microphone. The video appears to be a compilation of different moments from a group of people, possibly friends or family, enjoying each other's company and taking photos together.","3. Music, Singing, & D"
7323689375043243269,"The video features a white cat standing on a blue couch in a well-lit room with wooden floors and a chandelier. The cat is holding a small object in its paws, possibly a toy or a treat. The cat appears to be looking at the camera with a curious expression. The text on the screen reads ""Бам покаяла карьинкикой у любому человеку, викуную соседи, чтобы укрыть все вещи дома. �",Comedy
7383363724628725024,"The video depicts a fashion show featuring models in various outfits, including a black and white striped sweater, a black and white striped shirt, and a black and white striped shirt with a hood. The models are walking down a runway, with the audience seated on either side, watching the show. The audience members are dressed in casual clothing, and some are taking photos or clips with their phones. The setting appears to be a large, industrial space with high ceilings and exposed beams, and the lighting is bright and even, highlighting the models and their outfits.",1. Entertainment & Shows
7339981163756490030,"The video showcases a person's hands with long, bright pink nails, which are being painted with a bright pink polish. The person is using a nail art brush to apply the polish to their nails. The video is set in a room with a gray tiled floor and a white wall. The person is wearing a black shirt and is focused on the task of painting their nails. The video ends with the person holding up their hands to show the completed nails.",Beauty Care
7318033407785569569,"The video showcases a man standing next to a red Mercedes-Benz car in a parking lot. The text ""Brabus"" appears on the screen, indicating the brand of the car. The man appears to be explaining something about the car, possibly its features or history. The video then transitions to a close-up of the car's side, highlighting the ""V8 TURBO"" badge, which suggests that the car is a high-performance model. The video concludes with the text ""known"" appearing on the screen, possibly indicating the brand or the type of car.",1. News
7361467847190760750,"The video features a person sitting in front of a wall covered with various posters and decorations. The person is wearing a gray hoodie and is holding a phone. The text overlay on the video reads, ""I'm not afraid to admit I'm not afraid to admit I'm not afraid to admit I'm not afraid to admit I'm not afraid to admit I'm not afraid to admit I'm not afraid to admit I'm not afraid to admit I'm not afraid to admit I'm not afraid to admit I'm not afraid to admit I'm not afraid to admit I'm not afraid to admit I'm not afraid to admit I'm not afraid to admit I'm not afraid to admit I'm not",1. News
7323131799310306590,"The video is a series of interviews with Jeff Bezos, the founder and CEO of Amazon.com, conducted in 2000. The video begins with Bezos being interviewed in a modern office setting, where he is seen talking to another man. The interview is conducted in a casual and conversational manner, with Bezos speaking directly to the camera. The video then transitions to a different setting, where Bezos is sitting in front of a pink background, speaking directly to the camera. The video concludes with Bezos continuing to speak directly to the camera, with the text ""Jeff Bezos"" and ""Amazon.com"" appearing on the screen.",1. News
7353311795374738721,"The video features a person sitting on the floor, wearing a gray hoodie and black pants, with a gray blanket with yellow patterns draped over their shoulders. The individual is holding a white object, possibly a phone or a small device, in their hands. The background includes a wooden shelf with various items on it, and a wall with a brick pattern. The person appears to be in a relaxed or contemplative state, with their legs crossed and hands resting on their knees. The video's text overlay suggests a conversation or a narrative, possibly related to the person's thoughts or experiences.",1. News
7329621030023089440,"The video shows a man and a woman standing close together in a room. The man is wearing a white hoodie and a black bag, while the woman is wearing a black top and white pants. They are posing for a photo, with the man's arm around the woman's shoulder. The background is a room with a white wall and some plants.",1. Entertainment & Shows
7261278269884992795,"The video shows a group of people on stage, with one person in the center holding a microphone. The stage is lit with red and purple lights, and there are people in the audience taking photos and videos. The person in the center is wearing a white shirt and black pants, and there is a red umbrella in the background. The video ends with a close-up of the person in the center, who is smiling and waving at the camera.",Entertainment & Shows
7397527101143878954,"The video depicts a heated exchange between Senator Cruz and the acting Secretary of Defense over the number of Secret Service agents assigned to Donald Trump and Joe Biden. The video shows a congressional hearing where the Secretary of Defense is being questioned by a senator. The senator is asking for the number of agents assigned to Trump and Biden, and the Secretary is refusing to answer the question directly. The senator is trying to get the number of agents assigned to Trump and Biden, but the Secretary is not providing the information. The senator is trying to get the number of agents assigned to Trump and Biden, but the Secretary is refusing to answer the question directly. The senator is trying to get the number of agents assigned to Trump and",2. Politics
7353267784886897952,"The video shows two men sitting at a counter in a room. One man is wearing a yellow jacket, and the other is wearing a white hoodie. They are engaged in a conversation, with the man in the yellow jacket gesturing with his hands while talking. The man in the white hoodie listens attentively. The background features a wall with a window and some decorations. The video ends with the man in the yellow jacket continuing to talk, while the man in the white hoodie looks on.",Entertainment & Shows
7351137146004114693,"The video captures a soccer match between Ukraine and Israel. The match is intense, with players from both teams actively engaged in the game. The video shows a player in a blue jersey, number 21, attempting to tackle an opponent in a yellow jersey, number 1. The player in blue is seen in various stages of the tackle, from a defensive stance to a more aggressive approach. The player in yellow is also seen in different positions, including being on the ground and attempting to defend himself. The video also shows a referee in a yellow shirt, who is seen in the background, possibly signaling a play or making a decision. The scoreboard in the background indicates that the match",5. Sports
7312903813122280746,"The video shows a group of farmers protesting against the draconian regulations against ethm. They are standing in front of a building, holding signs and shouting slogans. The protesters are wearing masks and some are carrying banners. The video also shows a man in a suit and tie, who is likely a government official, standing in front of the protesters. The protesters are holding signs and shouting slogans, and the man in the suit and tie is also shouting slogans. The video also shows a group of people standing in front of a building, holding signs and shouting slogans. The protesters are wearing masks and some are carrying banners. The video also shows a man in a suit and tie, who is likely a",1. News
7357063093962214689,"The video features a person wearing a black jacket with white trim and a pearl necklace. The person is seen in a room with a window in the background. The text overlay on the video reads ""wie ich in die Deutsche n254 rein gehe am abprüfung rei gehe am"" and ""und danach gucken wir, was wir dann noch so rasieren können."" This suggests that the person is speaking about their experience in Germany and how they feel about the language they are learning. The person is also seen gesturing with their hand, possibly emphasizing a point in their speech.",1. News
7374800691677629729,"The video features a person wearing a beige shirt and headphones, standing in front of a large orange truck with the text ""MULGREW"" on it. The person is holding a microphone and appears to be speaking or singing. The background shows a road with trees and a clear sky. The text overlay on the video reads, ""How do you step 4 hours and ovvk15 hours,"" followed by ""It's in my blood."" The person seems to be performing or singing, with the truck serving as a backdrop.",1. News
7350964297381498154,"The video shows a person rummaging through a trash bin, looking for items. The trash bin is filled with various items, including a box of macaroons, a box of roses, and a box of pizza. The person is looking for something specific, possibly a valuable item or a piece of jewelry. The video ends with the person looking at the items in the trash bin, possibly deciding what to do next.",1. News
7405044080729787678,"The video shows a woman in a blue suit standing on a stage, holding a book. She is speaking into a microphone. The background is a blue and white striped pattern with stars. The text on the screen reads ""DNC speaker briggugot at copy of Proj:2025."" The woman is talking about a document called Project 2025, which is a 900-page document that outlines the Republican blueprint for a second Trump term. The video also includes the text ""MUCH"" in yellow letters at the bottom of the screen.",Politics
7337416931965685034,"The video showcases a man standing in front of a tree, discussing the carbon footprint of a rural electric cooperative in eastern Oregon. The cooperative's data centers, built by Amazon, are among the largest in the state, and their emissions have doubled between 2018 and 2020. The man explains that Amazon's need for a large amount of electricity to power its data centers is the primary reason for the increased emissions. He also mentions that Amazon plans to build more data centers in eastern Oregon in the coming years, which could further contribute to the carbon footprint. The video concludes with a call to action for viewers to visit the Oregonian's website for more information on the topic.",1. News
7283933352267337002,"The video features a woman in a white t-shirt with a colorful design, wearing a black headscarf. She is sitting on a couch and talking to the camera. The text ""Mother Ghetl but make her Desi"" appears on the screen, suggesting that the woman is expressing her pride in her daughter. The video then transitions to another woman wearing a traditional Indian outfit, with intricate jewelry and a headscarf. The text ""Rapunzel, look at that now. You know what I see? I see a strong, confident, beautiful young lady. Oh look, you're here too."" appears on the screen, indicating that the woman is admiring the other woman's appearance",1. News
7353365116554956074,"The video features a person wearing a colorful jacket with a lightning bolt design on the back. The person is standing in front of a disco ball, which is illuminated with a rainbow of colors. The background is a vibrant, colorful pattern. The text at the top of the video reads ""You are my sunshine, round of 16, #4"" and ""2. Chines sunshine."" The person appears to be smiling and looking at the camera. The video is a humorous take on the popular song ""You Are My Sunshine,"" with the person using the disco ball as a symbol of sunshine.",1. News
7398943500328242463,"The video showcases the process of creating glittery dice. It begins with a close-up of a hand sprinkling glitter onto a green surface, which is likely a mold for the dice. The hand then presses down on the glitter, ensuring it is evenly distributed. The scene transitions to a purple surface where a hand is seen pressing down on a purple mold, likely to press out the glitter. The video then shows a hand pressing down on a purple mold with pink glitter, followed by a hand pressing down on a purple mold with pink glitter, and finally, a hand pressing down on a purple mold with pink glitter, all while the text ""Reply to Kal Swank's comment on part",Entertainment & Shows
7386453398792441131,"The video depicts a person with long braided hair, wearing a white t-shirt with the text ""FEEL GREAT"" and a graphic of a cat, applying makeup. The person is in a bedroom with a bed and a blue blanket. They are using a makeup brush to apply makeup to their face. The person is also holding a card with the text ""Blamboni"" and ""Longing Cool Toned Heaven"" written on it. The person appears to be talking about the makeup palette and expressing their excitement about it. The video ends with the person showing the makeup palette to the camera and thanking the viewer for watching.",Beauty Care
7348462120817790240,"The video shows a man in a store looking at a shelf of snacks. He picks up a box of Cathedral City cheese snacks and looks at it. The text on the screen says ""Cathedral City, you just made the old boy happy. They've all done a £2 a pack. Well, you haven't the lot, Mark. You are greedy, though, Mark. That's nothing, is it? I know, but that is greedy, innit? Well, go on then. There you are, Cathedral City. You've now made Mark happy. There you are. He was upset with you. And the pack. And they're the big packs. Dick here."" The",1. News
7360235976494550304,"The video features a person in a white t-shirt and blue shorts performing a series of jumps and flips on a trampoline. The trampoline is surrounded by a green and pink padded area, and the person is seen jumping and flipping in the air. The video ends with the person landing on the trampoline and then walking away.",プリントプ
7347591598408043808,"The video consists of three different scenes, each showcasing a unique location in the United States. The first scene is a map of the United States with the text ""Random City USA"" overlaid on it. The map is colorful and detailed, with each state labeled. The second scene shows a park with a statue in the foreground and a building in the background. The third scene is a view of a body of water during sunset, with the sky painted in shades of blue and orange. The video appears to be a collection of random scenes from different locations in the United States, each with its own unique features and atmosphere.",Travel & Events
7310063052341185823,"The video features a series of images showcasing various aspects of a technology called Quantum Stealth, which is being developed by a physicist named Chu. The first image shows a large, transparent panel with the text ""not"" written on it, indicating that the technology is not yet fully developed. The second image shows a blue and black camouflage-patterned aircraft, suggesting that the technology could be used to make objects or people invisible. The third image shows two people in white uniforms standing behind a podium, with the text ""stating"" above them, indicating that they are discussing the technology. The final image shows a person with the text ""very"" above them, suggesting that the technology is very advanced",1. Science & Technology
7380812058167708960,"The video is a humorous take on the debate over whether a player is English or German, featuring a person in a blue shirt making hand gestures and pointing at the screen. The video is divided into three segments, each showing a different player and their background.

In the first segment, the person is pointing at a player in a red jersey with the number 8 on it, with the text ""Germany over England"" at the top. The player is standing on a soccer field, and the background shows other players in red jerseys.

In the second segment, the person is pointing at a player in a black and red jersey with the text ""£180",Sports
7377701670077205803,"The video shows a person with pink hair, wearing a black top and a necklace, sitting in a room with a lamp and a mirror in the background. The person is holding a hair dye and talking about not wanting to dye their hair pink, but the parasites in them want the pink hair. The person then changes the color of their hair to a darker shade, and the text ""AMBER"" appears on the screen.",1. News
7309888375023045931,"The video features a man in a suit and tie standing in front of an American flag, delivering a speech. The text overlay on the video reads, ""republican lawmakers are saying he's trying to protect the insurrectionists from prosecution."" The man appears to be addressing the audience, likely in a formal setting such as a government building or a political event.

The video then transitions to a different man, who is wearing a blue jacket with a logo on the front. The text overlay on this frame reads, ""but he's also making you and I complicit in the January 6th insurrection."" This man is also speaking, possibly in a different location or at a different time.",Politics
7312875354220285215,"The video features a man in a suit and tie, standing in front of a cityscape at night. He is speaking and gesturing with his hands. The scene transitions to a news broadcast with a blue background and a city skyline in the background. The broadcast shows stock market data and a ticker with various financial information. The man continues to speak, and the video ends with a close-up of a man in a suit and tie, with the text ""BIDEN 2024!!!"" appearing on the screen.",1. News
7283816318883679531,"The video is a series of frames from a video titled ""Things you didn't know about teaching in 2023."" The video features a person with long blonde hair wearing a black shirt with the word ""SAVANNAH"" on it. The person is speaking and gesturing with their hands. The background is white with text overlaid on it. The text reads: ""Things you didn't know about teaching in 2023. Meetings announced day of. Students growing up around technology but don't know how to google. Overstimulated classrooms and lab classrooms are the normal gone are the days where students just do work quietly that doesn't exist anymore. Out",1. News
7317764806767922475,"The video shows a woman and a child in a snowy forest. The woman is holding the child and they are standing next to a large metal container filled with water. The woman is trying to get the child to jump into the water, but the child is hesitant. The woman then uses a black hose to fill the container with water, and the child eventually jumps into the water. The woman then stands in the water, and the child jumps into the container. The woman then jumps into the water, and the child jumps into the container. The woman then jumps out of the water, and the child jumps out of the container. The woman then jumps into the water again, and the child jumps into",1. Entertainment & Shows
7395290316569382174,"The video features a woman standing in front of a scenic background, wearing a leopard print outfit. She is speaking, and the text overlay on the screen provides a detailed explanation of a surprise technique. The woman appears to be explaining the steps involved in the surprise, which involves a combination of techniques such as a surprise smile, a surprise smile, a surprise smile, and a surprise smile. The video seems to be a tutorial or a demonstration of a surprise technique, possibly related to makeup or a similar activity.",1. News
7358143601869671685,"The video showcases a breathtaking sunset over the ocean, with the sun setting in the background and the sky painted in hues of orange and yellow. The water is calm, with gentle waves lapping at the shore. The video captures the serene beauty of the sunset, with the sun's reflection shimmering on the water's surface. The sky is filled with clouds, adding to the dramatic effect of the sunset. The video is a beautiful representation of the natural world, capturing the essence of a peaceful evening by the sea.",1. News
7366140924629470496,"The video features a woman in a white dress with gold accents at a formal event, likely the Met Gala. The woman is wearing a strapless dress with a high slit and has her hair styled in an updo. She is surrounded by other attendees in formal attire. The video also includes a screenshot of a Twitter post asking who the mysterious woman is, with the text ""Who is the mystery woman who went viral at the Met?"" and a comment from a user named ""Tom Ford's Favs"" that reads, ""Vee is she an influencer? Who is she? She's gorgeous."" The video also includes a screenshot of a tweet from a user named ""Aunt",Entertainment & Shows
7380810864477130016,"The video shows a person in a car with a red background. The person is wearing a black shirt and has a tattoo on their arm. The text on the screen says ""Can't stop th power *Stops the power*"". The person is driving and the car is moving.","3. Music, Singing, & D"
7346779567639498026,"The video features a person with long, wavy hair wearing a black top and a headband with pink hair clips. They are applying makeup, specifically lipstick, using a lip liner and a lipstick. The person is wearing a white top in the final frames of the video. The text overlay reads ""Pov: you're watching a lip tutorial in 2016,"" indicating that the video is a tutorial from the year 2016.",1. News
7299554274827046187,"The video features a series of individuals discussing the history and identity of Palestine. The first individual, wearing a white hoodie, is seen speaking into a microphone with a red background displaying the text ""The Older Milennial Teaches This Young Man Actual History."" The second individual, wearing a dark blue shirt, is shown with the text ""Palestinian"" on the screen. The third individual, wearing a dark blue shirt with a necklace, is seen with the text ""is in Palestine."" The fourth individual, wearing a dark blue shirt, is shown with the text ""will be free, inshallah."" The video also includes a red flag with the text ""Palestine"" and a black and",8. Politics
7348934489122327841,"The video is a compilation of scenes from a large public demonstration in Berlin, Germany. The footage shows a group of people gathered in the city, with some holding signs and banners. The signs and banners are in German, and they appear to be related to political issues. The video also includes text overlays in German, which provide context and commentary on the events. The text overlays include phrases such as ""FRIENDS DEMO"" and ""UNTERVEGS auf or FRIENDS DEMO,"" which suggest that the video is related to a political demonstration or protest. The video also includes a reference to the ZDF television channel, which is a major news",Politics
7282317561864260897,"The video showcases a train journey through a scenic landscape, featuring a vintage steam locomotive pulling a series of passenger cars. The train is seen moving through a lush, green environment, with trees and hills in the background. The locomotive is emitting steam, indicating it is in operation. The interior of the train car is visible, with blue upholstered seats and a wooden ceiling. The video captures the train's movement through the countryside, with the locomotive and passenger cars visible in the frames. The text ""Steampunk Overton"" appears at the bottom of the frames, suggesting a theme or title related to the video.",1. News
7343605850105318658,"The video showcases a close-up view of a grand piano, illuminated by a spotlight, with the keys and the piano's body in sharp focus. The piano is positioned in a dimly lit room, with the light source casting a soft glow on the keys and the surrounding area. The video captures the intricate details of the piano's design and the keys, highlighting the craftsmanship and the beauty of the instrument. The video does not contain any text or additional information.","3. Music, Singing, & D"
7349023065575083306,"The video shows a woman in a suit standing on a stage in front of a large audience. She is addressing the crowd, and the text overlay on the screen reads, ""In Germany: Jewish Woman yelling at Palestinians."" The woman is then shown standing in front of a podium, with the text overlay changing to, ""In Germany: Jewish Woman yelling at Palestinians."" The final frame shows the woman standing in front of a podium, with the text overlay changing to, ""In Germany: Jewish Woman yelling at Palestinians."" The woman is then shown standing in front of a podium, with the text overlay changing to, ""In Germany: Jewish Woman yelling at Palestinians."" The woman is then shown",Politics
7223384947938053418,"The video shows a person with glasses and a shirt with the word ""GUILTY"" on it, standing in a kitchen. The person is holding a small animal, possibly a puppy, and appears to be talking to the camera. The video then transitions to a close-up of a nine-banded armadillo, a type of armadillo known for its ability to carry leprosy. The armadillo is shown in a natural setting, with its body covered in armor-like scales. The video then provides information about the armadillo's reputation and its ability to carry leprosy, which is a disease that is not only curable but also very weak. The video concludes with",7. Pets & Animals
7386641138611981601,"The video features a person wearing a brown jacket and a blue and white checkered shirt. The person is seen applying makeup to their face, with the text ""I put makeup for my grandfather"" displayed at the top of the screen. The makeup application process is shown in detail, with the person using a brush to apply the makeup. The video then transitions to a different person wearing a black military-style uniform with gold accents, including a hat and gloves. The text ""sakurasi"" is displayed at the bottom of the screen, indicating the name of the person in the uniform. The video concludes with the person in the uniform standing against a plain background, with the text ""R",1. Entertainment & Shows
7314163714402340102,"The video begins with a view of a space station in the midst of a hyperspace jump, as indicated by the text overlay. The space station is surrounded by a bright, swirling light that resembles a vortex. The scene then transitions to a close-up of the hyperspace gate, which is depicted as a glowing, circular structure with a series of concentric rings. The gate is shown in a state of transition, with the rings glowing brightly and the light swirling around it. The final frame of the video shows the hyperspace gate in a state of complete transition, with the rings glowing intensely and the light swirling in a more pronounced manner.",Science & Technology
7385499788764040481,"The video shows a person holding a piece of food in their hand, with German text overlaid on the screen. The text reads, ""Deutschland draußen, 33 Grad, Sandra hat Lust auf einen kalten Kinderriegel. Wie bekommt die Sandra jetzt diesen Kinderriegel direkt kalt?"" This translates to, ""Germany abroad, 33 degrees, Sandra wants a cold kid's ice cream. How does Sandra get this cold ice cream?""

The video then shows a close-up of a metal container filled with a liquid, with German text overlaid on the screen. The",1. News
7276776260431367467,"The video depicts a man in a suit and tie, holding a microphone and speaking into it. The background is dimly lit, with a warm, yellowish hue. The man appears to be in a formal setting, possibly a meeting or a press conference. The text overlay on the video reads, ""Anything I've done in my guise as an SS colonel was sanctioned by the OSS as a necessary evil to establish my cover with the Germans. And it was my placement of Lieutenant Raine's dynamite in Hitler and Goebbels's opera box that assured their demise. By the way, that last part's actually true. I want my full military pension and benefits under my proper rank",1. News
7372265021042101550,"The video features a person with long hair, wearing a black shirt, speaking directly to the camera. The person is in a room with a window in the background. The video includes text overlays that provide context and information about the person's experience in Glasgow, Scotland. The person mentions that Glasgow has the most tens out of any place they visited in the UK in terms of food, and that the people of Glasgow are the nicest they met in the UK. They also mention that the people of Edinburgh are less outgoing and social compared to the people of Glasgow. The person expresses a preference for moving to Scotland over the UK, but acknowledges that the architecture of Edinburgh is impressive. The video concludes with",1. Entertainment & Shows
7373730224879521056,"The video showcases a series of images featuring a tiger, each with a different background and color scheme. The first image shows the tiger in a dark, shadowy environment with a blue and red background. The second image features the tiger in a vibrant, colorful setting with a blue and orange background. The third image presents the tiger in a dark, shadowy environment with a blue and red background, similar to the first image. The fourth image features the tiger in a vibrant, colorful setting with a blue and orange background, similar to the second image. The fifth image shows the tiger in a dark, shadowy environment with a blue and red background, similar to the first image. The sixth image features",1. Entertainment & Shows
7326266761773436166,"The video features a person wearing a black sweatshirt with white text on it, sitting in front of a wall adorned with various posters and a guitar. The individual appears to be speaking, as indicated by their mouth movements and hand gestures. The background includes a poster with a person in a suit and a poster with a person in a suit and tie. The person is also wearing a necklace with a pendant. The video seems to be a monologue or a conversation, as the individual is seen speaking and gesturing throughout the frames.",1. News
7371461402030034218,"The video shows a man in a suit and tie standing in an office, holding a phone. He is speaking to the camera and appears to be giving advice to Jewish people. The video also includes text overlays that suggest he is advising against voting for Joe Biden.",Politics
7367380929913900320,"The video features a woman wearing a black shirt and headphones, standing on a road with a clear blue sky in the background. She is holding a phone and appears to be recording herself. The text overlay on the video reads, ""PSA I wore shorts on my walk and the town elders at that size 12 queen wore shorts summer heat x. Literally wear your sweater you don't."" The woman is seen adjusting her hair and looking at the camera, with the text overlay suggesting that she is sharing a personal story or experience. The video does not provide any additional context or information about the woman or the event she is referencing.",13. Beauty Care
7306264195475983622,"The video features a woman performing on stage, wearing a black top and a beige skirt with chains and a belt. She is dancing energetically, with her arms and legs moving in sync with the music. The background is vibrant and colorful, with a mix of red, green, and blue lights. The woman's outfit is stylish and eye-catching, and she appears to be enjoying her performance.","3. Music, Singing, & D"
7360919706913525035,"The video is a series of frames showing a puzzle game with a timer counting down from 0 to 0. The game is set against a black background with a grid of colored tiles. The tiles are red, green, and white, and the timer is displayed at the top of the screen. The text on the screen reads ""USE THESE FILES even if it's your daftas save the effect and boost videos using them."" The video is a call to action for viewers to use the provided files to help save the effect and boost videos.",1. News
7380730540061691178,"The video begins with a black screen that transitions to a green logo with the text ""Hulu Originals"" in white. The scene then shifts to a silhouette of a person standing in a dark, foggy environment, with a bright light source behind them. The person appears to be looking up at the light, creating a sense of awe or wonder. The video then shows a close-up of a hand holding a small, glowing object, possibly a light or a piece of jewelry, with the text ""Lamborghini truck Full of cow More money than the cow Cow"" appearing on the screen. The final frames show a close-up of a person's hand holding a small,",1. News
7355249683469454634,"The video features a person standing on a beach during sunset, with the ocean in the background. The person is wearing a white hoodie and a cap. The video includes text overlays that read, ""the joy of jesus, the security of jesus, the love of jesus, the peace of jesus, the love of jesus, the peace of jesus, the love of jesus, the peace of jesus, the love of jesus, the peace of jesus, the love of jesus, the peace of jesus, the love of jesus, the peace of jesus, the love of jesus, the peace of jesus, the love of","the joy of jesus, the security of j"
7387743887940390177,"The video features a person wearing a white sweater with a zipper, standing in a room with a red door in the background. The person is holding their hair up with one hand and appears to be speaking. The text overlay on the video reads, ""Someone in their twenties says they aren't voting."" The person then says, ""You're not really into politics? Okay, fair enough. But what are you into? Transformers? Pokemon, you fucking child?"" The video seems to be a humorous take on the idea that people in their twenties are not interested in politics, but instead are into more ""childish"" things like Transformers and Pokemon.",1. News
7297354768928853294,The video is a series of frames from a TikTok video where a person is talking to the camera. The person is wearing a beige shirt and is standing in front of a wall with various posters and stickers on it. The person is discussing the challenges of keeping 176 HEB store stock and the importance of the variety pack and POG. They also mention that HEB has committed to taking on bigger orders and opening new Buc-ee's test stores. The person encourages viewers to join their VIP phone number list for updates on new nectar flavors and other goodies.,1. News
7374908166175280427,"The video shows a person preparing a meal. The first frame shows a plate of tacos with a side of sour cream. The second frame shows a hand holding a bowl of chopped vegetables, possibly for the tacos. The third frame shows a hand holding a tortilla, which is being cooked in a pan with a red sauce. The fourth frame shows the finished dish, with the tacos topped with the sauce and vegetables. The person is wearing a pink nail polish and is seen cooking the tacos. The background includes a kitchen counter with a stove and a can of Oliphant Watermelon Lime soda.",7. Food
7377866805823491371,"The video features a person with curly hair, wearing a dark blue shirt, standing in a room with a painting on the wall. The person is speaking, and the text overlay on the screen reads, ""You could kiss any woman in the world, feet, who would it be? My beautiful girlfriend, Kaylee. She don't count. You'll do that anyway. Megan Fox."" The person is likely discussing a hypothetical scenario where one could kiss any woman in the world, and the text suggests that the person's girlfriend, Kaylee, is not included in this hypothetical scenario. The person's reaction to the text overlay implies that they are sharing a personal opinion or preference about who they would",1. Entertainment & Shows
7149700277782760746,"The video shows a person lying on a bed with a cat on their chest. The person is wearing a black shirt and has long blonde hair. The room is dimly lit with pink lighting, and the person is holding a phone. The text on the screen reads ""I like pauline dreams... are like this.""",Pets & Animals
7384004708165242144,"The video features a woman sitting in a chair in a room with gold wallpaper and framed pictures on the wall. She is wearing a light blue sweater and has short gray hair. The woman is talking about a black and white dog named Mika, who is a Jack Russell. She mentions that Mika is a live wire and has wide paws, and that she might have had a difficult birth or trauma. The woman also mentions that Mika can sense out spirit and that she is loved. The video ends with the woman saying that Mika is adorable and that she loves her name.",7. Pets & Animals
7314367547862781226,"The video showcases a serene winter landscape, beginning with a view of a snow-covered field dotted with trees. The scene is tranquil, with no visible human activity. As the video progresses, the camera pans to reveal more of the forest, showcasing the dense arrangement of trees and the untouched snow. The trees, covered in a layer of snow, stand tall and majestic, their branches heavy with the weight of the snow. The ground is blanketed in a thick layer of snow, creating a picturesque winter scene. The video captures the beauty of nature in its purest form, with no signs of human presence or activity. The camera's steady movement allows for a comprehensive view of the forest, highlighting the",1 kg of chicken breast
7340337384652934446,"The video showcases a series of photos featuring famous individuals, each with a caption indicating that they are Nepo babies, meaning they have a famous parent. The first photo shows a woman in a black dress with the caption ""Nepo Babies Who Are Hiding Their Famous Last Names."" The second photo shows a man in a tuxedo with the caption ""Angelina Jolie Voight."" The third photo shows a man in a colorful shirt with the caption ""Nicolas Cage is actually a stage name. His real name is Nicolas Coppola."" The fourth photo shows a man in a suit with the caption ""Redfoo and Sky Blue from LMFAO are related to the founder",8. Entertainment & Shows
7333801200875261185,"The video is a promotional graphic for the show ""The Daily Show"" on Comedy Central. It features a dark blue background with a world map in the background. The text ""An Election Year Guaranteed To Divide Us"" is displayed in white at the top of the screen. Below this, the text ""A Second Term We Can All Agree On"" is shown in yellow. The show's title, ""The Daily Show,"" is displayed in white at the bottom of the screen, along with the airing time ""Monday at 11 on Comedy Central and streaming next day on Paramount+."" The Comedy Central logo is also visible in the bottom left corner of the screen.",8. Entertainment & Shows
7328517572679372078,"The video depicts a man sitting at a table in a car dealership, holding a piece of paper with handwritten text. The text on the paper includes a handwritten note that reads ""POV: The customer never stops negotiating."" The man appears to be in the process of negotiating the price of a car, as indicated by the handwritten note and the context provided by the video. The man is seen gesturing with his hands and pointing at the paper, suggesting he is explaining or emphasizing a point. The video also shows the man shaking hands with another person, indicating a successful negotiation. The man is dressed in a dark jacket and a red shirt, and the background shows a car dealership setting with other",1. Comedy
7375847354341068065,"The video captures a large crowd of people gathered at Hinds Hall in Erma, Canada, during a concert. The stage is illuminated with bright lights, and the crowd is densely packed, with many people standing close together. The performers on stage are visible, but their faces are not shown. The text overlay on the video reads ""Hinds Hall in Erma 🇨🇦"" and ""Say Free Free Palestine The crowd: The next but never ended to colonize the rise. The students in tents, posted on the lawn. Occupying the quad, really against the law. Ain't no reason to call in the police and their squad. But it's genocide, they a","3. Music, Singing, & D"
7392127900079721761,"The video showcases a woman standing in front of a large wooden cabinet filled with various items, including glasses, bottles, and a coffee machine. She is wearing a black tank top and light blue jeans. The text overlay on the video reads, ""Let me show you around our room here at Estelle Manor. We've got a large stables room because we're here with our small animal. So this is one of the dog-friendly rooms. This is the little foyer bit. And all of this, well, we've got some poo bags and then this little bag that's got a load of dog treats in it, is very sweet we've also been given these snacks and",13. Entertainment & Shows
7368121296154086688,"The video shows a table filled with various dishes, including salads, meats, and other food items. There are also glasses of water and a bottle of juice on the table. A person is standing in front of the table, and the text on the screen reads ""Коломогу столу гості, як і ми хотіли, Ой, хто б'є, то воно не байде, то..."" which translates to ""I'm tired of serving the table, as I and you wanted, Oh, it's full, so..."" The person seems",1. Food
7378190751211064607,"The video showcases a man demonstrating the features of an expandable camper. The camper is equipped with a seven-way wiring harness, electric brakes, and a two-inch ball. It has a trailer light and blinkers, spare tires, and a body made of lightweight aluminum. The camper also has compartments with stainless steel hinges and lockable doors. It comes with a GoSun power center, a 1200-watt inverter, and a 12-volt power socket. The video highlights the camper's storage compartment, which includes a solar cooker, and the underbelly with a tray that can be accessed from the inside. The man also points out",Travel & Events
7325985650140974382,"The video shows a series of experiments conducted by Jamie and Adam to test the hypothesis that running in the rain is better than walking on rainy days. The experiments involve using artificial rainfall methods and wind as influencing factors to see how much water is absorbed by work clothes. The results show that running in the rain does get wetter than walking, with running weighing 10 grams more than walking. The experiments are conducted in various conditions, including windy and windless conditions, to see how the results change. The video also includes commentary from the participants, who express doubts about the hypothesis and discuss the need for improvements in their experiments.",1. News
7406690692765977887,"The video shows a man sitting in a crowded train car, looking around and talking to the camera. He is wearing a white shirt and a cap. The train car is filled with people, and the man seems to be trying to get the attention of someone sitting in the seat next to him. The video also includes text overlays with messages such as ""THIS STRANGER SUMMONS ME AND DISSES ME,"" ""WATCH HOW THIS B*D,"" and ""DON'T TALK TO ME LIKE THAT."" The man in the video is trying to get the attention of someone sitting in the seat next to him, and he is frustrated with the situation.",1. News
7309290162540858667,"The video is a news report about a massive home explosion in Arlington, Virginia, outside the Capitol. Police were called to the scene, and they were there for hours trying to execute a search warrant. The explosion caused the house to turn to splinters, and human remains were found inside, believed to be the suspect. The suspect, 56-year-old James Yu, refused to surrender and discharged several rounds from a firearm as officers closed in. The FBI and ATF were on the scene, and authorities said human remains were found at the site. The suspect was inside the residence at the time of the explosion and is presumed to be deceased. The video also mentions that the suspect made",1. News
7365274404420406571,"The video shows a man on a sailboat, washing dishes in a sink. He is shirtless and wearing gray pants. The video then transitions to a man sitting at a kitchen counter, washing dishes in a sink. The final scene shows a man sitting on the deck of a sailboat, looking out at the water. The video also includes text that reads ""I live on a shrink wrap sailboat in New England. The first thing I do in the morning is soak up the sun with Phoebe, and then I do some chores. Honestly, I hate washing dishes, so this is proof that I do actually wash them, and Phoebe usually watches me. I do",1. News
7392992201837464850,"The video depicts a mother's daily routine with her daughter, Eve, who is getting her first haircut. The mother, who is a full-time mom, is seen taking care of Eve's hair, which is a significant milestone for the child. The video also shows the mother enjoying a marshmallow hot chocolate at a train station, indicating a sense of relaxation and enjoyment in the mother's life. The video also touches on the mother's feelings of sentimentalism towards her daughter's first haircut, which is a significant milestone for the child. The video also shows the mother's daughter, Evie, enjoying a play date with a friend, Valda, and having a bath with Epsom",Entertainment & Shows
7395692426888891679,"The video features a series of images showcasing different individuals in various settings, each with a message related to the theme of freedom and equality. The first image shows a person with a rainbow flag in the background, with the text ""Gay News"" and ""Reproductive Rights"" displayed at the top. The second image features a person in a blue suit, with the text ""KamalaHarris.com"" at the bottom. The third image shows a person in a yellow shirt with floral patterns, with the text ""The free make"" at the bottom. The final image shows a person in a blue suit, with the text ""Go to KamalaHarris.com and let's",1. News
7335178711819373867,"The video shows a series of tweets from the ICCJICJ, a news organization, reporting on the South African government's request for additional measures from the International Court of Justice (ICJ) to protect the Palestinian people living in Rafah. The tweets provide context and information about the case, including the filing of an emergency request and the specific measures being sought. The video also includes a screenshot of a legal document from the ICJ, which outlines the case and the measures being requested. The final frame shows a man in a brown shirt speaking, likely providing further commentary on the situation.",1. News
7353793317437590827,"The video shows a man and a woman standing in a room. The man is holding a cup of hot coffee and the woman is bending over. The man then pretends to pour the hot coffee into the woman's face, causing her to react with surprise. The text on the screen reads ""DON'T PRANK YOUR EMPLOYEE WHEN THEY'RE HOLDING HOT COFFEE"".",1. News
7377799778299579690,"The video features a woman standing outdoors, with an American flag in the background. She is wearing a black top and has tattoos on her arms. The text overlay on the video reads, ""Isn't it weird you're a fan of an American flag, but you know who you're voting for?"" The woman appears to be speaking directly to the camera, and the video seems to be a commentary on the American flag and voting.",1. News
7346724921361435937,"The video shows two young girls walking down a sidewalk in a residential area. They are both wearing black jackets and carrying backpacks. The background includes a building with a red roof and some trees. The girls are walking in a line, with one girl leading the way. The video does not contain any text or subtitles.",1. News
7384186520351083781,"The video begins with a person in a light-colored robe, standing in a room with a beige wall and a window with brown curtains. The person is holding a phone and appears to be speaking, with text overlays in Russian providing context. The scene transitions to a close-up of the person's hands, showing a phone and a small object, possibly a piece of jewelry. The person is then seen sitting on a bed, still in the same robe, with the same background.

The video then shifts to a screenshot of a social media conversation, showing a series of messages from different users. The messages are in Russian and discuss a person named Natalia, who is not responding",Entertainment & Shows
7396382918039457041,"The video features a series of humorous and relatable interactions between two individuals, likely a man and a woman, in a domestic setting. The man, dressed in a white shirt, is seen speaking to the woman, who is wearing a white shirt with the word ""RUSSIA"" printed on it. The man's expressions and gestures suggest he is making a joke or telling a story.

As the video progresses, the woman responds with a series of humorous and sarcastic comments, indicating that she is not amused by the man's antics. The man's reactions to her comments are exaggerated, adding to the comedic effect.

The video concludes with the man and woman sitting",Entertainment & Shows
7273841367351069998,"The video showcases a series of frames featuring a stack of rectangular, yellow-colored blocks on a white marble surface. The blocks appear to be made of a soft, pliable material, possibly a type of soap or bath product. The video then transitions to a close-up of a hand wearing a white glove, holding one of the yellow blocks. The hand is seen peeling off the top layer of the block, revealing a white, powdery substance underneath. The video concludes with a close-up of a package of the yellow blocks, labeled ""Turmeric & Kajal Brightening Soap,"" with ingredients listed on the label.",1. News
7277167570946379014,"The video captures a lively and energetic atmosphere at a sports event, likely a soccer match, given the context provided by the text ""Ucrânica! Ucrânica! Ucrânica!"" which translates to ""Goal! Goal! Goal!"" in English. The scene is set in a large stadium filled with a dense crowd of spectators, many of whom are wearing blue and yellow clothing, indicating a strong support for a particular team. The crowd is animated, with many people raising their hands and cheering enthusiastically. The atmosphere is one of excitement and celebration, as the crowd's collective energy is palpable. The video does not provide any additional context or information about the specific event",Sports
7365322515998068011,"The video features a series of scenes showing a group of people standing in front of a podium, with one person speaking into a microphone. The group appears to be discussing the ""little Gazas"" that have risen up on campuses across America. The video also shows a man playing a guitar in front of a tent, and a person standing in front of a sign that reads ""The People's Library."" The video also includes a scene of a man standing in front of a tent with a sign that reads ""REFUGEES ARE PEOPLE."" The video ends with a man standing in front of a tent with a sign that reads ""THE PEOPLE'S LIBRARY.""",1. News
7362319887361903905,"The video features a woman in a gray sweater, standing in a room with a red and white striped wall. She is wearing sunglasses on her head and has wet hair. The text overlay reads, ""Seeing Rufus re-doing Uni ski trip after seeing Uni ski trip after watching vpiany sd hates watching on a podcast."" The woman appears to be speaking directly to the camera, possibly narrating or reacting to the content she is watching. The scene then transitions to a group of people gathered around a person in a giraffe costume, with the text overlay changing to, ""Seeing Rufus re-doing Uni ski trip after seeing Uni ski trip after",1. Entertainment & Shows
7311332422077975840,"The video depicts a series of interactions between a woman and a man, with the woman being the primary focus. The woman is seen in various settings, including an outdoor area with a fence, a park, and a street, while the man is consistently present in the background. The woman is engaged in conversations with the man, who appears to be a police officer, as indicated by his uniform and badge. The interactions are tense and confrontational, with the woman expressing frustration and the man responding with authority. The video concludes with the woman being arrested for attempted robbery, and the man appearing to be in control of the situation.",Entertainment & Shows
7354415572626509099,"The video is a series of frames showing a person wearing a red beanie and a white shirt, with text overlaid on the screen. The first frame shows the person sitting in a room with a white wall and a green shelf in the background. The text on the screen reads, ""When earthquakes happen on the eastern side of the United States, they can be felt over a much larger area and cause damage over that area more easily because of the composition of the Earth's crust."" The second frame shows a map of the United States with a red line indicating the epicenter of an earthquake. The text on the screen reads, ""And did generate some damage."" The third frame shows a black and",Science & Technology
7378608951975349536,"The video captures a moment of triumph for England in a soccer match. The scene is set in a stadium filled with spectators, with the crowd cheering and celebrating the victory. The players, dressed in white jerseys, are seen celebrating their win, with one player in particular being congratulated by his teammates. The text overlay ""ENGLAND WIN"" and ""ENGLAND WIN SOCCER"" is prominently displayed, indicating the significance of the moment. The video also includes a text overlay ""TEXT FORTY, THIRTY, TWENTY TEN TO 70818"" which could be a call to action for viewers to share the moment on social media.",5. Sports
7293239332167617834,"The video features a person wearing a light blue, patterned sleeveless top, standing in front of a wall adorned with a colorful floral curtain and a painting depicting a moose and a deer. The individual appears to be in a casual, home-like environment, possibly a living room or a bedroom. Throughout the video, the person is seen making various hand gestures, including touching their face, raising their hand, and pointing. The person's facial expressions and body language suggest a sense of contemplation or frustration, as indicated by the text overlay ""some of y'all m'em"" and the accompanying emoji. The video's context is not explicitly clear, but it seems to be a personal reflection",1. News
7372186670273137952,"The video showcases a variety of vegan dishes and beverages, starting with a close-up of a colorful wrap filled with vegetables and rice. The scene transitions to a cozy café where a person is enjoying a cup of coffee and a slice of cake. The video then shifts to a person sitting outdoors, holding a slice of pizza, with a scenic view of a city in the background. The final scene features a person sitting on a bench, eating a slice of pizza with a scenic view of a city in the background.",1. Food
7379475961139547398,"The video features a woman in a black dress with ruffles, standing in a modern kitchen with white chairs and a dining table. She is wearing high heels and has long blonde hair. The text on the screen reads ""Мени 60 роки"" (My 60 years) and ""Ну, чуждый 60 годин"" (Well, 60 years old). The woman then changes into a black dress with a ruffled skirt and high heels, and the text changes to ""Мени 60 роки"" (My 60 years","13. Outfit, Style, &"
7364542326959574314,"The video shows a person sitting on a bed, holding a phone and typing on it. The person is wearing a black shirt and has long hair. The background is a room with a white wall and a window. The person is talking about sending a picture of their nails to someone, and they hope the person likes it. The person then starts to dance and move around the bed, still holding the phone.",1. News
7309293532467039531,"The video shows a group of people sitting on a couch in a studio, with a news anchor in the background. The text overlay reads ""Barbie MAGA-Alinny thought she had a 'gotcha' moment."" The scene then transitions to a different setting, showing a man in a suit sitting in front of a cityscape. The text overlay changes to ""Barbie MAGA-Alinny thought she had a 'gotcha' moment."" The video then shows a group of people sitting on a couch in a studio, with a news anchor in the background. The text overlay reads ""Barbie MAGA-Alinny thought she had a 'gotcha' moment.""",1. News
7376360928851299590,"The video features a woman in a white shirt, sitting in front of a bookshelf, discussing the benefits of using a specific product, likely a skincare product, to help with aging. She emphasizes the importance of using the product consistently and mentions that it is a natural solution that works well for her. The video also includes a woman with curly hair, wearing a black blazer, who appears to be providing additional information or advice related to the product. The video concludes with the woman in the white shirt continuing her discussion, reinforcing the benefits of using the product for anti-aging purposes.",Entertainment & Shows
7347847920151956779,"The video shows a person standing in a doorway, holding a leash with a dog on it. The person is wearing a black shirt and white pants. The dog is small and appears to be a puppy. The person is talking to the camera and then walks into a room. The room has a white door, a staircase, and a cat tree. The person then sits down on the floor and the dog jumps up on them. The person then stands up and walks away from the camera. The video ends with the person standing in the doorway again, holding the leash with the dog on it.",7. Pets & Animals
7291696863449763078,"The video features a person wearing a beige shirt and a headband, speaking directly to the camera. The person is seen gesturing with their hands, emphasizing their points. The background is a room with a window and a shelf. The video includes text overlays that suggest the person is expressing frustration or disbelief about the actions of the Israeli government, particularly regarding the treatment of Palestinians. The person seems to be advocating for unity and hope, suggesting that the world should not be distracted by the actions of the Israeli government and should instead focus on the suffering of Palestinians. The video ends with the person continuing to speak, emphasizing their points and expressing their frustration.",1. News
7375186781999762721,"The video shows a woman in a blue floral dress and hat standing in front of a table with wine glasses, a bowl of food, and a bottle of wine. She is holding a book and appears to be reading or looking at it. The background is a living room with a couch and a chair. The text on the screen reads ""When you rock up to your friends place for a quick visit..."" and ""1pm"". The woman is then seen sitting at the table, holding a book and looking at it. The text on the screen reads ""When you rock up to your friends place for a quick visit..."" and ""3pm"". The woman is then seen standing in front of the table",1. News
7309512164870491435,"The video shows a man in a suit and red tie speaking at a podium. The text on the screen reads, ""HANNITY ASKS TRUMP IF HE POWER ABUSE."" The man is then shown sitting at a table with another man, and the text changes to, ""TOWN HALL WITH BREAKING NEWS."" The man is then shown sitting in front of a crowd, and the text changes to, ""and I won't drill, drill, drill."" The video then shows a woman in a black turtleneck speaking, and the text changes to, ""the Justice Department went after Trump."" The video ends with the man in the suit and red",Politics
7325003811632745761,"The video features a person wearing a green shirt, standing against a plain background. The person is speaking, and the text overlay on the screen reads ""DEUTSCHE THERAPEUTEN HATTE RECHT"" (German therapists had the right). The person appears to be expressing frustration or disappointment, as indicated by the text. The video seems to be a commentary on the treatment of German therapists, suggesting that they had the right to their actions, but the world has moved on and they are no longer needed. The person's facial expressions and body language convey a sense of resignation and acceptance of the current state of affairs.",Entertainment & Shows
7355061931993992480,"The video features a person in a blue shirt standing in front of a calendar with the word ""MONDAY"" at the top. The person is making hand gestures, possibly to emphasize a point or express themselves. The background is a plain white wall, and the calendar is the main focus of the video. The person appears to be speaking or expressing themselves, as indicated by the text ""I'm fine! Totally fine! I don't know why it's coming out all loud and squeaky, cause really, I'm fine."" The video seems to be a humorous or light-hearted take on the idea of mental preparation for work, as suggested by the text ""Me mentally preparing myself for work",1. News
7330624658686954795,"The video is a compilation of clips showing a person in a pink shirt reacting to various political events. The person is seen making hand gestures and pointing at the screen, indicating their reaction to the events. The background of the clips is a room with shelves filled with various items, including books and decorative objects. The person appears to be reacting to news about Trump's supporters booing him and the person's own feelings about the situation. The video also includes text overlays that provide context and commentary on the events being shown.",Politics
7397794935199567135,"The video shows a woman tied to a tree in the jungle, with a man standing nearby. The woman is covered in mud and appears to be in distress. The video then cuts to a hospital where the woman is being treated. The video also shows a close-up of a letter written by the woman, detailing her experiences and the events leading up to her being rescued.",1. News
7397967668248120622,"The video showcases a person with long brown hair, wearing a black shirt and green cactus earrings, in a room with a pink blanket and a sign that reads ""Gone to the beach."" The person is holding a small, round, gold-colored makeup palette with blue and white designs. They are also wearing blue nail polish. The video begins with the person explaining that they ordered a mystery box and are excited to see which products are included. The person then opens the makeup palette, revealing a variety of items, including a small, round, gold-colored makeup palette with blue and white designs, a small, round, gold-colored makeup palette with blue and white designs, a small",3. Comedy
7311858161504423214,"The video showcases a collection of bicycles, each with unique features and designs. It begins with a close-up of a bicycle wheel, highlighting its pink and white color scheme. The wheel is attached to a bicycle frame, which is also pink and white. The video then transitions to a wider shot, revealing a bicycle with a pink and white frame and a white wheel. The bicycle is positioned in a room with other bicycles, including one with a blue seat and another with a pink seat. The video concludes with a close-up of a bicycle with a pink and white frame, a white wheel, and a pink seat, all set against a backdrop of other bicycles and a wall with a clock.",1. News
7299582823940312350,"The video begins with a person sitting on a green leather couch, wearing a gray shirt and black pants. The person is holding a gun and looking down at it. The background is dimly lit, with a wooden wall and a bookshelf visible. The scene then transitions to a close-up of a person's face, with the person wearing a dark hoodie and looking directly at the camera. The lighting is dark, and the person's face is partially obscured by shadows. The video then shows a close-up of a person's face, with the person wearing a dark hoodie and looking directly at the camera. The lighting is dark, and the person's face is partially obscured by shadows",1. Entertainment & Shows
7331551109649059115,"The video features a black cat playing a violin. The cat is positioned in a dark setting, with its body illuminated by the light of the violin. The cat's fur is dark, and it appears to be focused on playing the instrument. The video is in black and white, which adds to the dramatic effect of the scene.","3. Music, Singing, & D"
7293441357169937666,"The video features a series of animated characters in various cars, each with a different background and setting. The first frame shows a character in a blue dress and white shoes standing in front of a white car. The second frame features a character in a red dress and white shoes standing in front of a pink car. The third frame shows a character in a white dress and white shoes standing in front of a white car. The fourth frame shows a character in a blue dress and white shoes standing in front of a white car. The fifth frame shows a character in a red dress and white shoes standing in front of a pink car. The sixth frame shows a character in a white dress and white shoes standing in",1. Sports
7397793782122564896,"The video shows a woman lying in bed, wearing a white top and a gold necklace. She is holding her hand to her face, possibly in a contemplative or emotional state. The background is a bed with a white and gray patterned blanket. The woman appears to be in a state of distress or frustration, as indicated by the text overlay. The video seems to be a personal account or reaction to a situation, possibly related to the content of the video itself. The woman's emotional state and the text overlay suggest a narrative of disappointment or frustration, possibly related to the content of the video.",Entertainment & Shows
7359943972216638736,"The video shows a group of people protesting in a city street. They are holding signs and banners, and some of them are wearing orange vests. The police are present and are trying to control the situation. The protesters are chanting slogans and waving flags. The video ends with a close-up of a police officer, who is wearing a uniform and a badge.",Politics
7344108969151008001,"The video shows a man in a suit walking through a crowded event, possibly a wedding reception. The man is holding a small object in his hand, which is not clearly visible. The background is filled with people, some of whom are seated at tables with food and drinks, while others are standing and mingling. The event appears to be well-attended and festive, with decorations and lighting adding to the atmosphere. The man's actions and the setting suggest that he might be a guest or a guest of honor at the event.",Entertainment & Shows
7226368631268019482,"The video features a person with long blonde hair, wearing a black leather jacket, standing in a room with a pink towel hanging on the wall. The person is holding a phone, and the text ""Songs for your Insta Story Crush Edition"" is displayed at the top of the screen. The person appears to be recording a video, as indicated by the camera angle and the presence of a music player interface on the screen. The video then transitions to a different scene where the person is seen from the back, with the text ""Abbrechen"" (Cancel) displayed at the top of the screen. The person is holding a phone, and the camera angle is different, showing","3. Music, Singing, & D"
7369594137928109345,The video shows a close-up of a Mr. Brain's box of pork faggots on a grocery store shelf. The box is orange and yellow with an image of the product on the front. The price tag on the shelf indicates that the product is priced at 1.60.,7. Food
7330275353325227297,"The video features a person with extensive tattoos on their face and body, wearing a blue and red striped shirt with a FC Barcelona logo. The person is seen sitting on a bench, holding a phone, and speaking to the camera. The text on the screen reads ""DAS BEHUPTET, DAS ZAHLREICHES OPFONNEN"" (This is the truth, the high-cost operation). The person continues to speak, with the text changing to ""ZU WERDEN SÄN"" (To become). The video then shows the person in a gym setting, wearing a blue tank top and camouflage shorts, with the text ""ZU",Sports
7327164126822763808,"The video showcases a group of women in military uniforms performing a synchronized march. The women are dressed in various uniforms, including green, blue, and gray, and are marching in formation. The video also includes text overlays that identify the countries represented by the women, such as ""women ittila"" for the first frame, ""RUSSIA"" for the second frame, ""SOUTH KOREA"" for the third frame, and ""NORTH KOREA"" for the fourth frame. The video appears to be a tribute or celebration of the women's military service, with the text ""I'm only making shit my life, I think it's too much"" suggesting",1. News
7371855904813157664,"The video features two young women standing side by side in a room, with a white wall and a window in the background. The woman on the left is wearing a white crop top and denim shorts, while the woman on the right is wearing a white crop top and black pants. The text overlay at the top of the video reads ""pre summer stats"" with emojis, and the text at the bottom of the video reads ""JULIA"" and ""AMELIE"" with their respective stats listed. The video appears to be a comparison of the two women's stats, with the woman on the left having a higher score in happiness and a lower score in height, while the woman",1. Entertainment & Shows
7354696392129924385,"The video showcases a series of close-up shots of a red sports car, likely a Lamborghini, in an indoor setting, possibly a car show or dealership. The car is the main focus, with its sleek design and glossy finish. The first frame highlights the car's side profile, with a person's hand visible in the background, suggesting the car is being showcased or admired. The second frame focuses on the car's hood, revealing the Lamborghini logo and the text ""Lamborghini"" in white. The third frame captures the car's front end, showcasing the distinctive design and the ""Lamborghini"" logo. The final frame provides a",1. Autos & Vehicles
7293639077671210286,"The video shows a person feeding fish from a white bucket into a pond. The person is seen scooping the fish out of the bucket and then placing them into the pond. The fish are seen swimming around in the pond, creating ripples and splashes as they move. The person is wearing a blue shirt and is standing on a wooden dock. The background shows a green grassy area and trees. The video ends with the text ""Thank you for watching!"" appearing on the screen.",1. Pets & Animals
7357227155979275526,"The video depicts a group of people walking down a cobblestone street at dusk. The group consists of a man in a beige jacket, a woman in a white shirt and black pants, and a young boy in a blue outfit. The man is holding a microphone, suggesting that they are being interviewed. The woman is holding a bag, and the boy is holding a small orange object.

As they walk, the man in the beige jacket stops and bends down to pick up a young boy from the ground. The boy is wearing a blue outfit and is holding a small orange object. The man then stands up and continues walking with the boy in tow.

The group continues",Entertainment & Shows
7394532218032491808,"The video features a woman in a pink dress and a man in a black shirt standing on a sidewalk. The woman is holding a purse and appears to be asking the man a question. The man responds with a question of his own, and they engage in a conversation. The background shows a street with parked cars and a fence, and the sky is cloudy. The video ends with the woman walking away from the man, who is still standing on the sidewalk.",1. Entertainment & Shows
7354508802932133166,"The video features a series of individuals discussing various topics, including the popularity of romance novels among women, the economic impact of the genre, and the perception of book talk as misogynistic. The first individual, a person with a book cover in the background, is seen in a room with a ceiling fan and a bookshelf filled with books. The second individual, a woman with long hair, is sitting in front of a bookshelf filled with books. The third individual, a person in a car, is seen in a car with a view of trees outside. The video also includes text overlays with quotes and comments from the individuals, such as ""You're not pinching yourself out""",Entertainment & Shows
7344855206242389280,"The video features a woman named Alice Weidel, who is speaking in front of a wooden background. She is wearing a black blazer and a black turtleneck. The text overlay on the video reads ""Alice Weidel reagiert auf AFD-chatterläufe"" (Alice Weidel reacts to AFD chatter). The video seems to be a commentary or discussion about the AfD party, as indicated by the text and the woman's reaction. The video does not provide any additional context or information about the topic being discussed.",Entertainment & Shows
7377794153071037739,"The video shows a man in a tuxedo standing in an office, reading from a piece of paper. He is then seen in a different part of the office, looking at a coat rack. The text in the video says ""Roulette is not a game of skill, it is a game of chance. I could always kind of win at roulette. Oh, really? Mm-hmm. Yeah. How would you do that? Mind control. You can't be serious. That's ridiculous. You know what? Uh, why don't you move that coat rack? Excuse me, everyone. Attention in the office, please. Jim is about to prove his",1. News
7349706117166959879,"The video features a man standing in a natural setting, surrounded by trees and greenery. He is wearing a light-colored shirt and appears to be speaking to the camera. The text overlays on the video read ""What's up everyone?"" and ""I'm Frankie Muniz here and I am officially going into the jungle. I don't know how to feel. I'm excited. I'm nervous. You know, I'm normally a very organized and a planner and a control freak and I don't get to control anything here. So I'm along for the ride and, you know, I hope they go easy on me. That's for sure. See you in the jungle.""",1. News
7308194891656400170,"The video shows a group of people in a stadium, with a large crowd of fans wearing red and white. The crowd is cheering and waving their arms, and some are holding up signs. The text ""FUMBLE."" appears at the top of the screen, suggesting that the video is related to a sports event. The video does not provide any additional context or information about the event or the people in the video.",1. Sports
7375105398946139398,"The video shows a woman in a living room, wearing a light blue robe and a headscarf, standing in front of a large window with orange curtains. She is holding a remote control and appears to be adjusting the temperature on a space heater. The room is decorated with a large television, a coffee table, and a rug. The woman then sits on a chair and takes a selfie with her phone. The video also shows a man in a blue shirt and a woman in a light blue robe, both standing in front of a door. The man is holding a remote control and appears to be adjusting the temperature on a space heater. The woman is holding a phone and appears to be taking",1. News
7387067236218916129,"The video showcases a woman's experience at a cake shop called Cakebox. She is seen walking into the store, looking at the display of cakes, and then taking a cupcake from the store. The video highlights the variety of cakes available, the ease of joining the Cake Club loyalty program, and the deliciousness of the cupcake she tried. The woman also shares her experience of inviting friends and family over to try the cake, emphasizing its quality and appeal. The video concludes with a shot of the woman enjoying the cupcake outside, under a clear blue sky.",Entertainment & Shows
7323395108378840351,"The video shows a person dancing in a hallway. The person is wearing a gray sweatshirt and black pants. The hallway has white walls and a tiled floor. There is a Christmas tree decorated with red ornaments and a white star on top. The person is dancing energetically, moving their arms and legs in various directions.","3. Music, Singing, & D"
7378610696390528289,"The video is a series of frames from a news broadcast discussing the dissolution of the French National Assembly. The first frame shows a man in a suit and tie standing in front of a large crowd, with the French flag in the background. The text overlay reads ""Dissolution of the National Assembly: Voici tout ce que vous avez fait à l'Assemblée Nationale."" The second frame shows a man in a white lab coat speaking into a microphone, with the text overlay reading ""La dissolution de l'Assemblée Nationale."" The third frame shows a man in a suit and tie standing in front of a yellow curtain, with the text overlay reading",Politics
7292568999932529963,"The video shows two women walking on a dirt path in a grassy area. One woman is wearing a black sports bra and black shorts, while the other is wearing a black sports bra and black leggings. They are both holding water bottles and have their hair tied back. The video ends with a red button that says ""FOLLOW"" on it.",Fitness & Health
7360445995945037088,"The video shows a group of people, including a man and a woman, interacting with a group of wild boars on a paved road at night. The man is seen holding a bag of food, which the boars are attracted to. The boars are seen eating from the bag and from the ground. The man and the woman are seen standing on the road, observing the boars. The video also shows a close-up of the boars' legs and feet as they move around. The man is seen holding a flashlight, which he uses to illuminate the area. The video ends with the man and the woman walking away from the boars, leaving them to continue their nightly activities",Sports
7356329953622822187,"The video features a person wearing a colorful cap and a gray shirt with a logo on it. The person is speaking about the stock price of Trump Media and Technology Group Corp. (DJT) and how it has fallen again today, about 9%. The person mentions that the stock only has value if Donald Trump wins the presidency, and that every day the stock price falls, it's a way for people to bet against Trump becoming president. The video also includes text that reads, ""I love watching it drop every day.""",1. News
7376774039899082027,"The video shows a group of elderly people in wheelchairs in a museum. They are dressed in formal attire and are seated in the wheelchairs. The wheelchairs are electric and the people are using them to move around the museum. The video also shows a man in a suit walking around the museum. The video is titled ""This art installation lets elderly world leaders roam around a museum in electric wheelchairs.""",1. News
7394396617882799366,"The video features a person with curly red hair, wearing a dark top, holding a pink and white drink with a straw. The person is in a dimly lit room with a dark background. The text overlay reads ""POV: Your cousin gives you something to do drink."" The person appears to be reacting to the drink, possibly in a humorous or surprised manner.",1. News
7382929842615979296,"The video features a person wearing a white t-shirt and blue jeans, sitting in a room with a white wall and a door in the background. The person is holding their head with one hand and appears to be in a state of distress or frustration. The text overlay on the video reads, ""Ich bin gerade so deprimiert. Ich habe jetzt die letzten anderthalb Stunden damit verbracht, am Laptop irgendwelche Familien, etwas gehobene Hotels auf Mallorca oder generell bei den Jahren abzuklappern. Ich finde",1. News
7283171808595971370,"The video features a woman with long black hair, wearing a gray top, standing in a room with a white wall and a plant in the background. She is holding a phone and appears to be speaking, as indicated by the text overlays on the screen. The text reads: ""NO BECAUSE I'M REAL AES,"" ""remember thik duck dunk among the stand for the guy at the teamkamad,"" ""they MAD FLAWSHIRT,"" and ""I MAD FLAWSHIRT."" The woman is gesturing with her hands, possibly emphasizing her points. The video seems to be a commentary or reaction to a situation involving",1. News
7299771215755906312,"The video shows two women in a dance studio, performing a choreographed routine. They are dressed in black outfits and are moving in sync with each other. The studio has a wooden floor and a high ceiling with lights. The women are performing a dance routine that includes spins, jumps, and other movements. The video ends with the women standing side by side, looking at the camera.","3. Music, Singing, & D"
7397523950391086369,"The video features a series of animated characters, including a blue character with a red heart on its head, a green apple with a crown, and a purple character with a crown. The characters are set against a black background, and the video begins with the green apple and the purple character appearing together. The green apple is then shown alone, with the purple character appearing behind it. The green apple is then shown alone again, with the purple character appearing behind it. The green apple is then shown alone, with the purple character appearing behind it. The green apple is then shown alone, with the purple character appearing behind it. The green apple is then shown alone, with the purple character appearing behind it",8. Entertainment & Shows
7410518813021637930,"The video shows a man in a suit and tie sitting in a room with a woman in the background. The man is speaking, and the text overlay on the screen reads, ""Do you think Americans seriously think that this is an important question?"" The woman is standing at a podium with the White House seal on it, and she is also speaking. The text overlay on the screen reads, ""Do you think Americans seriously think that this is an important question?"" The man and the woman are both looking at the camera, and the man is gesturing with his hands as he speaks.",Politics
