video_id,summary,category
7349900395843472672,"The video shows a man in a suit and tie holding a microphone with the logo of a news channel. He is standing in front of a crowd of people, some of whom are holding flags. The man appears to be giving an interview or report. The video then cuts to a group of people standing in line, possibly waiting to enter a building or event. The final part of the video shows a man in a suit and tie being interviewed by another man holding a microphone with the logo of a news channel. The background includes a truck and some trees.",Politics
7326597898358066465,"The video is a humorous comparison between a person's reaction to their cat's behavior and the reaction of a smartphone. The video is divided into two parts, each showing a different reaction.

In the first part, the person is shown in a room with a cat sitting on a bed. The person is holding a smartphone and looking at it with a surprised expression. The text on the screen reads ""Pov: Les appels avec mon chachet qui n'a jamais fait deja demeurer."" This translates to ""Pov: The calls with my cat who has never stayed in bed before.""

In the second part, the person is shown in",7. Pets & Animals
7302484543691328810,"The video is a black screen with white text. The text reads ""EMERGENCY RELIEF DISTRIBUTION OCTOBER 1TH, 2022. Stop the killing. Stop hate. Time to donate."" The text is in a bold, sans-serif font and is centered on the screen. The video does not contain any other visual elements or audio.",1. News
7339991555408694561,"The video shows a person standing in a store, holding a brown hoodie with the word ""Balea"" on it. The person is talking about the most popular beauty products from their store. The video then shows a close-up of the store shelves, displaying various beauty products, including Balea's Vital Augencreme, Aqua Augen Roll-On, and Q10 Anti-Falten Augencreme. The products are arranged in rows, with their prices clearly visible. The video concludes with a close-up of the Balea Q10 Anti-Falten Augencreme, which is priced at 1,95 Euro",Beauty Care
7351403366368546081,"The video showcases a series of events involving a group of humans and aliens in a battle. Initially, the humans are shown preparing for battle, with one person holding a piece of food and another person's hand visible. The scene transitions to a pan frying dish, with the text ""aside"" appearing, indicating a moment of confusion or distraction. The dish is then shown being cooked, with the text ""laughed"" appearing, suggesting a humorous or exaggerated reaction.

The narrative continues with the cooking of the dish, with the text ""hours"" appearing, indicating a long cooking time. The dish is then shown being served, with the text ""public"" appearing, suggesting a public or communal",1. Entertainment & Shows
7380379588242804001,"The video shows a person lying in bed with a pink pillow behind them. The person is wearing a black shirt with blue text on it. The person is making hand gestures and talking to the camera. The text overlay on the video says ""Ni extraire droit ni extraire neuque?"" which translates to ""Do you want to extract right or extract nothing?"" The person is making a face and talking to the camera.",Entertainment & Shows
7291005324717313313,"The video features a woman in a pink coat standing in front of a large building with a flag on top. She is speaking to the camera and providing information about the rise of the anti-immigration party AfD in Germany. The video also includes text overlays that provide additional information about the party's policies and the current state of the German citizenship rules. The woman is seen gesturing with her hands as she speaks, and the background includes a body of water and a bridge.",Politics
7184540937974975786,"The video shows a person sitting in the back seat of a car, wearing a black tank top and white headphones around their neck. They are holding a spoolie brush and applying a product to their eyebrows. The text overlay on the video reads ""e.i.f brow lift review"" and ""Bwainainor."" The person is demonstrating the use of the product, which is likely a brow lift product, and showing the results of using it. The video ends with the person giving a thumbs-up gesture, indicating that they are satisfied with the results of the product.",Beauty Care
7343334803665603883,"The video features a woman with long, wavy hair, wearing a dark sweater and a gold necklace, sitting in front of a colorful, starry background. She is holding a black object, possibly a makeup brush, and appears to be speaking or presenting something. The text ""TikTok BAN TOMORROW"" is displayed at the top of the screen, indicating that the video is related to a potential ban on the social media app. The woman seems to be discussing the potential ban and its implications, as well as the benefits of using TikTok for educational purposes. The video also includes a phone number, ""202-224-321",Science & Technology
7343662075299761440,"The video begins with a person wearing a pink sweater with a black bow tie, standing in a room with a white wall and a shelf in the background. The person is looking at the camera with a serious expression. The scene then transitions to a close-up of a person with long blonde hair, wearing a white shirt with a red tie, standing in a dimly lit room with a green hue. The person appears to be in a state of shock or fear. The video then cuts back to the person in the pink sweater, who is now looking at the camera with a more relaxed expression. The final frame shows the person in the pink sweater with a black bow tie,",1. News
7394913119375527210,"The video features a person wearing a gray shirt and a camouflage cap, standing in front of a plain wall. The person is seen making various hand gestures, including pointing and raising their hand. The background includes a shelf with various items, such as bottles and a small object. The person appears to be engaged in a conversation or monologue, as indicated by the text overlay on the video. The text discusses the comparison of the number of people killed by different leaders, including Joe Biden, Saddam Hussein, and Vladimir Putin, and questions the justification for considering one leader's actions as more criminal than another's. The video concludes with the person continuing to make hand gestures, possibly emphasizing their points in the conversation",Politics
7327439802637307178,"The video showcases a person in a camouflage hoodie standing next to a white Chevrolet truck. The person is holding a phone and appears to be talking about the truck. The video also includes text overlays that read ""This is The CHEPAEST Brand New Truck You Can Buy Today *2024 Chevy W/T* part 2"" and ""This is The CHEPAEST Brand New Truck You Can Buy Today *2024 Chevy W/T* part 1."" The person is seen pointing at the truck and gesturing towards it, possibly discussing its features or design. The video also includes a close-up of the truck's","11. Outfit, Style, &"
7296461109572275488,"The video is a series of interviews with Trump supporters who disagree with Trump on the issue of unions. The interviews take place in various settings, including a parking lot, a park, and a street. The interviewees express their views on the importance of unions and how they support Trump's policies. They also mention that Trump has been a strong supporter of unions and has worked to protect them. The video concludes with the interviewees expressing their support for Trump and his policies, despite their disagreement on the issue of unions.",Politics
7385384197864557855,"The video features a series of images from a CNN broadcast, showing two men in suits, one with a red tie and the other with a blue tie, standing at podiums with microphones. The background is blue with the CNN logo. The text overlay reads ""My favorite prt of th debate waswaaahhting whoever wasn't talking."" The video appears to be a commentary on the debate format, focusing on the moments where the speakers are not engaged in conversation.",Politics
7358352976639184146,"The video shows a person driving a car on a rainy day. The car is driving on a highway with other vehicles, and the road is wet. The person is driving through a city, and the city lights are visible in the background. The video also shows a view from inside the car, looking out at the road and other vehicles. The video ends with a view of the sky through the windshield, with the sun reflecting off the wet road.",1. News
7371030140370963713,"The video is a series of gameplay clips from the game Overwatch, showing a player navigating through a virtual environment. The player is using a character with a green and black color scheme, and the gameplay is fast-paced with a lot of action. The player is seen using various abilities and weapons, including a gun and a melee weapon. The environment includes a stone-like structure, a building, and a staircase. The player is also seen using a drone and a helicopter. The gameplay is fast-paced and includes a lot of action, with the player using various abilities and weapons. The player is seen using a gun and a melee weapon, and the gameplay is fast-paced with",Sports
7328941581862473006,"The video begins with a close-up of a jet aircraft on a runway, with the word ""HIGH"" in bright yellow letters superimposed over the image. The scene then transitions to a different aircraft, a fighter jet, in flight with the word ""HIGH"" again. The video then shows a fighter jet on a runway, with the word ""HIGH"" in bright yellow letters superimposed over the image. The scene then transitions to a different aircraft, a fighter jet, in flight with the word ""HIGH"" again. The video then shows a fighter jet on a runway, with the word ""HIGH"" in bright yellow letters superimposed over the image. The scene then",1. News
7295860137162591519,"The video features a person wearing a plaid shirt, speaking in front of a blue background. The person is discussing the topic of genocide and the treatment of indigenous people by colonizers. The video includes text overlays that provide additional context and commentary on the topic. The person expresses their thoughts on the injustices committed by those in power and the importance of holding them accountable. The video also touches on the issue of Palestine and Hamas, but the person emphasizes that these actions are not justifiable and that the feelings of righteousness can lead to the perpetuation of evil.",1. News
7407540452611640606,"The video shows a man in a blue shirt and black gloves sitting at a desk in an office. He is working on a computer and has a passport in front of him. The man is talking to someone off-camera, asking them to open the passport. The man then takes the passport and starts to open it, but then closes it and looks at the camera with a surprised expression. The video ends with the man still looking at the camera, with the text ""Next"" appearing on the screen.",1. News
7372987016914455841,"The video shows a cricket match between Pakistan and England. The players are dressed in their respective team colors. The crowd is visible in the background, cheering and watching the game. The text ""FREE FREE... FREE FREE... FREE FREE..."" is displayed at the top of the screen, possibly indicating a promotion or a message.",Sports
7366561209996332320,The video shows a person with long dark hair wearing a white shirt. The person is sitting in a room with a yellow wall and a black TV in the background. The person is making hand gestures and talking to the camera. The video ends with the person continuing to talk and gesture.,1. News
7334130841016274222,"The video features a black sports car parked in a parking lot. The car is sleek and has a low profile, with a prominent front grille and large alloy wheels. The background of the video is a mix of greenery and trees, with a clear sky overhead. The text overlay on the video reads, ""I don't reverse park to look cool, a mf ust can't park forward..."" This suggests that the person filming the video is frustrated with their friends' behavior, as they are not able to park their cars properly. The video also includes a meme with the text, ""All my friends are dead, leave them in the cold, put them in the tundra I go great",1. News
7380389929790033185,"The video features a series of dramatic and intense scenes from a video game, with characters engaged in combat and dramatic poses. The first scene shows a character in a blue outfit with a cape, standing in a dark, smoky environment, with another character in a white dress and a blue cape in the background. The text overlay reads, ""The difference between the two of us is obvious."" The second scene shows a character in a blue outfit with a cape, standing in a dark, smoky environment, with another character in a white dress and a blue cape in the background. The text overlay reads, ""The difference between the two of us is obvious."" The third scene shows a character",8. Entertainment & Shows
7343754603927850245,"The video is a series of images that appear to be from a movie or a video game, with a focus on a character who is holding a flag. The character is wearing a black outfit and has a serious expression on their face. The background of the images is a fiery orange color, and there are other characters in the background who appear to be in a state of distress or anger. The text ""FREE PALESTINE"" is displayed at the top of the images, suggesting that the character is advocating for the freedom of Palestine.",1. News
7357827492289465646,"The video features a person wearing a white t-shirt with a cartoon character on it. The person is standing in a room with a refrigerator and a table in the background. The person is making various hand gestures and movements, possibly expressing frustration or annoyance. The text on the screen reads, ""I don't personally think this is a hot take but some people might if I never had to eat again like I could just survive without putting food in my body I would and before everybody in the comments no it's inconvenient grocery shopping inconvenient cooking inconvenient fucking sitting down eating a goddamn meal inconvenient dude I don't want to do it anymore like I don't want to decide, dude",1. Entertainment & Shows
7366736772253977889,"The video is a series of clips that discuss the potential fate of Tuvalu, a small island nation in the Pacific, due to rising sea levels. The video begins with an aerial view of Tuvalu, highlighting its small size and the threat of rising sea levels. It then shows the effects of the rising sea levels on the island, with waves crashing onto the shore and the water level rising. The video also discusses the government's efforts to create a virtual country, including the creation of digital passports and the transfer of government activities to the cloud. However, the video also notes that the government's definition of a country as having a physical territory and a permanent population is not universally recognized, and",1. News
7342750088902511915,"The video shows a person standing in a bathroom, taking a selfie with a phone. The person is wearing a black t-shirt and black shorts. The bathroom has a tiled floor and a mirror. The person is also wearing a blue wristband and has their hair tied back. The video ends with the person still in the bathroom, taking the selfie.",1. Entertainment & Shows
7325461211653492010,"The video shows a person wearing a purple hoodie with the word ""Alicia"" on it. The person is standing in front of a door and talking to the camera. The person is also wearing a headband and has braided hair. The person is gesturing with their hands while talking. The person is also holding a phone in their hand. The person is talking about their hair and how it looks. The person is also talking about their aunt doing their hair and how it looks. The person is also talking about how they are feeling and if their head is pounding. The person is also talking about fixing their hair and if it looks as bad as they think it does. The person",13. Entertainment & Shows
7363144949442825518,"The video features a young woman with long blonde hair, wearing a black top with a graphic design. She is standing in a room with a white door in the background. The text overlay on the video reads, ""why is finding a girl friend so hard, no im not trying to be funny, im just trying to be honest."" The woman appears to be speaking directly to the camera, sharing her thoughts on the difficulty of finding a girl friend.",1. Entertainment & Shows
7375972216707484960,"The video is a series of frames showing a person in a white shirt standing in front of a whiteboard with a list of Labour's policy steps for change. The person is holding a pen and pointing to the list, which includes items such as ""1. Deliver economic stability,"" ""2. Cut NHS waiting times,"" ""3. Launch a new Border Security Command,"" ""4. Set up Great British Energy,"" and ""5. Crackdown on illegal immigration."" The person is also seen making a thumbs-up gesture, indicating approval of the policy steps. The video is likely an educational or informative piece, as it provides a clear and concise overview of Labour's policy for the country's future",Politics
7363604482355137799,"The video showcases a woman in a kitchen, surrounded by various items and a laptop displaying a chat interface. She is seen unpacking a box, which contains a transparent coffee cup, and then proceeds to use a tablet to place the cup on a table. The scene transitions to a close-up of the woman's hands as she uses a tablet to place a box on a table. The video then shows a woman in a mirror, holding a box, with text indicating that she is looking for a box. The woman is then seen using a tablet to place a box on a table, with text indicating that she is looking for a box. The video concludes with the woman using a tablet to place",Entertainment & Shows
7341253553245408558,"The video features a woman in a light blue shirt with a floral pattern, standing in a room with a window in the background. She is holding a makeup product and appears to be explaining something. The text overlay on the video reads, ""So we bought a house for my entire family, but who's paying for it? Do I expect them to pay rent? Are my brothers going to move out when Jacob and I want babies? First, hi, my name is Maymay, and I haven't really talked a lot about this topic because I in no way expect you guys to understand. So first, who pays for our house? The answer is me and Jacob. The title is in our",1. News
7346960504490937642,"The video starts with a woman lying on a bed, wearing a white tank top. She is holding a phone and looking at it. The text on the screen reads, ""When you wanted you're engagement song so you could look at me ok."" The scene then transitions to a black and white photo of a car driving down a road, with the text ""JUST ME"" on the license plate. The video then shows a close-up of a woman's hand with a ring on it, followed by a man and a woman sitting in a convertible car, with the man holding the woman's hand. The video then shows a man and a woman on a sailboat, with the man",1. Entertainment & Shows
7203774185322188037,"The video begins with a person standing in front of a door, holding a piece of paper. The text on the screen reads ""Ich im 1. Lehjahr."" The person then walks into a room with a wooden floor and a gray rug, where another person is sitting at a desk. The text on the screen changes to ""Vor der Abschlussprüfung."" The person at the desk appears to be working on a computer. The video then shows a person sitting at a desk, typing on a keyboard. The text on the screen reads ""Vor der Abschlussprüfung.""",1. Entertainment & Shows
7324373228028300577,"The video is a humorous take on the challenges and realities of working in finance. It starts with a man walking down a street, with text overlays indicating the various aspects of working in finance. The first scene shows the man walking past a building with a sign that reads ""Things you need to know before getting a job in finance,"" followed by a scene of the man walking past a building with a sign that reads ""all I needed in Excel."" The video then transitions to a close-up of a coffee machine, with text overlays indicating the importance of coffee in the finance industry.

The next scene shows a man using a smartwatch, with text overlays indicating the importance of time",1. News
7404376866108312865,"The video shows a group of people, including a man in a wheelchair, being escorted by police officers in a city at night. The scene then shifts to a man in a denim jacket sitting outside a building, speaking to the camera. The video continues with a woman in a white shirt standing in front of a building, also speaking to the camera. The final scene shows a woman in a blue and white patterned jacket standing in front of a building, also speaking to the camera. The video ends with a black screen displaying the text ""Das sagen Ihnen zur Kursk-Offenfesie"" (The words they say about the Kursk incident).",Travel & Events
7379002112652660014,"The video features a person wearing a white shirt with a graphic design, standing in front of a window with blinds. The person is holding a necklace with the name ""RITANA"" written on it. The necklace is displayed on a white card with the text ""Fashion Jewelry"" and a logo. The person appears to be expressing gratitude to someone named Sarah, as indicated by the text on the card. The video concludes with a close-up of the necklace on the card, emphasizing the name ""RITANA"".",1. News
7394618529569344811,"The video features a series of political events and speeches, starting with a woman in a light blue shirt standing in front of a microphone, with a backdrop featuring the American flag and the text ""DELEGATE."" The scene transitions to a man in a suit and tie, with the text ""President Biden phoned into the meeting."" The video then shows a woman in a black suit with a white shirt, speaking at a podium with the text ""Vice President Kamala Harris in her first political remarks this evening since President Joe Biden decided not to run for reelection and instead endorsed her."" The final scene shows a woman in a light blue shirt with the text ""Vice President Kamala Harris",2. Politics
7366286242406829345,A man in a gray hoodie is standing in an office and playing a DJ controller. He is wearing a black shirt and has a microphone in his hand. He is playing music on the DJ controller.,"Music, Singing, & Dancing"
7325205573941710111,"The video begins with a person sitting in a room, wearing a black t-shirt with a graphic on it. The room is dimly lit, with a dresser and a mirror in the background. The person appears to be speaking, as indicated by their mouth movements and hand gestures. The text overlay on the video reads ""Reply to Lisa Mae's comment hanging around for the ghost hunting"" and ""30. Haid it reodding for a while but decided to delete it."" The person then stands up and walks towards the camera, still speaking. The text overlay changes to ""stay tuned"" and ""Røde Røde Røde Røde Røde",Entertainment & Shows
7352304151897951521,"The video starts with a person standing in a living room, wearing a black shirt and red pants. The room has a large window, a chandelier, and a rug on the floor. The person is holding a pair of shoes and appears to be talking to the camera. The scene then transitions to a close-up of a shelf filled with various shoes. The person is then seen sitting on the floor, surrounded by shoes, and talking to the camera. The video ends with the person standing up and walking away from the camera.",Entertainment & Shows
7365063366907333921,"The video showcases a breathtaking view of a city skyline at sunset. The sky is painted with hues of pink, purple, and orange, creating a stunning backdrop for the city's illuminated buildings. The city's lights reflect off the water, adding to the beauty of the scene. The video captures the city from a distance, allowing viewers to appreciate the architectural details and the vibrant colors of the sunset. The video does not contain any text or additional information.",1. News
7346235933882076448,"The video shows a man in a green hoodie and blue jeans using a blue mechanical device to work on a wooden post in a field. He is seen bending over and using the device to work on the post, which is surrounded by a dirt ground and some trees in the background.",1. Sports
7305148019727420718,"The video is a series of frames from a movie called ""Watcher"". The first frame shows a woman with long black hair, wearing a white turtleneck and a brown and white fur coat, standing in front of a movie poster. The movie poster features a woman with long blonde hair, wearing a red shirt, standing in front of a building. The text on the poster reads ""WATCHER"" and ""EVIL WANTS TO BE SEEN"". The second frame shows a woman with short blonde hair, wearing a brown coat, standing in front of a movie poster. The movie poster features a woman with long blonde hair, wearing a red shirt, standing in",8. Entertainment & Shows
7395252325104766216,"The video is a series of frames from a first-person shooter game, likely Counter-Strike, where the player is in a virtual environment resembling a war-torn city. The player is holding a sniper rifle and aiming at targets. The environment is a desolate urban setting with buildings and debris scattered around. The player's character is a cat with a green helmet and a sniper rifle. The cat's face is superimposed onto the player's character, giving the impression that the player is a cat. The cat's face is also superimposed onto the sniper rifle, making it appear as if the player is holding a cat-sized sniper rifle. The cat",01
7354853011887312160,The video shows a group of people sitting at a table with pizza in front of them. One person is wearing a blue hoodie and is eating a slice of pizza. The other people are watching him. The person in the blue hoodie is saying something about pineapple not belonging on pizza. The video ends with the person in the blue hoodie eating the rest of the pizza.,Entertainment & Shows
7355938811429260550,The video shows a person wearing headphones and reacting to a song. The person is eating chips and talking about how the song makes them feel. The video is a commentary on the song's lyrics and the person's reaction to them.,"3. Music, Singing, & D"
7363655590524226862,"The video features a person sitting at a desk with a computer and a keyboard in front of them. The person is wearing a dark shirt with the words ""LOVE HOPE CURVE"" written on it. The background is a blue and purple neon light. The person is talking about Discord, a messaging platform, and how it is still being used despite the issue of data privacy. The person mentions that Discord has changed its terms of service, making it difficult for users to sue the company in case of a class action lawsuit. The person also mentions that Discord has acknowledged the issue and is working on fixes, but also mentions that two days later, Spy.pet posted on",8. Entertainment & Shows
7337977691611696417,"The video shows a person driving a car, wearing a white sweater and a seatbelt. The person is making hand gestures and talking to the camera. The car is driving through a city street with buildings and other cars visible through the windows.",1. News
7335864619187146016,"The video is a series of maps and images that compare the population and geography of Wyoming and Colorado. It starts with a map of the United States, highlighting the states of Wyoming and Colorado, and includes text that reads ""Why Wyoming Is 'Epiphy' And Colorado Is Not"" and ""Why so many people live in Colorado and not Wyoming."" The video then shows a map of the Rocky Mountains, with the text ""Why Wyoming Is 'Epiphy' And Colorado Is Not"" and ""Why so many people live in Colorado and not Wyoming."" It continues with a map of the Yellowstone Plateau, with the text ""Why Wyoming's O'Nine Four Year Une"" and ""Why",1. News
7356565580603870497,"The video features a series of individuals in a professional setting, likely a radio or podcast studio, discussing various topics. The first individual, dressed in a dark suit, is seen speaking into a microphone. The text overlay on the screen reads, ""Upwell wyll caller asr's a psychotra, Aa aart's a psychotra is response?"" This suggests a conversation about a psychological issue. The second individual, wearing a white shirt and a dark blazer, is also speaking into a microphone. The text overlay reads, ""the Prime Minister reacted to it."" The third individual, dressed in a light pink blazer, is also speaking into a microphone. The text",1. News
7407322364309949728,"The video shows a group of people performing on stage. They are dressed in casual clothing and are dancing energetically. The stage is brightly lit with colorful lights, and the background features a large screen with a blue and pink design. The performers are moving in sync with each other, and the audience can be seen in the foreground, watching the performance. The video also includes a text overlay that reads ""I don't wanna die Before we love, we love, this feeling, babe Cause it's enough, enough, can't be this way Before we love, we love, this feeling, babe I love it, I like it, but I don't wanna die Ooh,","3. Music, Singing, & D"
7395058028594122014,"The video features a series of individuals in different settings, each with a caption that appears on the screen. The captions suggest that the individuals are discussing the importance of the election and the issues involved. The video also includes a transition to a different setting, where a person is seen in a store, and another person is seen in a pool. The video concludes with a person standing in a room, wearing a shirt with the number 2 on it.",Politics
7357035995667107114,"The video shows a woman in a black shirt and blue jeans standing in front of a counter in a restaurant. She is holding a drink in her hand and appears to be talking to someone off-camera. The counter has a variety of drinks and snacks on it, including a drink with a straw and a cup of fruit. The woman then walks away from the counter and sits down at a table in the restaurant. She is wearing a red shirt and appears to be talking to someone off-camera. The restaurant has a modern design with white chairs and tables, and there are pictures on the walls.",Entertainment & Shows
7322958700291853614,"The video is a compilation of various segments from a news broadcast, featuring different individuals and topics. The first segment shows a close-up of a person's face with the text ""What was Trump asked about?"" in bold red and yellow letters. The second segment features a man in a suit and tie speaking at a podium with the text ""FOX NEWS DEMOCRACY"" displayed on the screen. The third segment shows a man in a suit and tie speaking at a podium with the text ""FOX NEWS DEMOCRACY"" displayed on the screen. The fourth segment shows a man in a suit and tie speaking at a podium with the text",Politics
7333721172363922734,"The video shows a man in a blue shirt and khaki pants standing in front of a black Toyota car. He is wearing sunglasses and a blue jacket. The man is dancing and moving his arms and legs around. He is also wearing a name tag on his shirt. The background of the video is a parking lot with other cars and palm trees. The man is trying to get the attention of the camera, but the cars are moving around him.",1. News
7320342127790148907,"The video depicts a series of interactions between a police officer and a person in a blue uniform, likely a police officer, in a room with blue lockers. The officer is wearing a black uniform with a badge and a name tag that reads ""POLICE."" The person in the blue uniform is wearing a black cap and a black jacket. The officer appears to be explaining something to the person in the blue uniform, who is standing in front of the lockers. The officer is gesturing with their hands while speaking, and the person in the blue uniform is listening attentively. The video also includes text overlays that read ""TYRANT COPS MAKE BIG MISTAKE,"" ""sil",News
7287998089279917345,"The video is a tutorial on how to save money by shopping on Amazon, specifically during Prime Day. It starts with a person standing on a sidewalk, talking about the benefits of shopping on Amazon. The person then shows a laptop screen displaying the Amazon website, with various products listed in different categories. The text on the screen explains that every product on Amazon is discounted at least 25% because of Amazon's requirements for sellers to list in the outlet section. The person advises viewers to check the Amazon Outlet for discounted items and save money during Prime Day. The video concludes with the person continuing to talk about the benefits of shopping on Amazon.",1. News
7340766599860849926,"The video shows a man in a military uniform standing at a podium, speaking into a microphone. He is wearing a dark blue uniform with various medals and insignia on the left side of his chest. The background features a large sign with the words ""THE PENTAGON WASHINGTON"" and a building with a dome. The man is identified as ""Trick Ryder, J.S.A. U.S. Air Force Brigadier General."" The video also includes a caption that reads, ""Well, just to be clear, we have no plans to send U.S. service members to fight in Ukraine. The president has been pretty clear on that, and that continues",Politics
7324688586807201070,"The video shows a young woman sitting in a classroom, wearing a white sweater and a beige scarf. She is looking at a piece of paper in front of her. The text overlay on the video reads ""Special Ed teacher trying to figure out whether their student is crying."" The woman appears to be in a classroom setting, with books and other educational materials visible in the background. The video does not provide any additional context or information about the woman or the situation.",1. News
7195058735914519809,"The video shows a large building being demolished by a crane. The crane lifts the building, and it collapses, causing a massive cloud of dust and debris to rise into the air. The demolition is taking place in an urban area, with other buildings visible in the background. The video captures the demolition from different angles, including a close-up of the crane and a wider view of the demolition site. The video concludes with a view of the city skyline, with the dust cloud still visible in the foreground.",1. News
7360854136440540459,"The video depicts a series of interactions between two men in a dimly lit room. The man on the left, wearing a light gray shirt, is seen holding a door open and speaking to the man on the right, who is wearing a dark shirt with red accents. The text overlay on the screen reads ""CAN I HELP YOU?"" and ""WHAT'S THIS ABOUT?"" The man on the right responds with ""HUELL"" and ""HUELL? WHO'S HUELL?"" The man on the left then says ""HUELL? WHAT'S THIS ABOUT, MR. BENEKE?"" The man on the right responds with ""I'LL T",1. Entertainment & Shows
7408631372044111135,"The video shows a person holding a cat with a bandage on its leg. The cat is lying on a white surface. The person is also holding another cat, which is orange. The person is wearing a tattoo on their hand. The video also shows a person holding a cat with a bandage on its leg. The cat is lying on a white surface. The person is also holding another cat, which is orange. The person is wearing a tattoo on their hand. The video also shows a person holding a cat with a bandage on its leg. The cat is lying on a white surface. The person is also holding another cat, which is orange. The person is wearing a tattoo on their hand.",Pets & Animals
7383460841204534534,"The video showcases a series of woodworking tasks, starting with a close-up of a wooden block with a small metal screw embedded in it. A green-handled tool is used to remove the screw, followed by a hand holding a sharp tool, possibly a chisel, to further refine the screw's position. The scene transitions to a close-up of a grinding wheel, where a metal tool is being sharpened. The video then shifts to a different angle, showing a hand using a chisel to remove the remaining wood from the screw, revealing its inner structure. The final frames show a hand using a pair of pliers to remove the remaining wood from the screw, leaving it clean and",Science & Technology
7340748820130647326,"The video shows a group of people sitting at a table in an office setting. One person is holding a sandwich and another person is holding a phone. The video is about California's new $20 minimum wage for fast food restaurants. The video also mentions a specific exemption for fast food chains that have bakeries. The video ends with a person holding a sandwich and a phone, and the text ""How dare you"" appears on the screen.",1. News
7289539647825382698,"The video features a person in a kitchen, wearing a peach-colored shirt and dark shorts, dancing energetically. The person is surrounded by various kitchen items, including a stove and a refrigerator. The text overlay on the video reads, ""Me, with 0% Palestinian blowdown, withstanding the 10 pesetas of Palestine."" The person's movements are animated, and they appear to be enjoying themselves.",1. News
7390878944012045598,"The video is a series of clips from a game called ""Roblox,"" where players compete in a fashion challenge. The first clip shows a player in a green outfit with a camouflage pattern, standing in a room with a window in the background. The player is wearing a headset and is seen reacting to the game. The second clip shows a player in a black outfit with a crown, standing in a room with a window in the background. The player is wearing a headset and is seen reacting to the game. The third clip shows a player in a green outfit with a camouflage pattern, standing in a room with a window in the background. The player is wearing a headset and is",9. Entertainment & Shows
7390133152670420266,"The video features a person standing in a room with a wooden dresser and various items on it. The person is wearing a black shirt with a graphic design and has long hair. They are also wearing a necklace and hoop earrings. The lighting in the room is dim, and there is a red laser light projected onto the person's forehead. The person appears to be speaking or singing, as indicated by the audio in the caption.",1. News
7373916497896377617,"The video begins with a close-up of a slice of a chocolate cake, which is made with a graham cracker crust. The cake is topped with a layer of creamy white frosting and is decorated with a few pieces of the graham cracker crust. The scene transitions to a close-up of a bowl filled with a brown mixture, which is likely the frosting. A hand is seen mixing the frosting with a whisk, creating a smooth and creamy texture. The video then shows a close-up of a hand holding a spoon, which is used to spread the frosting onto the cake. The cake is placed on a white plate, and the frosting is spread evenly",7. Food
7303250453079280927,"The video is a promotional video for an airline pass that allows you to travel to four destinations: Tahiti, Paris, Auckland, and Tokyo. The pass costs $1,525 and can be purchased through the website. The video also includes a disclaimer that the pass is only available for purchase through the website and that there are only 250 passes available. The video encourages viewers to act quickly if they want to purchase the pass.",Travel & Events
7330776298576514347,"The video features two individuals sitting at a table with a large, colorful, and interactive game board in front of them. The game board has various sections with different colored backgrounds and text. The individuals are holding cards with words on them, and they are pointing to different sections of the board. The text on the cards includes phrases like ""Eyes,"" ""Invention of the telephone,"" ""The Beatles,"" and ""The Eagles."" The individuals appear to be playing a game or engaging in a conversation related to the words on the cards. The video does not provide any additional context or information about the game or the individuals' actions.",Entertainment & Shows
7386716685945900320,"The video shows a man in a suit and tie standing in front of a crowd of people. He is holding a camera and appears to be taking a photo or video of the crowd. The crowd is seated in green chairs and appears to be watching something. The man in the suit is then seen walking away from the crowd, and the crowd continues to watch him.",1. News
7390820226562084139,"The video shows a group of anthropomorphic animal characters standing under a purple umbrella in the rain. One of the characters, a brown bear, is holding the umbrella and talking to the others. The other characters are also holding umbrellas and looking at the bear. The bear is saying something to the others, and the others are listening. The bear then says, ""My glitter, my merry moo cow, and my crazy bus tape. What are we gonna do? Have some peace and quiet?"" The others are looking at the bear with concern. The bear then says, ""I thought these people were my friends. Little did I know, I was swimming with a pack of thieves.""",6. Film & Animation
7361435694725696810,"The video is a series of clips from a live concert, with the performer addressing the audience. The performer is wearing a blue and pink outfit and is standing on stage, surrounded by a crowd. The audience is engaged, with some people taking photos or clips. The performer is speaking to the audience, addressing their concerns and expressing gratitude for their support. The performer also mentions that they have been told to be a friend to everyone who comes alone to the show, and that they have been told to be a friend to everyone who comes alone to the show. The performer also mentions that they have been told to be a friend to everyone who comes alone to the show, and that they have been told to","3. Music, Singing, & D"
7317028968568343850,"The video is a series of clips showing different ways to talk to girls. The first clip shows a person using a drill to cut a piece of wood, with the text ""how do I talk to girls I'm shy?"" displayed at the top. The second clip shows a person using a green tool to cut a piece of wood, with the text ""if you wanna"" displayed at the top. The third clip shows a person using a wooden block to cut a piece of wood, with the text ""that when you"" displayed at the top. The fourth clip shows a person using a metal tool to cut a piece of wood, with the text ""that when you"" displayed at the top",1. News
7393735339996712225,"The video features a person wearing a white and blue striped shirt with a blue collar, standing in front of a door. The person is holding a phone and appears to be speaking, as indicated by their hand gestures and facial expressions. The background is a plain wall with a door visible. The person is seen making various hand gestures, including pointing and holding their hand up to their face, which suggests they are explaining or discussing something. The video also includes text overlays in Spanish, which appear to be part of the person's speech. The text reads ""QUAND ON A 11 DE VUE LE \""M\"" VENTE E \""MILLION\"" MASQUAND ON A",1. News
7286953369133174062,"The video shows a man in a yellow jacket and black pants standing on a street with a large black and white parachute attached to him. He is holding onto the parachute and preparing to take off. The background features a road, trees, and mountains. As he begins to lift off, the parachute starts to inflate, and he starts to float in the air. The video ends with him still floating in the air, with the parachute fully inflated.",1. News
7210197949433892142,"The video showcases a picturesque beach scene with a clear blue sky and calm ocean waters. The beach is bustling with people enjoying the sunny weather, with some lying on beach chairs and others walking along the shore. The beach is lined with umbrellas and beach towels, indicating a popular spot for relaxation and sunbathing. The video is overlaid with text in Italian, providing a list of the beach's favorite attributes, such as its ""iconic and icy"" feel, its ""reasonable"" food options, and its ""delicious"" umbrellas. The text also mentions the beach's ""great peachy bellies"" and its ""reasonable"" prices. The video concludes with a",Favorite beach in Capri
7317451980497046826,"The video is a compilation of morbid facts about the Church of Scientology. It features a series of images and text that highlight the dark side of the organization. The first image shows a man in a suit and tie, with the text ""Morbid Scientology Facts"" at the top. The second image shows a woman in a black dress, with the text ""Scientology's most notorious cult member."" The third image shows a man in a suit and tie, with the text ""Scientology's most notorious cult member."" The fourth image shows a woman in a black dress, with the text ""Scientology's most notorious cult member."" The fifth image shows a man in a suit and tie",1. News
7346304747646848288,A group of people are shopping in a grocery store. They are looking at the shelves for items. One person is holding a box of cookies. The video shows a person in a blue jacket and red hoodie looking at the shelves.,Entertainment & Shows
7357381570371603717,"The video shows a group of people dancing in a room. One person is wearing a white shirt and a brown jacket, while another is wearing a black and white patterned dress. The person in the brown jacket is talking to the camera and using hand gestures to emphasize their points. The video ends with a close-up of the person in the brown jacket, who is wearing a white shirt and a brown jacket.",1. News
7319635608945675528,"The video shows a person performing a dance routine on a stage. The person is wearing a white shirt with a cat design, black and white striped pants, and red shoes. The stage is lit with purple lights, and there are other people in the background watching the performance. The person is moving their arms and legs in a coordinated manner, and at one point, they are seen bending down and picking something up from the floor.",3
7288048371019926814,"The video shows a woman standing outside in a cold environment, wearing a white shirt and a necklace. She is holding a thermometer and appears to be measuring the temperature. The background is a wooden structure with a white wall. The woman is wearing a ring on her finger.",1. News
7302492057975688490,"The video features a person wearing a tie-dye tank top with a watermelon pattern. The person is standing in front of a white wall with a ceiling fan. The person is wearing a pair of glasses on their head. The video includes text overlays that read ""From the river to the sea"" and ""From the river to the sea."" The person is also wearing a necklace with a watermelon pendant.",1. News
7289320054347468078,"The video features a person sitting at a desk, typing on a laptop. The background includes a painting with a sunset scene. The person is wearing a dark shirt and has short hair. The video is a commentary on the political situation in the United States, specifically the nomination of a Republican as Speaker of the House. The person is discussing the potential consequences of a deal between Republicans and Democrats to elect a Speaker of the House. The video ends with a humorous prediction of the reaction of right-wing media figures if the next Speaker of the House is elected with Democratic votes.",Entertainment & Shows
7346011922946510126,"The video features a person wearing a brown hoodie and a backpack, standing outdoors with trees and a street sign in the background. The person is seen speaking and gesturing with their hands. The video includes text overlays that provide context and information about the person's political views and the election. The text mentions that RFK Jr. is considering Aaron Rodgers as his vice presidential running mate, and that Rodgers has no governing experience. The video also includes a screenshot of a CNN article about RFK Jr. and Rodgers, and a quote from a CNN article about RFK Jr.'s views on the Sandy Hook school shooting. The video concludes with the person continuing to speak and gesture,",Politics
7366304208150121774,"The video features a series of individuals making heart shapes with their hands in front of their faces. Each person is wearing a different outfit and has a different hairstyle. The video is set in a room with various decorations, including a cactus plant, a framed picture, and a chandelier. The text on the screen changes to indicate the year each person was born, with the year being displayed in a white font. The video appears to be a montage of different people making heart shapes with their hands, with the text indicating the year each person was born.",Entertainment & Shows
7360733570232552710,"The video features a person standing outdoors, holding a large, black, decorative clock with the word ""КУРАЕНИЯ"" (Ukraine) written on it. The clock has Roman numerals and is adorned with gold accents. The person is dressed in a black shirt and light blue jeans. The background is a park with trees and a paved path. The video includes text overlays in Russian, providing contact information and a phone number. The person appears to be showcasing the clock, possibly for sale or as a decorative piece.","1. Music, Singing, & D"
7369576124948548897,"The video shows a dog wearing a red shirt with a logo on it. The dog is standing in a grassy field and appears to be barking or growling. The text in the video is in Russian and appears to be a translation of the dog's actions. The text reads ""Когда он пытается забыть тысячими с подружками"" which translates to ""When he tries to forget thousands of friends."" The dog's actions are exaggerated and humorous, and the text reinforces the idea that the dog is trying to forget its friends.",7. Pets & Animals
7393839173922327841,"A map of the United States is shown with a blue and red color scheme. The blue color represents the states that voted for Joe Biden, while the red color represents the states that voted for Donald Trump. The map also shows the number of votes each candidate received in each state.",Politics
7388205937036725537,"The video shows a person in a blue and white jacket driving a car. The person is wearing a seatbelt and appears to be talking to the camera. The background is a dark interior of the car, with some equipment visible. The text overlay at the top of the video reads ""POV: Trying to activate my Supacell power"" with emojis of a battery and a lightning bolt. The person seems to be trying to activate something, possibly related to the Supacell power, but the video does not provide any further context or explanation.",1. News
7362611852360174881,"The video begins with a black screen displaying the text ""4TO ЛОБОВЬ БЫЛА ПЕРЕСТРЕЛКИ ВЫСТАЛО"" in white, pixelated font. The scene transitions to a dark, nighttime setting with a cityscape in the background. The text ""НЕ БУДЕТ ПОДПИСАТЬСЯ В КАК",1. News
7368846954471640362,"The video features a person with long red hair wearing a black sweatshirt with green text. The person is standing in a kitchen with white cabinets and a refrigerator in the background. The person is speaking and gesturing with their hands, and the video includes text overlays that discuss the importance of solidarity and the intersection of activism with other forms of oppression. The video also includes a quote from Dylan Mulvaney, who is criticized for not understanding the intersectionality of activism with other forms of oppression. The video ends with a call to action for viewers to stop following influencers who prioritize fame and money over activism and solidarity.",1. News
7108772250320473349,"The video showcases various activities and attractions in the Greek island of Paros. It begins with a person standing in front of a scenic view of the island, with the text ""Paros 5 out of the box activities!"" displayed at the top. The person is wearing a red and white striped shirt and appears to be speaking. The video then transitions to a list of activities, each accompanied by a corresponding image. The first activity is to have a meal in the traditional village of Lefkest, which is shown with a scenic view of the village and the sea. The second activity is to hike on the old Byzantine road to the village of Prodromos, which is depicted with a scenic",Travel & Events
7349908267742743854,"The video features a person wearing a red shirt with a black design, speaking into a microphone. The background includes shelves with various items, such as books and decorative objects. The person is discussing the legal implications of Donald Trump's actions, specifically his claim of immunity. The video includes text overlays that provide context and quotes from legal scholars and other sources. The person appears to be making a point about the legal challenges Trump's actions pose to his defense team.",Politics
7273897683918621994,"The video features a series of football players in action, with a focus on a player in a white jersey with the number 9. The player is seen running with the ball, evading defenders, and making a catch. The background shows a stadium filled with spectators, indicating a live game. The player's movements are dynamic and fast-paced, showcasing the intensity and excitement of the sport. The video also includes a close-up of a player in a yellow helmet, suggesting a moment of celebration or recognition. The overall atmosphere is one of excitement and competition, typical of a football game.",Sports
7374631394108181806,"The video shows a young woman standing in a bedroom, talking about her life. She mentions that her husband was brought to the USA when she was a baby, and he became a DREAMER at age 19. She got married in 2017, and her daughter was born in 2020. She left the USA for her husband's job in Mexico, but she has been living in the USA since 2018. She has been traveling to Mexico every 4-8 weeks to see her daughter. The video also shows the woman packing, as she mentions that her husband is packing because she is a DREAMER.",1. News
7285324334934035745,"The video shows a man in a black shirt and jeans bending over a machine in a gym. He is surrounded by people, some of whom are watching him. The man is holding a device in his hand, which appears to be a pregnancy test. The people in the background are standing and watching the man, some of them are smiling and clapping. The man is looking down at the device, and it appears that he is checking the results of the pregnancy test.",1. News
7374137745364602155,"The video features a woman in a pink jacket and a man in a black shirt inside a car. The woman is speaking, and the man is listening attentively. The text overlay on the video reads ""Mom - Date someone who wants you... Not my type."" This suggests that the woman is giving advice to the man about dating someone who is interested in him. The video does not show any specific actions or movements of the characters, but the woman appears to be speaking directly to the man.",1. News
7345205332383108394,"The video shows a series of scenes from Haiti, with text overlays indicating various events and situations. It begins with a view of the Earth from space, with the text ""MARINES DEPLOYED"" indicating the deployment of U.S. Marines to Haiti. The scene then shifts to a view of Haiti's capital, with the text ""HATI'S CAPITAL"" indicating the location. The next scene shows a crowded street with people carrying large loads on their heads, with the text ""HAS RULED OUT"" indicating a decision or action. The scene then shifts to a view of a large number of tents, with the text ""TO COMMIT"" indicating",1. News
7335427690708651272,"The video features a person wearing a white sweater with black trim and blue jeans, standing on a city street. The person is holding a microphone and appears to be speaking to the camera. The background shows a busy street with people walking and cars passing by. The person is also wearing a necklace and has short hair. The video includes text overlays that read ""think makes,"" ""of nowhere,"" ""And people,"" ""It's just like,"" ""I'm older, I'm,"" and ""I'm older, I'm."" The person is also seen gesturing with their hands while speaking.",1. News
7366011789085035809,"The video shows two men standing at a podium on a stage. One man is wearing a suit and tie, while the other is wearing a suit and tie with a pink tie. They are both holding microphones and appear to be giving a speech. The background is blue with a large screen displaying the words ""intwertung für fünf"" and ""tungführen. In Verantwortung."" The stage is set up with a blue carpet and a podium. The men are standing on a blue platform with stairs leading up to the podium.",Politics
7383627859803393313,"The video features a man in a white polo shirt sitting at a desk in an office setting. The man is speaking and gesturing with his hands, and the text on the screen changes as he speaks. The text includes phrases such as ""A ENCORE,"" ""LES SIFFLE,"" ""L'ACTUALITÉ,"" ""EU LES,"" ""CHEUR DE,"" ""RAISIN,"" ""FAIT PAS,"" and ""SE CONTENTE."" The man appears to be discussing various topics, possibly related to politics or current events, as indicated by the context of the video.",Politics
7362157037511396613,"A woman is unpacking a large box of beauty products from a shipping container in a living room. She is wearing a black shirt and has long hair. The box is filled with various beauty products, including skincare items and hair care products. The woman is excited to receive the products and is looking forward to using them. She is also excited to receive a free gift from the shipping company. The video ends with the woman holding up a product from the box, showing it to the camera.",Beauty Care
7346042702347406638,"The video is a series of scenes showing a person interacting with various people and places. The person is seen sitting on a rooftop in a city with red-tiled roofs, then at an airport, in a forest, on a swing, and in a room. They are also seen in a car, on a bus, and in a store. The person is wearing different outfits in each scene, and the text overlays the video with messages such as ""I met the most amazing girl last year. Is it me? That's Anya, that's just my best friend. You're number one in my heart. I'm pretty sure everyone knows that last year I met a girl at the",1. Entertainment & Shows
7362203819721166123,"The video shows a group of people protesting in front of a building, holding signs and chanting slogans. The signs read ""Pro-Palestinian protests spread to even more college campuses"" and ""We love the students of Harvard University."" The protesters are dressed in casual clothing and are holding up their signs and chanting slogans. The video also shows a group of children holding signs and chanting slogans, with one sign reading ""We love the students of Harvard University."" The children are dressed in casual clothing and are holding up their signs and chanting slogans. The video also shows a group of people protesting in front of a building, holding signs and chanting slogans. The signs read ""Pro-Palestinian protests spread",1. News
7389277272009690401,"The video begins with a boat named ""BORDEANA"" navigating through icy waters, with the text ""FIRST MIGRANTS SINCE ELECTION"" overlaid. The scene transitions to a dock where the boat is being unloaded, with the text ""New home secretary, Vettere Cooper, is currently the Border Security Command"" appearing. The video then shows a large container ship docked at a port, with the text ""Number 01 has warned of a challenging journey ahead"" displayed. The final scene shows a busy port with various vehicles and containers, with the text ""sky news"" visible in the top left corner.",1. News
7315533802409839914,"The video features a person with long blonde hair, wearing a dark jacket, standing in a room with a plant in the background. The person is seen gesturing with their hands while speaking, and the text overlays the video with various statements. The first statement reads, ""Bill Maher a weknln Islamophobe,"" followed by, ""and the suffocating occupation."" The next statement is, ""why would he disrupt his Islamophobic rhetoric with the truth,"" and the final statement is, ""all sources in the comments."" The person continues to speak, with the text overlaying the video reading, ""it's interesting that he would direct his audience through the treatment of Christians in",Politics
7355525427160452385,"The video features a woman in a black outfit and hat performing on stage, with the text ""When Beyoncé points at you in the crowd"" displayed at the top of the screen. The woman is seen singing into a microphone, with the audience in the background. The video also shows a close-up of a person in the crowd taking a selfie with the woman, and another person in the crowd holding up a phone to take a picture. The video ends with a close-up of the woman's back, with the text ""When Beyoncé points at you in the crowd"" displayed again.","3. Music, Singing, & D"
7368383778034601249,"The video shows a computer screen with a 3D model of a room. The room has a desk, a chair, and a trash can. The desk has a computer on it. The trash can is labeled ""Recycle Bin."" The computer screen is showing a 3D model of a room. The room has a desk, a chair, and a trash can. The desk has a computer on it. The trash can is labeled ""Recycle Bin."" The computer screen is showing a 3D model of a room. The room has a desk, a chair, and a trash can. The desk has a computer on it. The trash can is labeled ""Recycle Bin.""",1. News
7386720277557742880,"The video showcases a gymnastics competition where a gymnast is performing a routine on the uneven bars. The gymnast, wearing a blue and yellow leotard, is seen executing a series of flips and swings on the bars. The background features a large audience seated in bleachers, with banners and advertisements visible. The gymnast's movements are fluid and precise, demonstrating her skill and control. The video captures the intensity and focus of the gymnast as she performs her routine, with the audience watching intently.",Sports
7297944147648924961,"The video showcases the process of making Slow Cooker French Onion Soup. It begins with a close-up of a white ceramic pot filled with sliced onions, with the text ""10 Onions Or 1/2 lb"" indicating the amount of onions used. The onions are then seasoned with salt and pepper, followed by the addition of garlic and bay leaves. The mixture is cooked on high for 8-10 hours, resulting in a rich, brown broth. The next step involves adding beef stock, which is then simmered for 8 minutes. Finally, the soup is topped with grated cheese and served in a bowl. The video concludes with a close-up of",17. Food
7400109280008867114,"The video features a person wearing a white t-shirt with red and blue text that reads ""HARRIS FOR PRESIDENT"" and a gold necklace. The person is sitting on a bed in a room with a white wall and a lamp in the background. The person is speaking and gesturing with their hands, and the text ""DEMOCRATS MUST CHECK/VOTER REGISTRATION STATUS"" appears at the top of the screen in blue and red. The person is also wearing a gold chain necklace. The video ends with the person continuing to speak and gesture, and the text ""All hotties for Harris"" appears at the bottom of the",Politics
7331415226442730757,"The video captures a lively and energetic performance by a group of individuals on a stage. The stage is adorned with vibrant lighting and a large screen displaying the text ""바람에 있는 이벤트"" (Event with the wind). The performers are dressed in colorful and eclectic outfits, adding to the vibrant atmosphere. They are seen dancing and moving energetically, with some individuals holding microphones and others engaging in synchronized movements. The crowd in the background is visible, indicating that the performance is taking place in a public venue. The overall mood of the video is one of excitement and celebration, as the performers engage with the audience","Music, Singing, & Dancing"
7307346522234998049,"The video features a woman sitting on a couch, wearing a dark-colored top. She is speaking to the camera, and the text overlay on the screen reads, ""me when someone asks why I love to watch The Kardashians."" The woman appears to be in a casual setting, possibly a living room, and is engaged in a conversation about her love for the show. The video does not contain any additional visual elements or actions beyond the woman speaking and the text overlay.",8. Entertainment & Shows
7362216509206236449,"The video showcases a person's shopping trip, starting with them holding a package of ""Spa Moments"" bath bombs. They then move to a shelf stocked with various items, including snacks and snacks, and a bottle of ""Bullseye"" sauce. The person continues shopping, picking up items like a bottle of ""Bullseye"" sauce, a box of ""Mercan"" chocolate, and a bottle of ""Bullseye"" sauce. They then move to a shelf stocked with snacks and snacks, and pick up a bottle of ""Bullseye"" sauce. The video ends with the person holding a bottle of ""Bullseye"" sauce and a",1. News
7396760829498002720,"A young woman with long blonde hair is standing in front of a bookshelf filled with books. She is wearing a white tank top and has her hair down. She is talking to the camera and gesturing with her hands. The text on the screen reads ""warum ich meine Bücher, die ich schon gelesen habe, nicht einfach verleihe oder verkaufe, weil ich habe sie ja schon gelesen, dann brauche ich sie ja nicht mehr."" This translates to ""why I don't just give away or sell my books, since I have already read them, I don't",Humor
7343145915886193926,"The video shows a man and a woman standing on a cobblestone street at night. The man is wearing a red jacket and blue jeans, while the woman is dressed in a black leather jacket and brown pants. They are engaged in a conversation, with the man holding a microphone and the woman holding a small object. The background features a building with a sign that reads ""МОРТАЛЬНИЙ БИРУМ"" (Mortal Brim). The scene then transitions to a wider shot, showing the man and woman standing in front of a crowd of people. The man is now",Entertainment & Shows
7368596585594359083,"The video is a news report about the German far-right party, Alternative for Germany (AfD), and its controversial stance on immigration. The video starts with a man in a studio, speaking into a microphone, with the text ""INTERNATIONAL"" displayed at the top. The scene then transitions to a crowd of people in a public space, with the text ""JUST HAPPENED"" at the top. The video then shows a sign with the text ""ANTI-IMMIGRATION"" and a German flag, with the text ""GERMANY'S FAR-RIGHT AFD SEINGING OVERTURNED BY A WESTERN DEMOC",Politics
7395305751469772075,"The video shows a woman sitting in the driver's seat of a car, wearing a purple top and a necklace. She is talking to the camera and appears to be engaged in a conversation. The video also includes text overlays that suggest she is discussing a political issue, specifically voting for Trump or Harris. The woman is seen gesturing with her hands as she speaks, and the background shows the interior of the car and some greenery outside.",1. News
7278695690522348843,"The video features a person wearing a green hoodie with a graphic on it, sitting in an airplane. The person is speaking and gesturing with their hands. The background shows the interior of the airplane, with seats and overhead compartments visible. The person is also wearing a ring on their left hand. The video includes text overlays with emojis and a search bar, which suggests that the video is part of a larger series or channel. The text overlays include phrases like ""PEOPLE ARE MAD AT MR BEAST FOR FLYING ECONOMY?"" and ""Did you mean: mrbeast.net.worth."" The video also includes a screenshot of a YouTube",1. Entertainment & Shows
7344030729531067680,"The video features a series of interactions between two individuals in different settings, each with a different background and attire. The first interaction takes place in an outdoor setting, with one individual holding a microphone and the other standing in front of a building. The text overlay reads ""Fabian Köstrm nimmt Politiker HopPart30"" (Fabian Köstrm takes Politiker HopPart30). The second interaction occurs in a different location, with the individual holding the microphone now wearing a suit and tie, and the other individual in a dark coat. The text overlay reads ""Fabian Köstrm nimmt Politiker HopPart30"" (",Politics
7395616033127648554,The video shows a woman in a black outfit standing in a room. She is holding a pair of pants and talking to the camera. The room has a bed and a mirror. The woman is wearing a black shirt and black pants. She is talking about her belly fat and how it was stubborn. She is also talking about her belly fat being stubborn.,1. News
7347525697591725355,"A young man wearing a green shirt stands in front of a bush with red flowers. He is talking to the camera and appears to be explaining something. The text on the screen reads, ""How Zionism is sold to non-Israeli Jews.""",Politics
7376404436505136416,"The video is a humorous take on a traffic warden's interactions with a woman named Ms. Jocelyn. The warden, wearing a uniform and a hat with the word ""Traffic Warden"" on it, is seen giving tickets to the woman, who is seen in various scenes, including in a car, on the street, and in a police station. The warden is seen talking to the woman, who is seen arguing with the warden, and the warden is seen writing tickets and explaining the rules to the woman. The video ends with the warden giving the woman a ticket and the woman driving off.",1. News
7341059462687509803,"The video shows a series of images depicting various events involving Kate Middleton and Camilla Parker. The first image shows a woman in a red dress with a crown on her head, standing in front of a group of people. The second image shows a group of people walking in a park. The third image shows a woman in a black dress with a crown on her head. The fourth image shows a woman in a blue dress with a crown on her head. The fifth image shows a woman in a white dress with a crown on her head. The sixth image shows a woman in a black dress with a crown on her head. The seventh image shows a woman in a black dress with a crown on",1. News
7357877605581802795,"The video is a series of scenes from a video game, specifically from the game ""Roblox"". The first scene shows a character with a red and black outfit standing in a dark room with a flashlight. The character is looking around, and the text ""Watch me and my friend traumatize an kid in Brookhaven"" appears at the top of the screen. The second scene shows the same character standing in a different room with a pool and a fountain. The text ""Get a flashlight"" appears at the top of the screen. The third scene shows the character standing in a different room with a pool and a fountain. The text ""I'm scared"" appears at the top of the screen",Gaming
7348220196772990254,"The video depicts a person in a blue shirt and a black cap, with a background showing a hotel room and a computer screen. The person is talking about the censorship in China, mentioning that they can't access Google, Facebook, Instagram, TikTok, and other social media platforms. They also mention that they can't access news websites like the New York Times and Washington Post, and that even the Wall Street Journal is blocked. The person discusses the lack of VPNs that work in China and the difficulty of accessing information. They also mention that there is relative freedom in China, such as clean subway systems and well-stocked supermarkets, but also mention that law enforcement is everywhere. The video",1. News
7323547689201765664,"The video features a person in a garage, wearing a black shirt with a white design and a black cap. The person is pointing to the camera and speaking, with the text ""5 Cars from Country Italian Edition"" displayed at the top of the screen. The background shows a garage with various items, including a green car and a white car. The person is likely discussing Italian cars, as indicated by the text on the screen. The video then transitions to show a red sports car driving on a road, with the text ""5 Cars from Country Italian Edition"" still displayed at the top. The person continues to speak, possibly providing more information about the cars being discussed. The video then shows a black",Comedy
7388973620116180257,"The video shows a man in a suit and tie standing at a podium, speaking into a microphone. The background is a plain, light-colored wall. The text on the screen reads ""Jordan Bordeau: Je serai là, pour vous, avec vous, jusqu'à la victoire."" This is followed by a crowd of people, some holding flags, who are cheering and taking photos. The text on the screen reads ""Jordan Bordeau: Je serai là, pour vous, avec vous, jusqu'à la victoire."" The video then shows a close-up of the man at the pod",Politics
7392691382218935583,"The video begins with a group of people standing in a room, all wearing white t-shirts with black designs. They are gathered around a table, and one person is holding a black object. The scene then transitions to an outdoor setting where two people are standing in front of a building. The next scene shows a person sitting in a car, followed by a group of people sitting in a room. The final scene features a group of people playing ping pong in a room. The video then shows a group of people sitting in a room, with one person standing up and gesturing. The final scene features a group of people sitting in a room, with one person standing up and gesturing.",1. Sports
7323689375043243269,"The video features a white cat standing on a blue couch in a well-lit room with wooden floors and a chandelier. The cat is holding a piece of food in its mouth and appears to be looking at the camera. The text on the screen reads ""Вам покачиваю кабардинокой и убиомору"" (You are annoying me with your cat and I am killing you), suggesting that the cat is annoyed by the person filming it. The cat's expression changes from neutral to slightly annoyed as the video progresses.",Friends
7383363724628725024,"The video shows a group of people walking down a runway in a large, industrial-looking room. The people are dressed in various outfits, including some in black and others in different colors. The runway is surrounded by a crowd of people sitting on the floor, watching the fashion show.",1. Entertainment & Shows
7339981163756490030,"The video shows a person's hands with long, bright pink nails, which are being painted with a bright pink polish. The person is using a nail polish brush to apply the polish to their nails. The video also shows a nail dryer in the background, which is used to dry the nails after they are painted.",Beauty Care
7318033407785569569,"The video features a man standing next to a red Mercedes-Benz car in a parking lot. The man is wearing a light blue shirt and dark pants. The car has a sleek design with a black roof and black rims. The background includes a parking structure and some other cars. The man appears to be talking and gesturing with his hands, possibly explaining something about the car or the company. The video also includes text overlays that provide information about the company Brabus, which was founded by a man named Mr. Bushman. The text mentions that Mr. Bushman didn't like the way his parents treated him and that he started tuning his Porsche 91",13. Entertainment & Shows
7361467847190760750,"The video features a person sitting in a room with a wall covered in various posters and decorations. The person is wearing a gray hoodie and is speaking to the camera. The text overlay on the video reads, ""I'm not afraid to admit that I've been hanging out with him like I don't know. Every time he leaves the city, you've been trying to run game on me like it's just us. When I see you in a Snapchat on his store bus in my heart it don't mean that much. I know you caught him on a cell phone. When you couldn't reach my love."" The person appears to be expressing their feelings and concerns about their relationship with the",Entertainment & Shows
7323131799310306590,"The video is a series of interviews with Jeff Bezos, the founder and CEO of Amazon.com, conducted in 2000. The video begins with Bezos being interviewed in a room with a blue wall and a window. The interviewer, wearing a blue shirt, is seen holding a microphone. The text on the screen reads ""Jeff Bezos interview on Amazon in 2000."" The interviewer asks Bezos about his early days and his vision for the company. Bezos responds that he saw early on the power of the Internet and that he would be a billionaire eight times over if he had invested in the company. The video then",Entertainment & Shows
7353311795374738721,"The video features a person sitting on the floor in a room with a brick wall and a curtain in the background. The individual is wearing a gray hoodie and black pants, and they are holding a phone in their hands. The person appears to be in a state of contemplation or frustration, as indicated by the text overlay on the screen. The text reads: ""Pov: t'es en même temps, tu n'as toujours suivis son carous, mais n'as toujours vu que c'est une façon de faire des choses qui ne sont pas vraiment vraiment vraiment vraiment v",1. News
7329621030023089440,"The video shows a group of people in a room, with one person wearing a white hoodie and another wearing a black top. They are standing close together, and the person in the white hoodie has their arm around the person in the black top. The background is a room with a white wall and a window. The person in the white hoodie is wearing a black bag over their shoulder. The person in the black top is wearing a necklace. The person in the white hoodie is smiling. The person in the black top is looking at the camera. The person in the white hoodie is looking at the person in the black top. The person in the white hoodie is smiling.",1. Entertainment & Shows
7261278269884992795,"The video shows a group of people on stage, with one person in the center holding a microphone. The stage is lit with red and blue lights, and the audience is visible in the foreground. The video also shows a person holding a red umbrella, possibly indicating a performance or event.",Entertainment & Shows
7397527101143878954,"The video shows a series of interactions between a man in a suit and a man in a blue suit in a formal setting, likely a congressional hearing. The man in the suit is speaking into a microphone, while the man in the blue suit is listening and occasionally responding. The video includes text overlays that appear to be questions and statements from the man in the suit, as well as the name ""Ronald Rove"" and the date ""July 30, 2024."" The man in the suit is asking questions about the number of agents assigned to Donald Trump and Joe Biden, and the man in the blue suit is responding to these questions. The video does not provide",Politics
7353267784886897952,"The video shows two young men sitting at a counter in a room. One of them is wearing a yellow jacket, while the other is wearing a white hoodie with black text on it. They are engaged in a conversation, with the man in the yellow jacket gesturing with his hands as he speaks. The man in the hoodie listens attentively, occasionally nodding his head. The background features a beige wall and a black door. The video ends with the man in the hoodie looking at the man in the yellow jacket, who is now looking at him.",Entertainment & Shows
7351137146004114693,"The video captures a series of intense moments from a soccer match between two teams, one in blue and the other in yellow. The blue team, wearing blue jerseys and shorts, is seen in possession of the ball, attempting to maneuver past the yellow team's defenders. The yellow team, in yellow jerseys and shorts, is actively defending, trying to intercept the ball and regain control. The action is fast-paced, with players from both teams moving swiftly across the field. The crowd in the background is visible, adding to the atmosphere of the match. The video concludes with a close-up of a player in a blue jersey, who appears to be in pain or discomfort,",5. Sports
7312903813122280746,"The video shows a group of farmers protesting against the draconian regulations against ethm. They are spraying the government with water. The protesters are holding signs and chanting slogans. The video also shows a man in a suit and tie, who is likely a government official, standing in front of a building.",1. News
7357063093962214689,"The video features a person wearing a black jacket with white zippers and a pearl necklace. They are standing in front of a window with blinds and a wall with a picture frame. The person is speaking in German, and the text on the screen reads ""wie ich in die Deutsche abprüfung rei gehe am."" The person is gesturing with their hands while speaking, and the background remains consistent throughout the video.",1. News
7374800691677629729,"The video features a person in a white shirt and headphones, standing in front of a large orange truck with the text ""MULGREW"" on it. The person is holding a microphone and appears to be speaking or singing. The background is a road with trees and a clear sky. The text overlay at the top of the video reads ""How do you step 4 hours and ovvk15 hours"" and ""It's in my blood."" The person is wearing a black jacket and appears to be performing or singing. The video continues with the same person in front of the truck, with the text overlay still present. The person is holding a microphone and appears to be speaking or",1. News
7350964297381498154,"The video shows a person rummaging through a pile of trash bins in front of a house. The trash bins are black and blue, and they are filled with various items. The person is looking through the bins, searching for something specific. The video also shows a close-up of a blue trash bin with a white label on it. Inside the bin, there is a box with a white label on it. The box is filled with various items, including a pink and white box with a floral design. The video also shows a close-up of a black trash bin with a white label on it. Inside the bin, there is a box with a white label on it. The box",1. News
7405044080729787678,"The video shows a woman in a blue suit standing at a podium, speaking into a microphone. She is holding a book in her hand. The background is a blue and white striped pattern with stars. The text on the screen reads ""DNC speaker briggugot at copy of Proj:2025"" and ""Mallory McMorrow, Michigan State Senator."" The woman is speaking about a document called Project 2025, which is a 900-page document outlining the Republican blueprint for a second Trump term. The video also includes text on the screen that reads ""This is the Republican blueprint for a second Trump term. That's right.",Politics
7337416931965685034,"The video features a man standing in front of a tree, wearing a plaid shirt. He is talking about the carbon footprint of Umatilla Electric Cooperative, which has doubled its emissions between 2018 and 2020. The man explains that the emissions are due to Amazon building data centers in the area. He also mentions that Amazon plans to build more data centers in eastern Oregon in the coming years. The video ends with a website link for the Oregonian's website, oregonlive.com slash business.",1. News
7283933352267337002,"The video features a woman in a white shirt with a colorful design, wearing a black headwrap. She is sitting on a couch and talking to the camera. The text ""Mother Ghetl but maker Desi"" appears on the screen, suggesting that the woman is addressing her mother. The video then transitions to a different woman wearing a traditional Indian outfit, with a purple and gold headscarf and jewelry. The background is purple, and the woman appears to be in a different setting, possibly a room with a purple hue. The video concludes with the woman in the traditional outfit continuing to talk to the camera.",1. News
7353365116554956074,"The video features a person wearing a colorful jacket with a yellow and purple pattern. The background is a vibrant, colorful dance floor with a disco ball hanging above. The text at the top of the screen reads ""You are my sunshine, round of 16, #4"" with a lightning bolt symbol between the two words. The person is smiling and appears to be enjoying themselves. The video then transitions to a different scene, showing a framed picture of a man in a military uniform. The text at the top of the screen reads ""You are my sunshine, round of 16, #4"" with a lightning bolt symbol between the two words. The man in the picture is also",1. News
7398943500328242463,A person is making a set of dice with glitter and pink resin. They are using a mold to shape the resin and then pouring it into a container. The person is wearing gloves and is careful not to spill any of the resin. They are also using a tool to help them shape the resin. The person is excited about the results and hopes that the dice will be successful.,Entertainment & Shows
7386453398792441131,"The video depicts a young woman with braided hair, wearing a white t-shirt with the text ""FEEL GREAT"" printed on it, applying makeup in a bedroom. She is using a makeup brush and a palette, which she holds up to the camera. The scene is set against a backdrop of a bed with a blue blanket and a pink towel. The woman appears to be explaining or demonstrating something related to the makeup palette, possibly its features or usage. The video also includes text overlays that provide context and information about the makeup palette, such as its name, the artist who created it, and its features. The woman's actions and expressions suggest that she is sharing her experience with",Beauty Care
7348462120817790240,The video shows a man in a store looking at a shelf of snacks. He picks up a box of Cathedral City cheese snacks and looks at it. He then takes the box and puts it in his cart. The video ends with a close-up of the box of cheese snacks.,1. News
7360235976494550304,"The video features a series of individuals attempting to jump over a wall in a trampoline park. The first person, wearing a white t-shirt and blue shorts, is seen jumping over the wall. The text ""あなたはないらっち"" (You are not a trampoline) appears on the screen, suggesting a humorous or ironic commentary on the person's attempt. The second person, dressed in black, attempts to jump over the wall but falls short. The third person, also in black, attempts to jump over the wall but falls short. The final person, wearing a white t-shirt and blue shorts, attempts to",bro said sayyaraa
7347591598408043808,"The video showcases a series of scenes from various locations in the United States. It begins with a map of the United States, with the text ""Random City USA"" overlaid, indicating that the scenes will be from random locations. The map is colorful, with each state represented in a different color.

The video then transitions to a close-up of a building with the word ""Steeling"" painted on it. The building is a large, multi-story structure with a blue and yellow facade. The video then shows a street scene with a traffic light and a street sign, indicating a busy urban environment.

Next, the video shows a statue of two people standing on a pedest",Travel & Events
7310063052341185823,"The video is a compilation of various scenes and clips related to the development and use of an invisibility cloak in science fiction and real-world applications. It starts with a person standing in front of a large, transparent, rectangular object, which is later revealed to be an invisibility cloak. The video then transitions to a news article about China developing an invisibility cloak, with experts suggesting that it could be used for both military and civilian purposes. The next scene shows a thermal spectrum image, likely related to the cloak's technology. The video then shows a presentation by a physicist, Chu, who announces the development of an invisibility cloak. The presentation includes a demonstration of the cloak",Science & Technology
7380812058167708960,"The video is a series of frames showcasing a comparison between two football players, Jamal and Jude Bellingham, from different countries, Germany and England. The video begins with a title card that reads ""Germany over England"" and features a player in a red jersey. The scene transitions to a player in a blue jersey, with the text ""Meet Jamal"" appearing above him. The player is shown in various settings, including a football field and a stadium, with captions providing background information about his career.

The narrative then shifts to Jude Bellingham, who is shown in a red jersey with the text ""Germany over England"" above him. The video continues",Sports
7377701670077205803,"The video shows a person with red hair, wearing a black tank top and a necklace, standing in a room with a lamp and a mirror in the background. The person is talking about not wanting to dye their hair pink, but the parasites in them want them to dye their hair pink. The person then says they don't want to eat candy, but the parasites in them want the candy. The person also says they don't want to drink liquor, but the parasites in them want the liquor. The video ends with the person saying ""AMBER"" in Japanese.",1. News
7309888375023045931,"The video features a man in a suit and tie standing in front of an American flag, speaking at a podium. The text overlay on the video reads, ""republican take action to protect the insurrectionists in the January 6th insurrection in order to, in his own words, protect them from prosecution from the Department of Justice."" The man is then shown in a different setting, wearing a blue jacket with an NFL logo, standing in front of a garage door. The text overlay on the video reads, ""but he's also making you and I complicit in the January 6th insurrection. He is using our money to protect insurrectionists. If you're outraged by this",Politics
7312875354220285215,"The video features a man in a suit and tie, who appears to be delivering a speech or monologue. The background is a night sky with city lights, suggesting an outdoor setting. The man is seen gesturing with his hands as he speaks, and the video includes various scenes, including a live broadcast of a political event, a stock market ticker, and a man in a suit and tie at a podium with an American flag in the background. The video also includes text overlays with humorous messages, such as ""Biden 2024!!!"" and ""If it's hot, he says it's cold. If it's black, he says it's white. If",Politics
7283816318883679531,"The video is a series of frames from a video titled ""Things you didn't know about teaching in 2023."" The video features a person with long blonde hair wearing a black shirt with the word ""SAVE"" on it. The person is speaking and gesturing with their hands. The background is white with a list of things that the person is talking about. The list includes:
1. Meetings announced day of
2. Students growing up around technology but they literally don't know how to google.
3. Overstimulated classrooms and lab classrooms are the normal gone are the days where students just do work quietly that doesn't exist anymore.
4. Out",Education
7317764806767922475,"The video shows a woman and a child in a snowy forest. The woman is wearing a leopard print top and the child is wearing a blue and white outfit. They are standing next to a large metal barrel filled with snow. The woman is holding a bucket and is pouring water into the barrel. The child is sitting in a plastic container filled with water. The woman is then seen standing in the snow, holding a bucket and pouring water into a large metal barrel filled with snow. The child is sitting in a plastic container filled with water. The woman is then seen standing in the snow, holding a bucket and pouring water into a large metal barrel filled with snow. The child is sitting in a plastic",Entertainment & Shows
7395290316569382174,"The video features a woman standing in front of a sunset, wearing a leopard print top. She is speaking, and the text overlay on the screen reads, ""Я узнал, что я просто просто просто просто просто просто просто просто просто просто просто просто просто просто просто просто просто просто прост",1. News
7358143601869671685,"The video showcases a breathtaking sunset over the ocean, with the sun casting a warm glow on the water and the sky. The sky is painted with hues of orange, yellow, and blue, creating a stunning visual effect. The waves gently crash against the shore, adding to the serene atmosphere. The video captures the beauty of nature and the tranquility of the moment, with the sun setting in the background, casting a golden light over the ocean.",1. News
7366140924629470496,The video shows a woman in a white dress with gold accents at a red carpet event. She is surrounded by other people in formal attire. The video also shows a woman in a white dress with gold accents at a red carpet event. The video also shows a woman in a white dress with gold accents at a red carpet event. The video also shows a woman in a white dress with gold accents at a red carpet event. The video also shows a woman in a white dress with gold accents at a red carpet event. The video also shows a woman in a white dress with gold accents at a red carpet event. The video also shows a woman in a white dress with gold accents at a red carpet,Entertainment & Shows
7380810864477130016,"The video is a series of images showing a person in a yellow hoodie standing in front of a large, fiery explosion. The person appears to be shouting or calling out, and the text overlay on the images reads ""Can't stop th power"" and ""*Stops the power*"". The background is filled with flames and smoke, and the person is wearing a yellow hoodie. The video does not provide any additional context or information.",1. News
7346779567639498026,"The video features a person with long, wavy hair wearing a black top and pink hair clips. They are applying makeup to their lips using a lipstick. The person is wearing a white top and has their hands on their chest. The background is plain and light-colored. The video includes text at the top of the screen that reads ""Pov: you're watchin a lip tutorial in 2016.""",Beauty Care
7299554274827046187,"The video features a series of individuals discussing the history and identity of Palestine. The first person, wearing a white shirt and headphones, is seen speaking into a microphone. The second person, with curly hair and wearing a blue shirt, is also speaking into a microphone. The third person, with curly hair and wearing a blue shirt, is seen speaking into a microphone. The fourth person, with curly hair and wearing a blue shirt, is seen speaking into a microphone. The fifth person, with curly hair and wearing a blue shirt, is seen speaking into a microphone. The sixth person, with curly hair and wearing a blue shirt, is seen speaking into a microphone. The seventh person, with curly hair",8. Entertainment & Shows
7348934489122327841,"The video is a compilation of scenes from a large public demonstration, likely a peace march or protest, with various individuals holding signs and banners. The text overlay in the video reads ""UNTERVEGS auter FRIENDSEMO"" and ""heute Show-Friedensbotschafter,"" indicating that the video is part of a news segment or report on the event. The video shows a man in a dark coat interviewing a woman with white hair, who is holding a sign that reads ""VOTE FOR THE PEACE."" The woman is also holding a blue microphone, suggesting that she is a participant in the demonstration. The video also includes a woman in a green jacket holding",Politics
7282317561864260897,"The video showcases a train journey through a scenic landscape, with steam engines and vintage carriages. The train is seen passing through a lush, green forest, with passengers enjoying the ride. The video also features a close-up of a person dressed in a steampunk costume, complete with a hat and goggles, and a table filled with various steampunk-themed items. The final scene shows a person with red hair, wearing a steampunk-inspired outfit, standing in front of a backdrop of a train station.",1. Entertainment & Shows
7343605850105318658,"The video showcases a piano with a black and white keyboard, illuminated by a blue light. A person's hands are seen playing the piano, with the focus on the keys and the person's fingers moving across them. The video captures the intricate movements of the hands as they play, with the piano's keys and the person's fingers being the main focus. The video does not provide any additional context or information about the person or the music being played.","Music, Singing, & Dancing"
7349023065575083306,"The video shows a woman in a suit standing in front of a crowd, with the text ""In Germany: Jewish Woman yelling out Palestinians"" displayed on the screen. The woman is holding a microphone and appears to be speaking to the crowd. The scene then transitions to a man in a suit standing at a podium, with the text ""In Germany: Jewish Woman yelling out Palestinians"" displayed again. The man is speaking to the crowd, and the text ""Stop shouting!"" appears on the screen. The video then shows the woman again, with the text ""In Germany: Jewish Woman yelling out Palestinians"" displayed once more. The woman is still holding the microphone and appears to be speaking to the crowd",Politics
7223384947938053418,"The video shows a person wearing glasses and a dark shirt with the word ""GUILTY"" on it. The person is standing in a kitchen with a tiled floor. In the background, there is a person holding a small animal, which appears to be a baby armadillo. The baby armadillo is being held by the person in the kitchen. The video also shows a close-up of a baby armadillo on the ground, with the person in the kitchen in the background. The video also shows a close-up of a baby armadillo on the ground, with the person in the kitchen in the background. The video also shows a close-up of a",7. Pets & Animals
7386641138611981601,"The video features a person with a bald head and a beard, wearing a brown jacket and a checkered shirt. The person is being painted with makeup by another individual, who is applying makeup to the person's face. The makeup application process is shown in detail, with the person's face being covered in makeup. The video then transitions to a different person wearing a black military-style uniform, complete with a hat and gloves. The uniform is adorned with gold accents and a belt, and the person is holding a pair of handcuffs. The video concludes with the person in the military uniform standing against a plain background, with the text ""sa_kurosaki"" visible on the",1. Entertainment & Shows
7314163714402340102,"The video begins with a close-up of a futuristic, glowing, circular object in space, emitting a bright light. The object is surrounded by a dark background with stars. The text ""This Is How A Warp Gate slows a ship down to a hyper lane"" appears at the top of the screen, indicating the object's function. The scene then transitions to a view of the object from a different angle, showing its intricate design and glowing patterns. The object is shown from various perspectives, highlighting its unique structure and the light it emits. The video concludes with a close-up of the object, emphasizing its intricate design and glowing patterns, with the text ""scene from r/pyserial",This is how a warp gate slows a ship down
7385499788764040481,"The video shows a person holding a piece of Kinder chocolate in their hand. The person then places the chocolate into a metal container filled with water. The water starts to bubble and froth around the chocolate, indicating that it is melting. The person then uses a black brush to stir the chocolate, which is now fully melted and mixed with the water. The video concludes with the melted chocolate and water mixture being poured into a glass bowl, where it continues to bubble and froth.",Entertainment & Shows
7276776260431367467,"The video depicts a man in a suit and tie, speaking into a microphone. The text overlays the video, providing context and information about the man's actions and their significance. The man is identified as an SS colonel, and his actions are described as necessary evils to establish his cover with the Germans. He is also credited with placing dynamite in Hitler and Goebbels's opera box, which led to their demise. The man expresses his desire for a military pension, Congressional Medal of Honor, full citizenship, and property on Nantucket Island as a reward for his contributions to the downfall of the Nazi regime.",1. News
7372265021042101550,"The video features a person with long hair, wearing a black shirt, sitting in a room with a window in the background. The person is speaking and gesturing with their hands. The video includes text overlays that read ""Reply to tynesy, ca's comment"" and ""Glasgow,"" indicating that the person is responding to a comment from someone named Tynesy from Glasgow. The person mentions that they had a wonderful time in Glasgow and that the people of Glasgow are nice. They also mention that the food in Glasgow is exceptional and that they dream about the food being back in the UK. However, they also mention that there were a few negative interactions in Glasgow, such as encountering","3. Music, Singing, & D"
7373730224879521056,"The video showcases a detailed and vibrant illustration of a tiger, rendered in a striking color palette of orange, black, and white. The tiger is depicted in a dynamic pose, with its mouth open and teeth bared, as if in the midst of a fierce battle. The background is a dark, textured surface, which contrasts with the tiger's vivid colors and adds depth to the scene. The tiger's eyes are particularly striking, with a piercing gaze that seems to draw the viewer into the artwork. The overall composition of the video is striking, with the tiger's powerful stance and intense expression making it a compelling visual.",1. Entertainment & Shows
7326266761773436166,"The video features a person wearing a black sweatshirt with white text on it, sitting in front of a wall adorned with various posters and a guitar. The individual appears to be speaking, as indicated by their mouth movements and hand gestures. The background includes a bed with a blue blanket and a window with blinds. The person's facial expressions and body language suggest they are engaged in a conversation or monologue. The video does not contain any discernible text or captions.",1. News
7371461402030034218,"The video shows a man in a suit and tie standing in an office, holding a card. He is speaking to the camera and the text on the screen reads, ""And if Jewish people are gonna vote for Joe Biden, they have to have their head examined."" The man then says, ""The last person I'm gonna take advice from as a Jewish person is a known anti-Semite who's had dinner with anti-Semites, who said there was good people on both sides after Charlottesville. He's the last person I'm gonna take advice from."" The video ends with the man continuing to speak to the camera.",Politics
7367380929913900320,"The video features a person wearing a black shirt and headphones, standing on a road with trees in the background. The person is wearing a necklace and has long hair. The video is a selfie, and the person is looking at the camera. The text overlay on the video reads, ""PSA I wore shorts on my walk and the only thing that cared was my mom. No one alerted the town elders at that size 12 queen wore shorts summer heat x. Literally wear your own."" The person is wearing a necklace and has long hair. The video is a selfie, and the person is looking at the camera. The text overlay on the video reads, ""PSA I",1. News
7306264195475983622,"The video features a woman performing on stage, wearing a black top and a beige skirt with a chain belt. She is surrounded by other performers, and the stage is brightly lit with colorful lights. The woman is seen dancing energetically, moving her arms and legs in sync with the music. She is also wearing a gold necklace and has her hair styled in a braid. The video captures the woman's movements as she performs, showcasing her dance skills and the vibrant atmosphere of the performance.","3. Music, Singing, & D"
7360919706913525035,"The video is a series of frames showing a puzzle game with a timer counting down from 00:00 to 00:30. The game is set against a black background with a blue border. The puzzle pieces are red, white, and green, and they are arranged in a grid. The text at the top of the screen reads ""USE THESE FILES even if it's your daftas save the effect and boost videos using them."" The text at the bottom of the screen reads ""They are invading Rafa now. Our friend Moe who made these filters has been separated from his family. He moved to Germany two months before the war started and",1. News
7380730540061691178,"The video begins with a black screen that transitions to a green and black background with a small green dot in the center. The text ""hulu"" appears in the center of the screen, followed by ""ORIGINAL"" in a smaller font below it. The scene then shifts to a silhouette of a person standing in a dark, foggy environment, with a bright light source behind them. The person appears to be looking out into the distance. The video then shows a close-up of a person's hands, which are covered in a dark substance, possibly blood. The final scene shows a close-up of a person's hand, which is covered in a dark substance, possibly blood",1. News
7355249683469454634,"The video features a person standing on a beach during sunset, with the ocean waves gently lapping at the shore. The individual is dressed in a white hoodie and a baseball cap, and they are holding a white object in their hand. The background is a gradient of blue and orange hues, indicating the time of day is either early morning or late afternoon. The person appears to be speaking, as indicated by the text overlay on the screen. The text reads: ""the joy of jesus, the security of jesus, the peace of jesus, the love of jesus, the joy of jesus, the security of jesus, the peace of jesus, the love of j","the joy of jesus, the security of j"
7387743887940390177,"The video features a person wearing a white sweater with a zipper, standing in a room with a door and a light fixture in the background. The person is holding their hair up with one hand and appears to be speaking. The text overlay on the video reads, ""Someone in their twenties says they aren't voting."" The person then gestures with their hand, possibly emphasizing a point or making a statement. The video ends with the text, ""You're not really into politics? Okay, fair enough. But what are you into? Transformers? Pokemon, you fucking child?""",1. News
7297354768928853294,The video is a series of frames from a video where a person is talking about the challenges of keeping store stock in Texas and the good news that people are buying the variety pack and POG. The person is wearing a beige shirt and is standing in front of a wall with posters on it. The video includes text overlays that provide information about the situation in Texas and the good news about the variety pack and POG. The video also includes a list of locations where Buc-ee's test stores are being opened and a call to action for people to join the VIP phone number list to get more information about the new nectar flavors and other goodies.,Entertainment & Shows
7374908166175280427,"The video shows a person preparing a meal. They start by cutting up vegetables on a cutting board, then mix them with a sauce in a bowl. Next, they cook shrimp in a pan, and finally, they assemble tacos with the cooked shrimp and vegetables. The video ends with a close-up of the finished dish on a plate, with a can of soda and a bowl of sauce in the background.",1. Food
7377866805823491371,"The video features a person with curly hair, wearing a dark blue shirt, standing in a room with a painting of a tree on the wall. The person is speaking, and the text overlay on the screen reads, ""You could kiss any woman in the world, feet, who would it be?"" The person then points to themselves and says, ""Megan Fox."" The scene transitions to a close-up of the person, with the text overlay changing to, ""Daenerys."" The video then shows a person sitting on a throne, with the text overlay reading, ""If you can kiss any woman in the world, feet, who would it be?"" The person on the throne is wearing",8. Entertainment & Shows
7149700277782760746,The video shows a person lying on a bed with a pink blanket. The person has long hair and is wearing a black shirt. The person is lying on their back with their head resting on a pillow. The person is also wearing a necklace. The person is lying on their back with their head resting on a pillow. The person is wearing a black shirt and has long hair. The person is lying on their back with their head resting on a pillow. The person is wearing a black shirt and has long hair. The person is lying on their back with their head resting on a pillow. The person is wearing a black shirt and has long hair. The person is lying on their back with their head,Pets & Animals
7384004708165242144,"The video features a woman sitting in a chair in a room with gold wallpaper and framed pictures on the walls. She is wearing a light blue sweater and has short gray hair. The video includes a series of images of a black and white dog named Mika, who is sitting in a field of red flowers. The woman appears to be talking about Mika, mentioning that she is a ""live wire"" and that Mika has a ""huge"" hip area. She also mentions that Mika is a ""hunter"" and that she might have had some ""trauma"" in her past. The video concludes with the woman saying that Mika is ""adorable"" and that she",7. Pets & Animals
7314367547862781226,"The video showcases a serene winter landscape, beginning with a view of a snow-covered field dotted with trees. The camera pans to reveal a dense forest of pine trees, their branches heavy with snow, creating a picturesque winter scene. The scene is tranquil, with no visible movement or activity, emphasizing the stillness of the environment. The video then transitions to a close-up of a pine tree, highlighting the snow-covered branches and the texture of the snow. The camera then pans to reveal a snow-covered path leading through the forest, with the trees standing tall on either side. The video concludes with a close-up of a snow-covered rock, emphasizing the untouched nature of the landscape",1 kg of chicken breast you
7340337384652934446,"The video is a series of images featuring various celebrities and their last names. The first image shows a woman with the text ""Nepo Babies Who Are Hiding Their Famous Last Names"" and a man with the text ""I didn't know that some of these Nepo babies changed their last names to fly under the radar."" The second image shows a woman with the text ""Malia Obama recently made her directorial debut at Sundance Film Festival under the name Malia Ann."" The third image shows a woman with the text ""Angelina Jolie's birth name is Angelina Jolie Voight."" The fourth image shows a woman with the text ""Angelina Jol",Entertainment & Shows
7333801200875261185,"The video begins with a dark blue background featuring a world map with a digital overlay. The text ""An Election Year Guaranteed To Divide Us"" is prominently displayed in white. The scene transitions to a man in a suit and tie, sitting in front of a blue background with a world map. The man appears to be speaking, and the text ""A Second Term"" is shown in white. The video then shows a close-up of the man's face, with the text ""The Daily Show with Jon Stewart"" and the Comedy Central logo displayed. The final frames show the Comedy Central logo and the text ""Next Day on Paramount+"" in yellow.",8. Entertainment & Shows
7328517572679372078,"The video features a man in a gray jacket sitting at a table with a piece of paper in front of him. The paper has handwritten text and a drawing of a car. The man is talking to the camera, and the text on the screen reads ""POV: The customer never stops negotiating."" The man gestures with his hands while talking, and the camera zooms in on the paper. The man then points to the paper and says, ""All right. My manager said he'd do the all weather mats too."" The man continues to talk and gesture, and the camera zooms in on the paper again. The man then says, ""You're going to sign. You're going to",1. Comedy
7375847354341068065,"The video captures a large crowd of people gathered at Hinds Hall in Erzurum, Turkey, during a protest. The stage is illuminated with bright lights, and the crowd is densely packed, with many people holding up their phones to record the event. The text overlay on the video reads ""Hinds Hall in Erzurum 🇷🇺"" and ""Free Palestine to the home and land. The next but never ended to colonize the rise. The students in tents, posted on the lawn. Occupying the quad, really against the law. Ain't no reason to call in the police and their squad. But it's genocide, they ain't making it","3. Music, Singing, & D"
7392127900079721761,"The video showcases a woman's tour of her home, starting with a view of the exterior of a building with large glass doors. She is wearing a black tank top and light blue jeans, and her tattoos are visible on her arms. The text overlay reads, ""Let me show you around our room here at Estelle Manor. We've got a large stables room because we're here with our small animal. So this is one of the dog-friendly rooms. This is the little foyer bit. And all of this, well, we've got some poo bags and then this little bag that's got a load of dog treats in it, is very sweet we've also been",Entertainment & Shows
7368121296154086688,"The video shows a table filled with various dishes, including salads, meats, and side dishes. There are also glasses of water and wine on the table. A person is standing in front of the table, talking to the camera. The person is wearing a dark sweater and glasses. The background shows a room with a window and some furniture.",1. News
7378190751211064607,"The video showcases a man demonstrating the features of an expandable camper. The camper is white and has a black wheel. The man is wearing a black t-shirt and blue jeans. He is standing next to the camper, which is parked on grass. The video is divided into two parts, with the first part showing the man opening the door of the camper and the second part showing him opening the side compartment. The camper has various features, including a seven-way wiring harness, electric brakes, and a GoSun power center. The man also mentions the importance of ground clearance and the availability of compartments with stainless steel hinges. The video concludes with the man explaining the features",Travel & Events
7325985650140974382,"The video is a series of experiments conducted by Jamie and Adam to test the hypothesis that running in the rain is better than walking in the rain. The experiments involve measuring the weight of work clothes that are worn during the experiments, and comparing the results to see if running in the rain results in a wetter body than walking in the rain. The experiments are conducted in various conditions, including wind and without wind, and the results are shown to be consistent. The video concludes with a discussion of the results and whether the experiments are rigorous enough.",1. Science & Technology
7406690692765977887,"The video is a series of clips showing a person sitting in a train or bus, with the text overlaying the video reading ""THIS STRANGER SUMMY MY SEAT AND DISRESPECT ME. WATCH HOW THIS BDS."" The person in the video is wearing a white shirt and a face mask, and they are seen interacting with other passengers, including a man in a black shirt and a woman in a black jacket. The video also shows the person sitting in a red seat, and later in a black seat, with the text overlaying the video reading ""I'M GOING TO TALK NORMAL VOICE, JUST LIKE EVERYB",Travel & Events
7309290162540858667,"The video is a news report about a massive home explosion in Arlington, Virginia, outside the Capitol. Police were called to the scene, and they were there for hours trying to execute a search warrant. The explosion caused the home to turn to splinters, and human remains were found inside, believed to be the suspect. The suspect, 56-year-old James Yu, refused to surrender and discharged several rounds from a firearm as officers closed in. The FBI and ATF were on the scene, and authorities said human remains were found at the site. The suspect was inside the residence at the time of the explosion and is presumed to be deceased. The report also mentions a deleted LinkedIn page",1. News
7365274404420406571,The video shows a man and a dog on a boat. The man is shirtless and is washing dishes. The dog is lying on the boat. The man is also cooking food in a pan. The man and the dog are then seen sitting on the boat. The man is taking a picture of the boat. The man and the dog are then seen walking on the boat. The man and the dog are then seen sitting on the boat. The man and the dog are then seen walking on the boat. The man and the dog are then seen sitting on the boat. The man and the dog are then seen walking on the boat. The man and the dog are then seen sitting on the boat,Entertainment & Shows
7392992201837464850,"The video is a series of scenes showing a woman's daily routine, including her daughter's haircut, her daughter's playdates, and her own bath. The video starts with the woman standing in front of a glass window, talking about her daughter's haircut. She then shows a close-up of her daughter getting her hair cut by a hairdresser. The video then shows the woman and her daughter playing in a room with toys and books. The video ends with the woman taking a bath with Epsom salt.",Entertainment & Shows
7395692426888891679,"The video features a series of images and scenes with a person wearing a colorful shirt with floral patterns. The person is seen in different settings, including a room with a rainbow flag, a beach, and a crowd. The text ""Gay News"" appears at the top of the screen, and the text ""KamalaHarris.com"" appears at the bottom. The person is also seen holding a microphone and speaking into it. The video ends with the text ""Go to KamalaHarris.com and let's get to work.""",8. Entertainment & Shows
7335178711819373867,"The video shows a series of tweets from the ICCJICJ, a news organization, reporting on the South African government filing an emergency request with the International Court of Justice for additional provisional measures to protect the Palestinian people living in Rafah. The tweets provide context and background information on the case, including the development of the Rules of Court in Raffa and the application of the Convention on the Prevention and Punishment of the Crime of Genocide in the Gaza Strip. The video also includes a screenshot of a document from the International Court of Justice, which outlines the legal basis for the emergency request. The final frame shows a person in a brown shirt speaking, likely providing further commentary on the case.",News
7353793317437590827,"The video shows a man and a woman in a room. The man is standing and the woman is bending over. The man is holding a cup of hot coffee and the woman is holding a cup of hot coffee. The man is saying ""Don't prank your employee when they're holding hot coffee"".",1. News
7377799778299579690,"The video features a woman standing outdoors, with an American flag in the background. She is wearing a black top and has tattoos on her arms. The text overlay on the video reads, ""Isn't it weird you're a fan of an American flag, but you know who you're voting for?"" The woman appears to be speaking directly to the camera, and the video seems to be a commentary on the American flag and the voting process.",1. News
7346724921361435937,"The video shows two young girls walking down a sidewalk in a residential area. They are both wearing black jackets and carrying backpacks. The background includes a fence, some trees, and a building. The girls are walking in a line, with one girl slightly ahead of the other. The video is in Russian, and the text overlay reads, ""А в Украине, я являюсь частью твоего рода, что я всегда увидела что у вас есть",Education
7384186520351083781,"The video begins with a person in a light-colored robe sitting in a room, speaking to the camera. The person is holding a phone and appears to be explaining something. The background features a beige wall and a window with dark curtains. The person then transitions to a close-up of their face, with the text ""Я рідко просто просто просто просто просто просто просто просто просто просто просто просто просто п",Entertainment & Shows
7396382918039457041,"The video features a man and a woman sitting on a bed in a modern room. The man is wearing a white shirt and black shorts, while the woman is dressed in a white shirt with the word ""Chelsea"" written on it and blue jeans. The man is holding the woman's leg, and they are both looking at the camera. The text in the video is in Russian and appears to be a conversation between the man and the woman. The text includes phrases like ""Ну, отримав після того, як зі мене сказав погані слова"" (Well",Entertainment & Shows
7273841367351069998,"The video shows a person wearing gloves handling a stack of yellow soap bars. The soap bars are rectangular and have a shiny, smooth surface. The person is then shown holding a package of the soap bars, which has a label that reads ""Annoya Nata Turmeric & Kajal Brightening Soap."" The soap bars are described as having a brightening effect and are made with ingredients like goat milk, lemongrass, turmeric, and kajal.",1. News
7277167570946379014,"The video captures a lively and energetic atmosphere at a sports event, likely a soccer match, given the context provided by the text ""Ucrânica! Ucrânica! Ucrânica!"" which translates to ""Goal! Goal! Goal!"" in English. The crowd is predominantly dressed in yellow and blue, with some individuals wearing blue scarves and others with blue and yellow scarves. The atmosphere is one of excitement and celebration, with the crowd raising their hands and cheering enthusiastically. The video also shows a view of the soccer field, with players in action and a goalkeeper in a green jersey. The overall mood is one of triumph and joy, as the crowd",Sports
7365322515998068011,"The video starts with a group of people standing in front of a podium, with a backdrop of the U.S. Capitol building. The text on the screen reads ""STITCH INCOMING WOKE ENCAMPENTS EXPOSED!!!!"" and ""we're here to discuss the little Gazas that have risen up on campuses across America."" The group appears to be discussing the encampments, with one person gesturing towards the group. The scene then cuts to a close-up of a sign that reads ""JEWS AGAINST GENOCIDE"" and ""check out these anti-semi signs."" The video then shows a person standing in front of a",1. News
7362319887361903905,"The video begins with a person wearing a gray sweater and sunglasses on their head, standing in a room with a bed and a window in the background. The person is holding a red and white striped object, possibly a flag or a piece of clothing. The text overlay reads, ""Seeing Rufus' trip during Uni ski trip during Uni ski trip during Uni ski trip during Uni ski trip during Uni ski trip during Uni ski trip during Uni ski trip during Uni ski trip during Uni ski trip during Uni ski trip during Uni ski trip during Uni ski trip during Uni ski trip during Uni ski trip during Uni ski trip during Un",1. Entertainment & Shows
7311332422077975840,"The video shows a series of interactions between different individuals in various settings. It begins with a woman in a fur coat standing in front of a fence, engaged in conversation with another person. The scene then transitions to a man in a purple jacket and a pink tie, standing in front of a hedge, with a small inset image of a woman in a white shirt and glasses in the background. The narrative then shifts to a woman in a white shirt and a red sweater, standing in front of a fence, with a man in a purple jacket and a pink tie in the background. The video continues with the woman in the white shirt and red sweater, now standing in front of a man",Entertainment & Shows
7354415572626509099,"The video is a series of frames showing a person wearing a maroon beanie and a white shirt, with text overlaid on the video. The text provides information about earthquakes and their effects on different parts of the United States. The first frame shows the person sitting in a room with a closet and a shelf with clothes in the background. The text reads, ""It was magnitude of 4.8 and its epicenter was located around Lebanon, New Jersey."" The second frame shows the person standing in front of a building with a sign that reads ""Pau Martin."" The text reads, ""So that they don't think it's something else."" The third frame shows the person standing in front",Science & Technology
7378608951975349536,"The video captures a moment of triumph for England in a soccer match. The players, dressed in white jerseys, are seen celebrating their victory on the field. The crowd, filled with excitement, is cheering and waving flags. The text overlay ""ENGLAND WIN SOCCERAID"" adds to the celebratory atmosphere. The video also includes a text overlay ""TEXT FORTY, THIRTY, TWENTY TEN TO 70818"" which could be a promotional message for a text service. The video is a snapshot of a joyous moment in sports, capturing the excitement and camaraderie of the players and the fans.",5. Sports
7293239332167617834,"The video features a person wearing a light-colored, patterned top, standing in front of a wall adorned with a colorful floral curtain and a painting depicting a deer. The individual appears to be engaged in a conversation, as indicated by the text overlay ""some of y'all m'n"" accompanied by a laughing emoji. Throughout the video, the person's expressions and body language suggest a light-hearted and possibly humorous interaction. The setting and the person's attire remain consistent, with no significant changes observed in the environment or the individual's appearance.",1. News
7372186670273137952,"The video showcases a series of food-related scenes, starting with a close-up of a colorful wrap with various vegetables. The text ""VEGAN IN MÜNCHEN!"" appears, indicating the wrap's vegan nature. The scene transitions to a person eating a burger, with the text ""HANS IM GÜLK"" suggesting a playful or humorous context. The video then shows a person enjoying a dessert, with the text ""CINAMOOD"" possibly indicating a creative or artistic theme.

The next scene features a person holding a box of pastries, with the text ""LIVI"" suggesting a location or brand name. The video then shows",1. Food
7379475961139547398,"The video features a woman in a black dress with ruffles, standing in a modern kitchen with white chairs and a dining table. She is wearing black high heels and has long blonde hair. The text on the screen reads ""Мени 60 роки"" (My 60 years) and ""Ну, чуждый 60 годин"" (Well, 60 years old). The woman then changes into a black dress with a ruffled skirt and black high heels. She poses in different ways, including standing with her hands on her hips and walking around the room. The text on","13. Outfit, Style, &"
7364542326959574314,"The video shows a person lying on a bed, holding a baby. The person is wearing a black shirt and has long hair. The baby is wearing a white onesie. The person is talking to the baby, and the baby is looking at the person. The person is holding the baby's hand and talking to the baby. The person is also holding a bottle of baby formula. The person is talking to the baby and holding the bottle of baby formula. The person is talking to the baby and holding the bottle of baby formula. The person is talking to the baby and holding the bottle of baby formula. The person is talking to the baby and holding the bottle of baby formula. The person is",1. News
7309293532467039531,"The video shows a group of people sitting on a couch in a studio, with a cityscape visible through the windows. The group is engaged in a discussion, with one person speaking and others listening. The scene is set in a news studio, with a news ticker at the bottom of the screen displaying various headlines. The video then transitions to a different scene, showing a man in a suit and tie sitting in front of a cityscape backdrop. The news ticker continues to display the same headlines. The video then returns to the group of people on the couch, with the same cityscape visible through the windows. The group is still engaged in a discussion, with one person speaking and others listening",Politics
7376360928851299590,"The video features a series of individuals discussing the benefits of using a specific product, likely a skincare or hair care product, to combat aging. The first person, with long brown hair, is seen gesturing with their hands while speaking, indicating a discussion about the product's effectiveness. The second person, with curly hair, is also seen gesturing and speaking, reinforcing the discussion. The third person, with short hair, is shown gesturing with their hands while speaking, further emphasizing the points being made. The video concludes with a close-up of the third person, who is wearing a white shirt and a black watch, continuing to speak and gesture, reinforcing the discussion about the product's benefits.",Lifestyle
7347847920151956779,"The video shows a person standing in a doorway, holding a dog. The dog is small and appears to be a puppy. The person is wearing a hat and is holding the dog in their arms. The person then walks into a room and drops the dog on the floor. The dog appears to be excited and jumps up onto the person. The person then bends down to pick up the dog, and the dog jumps up onto the person's lap. The person then stands up and walks away from the camera. The video ends with the person standing in the doorway, holding the dog.",7. Pets & Animals
7291696863449763078,"The video features a person wearing a beige shirt and a black headband, speaking directly to the camera. The person is seen gesturing with their hands and making various facial expressions, indicating a sense of frustration or disbelief. The background is a room with a window and some furniture, suggesting an indoor setting. The person is seen holding a phone, which displays a series of tweets from a user named Hanan Nafla, criticizing the actions of the Israeli government. The tweets are shown in a collage format, with images of a burning building and a hospital. The person's facial expressions and gestures suggest that they are responding to the tweets, possibly expressing their disagreement with the content. The video also",1. News
7375186781999762721,"The video shows a woman in a blue floral dress and hat standing in front of a table with wine glasses, a bowl of food, and a bottle of wine. The text on the screen reads ""When you rock up to your friends place for a quick visit..."" and ""1pm"". The woman is holding a bottle of wine and a glass. The scene then changes to show the same woman in a different outfit, holding a book and a bottle of wine. The text on the screen reads ""When you rock up to your friends place for a quick visit..."" and ""3pm"". The woman is now wearing a different outfit and holding a book. The scene then changes again to show the same",1. News
7309512164870491435,"The video shows a man in a suit and red tie speaking at a podium. The text on the screen reads, ""HANNITY ASKS TRUMP IF HE POWER ABUSE POWER, TOWN HALL WITH BREAKING NEWS."" The man is speaking to a group of people, and the text on the screen changes to, ""Do you in any way have any plans whatsoever, if re-elected president, to abuse power, to break the law, to use the government to go after people? You mean like they're using right now? Under no circumstances, you are promising America tonight, you would never abuse power as retribution against anybody. Except for day",Politics
7325003811632745761,"The video features a person wearing a green shirt, standing against a dark background. The person is speaking, and the text ""DEUTSCHE THERAPEUTEN HATTE RECHT"" (German therapists had the right) appears at the top of the screen. The person gestures with their hands, emphasizing their points. The video seems to be discussing the rights of German therapists, possibly in the context of a discussion about therapy or healthcare.",Entertainment & Shows
7355061931993992480,"The video consists of a series of frames featuring a person in a blue shirt standing in front of a calendar. The calendar is labeled ""MONDAY"" and has a red dot at the top. The person is making hand gestures, possibly indicating frustration or disbelief. The text overlay on the video reads ""Me mentally preparing myself for work tomorrow"" and ""I'm fine! Totally fine! I don't know why it's coming out all loud and squeaky, cause really, I'm fine."" This suggests that the person is mentally preparing themselves for work, but is also expressing frustration or disbelief about the loud and squeaky sound they are making.",1. News
7330624658686954795,"The video is a compilation of clips showing a person in a pink shirt reacting to various political events. The person is seen making hand gestures and pointing at the screen, indicating their reaction to the events. The background is a room with shelves filled with various items, including books and decorative objects. The person is wearing sunglasses on their head, and the video includes text overlays that suggest they are reacting to political events, such as Trump's supporters booing him and the release of hostages. The text also mentions that the person is a fan of the hostages and that they are not going back to the days of globalist rhinos. The video ends with the person looking at the camera with a serious",Politics
7397794935199567135,"The video shows a woman tied to a tree in the Indian jungle after a domestic dispute. She is chained to the tree and left to die by her husband, Lalita Kai Kumar. The woman survives for 40 days without food or water. She is later rescued by a local shepherd who finds her crying for help. The woman writes a letter detailing her experiences, including her extreme psychosis and her status as a crime victim.",1. News
7397967668248120622,"The video features a person with long hair, wearing a black shirt and green earrings, showcasing a mystery box of Charlotte Tilbury products. The person opens the box, revealing various items such as a mascara, body cream, and a body lotion. They also show a small bottle of body lotion and a pink box with a white lid. The person demonstrates the use of the body lotion and the mascara, highlighting the product's features. The video concludes with the person expressing their satisfaction with the box, which they consider a solid upper middle of the pack box.",Entertainment & Shows
7311858161504423214,"The video showcases a collection of vintage BMX bikes, each with a unique design and color scheme. The first bike, a pink and white model, is prominently displayed in the foreground, with its intricate details and vibrant colors drawing attention. The second bike, a blue and white model, is positioned in the background, partially obscured by the pink and white bike. The third bike, a pink and white model, is shown in a close-up, highlighting its shiny chrome components and intricate design. The fourth bike, a blue and white model, is also featured in a close-up, showcasing its chrome components and intricate design. The fifth bike, a pink and white model, is shown",1. News
7299582823940312350,"The video begins with a man sitting on a green leather couch in a dimly lit room. He is wearing a gray shirt and has his hands clasped together. The scene then transitions to a man in a blue uniform, standing in a room with a glass door in the background. The man in the blue uniform appears to be in a state of shock or surprise. The video then cuts back to the man on the couch, who is now looking at the camera with a serious expression. The video concludes with the man in the blue uniform standing in the same room, looking around with a concerned expression.",1. Entertainment & Shows
7331551109649059115,"The video features a black cat playing a violin. The cat is positioned in a dark setting, with its body illuminated by the light of the violin. The cat's fur is sleek and shiny, and it appears to be focused on the instrument. The video is shot in black and white, which adds to the dramatic effect. The cat's movements are fluid and graceful, suggesting a high level of skill and control. The video does not contain any text or additional information.",Pets & Animals
7293441357169937666,"The video features a series of animated characters in various cars, each with a different background and setting. The first car is an orange sports car with a cartoon character standing next to it. The second car is a white sports car with a cartoon character standing next to it. The third car is a pink sports car with a cartoon character standing next to it. The fourth car is a white sports car with a cartoon character standing next to it. The fifth car is a white sports car with a cartoon character standing next to it. The sixth car is a white sports car with a cartoon character standing next to it. The seventh car is a white sports car with a cartoon character standing next to it. The",1. Entertainment & Shows
7397793782122564896,"The video shows a person lying in bed, wearing a white top and a gold necklace. The person is holding their hand to their face, possibly in a gesture of surprise or contemplation. The background is a bed with a patterned blanket. The person appears to be in a relaxed state, possibly after waking up or before falling asleep. The video does not provide any additional context or information about the person or the setting.",Entertainment & Shows
7359943972216638736,"The video shows a group of people protesting in a city street. They are holding signs and flags, and some of them are wearing orange vests. There are police officers present, and they are trying to keep the peace. The protesters are marching down the street, and they are being escorted by police officers. The protesters are holding signs that say things like ""Palestina darf sich wehren"" and ""Widerstand ist Völkerrecht"". The police officers are trying to keep the peace and make sure that the protesters do not get too close to the buildings.",Politics
7344108969151008001,"The video shows a group of people at a wedding reception. There are tables set up with food and drinks, and people are sitting and standing around. A woman in a red dress is sitting at a table with a man in a black suit. They are holding glasses of champagne and smiling at the camera. The woman is holding a piece of paper with the words ""Damian really likes cookies I guess"" written on it. The man is wearing a black suit and a white shirt. The woman is wearing a red dress and has long hair. The man is wearing a black suit and a white shirt. The woman is holding a piece of paper with the words ""Damian really likes cookies I",Entertainment & Shows
7226368631268019482,"The video features a person with long blonde hair, wearing a black leather jacket, standing in a room with a pink towel hanging on the wall. The person is holding a phone, and the text ""Songs for your Insta Story Crush Edition"" is displayed at the top of the screen. The person is seen taking a selfie, and the camera angle shifts to show the person's face. The video then transitions to a screen with the text ""EVERY TIME WE TALK, IT'S JUST HURTS SO BAD"" and ""CAUSE I DON'T EVEN KNOW WHAT WE ARE."" The person is seen again, this time with the text","3. Music, Singing, & D"
7369594137928109345,"The video shows a shelf in a grocery store with various food items, including a box of Mr. Brain's pork faggots. The box is prominently displayed and features an image of the product on the front. The price tag on the shelf indicates that the pork faggots are priced at 1.60. The video also includes a humorous comment from the person recording the video, questioning the price of the pork faggots and expressing surprise at the cost.",7. Food
7330275353325227297,"The video features a person with extensive tattoos and scars, who is seen in various settings, including a restaurant, a bar, and a parking lot. The person is wearing different outfits and accessories, such as a tank top, a blue and red striped shirt, and a black tank top. The text in the video suggests that the person is discussing their experiences with body modification and transformation, including the amputation of their fingers. The person also mentions that they have been undergoing various procedures to change their appearance and that they are still undergoing the process of transformation. The video concludes with the person expressing their desire to continue their transformation and their determination to achieve their goals.",Sports
7327164126822763808,"The video showcases a series of military parades from different countries, each with a different flag and uniform. The first frame shows a group of women in military uniforms, with the text ""women ilita"" appearing on the screen. The next frame shows a group of soldiers in green uniforms, with the text ""CHINA"" appearing on the screen. The following frame shows a group of soldiers in red uniforms, with the text ""RUSSIA"" appearing on the screen. The next frame shows a group of soldiers in beige uniforms, with the text ""VIETNAM"" appearing on the screen. The following frame shows a group of soldiers in green uniforms, with the text ""SO",1. News
7371855904813157664,"The video features two young women standing side by side in a room, with a white wall and a decorative flower in the background. The women are dressed in casual clothing, with one wearing a white crop top and denim shorts, and the other in a white crop top and black pants. The video is titled ""pre summer salsa"" and includes a list of statistics for each woman, such as their age, height, and favorite foods. The video also includes emojis and text that appear at the top of the screen, adding a playful and humorous touch to the presentation.",pre summer sats
7354696392129924385,"The video showcases a series of close-up shots of a red sports car, focusing on its exterior and interior details. The car is displayed in a showroom, with a crowd of people visible in the background, indicating that it is a public exhibition. The car's design is sleek and modern, with a focus on its aerodynamic shape and the use of carbon fiber. The interior of the car is also visible, showcasing the luxurious materials and design elements. The video highlights the car's performance capabilities, with a focus on its engine and exhaust system. The car's design and features are emphasized throughout the video, with the camera capturing different angles and perspectives of the vehicle.",1. News
7293639077671210286,"The video shows a person feeding fish from a white bucket into a pond. The person is seen scooping the fish out of the bucket and then releasing them into the water. The fish are seen swimming around in the pond, creating ripples and splashes as they move. The person is wearing a blue shirt and is standing on a wooden dock. The pond is surrounded by trees and grass, and the water is clear and blue.",1. Pets & Animals
7357227155979275526,"The video depicts a group of people walking down a cobblestone street at dusk. The group consists of a man in a beige jacket, a woman in a white top and blue jeans, a young boy in a blue outfit, and a man in a black tracksuit. The man in the beige jacket is holding a microphone and appears to be interviewing the group. The young boy is holding an orange cup and appears to be the focus of the interview. The woman in the white top and blue jeans is holding a white bag and appears to be listening to the interview. The man in the black tracksuit is also holding an orange cup and appears to be listening to the interview. The group",Entertainment & Shows
7394532218032491808,"The video features a woman in a pink dress and a man in a black shirt standing on a sidewalk. The woman is holding a pink purse and appears to be talking to the man. The man is wearing a black shirt and has a black belt around his waist. The background shows a street with cars parked along the side and a fence. The sky is cloudy, and the sun is setting, casting a warm glow over the scene. The woman and the man are engaged in a conversation, with the woman gesturing with her hands while talking. The man listens attentively, occasionally nodding his head. The video ends with the woman walking away from the man, who remains standing on the sidewalk.",1. Entertainment & Shows
7354508802932133166,"The video features a series of individuals engaged in various activities, with text overlays providing commentary on their actions. The first individual, wearing a light-colored shirt, is seen in a room with a bookshelf filled with books. The text overlay reads ""Booktalk"" and ""Stitch Inning,"" suggesting a discussion or review of a book. The scene transitions to another individual, also in a light-colored shirt, sitting in a car with a bookshelf visible through the window. The text overlay changes to ""A COOLLY ERICOTIC LITERATURE,"" indicating a shift in the topic of discussion.

The narrative continues with the same individual in the car, now","3. Music, Singing, & D"
7344855206242389280,"The video features a woman in a black blazer and white shirt, seated in a room with a wooden background. She appears to be engaged in a conversation, as indicated by her facial expressions and hand gestures. The text overlay at the top of the screen reads ""Alice Weidel reagiert auf AFD-chatterläufe,"" suggesting that the woman is reacting to comments or discussions related to the Alternative für Deutschland (AfD) party. The video does not provide any additional context or information about the woman or the topic of discussion.",Entertainment & Shows
7377794153071037739,"The video is a series of scenes from the TV show ""The Office,"" featuring various characters in an office setting. The first scene shows a man in a tuxedo reading a newspaper, with the text ""Roulette is not a game of skill, it is a game of chance. I could always kind of win at roulette. Oh, really? Mm-hmm. Yeah. How would you do that? Mind control. You can't be serious. That's ridiculous. You know what? Uh, why don't you move that coat rack? Excuse me, everyone. Attention in the office, please. Jim is about to prove his telekinetic powers,",8. Entertainment & Shows
7349706117166959879,"The video features a person standing in a natural setting, surrounded by trees and greenery. The person is wearing a light-colored shirt and appears to be speaking to the camera. The text overlays on the video include phrases such as ""What's up everyone?"" and ""I am officially going into the jungle."" The person seems to be expressing excitement and nervousness about the upcoming adventure, as they mention being a planner and control freak and not being able to control anything in the jungle. The video concludes with the person saying ""See you in the jungle.""",1. News
7308194891656400170,"The video shows a group of people in a stadium, with a large crowd of fans wearing red and white. The fans are cheering and waving their arms in the air, indicating excitement and support for a team or event. The text ""FUMBLE."" appears at the top of the screen, suggesting that the video is related to a sports event or game. The fans are also holding up signs and cheering, which adds to the atmosphere of excitement and support.",Sports
7375105398946139398,"The video shows a woman in a light blue robe standing in a living room with a large window and a television. She is holding a phone and appears to be talking to someone off-camera. The text overlay at the top of the video reads ""POV: South African non-ons during winter."" The woman is then shown in a different room, wearing a light blue robe and looking at her phone. The text overlay changes to ""POV: South African non-ons during winter."" The woman is then shown in a different room, wearing a light blue robe and looking at her phone. The text overlay changes to ""POV: South African non-ons during winter."" The woman is",1. News
7387067236218916129,"The video showcases a person's experience at a cake shop, specifically Cakebox. The shop offers a variety of cakes, including heart-shaped ones with the word ""Party!"" written on them. The person is seen selecting a cake, joining the Cake Club, and receiving a free cupcake after signing up. The video also highlights the variety of cakes available, including chocolate, fruit, and other flavors. The person enjoys the cake and shares it with friends and family, suggesting it's a great place for birthday celebrations or cake enthusiasts.",Entertainment & Shows
7323395108378840351,"The video shows a person dancing in a hallway. The person is wearing a gray sweatshirt and black pants. The hallway has white walls and a tiled floor. There is a Christmas tree decorated with red ornaments on the right side of the hallway. The person is dancing energetically, moving their arms and legs in various directions.","3. Music, Singing, & D"
7378610696390528289,"The video is a series of frames from a news broadcast discussing the dissolution of the French National Assembly. It begins with a man in a suit and tie standing in front of a green background, with the text ""Dissolution of the National Assembly: Voici tout ce que vous avez fait"" (Dissolution of the National Assembly: Here is what you have done) displayed at the top. The scene transitions to a woman in a white lab coat speaking into a microphone, with the text ""Hugo Décrypte"" (Hugo Décrypte) at the top. The next frame shows a man in a suit and tie standing in front of",Politics
7292568999932529963,"The video shows two women walking in different settings. One is wearing a black t-shirt and shorts, while the other is in a black sports bra and leggings. They are carrying water bottles and have a playful demeanor. The video also shows them in different outfits, including a black leather jacket and white pants. The video ends with a red button that says ""FOLLOW"" and a white button that says ""SUBSCRIBE.""",Fitness & Health
7360445995945037088,"The video shows a wild boar walking on a paved road at night. The text ""Jour 6 pour traiter un sanglier"" (Day 6 to treat a boar) appears at the top of the screen. The boar is seen sniffing the ground and eating food. A person's hand appears, offering the boar food. The boar sniffs the food and eats it. The person then walks away, leaving the boar alone. The boar continues to eat the food on the ground.",Sports
7356329953622822187,"The video features a person wearing a colorful cap and a gray shirt with a logo on it. The person is seen speaking in front of a computer screen displaying a stock chart for Trump Media and Technology Group Corp. The stock price is shown to have fallen again today, about 9%. The person is discussing the stock's value and the potential impact of Donald Trump's presidency on the stock's performance. The video also includes text overlays that provide additional commentary on the stock's value and the potential consequences of Trump's presidency.",1. News
7376774039899082027,"The video shows a group of elderly people in wheelchairs in a museum. They are dressed in formal clothing and are seated in a circle. The video then transitions to a group of people in military uniforms, also in wheelchairs. The video then shows a group of people in military uniforms, also in wheelchairs. The video then shows a group of people in military uniforms, also in wheelchairs. The video then shows a group of people in military uniforms, also in wheelchairs. The video then shows a group of people in military uniforms, also in wheelchairs. The video then shows a group of people in military uniforms, also in wheelchairs. The video then shows a group of people in",1. News
7394396617882799366,"The video features a person with curly red hair, wearing a dark top, holding a pink and white drink with a straw. The text overlay reads ""POV: Your cousin gives you something to do drink."" The person appears to be in a dimly lit room, with a dark background. The video seems to be a humorous take on a common situation where someone is given a drink to consume, possibly as a prank or a joke.",1. News
7382929842615979296,"The video shows a person sitting in a room, wearing a white shirt and blue jeans. The person is holding their head with one hand and appears to be in a state of distress or frustration. The background is a simple room with white walls and a door. The person is speaking, and the text overlay on the video reads, ""Ich bin gerade so deprimiert. Ich habe jetzt die letzten anderthalb Stunden damit verbracht, am Laptop irgendwelche Familien, etwas gehobene Hotels auf Mallorca oder generell bei den Jahren abzuk",Entertainment & Shows
7283171808595971370,"The video features a woman with long black hair, wearing a gray tank top, standing in a room with a plant in the background. She is holding a phone and appears to be speaking, as indicated by her hand gestures. The text overlay on the video reads, ""NO BECAUSE I'M REAL AORES WHEN THE DUCK DUCK AOKING STAND THE GUY AT THE TEAMKAMAD FOR THEY MAD FAWTFIRS LMAO."" The woman's facial expressions and hand movements suggest she is reacting to something humorous or surprising.",1. News
7299771215755906312,Two women are dancing in a gym. They are wearing black outfits and have their hair down. They are moving their arms and legs in a coordinated fashion.,"3. Music, Singing, & D"
7397523950391086369,"The video begins with a black screen, where a small blue character with a heart-shaped nose and a red heart-shaped nose ring appears on the left side. The character is smiling and has a small blue hat on its head. Next to the blue character, there is a green apple with a smiling face and a small green hat on its head. The apple is surrounded by a few small blue characters with heart-shaped noses and red heart-shaped nose rings. The characters are all smiling and appear to be in a happy mood. The scene then transitions to a close-up of the green apple, which is now surrounded by a few small blue characters with heart-shaped noses and red heart",6. Film & Animation
7410518813021637930,"The video shows a man in a suit and tie, and a woman in a white suit, standing in front of a podium with the White House seal. The man is speaking, and the woman is listening. The text overlay on the video asks, ""Do you think Americans seriously think that this is an important question?"" The man appears to be responding to the question, and the woman is listening attentively.",Politics
