video_id,summary,category
7349900395843472672,"A man in a suit and tie is standing in front of a crowd of people. He is holding a microphone and talking to the camera. The crowd is holding flags and signs, and there are cars and trucks in the background. The man is wearing a cap with a Russian flag on it.",Politics
7326597898358066465,"The video is a humorous comparison between a person's reaction to their cat's behavior and the reaction of a smartphone. The video is divided into two parts, each showing a different reaction.

In the first part, the person is shown in a room with a cat sitting on a bed. The person is holding a smartphone and looking at it with a surprised expression. The text on the screen reads ""Pov: Les appels avec mon chacad qui n'a jamais fait de cela"" (Pov: The calls with my cat who has never done this). The person's reaction is shown in a split-screen format, with the left side showing the",7. Pets & Animals
7302484543691328810,"The video is a series of black screens with white text. The text reads ""EMERGENCY RELIEF DISTRICT OCTOBER 1TH, 2023. Stop the killing. Stop hate. Time to donate."" The text is repeated multiple times throughout the video. The video does not contain any other visual elements or audio.",1. News
7339991555408694561,"The video shows a person shopping in a store, specifically looking at the skincare products. The person is holding a box of Balea's Vital Augencreme, which is priced at 3,85 Euro. The video then transitions to the person looking at other products, including Balea's Aqua Augen Roll-On, which is priced at 2,45 Euro. The person continues to look at various products, including Balea's Vital Plus straffende Augencreme, which is priced at 3,95 Euro. The video also shows Balea's Vital Plus straffende Augencreme for sehr reife Haut",Beauty Care
7351403366368546081,"The video showcases a series of events involving a group of humans and aliens, culminating in a battle where the aliens are defeated and the humans emerge victorious. The aliens, who were previously considered inferior, are shown to be highly trained soldiers from multiple countries, and their defeat is attributed to the humans' superior weaponry and tactics. The video also highlights the aliens' lack of self-awareness and their eventual demise, as well as the psychological impact of the battle on the humans.",Entertainment & Shows
7380379588242804001,A person is lying in bed with a pink pillow. They are wearing a black shirt with blue writing on it. The person is making a peace sign with their hand.,Entertainment & Shows
7291005324717313313,"The video features two women standing in front of a large building with a dome, discussing the rise of the Alternative for Germany (AfD) party in Germany. The woman in the pink coat explains that the AfD is on the rise in Germany and has come in second in the state elections in Hesse and third in Bavaria. She also mentions that the law allowing dual nationality and faster German passport processing is still on track. The woman in the green dress asks if the law can be stopped, and the woman in the pink coat responds that the coalition government still has the majority in the Bundestag, and the Bundesrat cannot block the law. The video concludes with the woman in the pink",Politics
7184540937974975786,"The video shows a person in a car, wearing a black tank top and white headphones around their neck. They are demonstrating the use of a brow lift product, which is a clear container with a brush applicator. The person applies the product to their eyebrows, demonstrating the technique and results. The video also includes text overlays that provide context and information about the product and the person's experience with it.",Beauty Care
7343334803665603883,"The video features a person with long, wavy hair wearing a dark gray sweater and a gold necklace with a pendant. They are sitting in front of a backdrop that resembles a starry night sky. The person is holding a black object, possibly a makeup product, and appears to be speaking or presenting something. The background is a vibrant mix of pink, purple, and orange hues, with a nebula-like pattern.

Throughout the video, the person is seen gesturing with their hands, possibly emphasizing points or explaining something. The person also uses hand gestures to emphasize their points, such as pointing upwards and making a circular motion with their fingers.

The video includes text overl",Science & Technology
7343662075299761440,"The video begins with a person wearing a pink sweater with a black bow tie, standing in a room with a white wall and a shelf in the background. The person is looking at the camera with a serious expression. The scene then transitions to a close-up of a person with long blonde hair, wearing a white shirt with a red tie, who appears to be in a state of shock or horror. The background is dark and ominous, with a green hue. The text ""Me (a huge horror freak) thinking no scene could ever affect me"" appears at the top of the screen, indicating the person's reaction to the scene. The video then cuts back to the person",1. News
7394913119375527210,A person wearing a camouflage cap and a gray shirt is standing in front of a plain wall. They are holding a small object in their hand and gesturing with their other hand. The person appears to be speaking or explaining something.,Politics
7327439802637307178,"A person is standing next to a white truck, talking about the features of the truck. The person is wearing a camouflage hoodie and is holding a phone. The truck has a black interior and a black front bumper. The person is pointing at the truck and talking about the features of the truck.",Sports
7296461109572275488,"The video features a series of interviews with Trump supporters who express their disagreements with the President's stance on unions. The interviews take place in various outdoor settings, including a parking lot and a street, with the participants wearing red hats and jackets with the ""Make America Great Again"" slogan. The text overlay in yellow at the bottom of the screen provides the context and the content of the interviews. The participants express their views on the impact of Trump's policies on unions, with some stating that Trump supports unions and others disagreeing with that assessment. The video concludes with the participants continuing their conversation, with one participant expressing their support for unions and the other disagreeing with that view.",Politics
7385384197864557855,"The video features a series of images from a television broadcast, showing two men in suits, one with a red tie and the other with a blue tie, standing at podiums with microphones. The background is blue with the CNN logo. The text overlay reads ""My favorite prt of the debate wasa-wa-shitting whoever wasn't talking."" The images are static, with no movement or action taking place. The video does not contain any additional audio or visual elements.",Politics
7358352976639184146,"The video shows a person driving a car on a rainy day, with the windshield wipers on. The rain is falling heavily, creating a misty effect on the windshield. The person is driving on a highway, and the traffic lights are visible in the distance. The video captures the motion of the car and the changing light conditions as the rain continues to fall.",Science & Technology
7371030140370963713,"The video is a series of clips from a video game, specifically a first-person shooter game. The game is set in a medieval-style environment with stone buildings and cobblestone streets. The player is using a futuristic weapon with glowing green and blue lights. The player is seen navigating through the environment, taking cover behind walls and using the weapon to shoot at enemies. The player is also seen using a grappling hook to swing across the environment. The player is also seen using a grappling hook to swing across the environment. The player is also seen using a grappling hook to swing across the environment. The player is also seen using a grappling hook to swing across the environment. The player is also",Sports
7328941581862473006,"The video showcases a fighter jet in flight, with the text ""HIGH"" appearing in neon green letters. The jet is seen on a runway, with a person in a green shirt visible in the background. The jet then takes off, with the text ""TARGET"" appearing in neon yellow letters. The jet is seen on an aircraft carrier, with a green tug truck visible in the background. The jet is then seen flying over the ocean, with the text ""TRIGGERED"" appearing in neon blue letters. The jet is seen flying through a cloudy sky, with the text ""TRIGGERED"" appearing in neon blue letters. The jet is seen flying over the ocean, with",1. News
7295860137162591519,"The video features a person wearing a plaid shirt, speaking in front of a blue-lit background. The person is seen in various frames, with different text overlays appearing on the screen. The text overlays discuss topics such as genocide, power imbalances, and the unaliving of children. The person appears to be making a point or expressing a view on these topics.",Politics
7407540452611640606,"The video shows a person in a blue shirt sitting at a desk in an office, wearing black gloves. The person is holding a passport and a pen, and appears to be in the process of checking something on the desk. The background includes a white door and a wall with a picture on it. The person is seen writing on a piece of paper and then putting the paper into a black box. The person then picks up a green pen and writes on a piece of paper. The person then puts the pen down and looks at the camera. The video ends with a black screen displaying the text ""Next.""",Science & Technology
7372987016914455841,"The video shows a cricket match between Pakistan and England. The players are wearing different colored uniforms, with the Pakistan team in green and the England team in orange. The match is taking place in a large stadium with a crowd of spectators. The players are seen running and playing the game, with the ball being thrown and hit by the batsmen. The video also shows the players celebrating and interacting with each other on the field.",Sports
7366561209996332320,A person with long black hair is sitting in a room with a yellow wall and a white ceiling. They are wearing a white shirt and have a gold watch on their left wrist. They are talking to the camera and gesturing with their hands.,News
7334130841016274222,"The video features a black sports car parked in a parking lot. The car is sleek and has a low profile, with a prominent front grille and large alloy wheels. The background of the video is a typical parking lot with trees and a building in the distance. The video is overlaid with text that reads, ""I don't reverse park to look cool, a mf ust can't park forward..."" The text appears to be a humorous or ironic statement, suggesting that the person filming the video is not concerned with looking cool while reversing into a parking spot. The video does not contain any additional information or context beyond the text and the visual of the car.",1. News
7380389929790033185,"The video features a dramatic dance scene between two characters in a dark, dimly lit setting. The male character is dressed in a blue and brown outfit, while the female character wears a white dress with a green headpiece. The dance is intense and passionate, with the male character holding the female character in a close embrace. The background is dark, with a few lights visible, adding to the dramatic atmosphere. The video ends with the male character holding the female character in a close embrace, with the text ""You may have my number, you can say my name But you'll never have my heart Let the sky fall, let me crumble We will stand tall, I'll face it all Together",Sports
7343754603927850245,"The video is a series of images that appear to be from a protest or rally, with people holding signs and flags. The images are overlaid with text that reads ""FREE PALESTINE"" and ""PALESTINIAN RIGHTS."" The images also show a person wearing a black shirt and a white collar, who appears to be speaking or gesturing. The background of the images is a mix of red, orange, and yellow colors, which may represent flames or smoke. The images are overlaid with a filter that makes them appear to be in motion, with the person in the black shirt appearing to be in front of the crowd.",Politics
7357827492289465646,"A person wearing a white t-shirt with a cartoon character on it is standing in a kitchen. The person is making hand gestures and talking to the camera. The text on the screen reads, ""I don't personally think this is a hot take but some people might if I never had to eat again like I could just survive without putting food in my body I would and before everybody in the comments no it's inconvenient grocery shopping inconvenient cooking inconvenient fucking sitting down eating a goddamn meal inconvenient dude I don't want to do it anymore like I don't want to decide, dude. I don't want to decide what to eat. I don't want to cook. I don",Entertainment & Shows
7366736772253977889,"The video starts with an aerial view of a coastal town, surrounded by lush green trees and a body of water. The text overlay reads, ""Is a country still a country if it sinks?"" This sets the stage for the discussion of Tuvalu, a small island nation in the Pacific. The video then transitions to a map of the Pacific, highlighting Tuvalu and its surrounding islands. The text overlay reads, ""Tuvalu is a small country in the Pacific made up of nine coral islands."" The video then shows a group of people walking along a beach, with the text overlay reading, ""The sea level in Tuvalu is now 15 cm higher than it was",Politics
7342750088902511915,"The video shows a person standing in a bathroom, taking a selfie with a phone. The person is wearing a black t-shirt, black shorts, and a blue bracelet. The bathroom has a tiled wall and a mirror. The person is holding the phone in their right hand and has their left hand on their hip.",1. News
7325461211653492010,"A person is wearing a purple hoodie with the word ""Champion"" written on it. They have long braided hair and are standing in front of a wooden door. The person is talking to the camera and showing their hair to the camera.",Entertainment & Shows
7363144949442825518,"The video features a person with long blonde hair, wearing a black shirt with a graphic design, standing in a room with a door in the background. The person is speaking, and the text overlay on the video reads, ""why is finding a girl friend no im not trying to be friendly, im trying to be friendly."" The person appears to be talking about their experience with finding a girl friend and their desire to be friendly.",1. Entertainment & Shows
7375972216707484960,"The video is a series of frames showing a man in a white shirt standing in front of a screen with a list of Labour's policy steps for change. The man is gesturing with his hands as he speaks, and the background is a red and white color scheme. The text on the screen reads ""Thanks for the plug Rishi 👍"" and ""Thanks for the plug Rishi 👍"" with a thumbs up emoji. The man is also seen writing on a piece of paper with a pen. The video ends with the man standing in front of a black background, with the text ""Today I'm going to be doing an explainer on Labour's policy for our country",Politics
7363604482355137799,A woman is unpacking a large box in her kitchen. She is using a laptop to search for deals on Amazon. She finds a deal for a stainless steel double-walled glass coffee maker and orders it. She then uses a tablet to search for deals on Amazon and finds a deal for a stainless steel double-walled glass coffee maker. She orders it and uses a tablet to search for deals on Amazon again and finds a deal for a stainless steel double-walled glass coffee maker. She then uses a tablet to search for deals on Amazon again and finds a deal for a stainless steel double-walled glass coffee maker. She orders it and uses a tablet to search for deals on,Entertainment & Shows
7341253553245408558,"The video features a person in a light blue shirt with a floral pattern, wearing a necklace and pearl earrings, standing in a room with a beige wall and a window in the background. The person is seen applying makeup, using a brush and a bottle of foundation. They are also seen holding a small object, possibly a makeup brush or a makeup product, and using it to apply makeup to their face. The person is seen talking and gesturing with their hands while applying makeup. The video also includes text overlays that provide context and information about the person's situation and goals.",Beauty Care
7346960504490937642,"The video starts with a woman lying on a bed, wearing a white tank top. The text on the screen reads, ""When you wanted your engagement song to be 'Sun's so low' ok."" The scene transitions to a black and white image of a car driving down a road, with a woman in a white dress and a man in a suit sitting in the back. The car is a classic model, and the woman is wearing a large hat. The scene then shows the couple standing on the back of the car, with the woman in a white dress and the man in a suit. The car is driving down a road, and the background shows trees and a fence. The scene then",Entertainment & Shows
7203774185322188037,"The video begins with a person standing in front of a door with a sign that reads ""A BESTE SHOP"" and a phone number. The person is wearing a dark blue shirt and brown pants. The door is open, and the person is holding a piece of paper. The scene then transitions to the person standing in front of a door with a sign that reads ""A BESTE SHOP"" and a phone number. The person is wearing a dark blue shirt and brown pants. The door is open, and the person is holding a piece of paper. The scene then transitions to the person standing in front of a door with a sign that reads ""A BESTE",1. Entertainment & Shows
7324373228028300577,"The video starts with a person walking down a wet street at night, with buildings and cars passing by. The person is wearing a dark coat and carrying a bag. The scene transitions to a close-up of a shelf with various skincare products, including a bottle of PurePassion face cream. The person is then seen in a store, holding a shopping bag, and the text ""I dumped her over Snapchat"" appears on the screen. The person is then seen walking through a subway station, with the text ""not on alma"" appearing on the screen. The person is then seen walking through a subway station, with the text ""dedicated toner routine"" appearing on the screen.",Entertainment & Shows
7404376866108312865,"The video starts with a chaotic scene outside a bus at night, where a group of people, including police officers, are gathered around a person lying on the ground. The text overlay reads ""Das sagen lässt sich nur zur Kursk-Offensive"" (The only thing that can be said is the Kursk Offensive). The scene transitions to a group of people standing outside a building, with the text overlay still visible. The group is engaged in a conversation, and the background shows a city street with buildings and a sign that reads ""Nicol."" The scene then shifts to a person sitting outdoors, wearing a denim jacket and a white shirt",Politics
7379002112652660014,"The video features a person wearing a white shirt with a graphic design, standing in front of a window with blinds. The person is holding a necklace with the name ""RITANA"" written on it. The necklace is displayed on a white card with the text ""Fashion Jewelry"" and a logo. The person appears to be expressing gratitude towards someone named Sarah, as indicated by the text on the card. The video concludes with a close-up of the necklace on the card, emphasizing the name ""RITANA"".",1. News
7394618529569344811,"The video starts with a woman standing in front of a backdrop featuring the American flag and the text ""KAMALA."" She is wearing a black blazer and a light-colored top. The date ""7/22/24"" is displayed in the top left corner. The woman is speaking into a microphone, and the scene transitions to another woman with long blonde hair, wearing a light blue shirt and a necklace, standing in a room with a gold-colored shelf and a plant. The date ""7/22/24"" is still displayed. The video then shows a man in a suit and blue tie, with the text ""President Biden phoned into the",Politics
7366286242406829345,A man in a grey hoodie is standing in an office and playing a DJ controller. He is wearing a grey hoodie and black shorts. He is playing the DJ controller with his hands.,"Music, Singing, & Dancing"
7325205573941710111,"A person wearing a black t-shirt with a picture of a man on it is sitting in a room. The room has a dark color scheme with a white wall and a dark-colored dresser. The person is talking to the camera and there is text on the screen that says ""I've only recorded during daylight hours so far... 9 hours so far... I've only recorded during daylight hours so far... 9 hours so far... I've only recorded during daylight hours so far... 9 hours so far... I've only recorded during daylight hours so far... 9 hours so far... I've only recorded during daylight hours so far... 9 hours so far... I've",Science & Technology
7352304151897951521,"The video starts with a person standing in a living room, wearing a black shirt and red pants. The room has a large window, a chandelier, and a rug on the floor. The person is holding a pair of shoes and appears to be talking to the camera. The text on the screen reads ""POV: Du chilst bst im 'Ich bin nicht recht' Freud."" The person then walks away from the camera, leaving the room.

The next scene shows the same person sitting on the floor in the living room, wearing the same black shirt and red pants. The person is holding a pair of shoes and appears to be talking to the camera",Entertainment & Shows
7365063366907333921,"The video showcases a breathtaking view of a city skyline at sunset. The sky is painted with hues of pink, purple, and orange, creating a stunning backdrop for the city lights. The buildings, tall and modern, stand out against the vibrant sky. The water in the foreground reflects the colors of the sky, adding to the beauty of the scene. The video captures the city's beauty from a distance, allowing viewers to appreciate the city's architecture and the natural beauty of the sunset.",1. News
7346235933882076448,The video shows a man in a green hoodie and blue jeans using a blue mechanical device to work on a wooden post in a field. He is seen bending over and using the device to work on the post. The background includes trees and a grassy area.,1. Sports
7305148019727420718,"The video features a person wearing a white turtleneck and a beige coat, standing in front of a movie poster for the film ""Watcher."" The poster displays the title ""Watcher"" in large white letters, with the tagline ""Striking a Sensation"" and the names of the actors, ""Alec Baldwin"" and ""Maggie Gyllenhaal,"" at the bottom. The person appears to be speaking or reacting to the movie poster, as indicated by their hand gestures and facial expressions. The background of the poster is dark and rainy, with a building visible in the distance. The person's movements and gestures suggest they are discussing or reacting",Entertainment & Shows
7395252325104766216,"The video begins with a first-person perspective of a player in a video game, showcasing a virtual environment with buildings and a clear sky. The player's health is at 100%, and the score is 0-0. The scene then transitions to a close-up of a cat's face, which is superimposed onto the player's avatar, giving the impression that the player is a cat. The cat's face is then replaced with a sniper rifle, and the player's avatar is shown holding the rifle. The cat's face is also shown with a green helmet, and the player's avatar is shown wearing the helmet. The video then transitions to a close-up of",0:01
7354853011887312160,"The video shows a man sitting at a table with two pizzas in front of him. He is wearing a dark blue sweater and has a serious expression on his face. The text on the screen reads ""It's pizza night on @xxthefoxfox But what are our favorites???!"" and ""Pineapple doesn't belong on pizza...."" The man is then shown eating a slice of pizza with pineapple on it, and the text changes to ""Why did you eat the then-pineapple pizza?"" The man continues to eat the pizza, and the text changes to ""Looks like you do like it pizza...."" The man then puts on a blue hoodie and",Entertainment & Shows
7355938811429260550,"A person is sitting in front of a colorful, fluffy, and vibrant background, wearing headphones and speaking into a microphone. The person is wearing a black top with pink and white floral patterns. The background is filled with colorful lights and patterns, and there are various comments and messages displayed on the screen, including phrases like ""I ate a whole bag of chips and my tummy hurts real bad,"" ""This is a song about feeling sad because they were damn good,"" and ""No regrets."" The person is also seen wearing a necklace with a small pendant.","Music, Singing, & Dancing"
7363655590524226862,"The video starts with a person sitting at a desk with a keyboard and a mug with a zebra design. The background is a vibrant blue with a neon sign. The person is wearing a dark t-shirt with the words ""LOVE HOPE CURVE"" printed on it. The scene transitions to a screen displaying information about Discord, including the number of servers, users, and messages. The text on the screen reads ""Welcome to Spypet, a Discord data scraping website. Discover Discord's data with over 300 million users and still growing. Missed Discord? Search Discord Users."" The person is then shown again, with the text ""Discover",News
7337977691611696417,"The video shows a person driving a car, wearing a white sweater and a gray shirt. The person is seen gesturing with their hands while driving, and the video ends with the person making a peace sign.",1. News
7335864619187146016,"The video is a series of maps and graphics that compare the population and geography of Wyoming and Colorado. It starts with a map of the United States, highlighting the states of Wyoming and Colorado, and then zooms in on the Rocky Mountains, showing the border between the two states. The video then provides a detailed comparison of the two states, including their population, geography, and economy. It highlights the differences in population density, climate, and economic development between the two states. The video concludes with a map of the Rocky Mountains, showing the location of Gannett Peak and Yellowstone National Park, and a red box with the text ""WYOMING'S ORIGINAL FOUR UN",Science & Technology
7356565580603870497,"The video features a conversation between two individuals, one in a dark suit and the other in a light pink outfit, set against a backdrop of green vertical lines. The conversation revolves around the topic of mental health, with the person in the dark suit expressing concern and empathy for the person in the light pink outfit, who is struggling with mental health issues. The person in the light pink outfit shares their personal struggles with mental health, including the challenges of finding a therapist and the impact of the COVID-19 pandemic on their mental well-being. The conversation also touches on the political context, with the person in the dark suit expressing concern about the Labour Party's role in the Welsh NHS and the need",Politics
7407322364309949728,"The video shows a group of people performing on stage. They are dressed in casual clothing and are dancing energetically. The stage is brightly lit with colorful lights, and the background features a large screen with a pink and blue design. The performers are moving in sync with each other, and the audience can be seen in the foreground, watching the performance. The video also includes a text overlay that reads ""I don't wanna die Before we love, we love, this feeling, babe Cause it's enough, enough, can't be this way Before we love, we love, this feeling, babe I love it, I like it, but I don't wanna die Ooh,","Music, Singing, & Dancing"
7395058028594122014,"The video features a series of clips with different individuals, each with their own unique background and attire. The first clip shows a man in a suit and tie, with the text overlay stating, ""and I think this election is way too important for any of us to be distracted, so I stand by what I said in my video."" The next clip shows a man in a suit and tie standing at a podium, with the text overlay stating, ""So stand by what I said in my video."" The following clip shows a man in a black shirt and cap, with the text overlay stating, ""And why lives in Brooklyn, you can't take that out of that Brooklyn, you can't",Sports
7357035995667107114,"The video shows a woman in a black t-shirt with a colorful design and a red shirt with a similar design, standing in a brightly lit restaurant. She is holding a drink in a tall glass with a straw and a colorful straw holder. The drink is topped with a fruit and a yellow liquid. The woman is seen drinking from the glass and then placing it down. She then picks up a drink in a tall glass with a colorful straw holder and a fruit on top, and drinks from it. She then places the drink down and picks up a drink in a tall glass with a colorful straw holder and a fruit on top, and drinks from it. She then places the drink down and picks",Entertainment & Shows
7322958700291853614,"A man in a suit and red tie is speaking at a podium on a news set. He is surrounded by two other men, one of whom is also wearing a suit and red tie. The man at the podium is gesturing with his hands as he speaks, and the other two men are listening attentively. The background of the set is blue with a large American flag and the words ""Iowa Town Hall"" visible. The man at the podium is wearing a suit and red tie, and the other two men are also wearing suits and red ties. The man at the podium is speaking into a microphone, and the other two men are listening attentively. The background of the set",Politics
7333721172363922734,"The video shows a man in a blue shirt and khaki pants standing in front of a black Toyota CUV. He is wearing sunglasses and a name tag. The man is dancing and moving his arms and legs around. The background is a parking lot with other cars and palm trees. The text ""Toyota coulver"" is displayed at the top of the screen, and there are emojis of a smiley face with sunglasses. The man continues to dance and move his arms and legs around.",1. News
7320342127790148907,"The video depicts a police officer standing in front of a row of blue lockers, with the text ""TYRANT COPS MAKE BIG MISTAKE - SILVERTHORNE COLORADO - FINAL AMENDMENT - AMAGANSETT PRESS"" displayed at the bottom of the screen. The officer is wearing a police uniform and a cap, and is holding a gun. The background includes a window and a door. The officer appears to be explaining something, gesturing with his hands. The video also shows the officer standing in front of a different set of blue lockers, with the text ""TYRANT COPS MAKE BIG MISTA",News
7287998089279917345,"The video begins with a person standing outdoors, wearing a dark jacket and a white shirt with a black design. The person is holding a smartphone and appears to be speaking, with text overlaid on the video indicating that they are discussing saving money on Amazon. The scene transitions to a computer screen displaying the Amazon website, showing various products and categories. The text overlay continues to emphasize the benefits of shopping on Amazon, particularly during Prime Day. The video then shifts to a close-up of the computer screen, focusing on the Amazon Outlet section, where discounted items are listed. The text overlay suggests that these discounted items are available for purchase on the regular Amazon site. The video concludes with a message encouraging",13. Entertainment & Shows
7340766599860849926,"The video shows a man in a military uniform standing at a podium with a microphone in front of him. He is wearing a dark blue uniform with various medals and insignia on the left side of his chest. The background features a large building with the words ""The Pentagon"" and ""Washington, D.C."" written on it. The man appears to be giving a speech or statement, as indicated by his hand gestures and the presence of a microphone. The video also includes a caption that reads, ""Patrick Ryder, U.S. Air Force Brigadier General,"" which suggests that the man is a military officer.",News
7324688586807201070,"The video shows a young woman sitting in a classroom, wearing a white sweater and a beige scarf. She is looking at a piece of paper in front of her. The background shows a window with a view of trees outside. The text on the screen reads ""Special Ed teacher trying to figure out whether their student is crying."" The woman appears to be in a classroom setting, possibly a school or a similar educational environment. The video does not provide any additional context or information about the woman or the situation.",1. News
7195058735914519809,A large building is being demolished. A crane is lifting a large piece of the building. The building is being demolished by a crane. A large building is being demolished. A crane is lifting a large piece of the building. A large building is being demolished. A crane is lifting a large piece of the building. A large building is being demolished. A crane is lifting a large piece of the building. A large building is being demolished. A crane is lifting a large piece of the building. A large building is being demolished. A crane is lifting a large piece of the building. A large building is being demolished. A crane is lifting a large piece of the building. A large building is being,1. News
7360854136440540459,"The video starts with a man in a light gray polo shirt standing in a doorway, looking out. He is followed by another man in a dark jacket with red accents. The man in the dark jacket says, ""Can I help you?"" The man in the polo shirt responds, ""Huel?"" The man in the dark jacket says, ""Huel?"" The man in the polo shirt says, ""Huel?"" The man in the dark jacket says, ""Huel?"" The man in the polo shirt says, ""Huel?"" The man in the dark jacket says, ""Huel?"" The man in the polo shirt says, ""Huel?"" The man in",Entertainment & Shows
7408631372044111135,"The video shows a person with tattoos on their arm petting a cat. The cat is lying on a white surface with a bowl of food nearby. The person is holding another cat, which is orange and white. The video also shows a group of kittens, some of which are black and some of which are orange and white. The kittens are lying on a white surface with a bowl of food nearby. The person is holding one of the kittens. The video also shows a person with tattoos on their arm petting a kitten. The kitten is lying on a white surface with a bowl of food nearby. The person is holding another kitten, which is orange and white. The video also shows a group",Pets & Animals
7383460841204534534,"The video showcases a series of woodworking projects, starting with a close-up of a wooden plank with a single nail embedded in it. A pair of pliers is used to remove the nail, followed by a green-handled tool that appears to be a chisel or a similar tool. The tool is used to further remove the nail, and then a blue-handled tool is used to apply a substance, possibly glue or paint, to the nail. The process is repeated with a different tool, a yellow-handled tool, and a green-handled tool, each time applying a substance to the nail. The video concludes with a close-up of the wooden plank with the",Science & Technology
7340748820130647326,The video shows two people sitting at a table in an office setting. One person is wearing a dark blue jacket and the other is wearing a patterned jacket. They are discussing California's new $20 minimum wage for fast food restaurants. The video also mentions a specific exemption for fast food chains that have bakeries and a donor named Glenn Flynn who owns two dozen Panera Bread locations in California. The video ends with a question about the sandwich being served at the table.,Politics
7289539647825382698,"The video features a woman in a kitchen, wearing a peach-colored shirt with a floral pattern and dark blue shorts. She is dancing energetically, moving her arms and body in various directions. The kitchen is well-lit, with a white countertop and cabinets in the background. The woman's movements are lively and expressive, with her arms raised and her body swaying to the rhythm of the music. The video does not contain any text or subtitles.",1. News
7390878944012045598,"The video is a series of clips from a game where a person is competing in a fashion challenge. The person is dressed in various outfits and poses in front of a backdrop of a building with columns and palm trees. The person is also seen in a virtual environment, interacting with other characters and using a virtual camera to take pictures. The person is also seen in a real-life setting, wearing a black hoodie and headphones, and interacting with the camera. The person is also seen in a virtual environment, interacting with other characters and using a virtual camera to take pictures. The person is also seen in a real-life setting, wearing a black hoodie and headphones, and interacting with the camera",Gaming
7390133152670420266,The video shows a person wearing a black shirt with a skull design and a necklace with a cross pendant. The person is standing in a room with a wooden dresser and a wall with posters. The person is wearing hoop earrings and has long hair. The person is also wearing a necklace with a cross pendant. The person is standing in front of a wall with posters. The person is wearing a necklace with a cross pendant. The person is wearing hoop earrings. The person is standing in front of a wall with posters. The person is wearing a necklace with a cross pendant. The person is wearing hoop earrings. The person is standing in front of a,1. News
7373916497896377617,"The video starts with a close-up of a chocolate cake with a creamy white filling, placed on a white plate with a floral design. The cake is surrounded by a border of rectangular biscuits with the word ""Biscoff"" written on them. A hand holding a knife slices into the cake, revealing the creamy filling inside. The scene transitions to a close-up of a bowl containing a mixture of crushed biscuits and a liquid, likely a caramel sauce. The hand stirs the mixture, and the biscuits are added to the bowl, creating a thick, crumbly mixture. The hand then places the biscuits into a clear glass pie dish, creating a border around the edge of the pie.",Entertainment & Shows
7303250453079280927,"The video is a promotional video for the Air Tahiti Nui Tiare Pass, which offers four round-trip tickets to Tahiti, Paris, Auckland, and Tokyo in economy class. The pass costs $1,525, and if you do the math, assuming each round-trip ticket costs $750, it's a very good deal. However, there's a catch: you have to fly out of LAX or Seattle for your flights, and there are only 250 passes available, which go on sale on November 25th at 9 a.m. Pacific time. The video also includes a graphic with the Air Tahiti Nui Ti",Travel & Events
7330776298576514347,A man and a woman are sitting at a table with a spinning wheel. The wheel has different colored sections and a red button in the center. The man is wearing a dark shirt and the woman is wearing a white shirt. They are both smiling and pointing at the wheel. The man is holding a pen and pointing at the wheel. The woman is holding a piece of paper. The man is talking to the woman. The woman is talking to the man. The man is talking to the woman. The woman is talking to the man. The man is talking to the woman. The woman is talking to the man. The man is talking to the woman. The woman is talking to the man.,Entertainment & Shows
7386716685945900320,"The video begins with a man in a suit and tie walking through a stadium, with a crowd of people in the background. The man is then seen sitting in a stadium, with a woman in a white jacket standing next to him. The man is then seen standing in the stadium, with a woman in a white jacket standing next to him. The man is then seen sitting in the stadium, with a woman in a white jacket standing next to him. The man is then seen standing in the stadium, with a woman in a white jacket standing next to him. The man is then seen sitting in the stadium, with a woman in a white jacket standing next to him. The man is then seen",Sports
7390820226562084139,"The video shows a group of cartoon characters standing under a rain shower. One character is holding a purple umbrella, while another character is holding a blue umbrella. The background is a fence, and it is raining. The text on the screen reads, ""When you're just trying to have a brasummer."" The characters appear to be talking to each other, and the text suggests that they are discussing the weather and their plans for the day.",Film & Animation
7361435694725696810,"The video starts with a person standing on a stage in front of a crowd, with the text ""Every headline show I make my vip pledge to be a friend to anyone who came alone to show that night."" The person is wearing a blue jacket and a pink skirt. The scene transitions to a close-up of the person, with the text ""Every headline show I make my vip pledge to be a friend to anyone who came alone to show that night."" The person is still on the stage, with the crowd visible in the background. The text then changes to ""All day long which I will get into that later,"" and the person is still on the stage. The text then changes",Entertainment & Shows
7317028968568343850,"The video is a series of humorous and instructional clips that demonstrate various ways to improve one's social skills, particularly when it comes to talking to girls. The first clip shows a person using a drill to create a hole in a wooden block, with the text ""how do I talk to girls I'm shy?"" displayed at the top. The person then uses a drill to create a hole in a wooden block, with the text ""I'm shy..."" displayed at the bottom. The next clip shows a person using a drill to create a hole in a wooden block, with the text ""I'll give you guys the best advice"" displayed at the top. The person then uses a drill to create a",Comedy
7393735339996712225,"The video features a person wearing a white and blue striped shirt with a blue collar, standing in front of a door. The person is holding a phone and appears to be speaking or reacting to something. The background is a plain wall with a door and a window. The person's facial expressions and body language change throughout the video, indicating that they are reacting to something off-camera. The video ends with the person looking at the camera with a surprised or confused expression.",Sports
7286953369133174062,"The video shows a man in a yellow shirt and black pants standing on a sidewalk next to a road. He is holding onto a large, black and white parachute. The parachute is attached to a kite that is flying in the sky. The man is preparing to take off, but he doesn't fully lift off the ground. Instead, he floats in midair, and the video appears to be in reverse. The man then starts to pump his paraglider like a bird, and he begins to go up higher. However, it almost looks like the video is in reverse.",Sports
7210197949433892142,"The video showcases a picturesque beach scene with a clear blue sky and calm ocean waters. The beach is bustling with people enjoying the sunny weather, with some lounging on beach chairs and others walking along the shore. The beach is lined with umbrellas and beach towels, indicating a popular spot for relaxation and sunbathing. The video is overlaid with text in Italian, providing a list of the beach's favorite attributes, such as its ""iconic and icy"" nature, its ""reasonable"" food options, and its ""delicious"" atmosphere. The text also mentions the presence of ""great peach Bellinis"" and ""Bagni Internazionale Clifton umbrell",Favorite beach in Capri?
7317451980497046826,"The video is a compilation of morbid facts about the Church of Scientology. It starts with a split-screen format, showing two individuals in different settings. The top half of the screen displays the title ""Morbid Scientology Facts"" and the bottom half shows the same title. The background of the top half is black, while the bottom half is white. The video then transitions to a black and white format, showing two individuals in different settings. The top half of the screen displays the title ""Morbid Scientology Facts"" and the bottom half shows the same title. The background of the top half is black, while the bottom half is white. The video continues with a black and white",Science & Technology
7346304747646848288,A group of people are shopping in a grocery store. They are looking at the shelves and picking up items. One of the people is wearing a blue vest and is holding a box of cookies. The other people are also picking up items from the shelves.,Entertainment & Shows
7357381570371603717,"The video shows a group of people dancing in a room. One person is wearing a white shirt and brown boots, while another is wearing a black and white patterned dress. The person in the white shirt is dancing with the person in the black and white dress. The person in the white shirt is also dancing with another person wearing a white shirt and brown boots. The person in the white shirt is dancing with a person wearing a white shirt and brown boots. The person in the white shirt is dancing with a person wearing a white shirt and brown boots. The person in the white shirt is dancing with a person wearing a white shirt and brown boots. The person in the white shirt is dancing with a person",1. News
7319635608945675528,"A person is dancing on a stage with a dark background. They are wearing a white shirt with a black design, striped pants, and red shoes. The person is moving their arms and legs in various ways, including jumping and spinning. They are also interacting with the audience, who are watching and clapping. The person continues to dance throughout the video, performing a series of moves and poses.",3
7288048371019926814,"The video shows a person standing outside in front of a house, wearing a white shirt. The person is holding a thermometer and pointing it at the ground. The thermometer is showing a temperature of 65 degrees. The person is also wearing a nose ring and has multiple rings on their fingers. The person is talking about the temperature being 65 degrees outside.",Science & Technology
7302492057975688490,"The video features a person wearing a tie-dye tank top with a watermelon pattern. The person is standing in front of a white wall with a gold-colored object on top of their head. The person is wearing a necklace and has long braided hair. The video includes text overlays that read ""From the river to the sea"" and ""From the river to the sea."" The video also includes a watermark that reads ""The creator of this filter is in the Filter Creator Fund, and all the proceeds go to Palestine, so if there's nothing that you think you can do to help, here's a thing you can do. That's from the comfort of your own home or",Entertainment & Shows
7289320054347468078,"The video features a person sitting at a desk with a laptop, wearing a dark shirt. The background includes a painting with a red and orange color scheme. The person is seen typing on the laptop and gesturing with their hands while speaking. The text on the screen reads ""Hobart Archie Burke's head will explode."" The person appears to be explaining or discussing something, using hand gestures to emphasize their points. The video continues with the same person, and the text on the screen remains the same. The person continues to speak and gesture, maintaining the same background and setting. The video concludes with the person still at the desk, typing on the laptop, and the text on the screen reading",News
7346011922946510126,"The video starts with a person wearing a beige hoodie and a backpack, standing outdoors in a park-like setting with trees and a street in the background. The person is wearing sunglasses with a reflective surface, and the text overlay reads, ""Reply to Cocoa's comment. I respect myself so I'm voting for RFK."" The scene transitions to a close-up of the same person, with the text overlay changing to, ""Reply to Cocoa's comment. I'm voting for RFK."" The person continues to stand in the same outdoor setting, with the text overlay remaining the same. The scene then transitions to a news article from NBC News, titled ""20",Politics
7366304208150121774,"The video features a series of individuals making heart shapes with their hands in front of them, with the text ""Millennials try new Gen Z handcart"" appearing at the top of the screen. The individuals are dressed in various outfits, including a red shirt with white text, a red jacket with ""Los Angeles"" written on it, a beige plaid jacket, a yellow jacket, and a blue and white plaid shirt. The background of each frame is different, with some showing a wall with a cactus plant and others showing a wall with a framed picture. The video also includes text at the bottom of the screen that reads ""Amy 1995"" and ""L",Entertainment & Shows
7360733570232552710,"The video features a person standing outdoors, holding a large, intricately designed clock with the text ""КУРАЕНКА"" (Ukraine) and ""КУРАЕНКА II"" (Ukraine II) on it. The clock has Roman numerals and a decorative design. The person is dressed in casual attire, including a black shirt and light blue jeans. The background consists of greenery and trees, suggesting an outdoor setting. Throughout the video, the person appears to be presenting the clock, with the text overlay providing contact information and the name of the company. The video seems to","1. Music, Singing, & Dancing"
7369576124948548897,"The video shows a person holding a red football jersey with the number 10 on it. The person is standing in a grassy field with trees in the background. The text in the video is in Russian and reads ""Когда он пишетает забывать тысячимо с подружками подружками"" (When he writes forgetting to write to his friends). The person is wearing a black shirt and is holding the jersey with both hands. The video is a humorous take on the idea of forgetting to write to friends, as the person is holding",7. Pets & Animals
7393839173922327841,A screenshot of a political poll app showing the results of a poll about whether Joe Biden or Donald Trump should win the election.,Politics
7388205937036725537,"The video shows a person wearing a blue and white jacket with the word ""Turbine"" on it. The person is sitting in a car and appears to be trying to activate their Supacell power. The person is holding a phone and looking at it, possibly trying to figure out how to activate the Supacell power. The background of the video is a car interior with a yellow sign on the wall.",1. News
7362611852360174881,"The video begins with a black screen displaying the text ""4TO ЛОВОВЬ выда ПЕРЕСТРЕЛКИ ЯНА"" in white letters, which translates to ""4TO LOVVY will give you a kiss, a kiss from the sun"". The scene then transitions to a dark, nighttime setting with a cityscape in the background. The text ""КОТОРИЙ"" appears, followed by ""КОТОРИЙ Я �",1. News
7368846954471640362,A person wearing a black sweatshirt with green text and a green graphic is standing in a kitchen. They are gesturing with their hands while talking.,Entertainment & Shows
7108772250320473349,"The video showcases various activities and attractions in the Greek island of Paros. It begins with a person standing in front of a scenic view of the island, with the text ""Paros 5 out of the box activities!"" displayed at the top. The person is wearing a red and white striped shirt and is seen gesturing and speaking. The video then transitions to a series of images, each accompanied by a text overlay. The first image shows a scenic view of the island with the text ""1. Have a meal in the traditional village of Lefkest."" The second image shows a 3.5 kilometer hike on the old Byzantine road, with the text ""2. Go to the beach",Travel & Events
7349908267742743854,"The video features a person wearing a red shirt with a black design, speaking into a microphone. The background is a room with shelves containing various items, including books and decorative objects. The person is discussing the legal team of President Donald Trump and their immunity claim. The video includes text overlays with different statements about the legal team's claims and the person's arguments. The text overlays are in different languages, including English, and discuss topics such as the legal team's claims, the person's arguments, and the legal team's immunity claim. The video also includes a quote from a legal scholar, which is not fully visible in the video.",Politics
7273897683918621994,"The video begins with a person sitting cross-legged on the field, wearing a navy blue sweatshirt with yellow text and white sneakers. The person is wearing headphones and has their hands clasped together. The scene transitions to a football player in a white jersey with yellow stripes and a black helmet, running on the field. The player is wearing a white helmet with a yellow logo. The player is then seen celebrating with a crowd of people in the background. The video then shows a football player in a white jersey with yellow stripes and a black helmet, running on the field. The player is wearing a white helmet with a yellow logo. The player is then seen celebrating with a",Sports
7374631394108181806,"The video shows a woman standing in front of a bed in a bedroom. She is wearing denim shorts and a striped shirt. The bed has a tufted headboard and is made up with white sheets and pillows. The woman appears to be talking about packing because her spouse was brought to the U.S. at age 4. She mentions that her DREAMER age 19 got married in 2017, and her daughter left the USA for h h in 2020. She also mentions that she has been living in the USA since 2017, and she has been living in the USA since 2017. She talks",Entertainment & Shows
7285324334934035745,"The video shows a man in a gym, wearing a black shirt, bending over a machine. He is surrounded by people, some of whom are watching him. The man is then seen standing up and walking away from the machine. The video ends with the man walking out of the gym.",1. News
7374137745364602155,"The video features a woman in a pink jacket and a man in a black shirt inside a car. The woman is speaking, and the man is listening attentively. The woman then gestures with her hand, and the man looks at her. The video ends with the woman continuing to speak, and the man looking at her.",1. News
7345205332383108394,"The video shows a group of people gathered around a table in a room with a stone wall in the background. The people are signing documents and appear to be involved in a humanitarian effort. The text on the screen indicates that the U.S. has deployed Marines to Haiti to airlift U.S. embassy staff out of the country and has joined security forces to reinforce the embassy. The government of Haiti has lost all credibility and power, and gangs have nearly overrun the capital. The U.S. has ruled out using troops to restore order to the nation and has called on the Prime Minister to commit to a transitional government and set up elections. Meanwhile, the U.S. has agreed",1. News
7335427690708651272,"A person is standing on a city street, talking to someone holding a microphone.",1. News
7366011789085035809,"A man in a suit and tie is standing at a podium on a stage at a conference. He is holding a cane and speaking into a microphone. There is a large screen behind him that displays the text ""antwortung führen. In Verantwortung."" The man is also holding a piece of paper and appears to be reading from it.",Politics
7383627859803393313,"The video shows a man sitting at a desk in an office, wearing a white polo shirt and black pants. He is speaking to the camera, and the text on the screen changes as he talks. The text includes phrases like ""A ENCORE,"" ""SON PORTRAT,"" ""LE SUCCES,"" ""LES ATTENTES,"" ""SEPTEMBRE,"" ""LE SIFFLE,"" ""DU MATCH,"" ""ET PUS,"" ""LACTUALITÉA,"" ""CETAI LACTUALITÉE,"" ""APRES,"" ""SYNOCOGUES PRÉS,"" ""CHAQUE GOIS,"" ""LES,"" """,Sports
7362157037511396613,A person is unpacking a large box of beauty products from a shipping box. They are holding a bottle of lotion and a tube of body mist. The person is also holding a box of hair dye and a box of hair dye remover. They are talking about the products and how to use them.,Beauty Care
7346042702347406638,"The video starts with a person sitting on a rooftop in a city with red-tiled roofs and a church with a green roof. The person is wearing a black hoodie and shorts, and they are holding a phone. The scene transitions to a person sitting on the ground, holding a phone and looking at it. The next scene shows a person sitting on the ground, holding a phone and looking at it. The scene then transitions to a person sitting on a rooftop, holding a phone and looking at it. The next scene shows a person sitting on the ground, holding a phone and looking at it. The scene then transitions to a person sitting on the ground, holding a phone and looking at",Travel & Events
7362203819721166123,"The video shows a group of children holding signs and protesting in front of a building. The signs read ""Thank you,"" ""Pro-Palestinian protests spread to even more college campuses,"" ""The protesters now getting a message of support from the people they're fighting for, the children in Gaza,"" ""We love the students of Harvard University,"" ""We hear the students of Harvard University,"" ""We respect the students of your university,"" and ""Thank you, the students of Columbia University."" The children are wearing different colored shirts, and some of them are holding up their hands in the air. The background shows a building with a sign that reads ""Reach Education Fund.""",Education
7389277272009690401,"The video begins with a view of a large white boat with a red stripe on the side, moving through a body of water. The boat is surrounded by a large cloud of white smoke, indicating that it is either burning or producing some sort of vapor. The water is calm, and the sky is overcast. The boat is moving towards the camera, and the text ""sky news"" is visible in the top left corner of the frame.

The scene then transitions to a view of a large white boat with a red stripe on the side, moving through a body of water. The boat is surrounded by a large cloud of white smoke, indicating that it is either burning or producing some sort",News
7315533802409839914,"The video features a person with long, wavy blonde hair, wearing a dark gray jacket, standing in a room with a light gray wall and a plant in the background. The person is seen gesturing with their hands while speaking, and the text on the screen provides commentary on various topics related to Islamophobia and the treatment of Christians in Palestine. The video covers a range of topics, including the mass migration of Arab Jews to Israel, the expansion of the Muslim empire, and the impact of Western civilization on the liberties enjoyed by modern societies. The person's commentary is critical of the misinformation and harmful rhetoric spread by individuals like Bill Maher, who they argue perpetuate harmful stereotypes and misconceptions about Islam",News
7355525427160452385,"The video features a woman performing on stage, wearing a black hat and a black outfit. She is holding a microphone and singing into it. The background is a large crowd of people, some of whom are taking pictures or videos with their phones. The text ""When Beyoncé points at you in the crowd"" appears at the top of the screen, suggesting that the woman is being recognized or admired by the crowd. The video also includes a text overlay that reads ""What you say? She ain't no diva She ain't no diva She ain't no diva,"" which may be a humorous or ironic take on the situation.","3. Music, Singing, & Dancing"
7368383778034601249,"The video shows a computer screen with a 3D model of a room. The room has a desk, a chair, and a recycling bin. The text on the screen reads ""Freundin: Was hast du den Garten tag gemacht? Ich: Aufgeräumt"" which translates to ""Friend: What did you do in the garden today? Me: Dirty"". The video is a humorous take on a common situation where someone asks their friend what they did in the garden, and the friend responds with a sarcastic comment.",1. News
7386720277557742880,"The video showcases a series of gymnastic performances by a female athlete, dressed in a blue leotard with a yellow and green design. She is seen performing on a green and blue gymnastics mat, with a green and red striped floor. The athlete demonstrates her strength and agility by executing a series of flips and jumps, showcasing her skill and precision. The background features a large audience seated in bleachers, attentively watching the performance. The video captures the athlete's movements in detail, highlighting her athleticism and the supportive environment of the event.",Sports
7297944147648924961,"The video showcases the process of making Slow Cooker French Onion Soup. It begins with a close-up of a white ceramic pot filled with golden-brown, crispy bread slices, followed by a close-up of a white ceramic pot filled with a creamy, brown soup. The video then shows a hand holding a piece of bread above the pot, followed by a hand placing the bread slices into the pot. The next scene shows a hand holding a spoon over a black ceramic pot filled with the soup, followed by a close-up of the soup being stirred with a spoon. The video concludes with a close-up of a hand holding a piece of bread above the pot, followed by a",17. Food
7400109280008867114,"The video features a person wearing a white t-shirt with blue and red text that reads ""HARRIS FOR PRESIDENT"" and a gold necklace. The person is sitting on a bed with a white blanket and a black headboard in the background. The person is making hand gestures and talking to the camera. The text on the t-shirt is in a bold, sans-serif font. The person is wearing a gold necklace with a pendant. The person is making hand gestures and talking to the camera. The text on the t-shirt is in a bold, sans-serif font. The person is wearing a gold necklace with a pendant.",Politics
7331415226442730757,"The video showcases a vibrant and energetic performance by a group of individuals, likely a band or a group of dancers, on a stage with a dynamic and colorful background. The performers are dressed in a variety of outfits, including camouflage jackets, red and white outfits, and black jackets with white accents. They are seen dancing energetically, with some individuals holding microphones and others performing synchronized dance moves. The stage is illuminated with bright lights, creating a lively atmosphere. The video also includes text overlays in Korean, which provide context and commentary on the performance, such as ""아침반칙"" (morning snack) and ""성남 �","Music, Singing, & Dancing"
7307346522234998049,"The video features a woman sitting on a white couch in a living room. She is wearing a dark-colored top and has long, dark hair. The background is a simple, neutral color, and there are no other people or objects visible in the scene. The woman appears to be speaking, as indicated by her mouth movements and facial expressions. The text overlay on the video reads, ""me when someone asks why I love to watch The Kardashians,"" suggesting that the woman is expressing her love for the reality TV show ""The Kardashians.""",8. Entertainment & Shows
7362216509206236449,"The video begins with a person holding a package of ""Spa Frish"" bath bombs, followed by a close-up of a box of ""Cien"" bath salts. The person then picks up a bag of ""Bake & Crisp"" ice cream, and the video continues with a close-up of a bag of ""Bake & Crisp"" ice cream. The person then picks up a bag of ""Head & shoulders"" shampoo, followed by a bag of ""Head & shoulders"" conditioner. The video then shows a bag of ""Head & shoulders"" shampoo and conditioner, followed by a bag of ""Head & shoulders"" body wash. The video then shows a bag of",1. News
7396760829498002720,"A woman with long, wavy blonde hair is standing in front of a bookshelf filled with various books. She is wearing a white tank top and is gesturing with her hands as she speaks. The text on the screen is in German and includes phrases such as ""warum ich die Bücher nicht mehr verkaufe"" (why I no longer buy books), ""warum ich nicht einfach in die Bücherei gehe"" (why I no longer go to the bookstore), and ""warum ich nicht einfach in die Bücherei kaufe"" (why I no longer buy books). The woman appears",Entertainment & Shows
7343145915886193926,"A man and a woman are standing on a cobblestone street at night. The man is wearing a red jacket and blue jeans, while the woman is wearing a black leather jacket and brown pants. They are talking to each other, and the man is holding a microphone. The background shows a building with a sign that reads ""Зазвичай, коли до мене підходять і кажуть, можна вам розказати залог? На наступний день мені пишу",Entertainment & Shows
7368596585594359083,"The video starts with a person in a studio setting, speaking into a microphone, with a background that includes a neon sign and a large screen displaying the text ""POWERED BY FREEDOM."" The person is wearing a white shirt and is gesturing with their hands while speaking. The scene transitions to a large crowd of people gathered in a public space, holding signs and banners, with the text ""IN BG"" displayed at the top of the screen. The video then shows a split-screen format, with the person in the studio on the left and the crowd on the right. The text ""POWERED BY FREEDOM"" is displayed at the top of",Politics
7395305751469772075,"The video shows a woman with long, wavy hair wearing a purple top and a heart-shaped necklace. She is sitting in the driver's seat of a car, and the interior of the car is visible. The woman is talking to the camera and making hand gestures. The video ends with the woman continuing to talk and make hand gestures.",Politics
7278695690522348843,"The video features a person wearing a green hoodie with a graphic on it, sitting in an airplane. The person is speaking and gesturing with their hands. The background shows the interior of the airplane, with seats and overhead compartments visible. The person is also seen holding a small object, possibly a phone or a remote control. The video includes a series of images and text overlays that provide information about Mr. Beast's net worth and his contributions to the entertainment industry. The person in the video appears to be discussing Mr. Beast's net worth and his impact on the entertainment industry.",Entertainment & Shows
7344030729531067680,"A man in a suit and tie is talking to another man in a suit and tie. They are in a room with a lot of people in the background. The man in the suit and tie is holding a microphone and talking to the other man. The other man is listening to him and nodding his head. The man in the suit and tie is saying something to the other man, but the other man is not responding. The man in the suit and tie is talking to the other man, but the other man is not responding. The man in the suit and tie is talking to the other man, but the other man is not responding. The man in the suit and tie is talking to the",Politics
7395616033127648554,The video shows a woman in a black outfit standing in a room. She is holding a black bag and appears to be taking a selfie in front of a mirror. The room has a bed and some furniture in the background. The woman is wearing a black shirt and black pants.,1. News
7347525697591725355,"A person wearing a green shirt with the text ""THEY'RE NOT THEY'RE NOT THEY'RE NOT THEY'RE NOT THEY'RE NOT THEY'RE NOT THEY'RE NOT THEY'RE NOT THEY'RE NOT THEY'RE NOT THEY'RE NOT THEY'RE NOT THEY'RE NOT THEY'RE NOT THEY'RE NOT THEY'RE NOT THEY'RE NOT THEY'RE NOT THEY'RE NOT THEY'RE NOT THEY'RE NOT THEY'RE NOT THEY'RE NOT THEY'RE NOT THEY'RE NOT THEY'RE NOT",Politics
7376404436505136416,"The video is a humorous take on a traffic warden's interactions with pedestrians. The warden, dressed in a uniform with a yellow hat and a checkered shirt, is seen interacting with various individuals, including a man in a blue hat and a man in a black hat with a yellow band. The warden's interactions are depicted as humorous, with the warden making exaggerated gestures and statements, such as ""I work for Queen and country"" and ""I will conduct an event here in the name of Queen Elizabeth II."" The warden also makes a statement about parking, saying ""You people make me sick. What are you going to do if I just drive off?"" The video ends",Entertainment & Shows
7341059462687509803,"The video is a compilation of various images and text overlays that suggest that Kate Middleton is confined in a tower, possibly deceased, and that Camilla Parker may be responsible for this situation. The text overlays indicate that this information is confirmed by various media outlets and that it is a conspiracy theory. The video also shows images of Kate Middleton and Camilla Parker, as well as other individuals, in various settings, including formal events and outdoor settings. The video concludes with a statement that an investigation should be carried out, but it is unclear if this has been done.",News
7357877605581802795,"A video game scene where a character is being chased by another character. The first character is running through a cityscape, while the second character is following closely behind. The first character is wearing a white shirt and black pants, while the second character is wearing a black outfit with red and white stripes. The first character is also carrying a flashlight. The first character eventually reaches a building and hides behind it, while the second character continues to search for the first character.",Gaming
7348220196772990254,"The video starts with a person wearing a black cap and glasses, sitting in front of a laptop. The person is wearing a light blue shirt with a red and white design on the front. The person is holding a pen and pointing at the screen of the laptop, which displays a website that cannot be reached. The website is trying to reach a site that is blocked by the Great Firewall of China. The person is also holding a piece of paper with a red and white design on it. The person is talking about the censorship in China and how it affects the internet. The person is also talking about the lack of freedom in China and how it affects the people. The person is also talking about",Politics
7323547689201765664,"The video showcases a person in a garage, wearing a black shirt with a white logo and a black cap, discussing the 5 cars from Italy. The person points to a green sports car and then to a red sports car, both of which are displayed in the garage. The person continues to discuss the cars, with the text ""5 cars from one country, Italy edition"" displayed at the top of the screen. The person also mentions that they do not own any of the cars on the list, but they are planning to include them in a future list. The video ends with the person looking at the camera and smiling.",Sports
7388973620116180257,"A man in a suit and tie is giving a speech at a podium. The text on the screen reads ""Jordan Bordea: 'vous seraiez, vous jusqu'à la victoire'"".",Politics
7392691382218935583,"The video starts with a group of people in white shirts with black designs, standing in a room with a red background. They are holding a black bag with a white logo. The scene then shifts to an airport where a man and a woman are standing in front of a building with a sign that reads ""Welcome to Terminal 4"". The video then shows two men standing in front of a building with a sign that reads ""Welcome to Terminal 4"". The scene then shifts to a group of people standing in front of a building with a sign that reads ""Welcome to Terminal 4"". The video then shows a group of people standing in front of a building with a sign that reads ""Welcome to",Sports
7323689375043243269,"The video features a white cat standing on a blue couch in a well-lit room with wooden floors and a chandelier. The cat is holding a small object in its paws, possibly a toy or a treat. The cat appears to be interacting with someone off-camera, as it looks towards the camera with a curious expression. The text on the screen reads ""Вам покачиваю карьинкой иконкой"" (I'm making a cat icon for you), suggesting that the cat is being used to create a visual representation of a cat. The cat's body language and facial expressions change throughout the video,",Friends
7383363724628725024,"The video shows a group of people walking down a runway in a large, industrial-looking room. The people are dressed in various outfits, including some in black and others in different colors. The audience is seated on either side of the runway, watching the models as they walk.",Fashion
7339981163756490030,"The video shows a person's hands with long, bright pink nails, which are being painted with a bright pink polish. The person is using a nail polish brush to apply the polish to their nails. The video also shows a nail dryer in the background, which is used to dry the nails after they are painted.",Beauty Care
7318033407785569569,"The video showcases a red Mercedes-Benz car with a carbon fiber badge on the side, indicating it is a high-performance vehicle. The car is parked in front of a parking structure, and the video includes text overlays that provide information about the car and its features. The text overlays include names such as ""Brabus,"" ""Buschmann,"" and ""Brabus,"" which likely refer to the company and the founder, respectively. The video also includes text overlays that describe the car's performance, such as ""It's not a car that you should be driving. You're from a different class of people of people basically so he had to sell the car and",11. Entertainment & Shows
7361467847190760750,"The video features a person sitting in a room with a colorful wall covered in various posters and decorations. The person is wearing a gray hoodie and is speaking to the camera. The text overlay on the video reads, ""I'm not afraid to admit I'm not afraid to admit I'm not afraid to admit I'm not afraid to admit I'm not afraid to admit I'm not afraid to admit I'm not afraid to admit I'm not afraid to admit I'm not afraid to admit I'm not afraid to admit I'm not afraid to admit I'm not afraid to admit I'm not afraid to admit I'm not afraid to admit I'm not afraid to admit I'm not afraid to admit",Entertainment & Shows
7323131799310306590,"The video is a series of interviews with Jeff Bezos, the founder and CEO of Amazon.com, conducted in various locations and settings. The video begins with a man in a blue shirt and gray pants walking down a hallway, followed by a man in a blue shirt and gray pants sitting in a chair. The text ""Jeff Bezos interview on Amazon in 2000"" appears at the top of the screen, indicating the year and the context of the interview. The video then transitions to a man in a blue shirt and gray pants sitting in a chair, with the text ""Jeff Bezos interview on Amazon in 2000"" at the top of",Entertainment & Shows
7353311795374738721,"The video features a person sitting on the floor, wearing a gray hoodie and black pants, with a blanket featuring a yellow and white pattern draped over their shoulders. The individual is seated in a room with a carpeted floor and a brick wall in the background. The person appears to be in a state of contemplation or reflection, as indicated by the text overlay on the video. The text reads: ""Pov: t'es en même temps, tu n'as toujours suivis son car, mais tu n'as toujours suivis son car, mais tu n'as toujours suivis son car, m",1. News
7329621030023089440,"The video shows a group of people standing in a room, with one person wearing a white hoodie and another wearing a black top. They are posing for a photo together.",1. Entertainment & Shows
7261278269884992795,The video shows a group of people dancing on a stage with bright lights. The crowd is cheering and taking photos.,"Music, Singing, & Dancing"
7397527101143878954,"A man in a suit and tie is speaking at a podium in a formal setting. He is addressing a group of people, likely in a congressional hearing. The text on the screen is in yellow and white, and it appears to be a question or statement being made by the man. The setting is formal, with a background that includes a sign with the date and time of the hearing. The man is gesturing with his hands as he speaks, and the text on the screen is in a question format, asking about the number of agents protecting the president.",Politics
7353267784886897952,"Two men are sitting at a counter in a room. One man is wearing a yellow jacket, and the other man is wearing a white hoodie. They are talking to each other.",Entertainment & Shows
7351137146004114693,"The video showcases a thrilling soccer match between two teams, one in yellow and the other in blue. The match is intense, with players from both teams displaying remarkable athleticism and skill. The video captures a series of key moments, including a player in blue being tackled by a player in yellow, resulting in a fall. The video also highlights a player in yellow making a powerful shot, which is deflected by a player in blue. The video concludes with a player in blue scoring a goal, with the crowd erupting in celebration.",5. Sports
7312903813122280746,The video shows a group of farmers protesting against the draconian regulations against ethm. Now they are literally spraying cow shit at government officials.,Politics
7357063093962214689,"The video features a person wearing a black jacket with white zippers and a pearl necklace. They are standing in front of a window with blinds and a white curtain. The person is speaking in German, and the text on the screen reads ""wie ich in die Deutsche abprüfung rei gehe am."" The person is gesturing with their hands and appears to be explaining something.",1. News
7374800691677629729,"The video features a red truck with the text ""MULGREW"" on it. The truck is parked on a road, and there are several people standing around it. One person is wearing a black shirt and is holding a microphone. The text at the top of the video reads ""How do you step 4 hours and ovvk15 hours,"" and the text at the bottom reads ""It's in my blood."" The video seems to be a humorous or satirical take on a specific time frame, possibly related to a video game or a challenge.",Comedy
7350964297381498154,"A person is rummaging through a pile of trash bins, including black and blue ones, in a well-manicured garden. The person is wearing a black outfit and black sneakers. The trash bins are filled with various items, including plastic bags, cardboard boxes, and other debris. The person is seen opening the trash bins, revealing the contents inside. The trash bins are labeled with different types of waste, such as ""Recyclable"" and ""Non-Recyclable."" The person is also seen wearing a face mask and gloves while rummaging through the trash.",Entertainment & Shows
7405044080729787678,"The video shows a woman standing at a podium, holding a book. She is wearing a blue suit and has long hair. The background is a stage with a blue and red background, stars, and a large American flag. The text on the screen reads ""DNC speaker briggugot at copy of Proj:2025"" and ""2023"". The woman is speaking into a microphone. The video also shows a man in a colorful shirt with yellow flowers, sitting in the audience. The text on the screen reads ""DNC speaker briggugot at copy of Proj:2025"" and ""2023"". The man is",Politics
7337416931965685034,"The video features a person standing in front of a tree, wearing a plaid shirt. The person is speaking and gesturing with their hands. The background is a natural setting with trees and a wooden bench. The person is discussing the topic of renewable energy and the carbon footprint of Umatilla Electric Cooperative. They mention that Amazon has built data centers in Boardman and Hermiston, which require a lot of electricity. The person also mentions that Amazon plans to build more data centers in eastern Oregon in the coming years. The video ends with a call to action for viewers to read more at the Oregonian's website.",Science & Technology
7283933352267337002,"The video features a woman in a white t-shirt with the word ""PINK"" on it, wearing a black hair wrap. She is sitting on a couch and talking to the camera. The text ""Mother Gothei but make her Desi"" appears on the screen, suggesting that the woman is a mother who is proud of her daughter's cultural identity. The video then transitions to a woman in a traditional Indian outfit, wearing a red and gold sari with intricate embroidery and jewelry. She is standing in front of a purple background, and the text ""Rapunzel, look at that now. You know what I see? I see a strong, confident, beautiful young lady.",1. News
7353365116554956074,"A person wearing a colorful jacket with yellow, green, and purple colors is standing in front of a disco ball. The background is a vibrant, colorful, and reflective surface, possibly a dance floor or a similar setting. The person is smiling and appears to be enjoying themselves. The text at the top of the screen reads ""YOU ARE MY SUNSHINE BATTLE ROUND OF 16 #4"" and ""2. Chines sunshine."" The person is wearing sunglasses and has a beard. The video is a humorous take on the concept of a ""battle round"" of 16, where two individuals are competing against each other in a dance battle. The person",1. News
7398943500328242463,A person is making a set of dice with glitter and pink resin. They are using a green mold and pink resin to create the dice. The person is wearing purple gloves and is working on the mold. They are also using a purple liquid to add color to the resin. The person is excited about the project and hopes that the dice will turn out well.,Entertainment & Shows
7386453398792441131,"A person with long braided hair is sitting on a bed with a blue blanket. They are wearing a white t-shirt with the words ""I FEEL GREAT"" written on it. The person is holding a makeup brush and a makeup palette. They are applying makeup to their face and talking to the camera. The person is also holding a makeup brush and a makeup palette. They are talking to the camera and showing the makeup palette to the camera. The person is also holding a makeup brush and a makeup palette. They are talking to the camera and showing the makeup palette to the camera. The person is also holding a makeup brush and a makeup palette. They are talking to the camera and",Beauty Care
7348462120817790240,The video shows a man in a blue jacket shopping in a grocery store. He is looking at a shelf of snacks and picks up a box of Cathedral City cheese. He then picks up a box of Cathedral City cheese sticks and continues to shop. The video ends with the man holding the box of Cathedral City cheese sticks and looking at the camera.,Entertainment & Shows
7360235976494550304,"The video features a series of individuals attempting to jump over a wall in a trampoline park. The first person, wearing a white t-shirt and blue shorts, is seen jumping over the wall. The text ""あなたはないらっち"" (You are not a trampoline) appears on the screen, suggesting a humorous or ironic commentary on the person's attempt. The second person, dressed in black, attempts to jump over the wall but falls short. The third person, wearing a white t-shirt and blue shorts, is seen jumping over the wall again, with the text ""あなたは",プリントプリント
7347591598408043808,"The video starts with a map of the United States, with the text ""Random City USA"" overlaid. The map is color-coded, with different states and cities labeled. The scene then transitions to a close-up of a building with the text ""Sterling"" on it. The building is shown from different angles, including a side view and a front view. The video then shows a wide shot of a residential area with a flagpole and a sign that reads ""Sterling."" The scene transitions to a wide shot of a rural landscape with a train track and a sunset in the background. The video then shows a panoramic view of a city with a park in the foreground.",Travel & Events
7310063052341185823,"The video starts with a person in a gray shirt standing in front of a wooden structure, holding a large, transparent, rectangular object. The object is shown to be a panel that can bend light, making it invisible. The text on the screen reads ""has"" and ""is"" as the person rotates the panel. The scene then shifts to a person in a suit standing on a stage, holding a microphone, with the text ""has"" and ""is"" still visible. The video then shows a news article from Bilibili, titled ""China and the development of science fiction than magic,"" dated November 28, 2020, with the text ""has"" and """,Science & Technology
7380812058167708960,"The video is a humorous comparison of two football players, Jamal and Jude Bellingham, from Germany and England, respectively. The video is divided into several sections, each highlighting different aspects of their careers and personalities.

The first section introduces Jamal, who was born in Germany but moved to Southampton at age seven. It mentions that he scored six goals in the first 10 minutes of his trial and was offered a contract by Chelsea for 180,000 pounds. However, he was eventually signed by Bayern Munich for 10 million pounds.

The second section focuses on Jude Bellingham, who was born in England but moved",Sports
7377701670077205803,"The video shows a person with long hair, wearing a black top and a necklace, in a room with a lamp and a mirror. The person is talking about not wanting to dye their hair pink, but the parasites in them want them to. The person then says they don't want to eat candy, but the parasites in them want the candy. The person then says they don't want to drink liquor, but the parasites in them want the liquor. The person then says they don't want to dye their hair pink, but the parasites in them want the hair dye. The person then says they don't want to eat candy, but the parasites in them want the candy. The person then says",1. News
7309888375023045931,"The video features a person wearing a blue jacket with a red and white logo on the front, standing in front of a wall with various tools hanging on it. The person is wearing a beanie and has a beard. The video is divided into several segments, each with different text overlays. The text overlays include phrases such as ""don't escalate,"" ""republican take,"" ""republican take,"" ""republican take,"" ""republican take,"" ""republican take,"" ""republican take,"" ""republican take,"" ""republican take,"" ""republican take,"" ""republican take,"" ""republican take,"" ""rep",Politics
7312875354220285215,"The video starts with a man in a dark suit, white shirt, and red tie standing in front of a night cityscape backdrop. He is speaking and gesturing with his hands. The scene transitions to a live broadcast of a man in a dark suit, white shirt, and red tie speaking at a podium with the text ""TRUMP"" and ""Iowa 06/02/2022"" on the screen. The man is addressing a crowd, with the text ""TRUMP RALLIES SUPPORTERS COVERAGE"" and ""SCOTT TO RALLY SUPPORTERS COVERAGE"" displayed on the screen. The",Politics
7283816318883679531,"The video is a series of frames showing a person with long blonde hair wearing a black shirt with the word ""WASTE"" on it. The person is standing in front of a white background with a list of things that you might not know about teaching in 2023. The list includes items such as meetings just to announce the day of, students growing up around technology but they literally don't know how to google, overstimulated classrooms and lab classrooms are the normal gone are the days where students just do work quietly that doesn't exist anymore, overstimulated at all hours of every single day, and out of 25 students, 17 don't turn in",Education
7317764806767922475,"A woman and a child are playing in a snowy forest. The woman is standing in a metal container filled with ice, while the child is sitting in a plastic container filled with water. The woman is using a black tool to break the ice, and the child is playing in the water. The woman is wearing a leopard print top and light-colored leggings, while the child is wearing a blue and white patterned outfit. The woman is smiling and laughing as she plays with the child.",Entertainment & Shows
7395290316569382174,"The video features a woman wearing a leopard print top and glasses, standing in front of a blurred background. She is speaking, and the text overlay on the screen reads, ""Я давально сделаем приз с лавальным сделаем приз тк калибровось тк оставим в комментарии, кичайте разкивишись последний давально сделаем приз",1. News
7358143601869671685,"The video showcases a breathtaking sunset over the ocean, with the sun setting in the horizon and casting a warm glow over the water. The sky is painted with hues of orange, yellow, and pink, creating a stunning visual effect. The waves gently crash against the shore, adding to the serene atmosphere. The video captures the beauty of nature in its most tranquil state, with the sun's rays reflecting off the water and the sky's vibrant colors.",Travel & Events
7366140924629470496,"The video shows a woman in a white outfit standing next to another woman in a long, elegant dress with intricate designs and gold accents. The woman in the white outfit is wearing a white jacket and has long blonde hair. The woman in the dress is posing for the camera, and the background shows a crowd of people and a photographer. The video also shows a close-up of the woman in the dress, with the text ""Dunni Adepitan"" and ""Please who is this queen???!!!?"" appearing on the screen. The video also shows a woman in a white outfit standing next to a woman in a long, elegant dress with intricate designs and gold accents. The woman",Entertainment & Shows
7380810864477130016,"The video is a series of images showing a person in a red raincoat driving a car. The car is surrounded by a red and black background, and the person is wearing a yellow raincoat. The text on the screen says ""Can't stop the power"" and ""*Stops the power*"". The person is driving through a city, and there are other cars and buildings in the background. The video ends with the person driving away from the camera.",1. News
7346779567639498026,"A person with long, wavy hair is wearing a black top and has pink hair clips in their hair. They are holding a lip gloss tube and applying it to their lips. The background is plain and light-colored. The person is wearing a black top and has pink hair clips in their hair. They are holding a lip gloss tube and applying it to their lips. The background is plain and light-colored. The person is wearing a black top and has pink hair clips in their hair. They are holding a lip gloss tube and applying it to their lips. The background is plain and light-colored. The person is wearing a black top and has pink hair clips in their hair. They",Beauty Care
7299554274827046187,"The video features a person in a dark blue shirt with a necklace and a pendant, speaking in front of a plain background. The person is seen gesturing with their hands while speaking, and the text on the screen provides context and information about the history of Palestine and the Palestinian people. The video includes various texts and images, such as a book cover titled ""Palestine: The Construction of Modern Palestinian Identity"" by R.S. Khalidi, and a quote from Edward Said. The person in the video is seen discussing the history of Palestine, including the Ottoman Empire, the British Mandate, and the Palestinian nationalist movement. The video also includes a quote from Zahir al-",Politics
7348934489122327841,"The video is a compilation of various scenes from a large public demonstration, likely a protest or rally, with a focus on political and social issues. The footage shows a diverse group of people, including individuals holding signs and banners, engaging in discussions and interactions with each other. The signs and banners contain messages such as ""VOTE,"" ""VOTE,"" ""VOTE,"" ""VOTE,"" ""VOTE,"" ""VOTE,"" ""VOTE,"" ""VOTE,"" ""VOTE,"" ""VOTE,"" ""VOTE,"" ""VOTE,"" ""VOTE,"" ""VOTE,"" ""VOTE,"" ""VOT",Politics
7282317561864260897,"The video showcases a series of scenes featuring a steam locomotive train, with the text ""Steampunk conversion"" appearing at the bottom of the screen. The train is seen traveling through a forested area, with steam billowing from its smokestack, and passengers can be seen on the train. The train is also seen in a station, with people standing on the platform. The video also includes scenes of a vintage-style chair, a collection of steampunk accessories, and a person dressed in a steampunk costume. The video concludes with a view of the train traveling through a forested area, with steam billowing from its smokestack.",1. Entertainment & Shows
7343605850105318658,"A person is playing the piano with their hands. The piano is illuminated by a spotlight, and the person's hands are visible on the keys. The video shows the person playing different notes and chords on the piano.","Music, Singing, & Dancing"
7349023065575083306,"A woman in a red dress is standing on a stage at a conference, speaking to the audience. She is holding a microphone and gesturing with her hands. The audience is watching her and listening to her speech. The woman is wearing a red dress and is standing on a stage at a conference. She is holding a microphone and gesturing with her hands. The audience is watching her and listening to her speech. The woman is wearing a red dress and is standing on a stage at a conference. She is holding a microphone and gesturing with her hands. The audience is watching her and listening to her speech. The woman is wearing a red dress and is standing on a stage at a conference.",Politics
7223384947938053418,"The video shows a person wearing a dark blue shirt with green text on it. The person is standing in a kitchen with a tiled floor. There are two armadillos on the floor, one is light-colored and the other is dark-colored. The text on the screen reads, ""Armadillos have been given a reputation, specifically the nine banded armadillo that is from the American South. And the reason for this is because they are known for being able to carry leprosy. Leprosy is a very ancient disease that is actually in modern times, not only very curable, but it's actually kind of a weak disease. It basically, if it's too",Sports
7386641138611981601,"The video features a person wearing a brown jacket and a blue and white checkered shirt. The person is being painted with makeup by another individual, who is applying makeup to the person's face. The makeup application process is shown in detail, with the person's face being covered in makeup and the makeup artist carefully applying it. The video then transitions to a close-up of the person wearing a black military-style uniform, complete with a hat and gloves. The uniform is detailed with gold accents and a belt. The video concludes with a close-up of the person wearing the black military-style uniform, with the text ""sa kurosaki"" visible on the screen.",1. Entertainment & Shows
7314163714402340102,"The video begins with a close-up of a warp gate, which is a circular structure with a glowing blue light emanating from it. The gate is surrounded by a dark background with small white dots, which represent stars. The gate is shown in different angles, with the light swirling and changing colors, creating a sense of motion and energy. The text ""This Is How A Warp Gate slows down a ship as it exits a hyper lane"" appears at the top of the screen, indicating the purpose of the warp gate. The video then transitions to a scene from a movie or TV show, where a spaceship is seen entering the warp gate. The spaceship is shown in a close-up, with",This is how a warp gate slows a ship down to exit a hyper lane.
7385499788764040481,A person is holding a Kinder chocolate bar in a white container. The person is then seen cutting the chocolate bar into smaller pieces. The video shows the person's hands as they cut the chocolate bar into smaller pieces.,Entertainment & Shows
7276776260431367467,"The video is a montage of a man in a suit and tie speaking into a vintage microphone, with text overlaid on the screen. The text appears to be a list of statements made by the man, which include things like ""Anything I've done in my guise as an SS colonel was sanctioned by the OSS as a necessary evil to establish my cover with the Germans,"" and ""I want my full military pension and benefits under my proper rank."" The man is seen in various settings, including a dark room and a bar, and the text changes to reflect the different statements he is making. The video does not contain any other objects or people, and the focus is solely on the man",Politics
7372265021042101550,"The video is a series of clips showing a person with long hair, wearing a black shirt, in a room with a window with blinds and a decorative item on the wall. The person is making various hand gestures and movements, and there is text overlaid on the screen that reads ""Reply to tynesy, ca's comment"" and ""Glasgow."" The person appears to be engaged in a conversation or reacting to something, as indicated by their hand movements and facial expressions. The video also includes a text overlay that reads ""What did I think about Glasgow, Scotland? Well, let me tell you, Glasgow probably got the most tens out of any place I went in the UK in",Travel & Events
7373730224879521056,"The video features a tiger, depicted in a striking color scheme of orange, black, and white, with a blue object in its mouth. The tiger is positioned on a dark background, with a light-colored surface beneath it. The tiger's body is detailed with stripes, and its face is prominently displayed, showcasing its fierce expression. The video appears to be a close-up of the tiger, with the focus on its face and the object in its mouth.",7. Sports
7326266761773436166,"The video features a person wearing a black sweatshirt with white text on it, sitting in front of a wall adorned with various posters and a guitar. The individual appears to be speaking, as indicated by their mouth movements and hand gestures. The background includes a bed with a blue blanket and a window with blinds. The person's facial expressions and body language suggest they are engaged in a conversation or monologue. The video does not contain any discernible text or captions.",1. News
7371461402030034218,"The video shows a man in a suit and tie standing in an office. He is holding a piece of paper and looking at it. The background shows a window with blinds and some furniture. The man is speaking to the camera and the text on the screen is in English. The text says, ""And if Jewish people are gonna vote for Joe Biden, they have to have their head examined. The last person I'm gonna take advice from as a Jewish person is a known anti-Semite who's had dinner with anti-Semites, who said there was good people on both sides after Charlottesville. He's the last person I'm gonna take advice from.""",Politics
7367380929913900320,"The video shows a person wearing headphones and standing on a road. The person is wearing a black shirt and gray shorts. The background is a clear blue sky with some clouds. The person is talking about wearing shorts in the summer, but not in the heat. The person also mentions that they wear a sweater in the summer.",1. News
7306264195475983622,"The video features a group of dancers performing on stage. The central figure is a woman with long, wavy hair, wearing a black top and a beige skirt with a chain belt. She is adorned with multiple gold necklaces and white gloves. The background is a vibrant, colorful display with various hues of red, green, and purple. The dancers move in sync, executing a choreographed routine. The woman in the center is the focal point, with her movements and expressions conveying a sense of energy and passion. The video captures the dancers' synchronized movements and the overall atmosphere of the performance.","3. Music, Singing, & Dancing"
7360919706913525035,"The video is a series of frames showing a puzzle game with a watermelon pattern. The game is set against a black background with a red border. The numbers 00:00 to 00:30 increase as the game progresses, indicating the number of moves made. The game is challenging, and the player is trying to solve the puzzle by moving the pieces around. The video also includes text that reads ""USE THESE FILES even if it's your daft's save the effect and boost videos using them then"" and ""USE THESE FILES even if it's your daft's save the effect and boost videos using them then"" in red and",1. News
7380730540061691178,"The video begins with a black screen that gradually reveals a green and black gradient, transitioning to a green background with the Hulu logo in the center. The logo changes to ""Hulu Originals"" in a similar green and black gradient. The scene then shifts to a silhouette of a person standing against a dark background, with the silhouette gradually becoming more defined. The person is then shown in a close-up, with the focus on their hands and fingers. The video concludes with a black screen, followed by a series of metallic, 3D-like text that reads ""A COURT OF THORNS & ROSES."" The text appears to be floating in the air, with a",Entertainment & Shows
7355249683469454634,"The video features a person standing on a beach during sunset, with the ocean waves gently lapping at the shore. The individual is wearing a white hoodie and a baseball cap, and is seen from the back. The person is holding a white object, possibly a phone or a camera, and appears to be looking at the camera. The background is a serene beach scene with the sun setting in the sky, casting a warm glow over the water. The person is standing on the wet sand, with the waves gently lapping at the shore. The video includes text overlays that read, ""the joy of Jesus, the security of Jesus, the peace of Jesus, the love of Jesus, the","the joy of jesus, the security of jesus, the peace of jesus, the love of jesus, the being of jesus, through jesus, having the will to live through jesus, having the will to live through jesus, having the will to live through jesus, having the will"
7387743887940390177,"The video features a person wearing a white sweater with a zipper, standing in a room with a red door in the background. The person is holding their hair up with one hand and appears to be speaking. The text overlay on the video reads, ""Someone in their twenties says they aren't voting."" The person then gestures with their hand, possibly emphasizing a point or making a statement. The video ends with the text, ""You're not really into politics? Okay, fair enough. But what are you into? Transformers? Pokemon, you fucking child?""",1. News
7297354768928853294,"The video is a series of text-based messages from a person discussing their experiences with buying and stocking HEB products. The person mentions difficulties in keeping store stock, the importance of variety packs and POG, and plans to launch new Buc-ee's test stores. They also mention a VIP phone number list and upcoming new nectar flavors. The video is a mix of text messages and a person speaking in front of a wall with comic book posters.",Entertainment & Shows
7374908166175280427,"The video showcases a series of steps in preparing a dish, likely tacos, with a focus on the preparation of the shrimp and the final presentation of the dish. The video begins with a close-up of a hand holding a piece of shrimp, which is then placed into a bowl of marinade. The shrimp is then coated in a red sauce and mixed with chopped onions and cilantro. The shrimp is then fried in a pan with oil, and the video shows the shrimp being cooked until they are golden brown. The shrimp are then placed on a plate with a side of salsa and sour cream. The final step is shown with a close-up of the finished dish, which includes the shrimp",Food
7377866805823491371,"The video features a person with curly hair, wearing a dark blue shirt, standing in a room with a poster of a dragon on the wall. The person is speaking, and the text overlay on the screen reads, ""You could kiss any woman in the world, feet, who would it be?"" The person then points to themselves and says, ""Megan Fox."" The scene transitions to a close-up of the person, with the text overlay changing to, ""Daenerys."" The final frame shows a person sitting on a throne, with the text overlay reading, ""If you can kiss any woman in the world, feet, who would it be?"" The person on the throne is wearing",8. Entertainment & Shows
7149700277782760746,"The video shows a person lying on a bed with a pink blanket. The person has long hair and is wearing a black shirt. The background is dark, and there is a cat on the bed. The person is holding a phone and appears to be recording themselves. The text on the screen says ""I like natalie dreams... are like this.""",Pets & Animals
7384004708165242144,"The video features a person sitting in a chair in a room with wallpaper and framed pictures on the walls. The person is wearing a light blue sweater and is holding a phone. The person is speaking and gesturing with their hands. The video includes a photograph of a black and white dog sitting in a field of tall grass with red flowers in the background. The person is talking about the dog and its name, Mika. The person also mentions that the dog is a live wire and has a wide back leg. The person is also talking about the dog's hip area and how it might give her trouble as she gets older. The person is also talking about another Jack Russell dog that is in",Entertainment & Shows
7314367547862781226,"The video begins with a view of a snowy forest, with trees covered in snow and a path leading through the woods. The camera pans across the forest, showing the snow-covered ground and the trees in the background. The scene then shifts to a close-up of a pine tree, with snow covering its branches. The camera then pans to show the forest floor, with snow-covered rocks and trees in the background. The video continues with a view of the snowy forest, with trees covered in snow and a path leading through the woods. The camera pans across the forest, showing the snow-covered ground and the trees in the background. The scene then shifts to a close-up of a",Science & Technology
7340337384652934446,"The video is a series of images showcasing various individuals with captions providing information about their names and relationships. The captions include names such as Malia Obama, Angelina Jolie, Redfoo, Sky Blue, Nicolas Cage, and Francis Ford Coppola. The images depict people in different settings, including formal events and casual gatherings. The captions provide context about the individuals' names and their relationships to each other. The video does not contain any audio or video content, only text descriptions.",Entertainment & Shows
7333801200875261185,"The video begins with a dark blue background featuring a world map with a digital texture. The text ""An Election Year Guaranteed To Divide Us"" is prominently displayed in white, capital letters. The scene transitions to a split-screen view with a man in a suit and tie on the left and a man in a suit and tie on the right. The man on the right is gesturing with his hands. The text ""A Second Term We Can All Agree On"" appears in white, capital letters. The video then shows a blue background with the text ""THE DAILY SHOW"" in white, capital letters, followed by ""MONDAYS WITH JON STEWART"" in white",8. Entertainment & Shows
7328517572679372078,"A person is sitting at a table in a car dealership, holding a piece of paper with handwritten text. The text on the paper reads ""POV: The customer never stops negotiating."" The person is wearing a gray jacket and a red shirt. The background shows a car and a window. The person is talking to someone off-camera, gesturing with their hands as they speak. The person is also holding a pen and writing on the paper. The person is making hand gestures while talking, and the person is pointing at the paper while talking. The person is also holding a pen and writing on the paper. The person is making hand gestures while talking, and the person is pointing at the",Comedy
7375847354341068065,"The video showcases a large crowd gathered at Hinds Hall in Erma, watching a concert. The stage is brightly lit with green and red lights, and the crowd is enthusiastic, waving their hands and cheering. The text overlay on the screen reads ""Hinds Hall in Erma"" and ""Hinds Hall Problem isn't the protests what they're protesting it goes against what our country is funding White supremacy is finally on blast. Free Palestine to the home and land. The next but never ended to colonize the rise. The students in tents, posted on the lawn. Occupying the quad, really against the law. Ain't no reason to call in the police and their squad. But it",Politics
7392127900079721761,"The video showcases a woman's journey through various rooms in a luxurious house, highlighting the luxurious amenities and the cost of staying in each room. The video begins with the woman standing in front of a large arched window, showcasing the view of a garden and a building with a clock tower. She then moves to a room with a large bed and a wooden dresser, where she opens a bag of snacks and reveals a variety of treats. The video continues with the woman in a room with a large bed and a wooden dresser, where she opens a bag of snacks and reveals a variety of treats. She then moves to a room with a large bed and a wooden dresser, where she opens",Entertainment & Shows
7368121296154086688,"The video shows a table filled with various dishes, including salads, meats, and side dishes. There are also glasses of water and wine on the table. A person is standing in front of the table, talking to the camera. The person is wearing a dark sweater and glasses. The background shows a room with a window and some furniture.",1. News
7378190751211064607,"The video showcases a man demonstrating the features of an expandable camper. He begins by showing the camper's size and the triple-section design, emphasizing its versatility and ease of setup. The man then explains the importance of a seven-way wiring harness and electric brakes, highlighting the camper's safety features. He demonstrates the camper's ground clearance and the compartments, including a lockable storage compartment and a GoSun power center. The video also highlights the camper's solar capabilities, including a GoSun cooker and a solar table. The man concludes by showcasing the camper's underbelly, which includes a stainless steel hinge and a heavy gasket, and the electrical conduit.",Science & Technology
7325985650140974382,"The video is a humorous take on the idea that running in the rain is better than running on dry days, as it reduces the time spent in the rain and increases the area where the body is drenched. The video shows various experiments and measurements to support this claim, including the use of artificial rainfall, dyes, and weights to measure the absorption of water by work clothes. The video concludes with a humorous question about the rigor of the experiments.",Science & Technology
7406690692765977887,"The video is a series of clips showing a person sitting in a train or bus, with a stranger sitting in the seat next to them. The person in the seat next to them is talking to the person in the video, and the person in the video is responding to the stranger. The person in the video is wearing a black shirt and a bandana, and they are speaking to the camera. The video also shows the person in the seat next to them, who is wearing a white shirt and shorts, and they are also speaking to the camera. The video ends with the person in the seat next to the person in the video, who is wearing a white shirt and shorts, and they are",Travel & Events
7309290162540858667,"The video starts with a news broadcast from a news anchor in a studio, discussing an investigation after a massive home explosion in Arlington, Virginia. The anchor is dressed in a dark suit and tie, and the background features a cityscape with a large explosion. The text on the screen reads ""INVESTIGATION AFTER ARLINGTON EXPLOSION, IRONVILLE"" and ""HOME EXPLOSION ROCKS NEIGHBORHOOD"" with the ABC logo. The anchor provides updates on the investigation, including the presence of police and the FBI on the scene. The scene transitions to a nighttime view of the explosion, showing the house engulfed in flames and",News
7365274404420406571,"The video starts with a person on a sailboat, wearing a black shirt and gray pants, working on the boat's deck. The person is seen cleaning the boat with a sponge and dish soap. The scene then transitions to the person standing in a kitchen, wearing a black shirt and gray pants, washing dishes in a sink. The person is then seen lying on the boat's deck, wearing a black shirt and gray pants, and washing dishes in a sink. The video then shows the person standing in a kitchen, wearing a pink shirt and blue jeans, cooking food in a frying pan. The person is then seen sitting on the boat's deck, wearing a pink shirt and blue jeans, eating",Pets & Animals
7392992201837464850,"The video starts with a woman standing in front of a glass door, talking about her daughter's first haircut. She is wearing a floral dress and has a tattoo on her wrist. The scene transitions to a hair salon where a woman is getting her hair cut. The video then shows a young girl with long, dark hair sitting in a white cape, getting her hair washed and cut. The next scene shows the girl with short, dark hair, wearing a white cape, sitting in a white chair in a salon. The video continues with the girl with short, dark hair, wearing a white cape, sitting in a white chair in a salon. The next scene shows",Travel & Events
7395692426888891679,"The video starts with a person wearing a colorful shirt with floral patterns, standing in front of a large American flag. The text ""Gay News"" appears at the top of the screen, followed by ""In this election, we each face a question."" The scene transitions to a person in a yellow shirt with floral patterns, standing in front of a cityscape at sunset. The text ""What kind of country do we want to live in?"" appears on the screen. The person is then shown in front of a crowd holding signs that read ""KAMALA KAMP"" and ""KAMALA KAMP."" The scene shifts to a person in a blue suit with a red cap,",Politics
7335178711819373867,"The video shows a series of tweets from the ICCJICJ (@CICJ_Africa) about the South African government filing an emergency request with the International Court of Justice for additional provisional measures specific to the imminent invasion of Rafah. The tweets provide information about the case and the legal team involved. The video also includes a screenshot of a document from the International Court of Justice, which discusses the case and the legal arguments being made. The final frame shows a person in a room, wearing a red shirt, speaking about the case.",News
7353793317437590827,The video shows a man and a woman standing in a room. The man is wearing a black shirt and the woman is wearing a black shirt and shorts. They are holding a coffee cup and a phone. The man is talking to the woman. The woman is holding a phone and talking to the man. The man is talking to the woman. The woman is talking to the man. The man is talking to the woman. The woman is talking to the man. The man is talking to the woman. The woman is talking to the man. The man is talking to the woman. The woman is talking to the man. The man is talking to the woman. The woman is talking to the man,1. News
7377799778299579690,"The video features a woman standing outdoors, with an American flag in the background. She is wearing a black top and has tattoos on her arms. The text overlay on the video reads, ""Isn't it weird you're a fan of an American flag, but you know who you're voting for?"" The woman appears to be speaking directly to the camera, and the video seems to be a commentary on the American flag and the voting process.",1. News
7346724921361435937,"A girl in a black jacket and a boy in a black jacket are walking down a sidewalk. They are walking together, and the boy is holding the girl's hand. The girl is wearing a black jacket and the boy is wearing a black jacket. They are walking down a sidewalk, and the boy is holding the girl's hand.",Travel & Events
7384186520351083781,"Якщо ви думаєте, що в мене не йшла мова про викуп цього бренду, ще раніше до цієє конфліктної ситуації. Ось я пишу вище. Я тобі ще куди-то предложила продати свою ча",Entertainment & Shows
7396382918039457041,"A man and a woman are sitting on a bed in a modern room. The man is wearing a white shirt and black shorts, while the woman is wearing a white shirt with red text and blue jeans. The man is holding the woman's leg and they are talking to each other. The text on the screen changes to different messages, such as ""Не видалось чесь"" (I didn't see anything), ""БОРОЛА"" (BOROLA), ""ГУБИ"" (GUBS), and ""ТУЙО �",Entertainment & Shows
7273841367351069998,"The video shows a person wearing gloves and cutting a yellow bar of soap into smaller pieces. The soap is bright yellow and has a label on it that reads ""Ammonia Naturals Turmeric & Kaolin Brightening Soap"". The person is then seen holding the soap in their hand, with the label clearly visible.",Beauty Care
7277167570946379014,"The video captures the vibrant atmosphere of a large stadium filled with enthusiastic fans. The crowd is predominantly dressed in yellow and blue, with some wearing black and white stripes. The fans are seen raising their hands in the air, waving flags, and cheering enthusiastically. The stadium is well-lit, and the atmosphere is electric. The video also shows a soccer match in progress, with players on the field and the crowd's excitement palpable.",Sports
7365322515998068011,"The video starts with a group of people standing in front of a podium, with a backdrop of the U.S. Capitol building. The text ""STITCH INCOMING WOKE ENCAMPENTS EXPOSED!!!!"" is displayed at the top of the screen, and the text ""we're here to discuss the little Gazas that have risen up on campuses across America"" is shown at the bottom. The scene then transitions to a person standing in front of a tent, with the text ""I'm at one of these little Gazas right now and I'm here to expose it for what it really is."" The person is wearing a denim jacket and a gray hood",1. News
7362319887361903905,"The video begins with a person wearing sunglasses and a gray shirt, standing in front of a white wall. The person is holding a phone and appears to be recording themselves. The scene then transitions to an outdoor setting where a person in a giraffe costume is being celebrated by a crowd. The person in the giraffe costume is surrounded by people, some of whom are holding up their phones to take pictures or record the moment. The video concludes with the person in the giraffe costume raising their arms in celebration.",1. Entertainment & Shows
7311332422077975840,"The video shows a series of interactions between a woman and a man in a purple jacket and a man in a purple jacket and a pink tie. The woman is wearing a leopard print coat and a white top with a black lace collar. The man in the purple jacket and the man in the pink tie are both wearing purple jackets. The woman is seen talking to the man in the purple jacket, and the man in the pink tie is seen talking to the woman. The video also shows a man in a purple jacket and a pink tie standing in front of a fence, and a man in a purple jacket and a pink tie standing in front of a fence with a white sign that reads ""PROH",Entertainment & Shows
7354415572626509099,"The video starts with a person wearing a maroon beanie and a white t-shirt, sitting in a room with a white wall, a green shelf, and a rack of clothes in the background. The person is speaking, and the text on the screen provides information about earthquakes in the United States, particularly in the eastern part of the country. The text explains that the eastern United States is older and has a higher concentration of earthquakes, which can be felt over a larger area and cause more damage. The person then discusses the composition of the Earth's crust in the eastern United States, which is denser and older, and how this affects the distribution of earthquake energy. The person also mentions that the",Science & Technology
7378608951975349536,"The video captures a moment of triumph and celebration on a soccer field. The players, dressed in white jerseys, are seen running and embracing each other in a jubilant display of joy. The crowd, dressed in various colors, is seen cheering and waving flags, adding to the festive atmosphere. The text overlay ""ENGLANDWIN SOCCERAID"" is prominently displayed, indicating the victory of England in the soccer match. The video also features a text overlay ""Thank you"" at the end, suggesting a sense of gratitude towards the audience for their support.",Sports
7293239332167617834,"The video features a woman with shoulder-length brown hair, wearing a sleeveless, light-colored top with a leopard print pattern. She is standing in a room with a colorful floral curtain in the background. The room also contains a painting of a deer and a mountain. Throughout the video, the woman is seen gesturing with her hands, possibly in a conversation or expressing a point. The text overlay on the video reads ""some of y'all m"" with a laughing emoji, suggesting a humorous or light-hearted context. The woman's facial expressions and body language change slightly as she speaks, indicating she is engaged in a conversation or reacting to something off-camera.",1. News
7372186670273137952,"The video showcases a series of food-related experiences in various locations. It begins with a person holding a pizza box, followed by a close-up of a colorful pizza with toppings. The scene transitions to a person holding a box of vegan pizza, with the text ""VEGAN IN MÜNCHEN"" appearing on the screen. The video then moves to a street view of a building with a sign that reads ""Hans's BURGER COLLECTION,"" followed by a person sitting at a table with a menu. The video continues with a person eating a burger, followed by a close-up of a person holding a drink with a straw. The video then",Food
7379475961139547398,"The video features a woman in a black dress with ruffles, standing in a modern kitchen with white chairs and a dining table. She is wearing black high heels and has long blonde hair. The text on the screen reads ""Мени 60 поки"" (My 60 years) and ""Ну, чуждый 60 годин"" (Well, 60 years old). The woman then demonstrates how to wear the dress, showing different poses and movements. The video ends with the woman standing confidently in the kitchen, with the text ""Мени 60 поки",3. Entertainment & Shows
7364542326959574314,"The video shows a person lying on a bed, holding their hands up to their face. The person is wearing a black shirt and has long hair. The background includes a bed with a white blanket and a stuffed animal. The person appears to be in a state of relaxation or contemplation.",1. News
7309293532467039531,"The video shows a group of people sitting on white couches in a studio, with a cityscape visible through the windows. The group is engaged in a conversation, with one person speaking and the others listening attentively. The scene is set in a studio with a cityscape visible through the windows, and the group is engaged in a conversation. The video then transitions to a news broadcast, showing a man in a suit and tie sitting at a desk with a cityscape in the background. The news broadcast is live, and the man is speaking to the camera. The video then transitions back to the studio, where the group of people is still engaged in their conversation. The video then transitions to a news",Politics
7376360928851299590,"The video features a series of individuals discussing various topics related to hair care and hair loss. The first person, with long brown hair, is seen wearing a white shirt and a microphone, and is seated at a table with a glass of water. They are discussing the benefits of using a hair mask, specifically mentioning the use of a hair mask with a protein base. The second person, with curly hair, is also wearing a white shirt and a microphone, and is seated at a table with a glass of water. They are discussing the benefits of using a hair mask with a protein base, and the importance of using a hair mask with a protein base. The third person, with long brown hair,",Lifestyle
7347847920151956779,"The video shows a person standing in a doorway, wearing a hat and holding a leash. They are looking at a small dog that is standing on the floor. The person then bends down and picks up the dog, carrying it into the house. The dog appears to be excited and happy, wagging its tail. The person then puts the dog down and walks away, leaving the dog on the floor. The video ends with the dog looking up at the person, who is now out of view.",7. Pets & Animals
7291696863449763078,"The video features a person wearing a beige shirt and a black headband, speaking directly to the camera in a room with a window and a curtain in the background. The person uses hand gestures to emphasize their points, and the text on the screen provides context and commentary on the topics being discussed. The video covers various topics, including the Israeli-Palestinian conflict, the use of rockets, and the impact of the conflict on civilians. The person also discusses the psychological impact of the conflict on those involved and the importance of unity and hope in the face of adversity. The video concludes with a message of unity and hope, emphasizing that the strength of the people is not in their ability to be",Politics
7375186781999762721,A woman in a blue floral dress is standing in front of a table with wine glasses and a plate of food. She is holding a bottle of wine and a glass.,1. News
7309512164870491435,"The video is a compilation of different segments, each with a different person speaking. The first segment features a man in a suit and red tie, with the text ""FOX NEWS"" and ""DAWNEMPT, IOWA DECEMBER 5"" displayed at the top. The text ""HANNITY ASKS TRUMP IF HE WOULD POWER ABUSE POWER"" appears at the bottom. The man is shown speaking, with the text changing to ""TOWN HALWITH HANNITY"" and then to ""TOWN HALWITH HANNITY BREAKING NEWS.""

The next segment shows a man in a",Politics
7325003811632745761,"A person wearing a green shirt is talking to the camera. The text at the top of the screen says ""DEUTSCHE THERAPEUTEN HATTEN RECHT"" (German therapists have the right). The person is gesturing with their hands and pointing to their head.",Entertainment & Shows
7355061931993992480,"The video consists of a series of frames featuring a person in a blue shirt standing in front of a calendar. The calendar is labeled ""MONDAY"" and has a red dot at the top. The person is gesturing with their hands, and the text at the bottom of the frame reads, ""Me mentally preparing myself for work tomorrow."" The person appears to be speaking or expressing themselves, possibly in a humorous or relatable manner. The video does not contain any additional audio or visual elements, and the text remains consistent throughout the frames.",1. News
7330624658686954795,"A person wearing a bright pink shirt is sitting in front of a red background with shelves of decorative items. The person is making various hand gestures, including pointing, touching their face, and holding their hands up. The video is overlaid with text that reads ""That's his supporters Booing m & I ❤️ that 4 min"" and ""Trump booed loring about the American hostage USA! USA! USA! USA! USA! USA! USA! USA! USA! USA! USA! USA! USA! USA! USA! USA! USA! USA! USA! USA! USA! USA! USA! USA! USA! USA! USA! USA! USA",Politics
7397794935199567135,"The video shows a woman tied to a tree in a jungle, with a man in a leopard print shirt standing nearby. The woman is covered in mud and appears to be in distress. The video then shows a close-up of the woman's hand writing on a piece of paper. The text on the paper is in a foreign language, and the woman's hand is dirty and covered in mud. The video then shows a close-up of the woman's face, with mud on her face and neck. The video then shows a close-up of the woman's hand writing on a piece of paper. The text on the paper is in a foreign language, and the woman's hand is dirty",1. News
7397967668248120622,"The video showcases a person with long, wavy hair, wearing a black shirt and green cactus earrings, in a room with a bed, a door, and some framed pictures on the wall. They are holding a pink box with a white label and a small white object, possibly a makeup product. The person is wearing blue nail polish with white tips and has a small tattoo on their wrist. They are explaining or discussing the contents of the box, which includes a makeup palette, a body cream, and a mascara. The person is also holding a small white object, possibly a makeup product, and a pink box with a white label. They are wearing blue nail polish with white tips",Beauty Care
7311858161504423214,"The video showcases a collection of BMX bikes, each with distinct features and designs. The first bike, a 1987 GT Performer, is highlighted with its pink and white color scheme and chrome components. The video then transitions to a different bike, the 1990 GT Performer, which is also pink and white but with a more modern design. The video continues to feature the 1990 GT Performer, highlighting its chrome components and pink and white color scheme. The video concludes with a close-up of the 1990 GT Performer, showcasing its pink and white color scheme and chrome components.",1. News
7299582823940312350,"The video begins with a man sitting on a green leather couch in a dimly lit room, wearing a gray shirt and dark pants. He is holding a black object, possibly a phone, and appears to be in a contemplative or pensive state. The background features a wooden wall with a window and some books on a shelf. The scene then transitions to a close-up of a person wearing a hooded jacket, with the hood pulled up over their head, creating a sense of mystery or secrecy. The lighting is dim, with a blue hue, adding to the enigmatic atmosphere.

Next, the video shows a man in a white shirt, standing in a room with a bright, white",1. Entertainment & Shows
7331551109649059115,"The video features a black cat playing a violin. The cat is positioned in a dark setting, with its body illuminated by the light of the violin. The cat's fur is matted and appears wet, suggesting it has been playing for a while. The cat's eyes are wide open, and it appears to be focused on the music. The video is a montage of the cat playing the violin, with no other objects or people visible in the frame.",Pets & Animals
7293441357169937666,"The video features a series of animated scenes with a character in a school uniform and a blonde ponytail. The character is seen interacting with various cars, each with unique designs and colors. The cars are parked in a parking lot, and the character appears to be performing actions such as jumping onto the cars and interacting with them. The background of the video is a parking lot with other cars and buildings visible. The character's actions and the cars' designs suggest a playful and dynamic interaction between the character and the cars.",1. News
7397793782122564896,"The video features a person lying down on a bed, wearing a white top with lace details and a gold necklace. The person is wearing a gold ring on their left hand and has their hair tied up. They are seen adjusting their hair and making hand gestures, possibly to emphasize a point or express emotion. The background includes a pillow with a black and white pattern. The person's nails are painted white, and they are wearing a gold ring on their right hand. The person is seen making hand gestures, possibly to emphasize a point or express emotion. The person's nails are painted white, and they are wearing a gold ring on their right hand. The person is seen making hand gestures, possibly to",Entertainment & Shows
7359943972216638736,"A police officer is walking down a street with a group of people. The people are wearing orange vests and holding signs. The signs say things like ""Palestina"" and ""Widerstand ist Völkerrecht!"" The police officer is wearing a blue uniform and a hat.",14. Nonprofits & Activism
7344108969151008001,"The video shows a group of people at a wedding reception. There are tables set up with food and drinks, and people are sitting and standing around. A woman in a red dress is sitting at a table with a man in a black suit. The woman is holding a glass of water and smiling. The man is also smiling and holding a glass of water. The background shows other people sitting and standing around, and there are tables with food and drinks. The video also shows a man in a dark suit walking around the reception area. The background shows other people sitting and standing around, and there are tables with food and drinks. The video also shows a woman in a white dress standing up and talking",Entertainment & Shows
7226368631268019482,"The video features a person with long blonde hair, wearing a black leather jacket, standing in a room with a pink towel hanging on the wall. The person is holding a phone, and the text ""Songs for your Insta Story Crush Edition"" is displayed at the top of the screen. The person is seen adjusting their hair and looking at the camera. The video then transitions to a close-up of the person's face, with the text ""EVERY TIME WE TALK, IT JUST HURTS SO BAD"" displayed at the top of the screen. The person is seen looking at the camera with a serious expression. The video continues with the person looking at","3. Music, Singing, & Dancing"
7369594137928109345,"The video shows a shelf in a grocery store with various food items, including a box of Mr. Brain's pork faggots. The box is prominently displayed and features an image of the product on the front. The price tag on the shelf indicates that the pork faggots are priced at 1.60. The video also includes a humorous comment from the person recording the video, questioning the price of the pork faggots and expressing surprise at the cost.",7. Food
7330275353325227297,"The video features a person with extensive tattoos, who is seen in various settings, including a bar, a restaurant, and an outdoor setting. The person is wearing different outfits, such as a blue and red striped shirt, a white tank top, and a black tank top. The text overlays on the video provide humorous and exaggerated descriptions of the person's appearance and actions, such as ""DAS LEBEN ZU WILLE"" (Life is a choice) and ""Ich glauke"" (I believe). The video also includes text in different languages, such as ""DAS LEBEN ZU WILLE"" (Life is a choice) and ""Ich",Entertainment & Shows
7327164126822763808,"The video showcases a series of military parades from different countries, featuring women in uniform marching in formation. The countries represented include China, Russia, Vietnam, South Korea, and North Korea. The women are dressed in various uniforms, including green, black, white, and beige, and are seen marching in unison, with flags and national emblems visible in the background. The video also includes text overlays with the names of the countries and the flags of each nation.",Entertainment & Shows
7371855904813157664,"The video features two individuals standing side by side in a room, with a white wall and a bed in the background. The person on the left is wearing a white shirt with a pink design and denim shorts, while the person on the right is wearing a white shirt with a pink design and black pants. The video is titled ""pre summer s"" and includes a list of statistics for each person, such as ""Jula"" with a score of 264/100, ""Statue"" with a score of 71, and ""happiness"" with a score of 158. The video also includes emojis and a flower-shaped decoration on",Entertainment & Shows
7354696392129924385,"The video showcases a series of close-up shots of a red sports car at a car show. The car is detailed with a carbon fiber body and black wheels. The video begins with a close-up of the car's side, highlighting its sleek design and the ""TORQUE"" logo on the rear. The car is then shown from the front, revealing its aggressive stance and the ""Porsche"" logo on the hood. The video captures the car's movement as it is driven around the show floor, with people in the background observing the vehicle. The car is also shown from different angles, including a side view and a rear view, emphasizing its design and features. The video concludes",1. News
7293639077671210286,"The video shows a person feeding fish from a white bucket filled with fish food. The person is standing on a wooden dock by a body of water, and the fish are swimming around the bucket. The person is holding the bucket with both hands and pouring the fish food into the water. The fish are swimming around the bucket and then start to swim away from the bucket. The person then releases the bucket into the water, and the fish swim away. The person is standing on the dock, and the water is reflecting the green trees and grass in the background.",1. Pets & Animals
7357227155979275526,"A group of people are standing on a cobblestone street at dusk. The group consists of a man in a beige jacket, a woman in a white jacket, a child in a light blue outfit, and another child in a light blue outfit. The man in the beige jacket is holding a microphone and appears to be interviewing the group. The woman in the white jacket is holding a microphone and appears to be recording the interview. The children are holding orange cups and appear to be enjoying the interview. The background shows a street with buildings and people walking around. The atmosphere is lively and festive.",Entertainment & Shows
7394532218032491808,"The video features a woman in a pink dress and a man in a black shirt standing on a sidewalk. The woman is holding a pink purse and appears to be talking to the man. The man is wearing a black shirt and has a black belt around his waist. The background shows a fence and some greenery. The woman then walks away from the man, and the man follows her. The video ends with the woman and the man standing on a street corner, with the woman looking back at the man.",1. Entertainment & Shows
7354508802932133166,"The video starts with a person in a room, wearing a light-colored shirt, with a ceiling visible in the background. The text ""Booktok"" appears at the top of the screen, followed by ""Stitch Incoming"" in red. The person is seen gesturing with their hands, and the TikTok username ""@emmies"" is displayed at the bottom. The scene transitions to a person in a room with a bookshelf filled with books, wearing a black shirt. The text ""That's a pretty weird take"" appears at the bottom of the screen. The person in the room with the bookshelf continues to gesture with their hands. The scene then transitions to a",Entertainment & Shows
7344855206242389280,A woman in a black blazer and white shirt is sitting in a room with a wooden door in the background. She is talking to the camera.,Politics
7377794153071037739,"The video is a series of clips from the TV show ""The Office,"" featuring various characters in an office setting. The first clip shows a man in a tuxedo holding a piece of paper, with the text ""Roulette is not a game of skill, it is a game of chance. I could always kind of win at roulette. Oh, really? Mm-hmm. Yeah. How would you do that? Mind control. You can't be serious. That's ridiculous. You know what? Uh, why don't you move that coat rack? Excuse me, everyone. Attention in the office, please. Jim is about to prove his telekinetic",Entertainment & Shows
7349706117166959879,"The video features a person standing in a natural setting, surrounded by trees and foliage. The person is wearing a light-colored shirt and is speaking to the camera. The text overlays on the video include phrases such as ""What's up everyone?"", ""It is Frankie Muniz here and I am officially going into the jungle."", ""I don't know how to feel."", ""I'm excited."", ""I'm nervous."", ""You know, I'm normally a very organized and a planner and a control freak and I don't get to control anything here."", ""So I'm along for the ride and, you know, I hope they go easy on me."", and ""That's for",1. News
7308194891656400170,"The video shows a group of people in a stadium, with a large crowd of fans wearing red and white. The fans are cheering and waving their arms in the air, indicating excitement and support for a team or event. The text ""FUMBLE."" appears at the top of the screen, suggesting that the video is related to a fumble in a football game. The fans are also holding up signs and cheering, which adds to the atmosphere of excitement and support.",Sports
7375105398946139398,"The video shows a person in a light green robe standing in a living room, talking to the camera. The person is wearing a checkered shirt and has curly hair. The living room has a large window with orange curtains, a couch, and a coffee table. The person is holding a remote control and pointing it at the camera. The person is also seen sitting on a chair in the living room, holding a phone and looking at it. The person is wearing a ring on their finger. The person is also seen standing in a doorway, wearing a light green robe and a checkered shirt. The person is holding a phone and looking at it. The person is also seen standing in",Entertainment & Shows
7387067236218916129,A woman is standing in front of a purple and pink cake box. She is wearing a white shirt and a green and white patterned skirt. She is holding a pink cake box with a heart-shaped cake inside. The cake is decorated with white frosting and red cherries. The woman is smiling and looking at the camera.,Entertainment & Shows
7323395108378840351,"The video shows a person dancing in a hallway. The person is wearing a gray sweatshirt and jeans. The hallway has a tiled floor and a Christmas tree decorated with red ornaments on the right side. The person dances energetically, moving their arms and legs in various directions.",Humor
7378610696390528289,"A man in a white lab coat is speaking into a microphone. He is standing in front of a large screen that shows a group of people, including a man in a suit and a woman in a blue dress. The screen also shows a picture of a man in a suit and a woman in a blue dress. The man in the lab coat is talking about Emmanuel Macron and his decision to dissolve the National Assembly. He says that this decision will lead to new elections and that it will be a change of government. He also says that Emmanuel Macron will become the new Prime Minister.",Politics
7292568999932529963,"The video shows a woman walking on a sidewalk, holding a green water bottle and a small object. She is wearing a black crop top with a white logo, black shorts, and black sneakers. Another woman is walking beside her, wearing a black sports bra, black leggings, and black sneakers. They are walking on a paved path surrounded by greenery. The video also shows the two women walking on a dirt path surrounded by tall grass and trees.",Fitness & Health
7360445995945037088,"The video shows a group of wild boars walking on a sidewalk at night. The boars are eating food from a person's hand, which is placed on the ground. The person is wearing a light-colored jacket and white shoes. The boars are black and brown, and they are eating from a pile of food on the ground. The person is feeding the boars with a piece of food, and the boars are eating it eagerly. The person is also holding a can of food, which the boars are eating from. The boars are walking around the person, and the person is trying to feed them. The boars are eating from the ground, and the person is",Entertainment & Shows
7356329953622822187,"The video features a person wearing a colorful cap and a gray shirt with a logo on it. The person is standing in front of a computer screen displaying a stock chart for Trump Media & Technology Group Corp. The stock price is shown to be 34.21 USD, with a change of -3.26 USD. The chart also shows a volume of 8.70 million shares and a change of -0.70 million shares. The person is speaking and gesturing with their hands, and the text on the screen changes to reflect different messages about the stock's performance. The video ends with the person continuing to speak and gesture, with the text on the screen changing",Sports
7376774039899082027,"The video shows a group of elderly people in wheelchairs in a museum, with some of them holding objects like a cane and a cane-like object. The text on the screen reads ""This art installation lets elderly world leaders roam around a museum in electric wheelchairs."" The video also shows a sculpture of an elderly man in a military uniform, with the text ""Old People's Home is a 2007 artwork by Sun Yuan and Peng Yu, currently on show at the Borster Commerce Pinot Collections The World As It Goes exhibition in Paris."" The video also shows a sculpture of an elderly man in a military uniform, with the text ""The work consists of 13 realistic sculptures",Science & Technology
7394396617882799366,"The video features a person with curly red hair, wearing a dark top, holding a pink and white drink with colorful sprinkles. The text overlay reads ""POV: Your cousin gives you something to do drink."" The person appears to be in a dimly lit room, possibly a bedroom, and is holding the drink up to the camera. The video seems to be a humorous take on a common situation where someone is given a drink to consume, possibly as a prank or a joke.",1. News
7382929842615979296,A person is sitting in a room and talking to the camera. They are wearing a white shirt and have a ring on their finger. The room has white walls and a mirror in the background. The person is talking about how they are feeling tired and have been working on the computer for the last few hours. They are not finding anything useful and are feeling frustrated.,Entertainment & Shows
7283171808595971370,"The video features a woman with long black hair, wearing a gray tank top, standing in a room with a plant in the background. She is holding a phone and appears to be speaking, as indicated by her hand gestures. The text overlay on the video reads, ""NO BECAUSE I'M REAL AORES WHEN THE DUCK DUCK AOKING STAND THE GUY AT THE TEAMKAMAD FOR THE FEMUA."" The woman's facial expressions and hand movements suggest she is engaged in a conversation or expressing a point.",1. News
7299771215755906312,Two women are dancing in a gym. They are wearing black jackets and pants. They are dancing in a room with wooden floors and a gray wall.,Entertainment & Shows
7397523950391086369,"A group of animated fruits, including a green apple, a blueberry, and a pineapple, are gathered together against a black background. The apple is the centerpiece, adorned with a tiara and a crown, and is surrounded by the other fruits, which are also adorned with small crowns. The fruits are animated and have expressive faces, and the scene is filled with colorful confetti and streamers, creating a festive atmosphere. The video ends with a close-up of the green apple, which is now wearing a crown and has a tiara on its head. The apple is surrounded by colorful confetti and streamers, and the background is black. The video ends with a close-up",Film & Animation
7410518813021637930,"The video shows a man in a suit and tie sitting in a room with a woman in the background. The man is speaking, and the text overlay on the screen reads, ""Do you think Americans seriously think that this is an important question?"" The woman in the background is wearing a white blazer and appears to be listening to the man. The setting appears to be a formal event, possibly a press conference or a meeting. The video does not provide any additional context or information about the Vice President's accent.",Politics
