video_id,summary,category
7349900395843472672,"A man in a suit and tie is being interviewed by another man in a suit and tie. The man in the suit and tie is holding a microphone with the logo of the channel ""heute.de"" on it. The man being interviewed is wearing a cap with a Russian flag on it. The background shows a crowd of people and a building.",Politics
7326597898358066465,"The video is a humorous comparison between a person's reaction to their cat's behavior and the reaction of a smartphone. The video is divided into two parts, each showing a different reaction.

In the first part, the person is shown in a room with a cat sitting on a bed. The person is holding a smartphone and looking at it with a surprised expression. The text on the screen reads ""Pov: Les appels avec mon chachet qui n'a jamais fait de cela"" (Pov: The calls with my cat who has never done this). The person's reaction is shown in a split-screen format, with the left side showing the",7. Pets & Animals
7302484543691328810,"The video is a series of black screens with white text. The text reads ""EMERGENCY RELIEF DISTRIBUTION OCTOBER 1TH, 2023. Stop the killing. Stop hate. Time to donate."" The text is repeated multiple times throughout the video, with no other visual elements or audio present. The video does not contain any additional information or context beyond the text.",1. News
7339991555408694561,"The video shows a person shopping in a store, specifically looking at the skincare products on display. The person is holding a box of Balea's Vital Augencreme, which is priced at 3,85 Euro. The video then transitions to a close-up of the Balea Aqua Augen Roll-On, priced at 2,45 Euro, and the Balea belebende Augenpflege, priced at 2,95 Euro. The video continues to show the Balea Vital Plus straffende Augencreme, priced at 3,95 Euro, and the Balea Q10 Anti-F",Beauty Care
7351403366368546081,"The video showcases a series of events where humans are being hunted by aliens. The aliens are depicted as being superior in technology and strength, and they are using various weapons to hunt the humans. The humans, on the other hand, are shown to be using their own weapons and tactics to try and survive. The video ends with the humans being defeated and the aliens taking over the planet.",1. Entertainment & Shows
7380379588242804001,A person is lying in bed with a pink pillow behind them. They are wearing a black shirt with blue writing on it. The person is making a peace sign with their fingers.,Politics
7291005324717313313,"The video features two women standing in front of a large building with a body of water in the foreground. The woman in the pink coat is speaking, while the woman in the green dress is listening. The video includes text overlays that provide information about the rise of the anti-immigration party AfD in Germany and its impact on the new citizenship rules. The video also discusses the Bundesrat, the upper house of the German parliament, and its role in blocking the law. The video concludes with a call to action for viewers to follow the creator on social media.",Politics
7184540937974975786,"The video shows a person in a car, wearing a black tank top and white headphones around their neck. They are holding a small container of a brow lift product and a spoolie brush. The person demonstrates the product by applying it to their eyebrows and then using the spoolie brush to shape and lift their eyebrows. The video also includes text overlays that read ""e.l.f brow lift review"" and ""So I literally been seeing this all over TikTok so I had to try it I ran to Alto to get the brow lift clear by ALF for like $10. I lied it's $6 so even better. We're gonna see what the hype",Beauty Care
7343334803665603883,"The video features a woman with long, wavy hair, wearing a dark sweater and a gold necklace, sitting in front of a cosmic-themed background. She is holding a black object, possibly a makeup product, and appears to be speaking or presenting something. The text ""TikTok BAN TOMORROW"" is displayed at the top of the screen, indicating that the video is related to a potential ban on TikTok. The woman is seen gesturing with her hands, possibly emphasizing her points or engaging with the audience. The video also includes a text overlay that reads, ""Scroll mindlessly through TikTok and you're likely coming across across-the-",Science & Technology
7343662075299761440,"The video begins with a person wearing a pink sweater with a black bow tie, standing in a room with a white wall and a shelf in the background. The person is looking at the camera with a serious expression. The scene then transitions to a close-up of a person with long blonde hair, wearing a white shirt with a red tie, standing in a dimly lit room with a green hue. The person appears to be in a state of shock or fear. The video then cuts back to the person in the pink sweater, who is now looking at the camera with a more relaxed expression. The final frame shows the person in the pink sweater with a black bow tie,",1. News
7394913119375527210,A person wearing a camouflage cap and a gray shirt is standing in front of a plain wall. They are making hand gestures and talking to the camera. The person is holding a green bottle in their hand.,Politics
7327439802637307178,"The video features a person in a camouflage hoodie standing next to a white Chevrolet Silverado truck. The person is pointing at the truck and talking about its features. The video also includes text overlays that read ""This is the CHEPAEST Brand New Truck You Can Buy Today *2024 Chevy W/T* part 2"" and ""This is the CHEPAEST Brand New Truck You Can Buy Today *2024 Chevy W/T* part 1."" The person is also seen pointing at the truck's wheels and talking about its features. The video concludes with the person standing next to the truck, talking about its features",Sports
7296461109572275488,"The video features a series of interviews with Trump supporters who express their disagreements with the Democratic Party and its stance on unions. The interviews take place in various outdoor settings, including a parking lot and a street with a clear sky in the background. The participants are wearing red hats with the ""Make America Great Again"" slogan and red shirts with the ""Trump"" logo. They discuss their views on unions, with one participant stating that they support unions because they believe Trump brings jobs to America. Another participant mentions that Trump's policies are pro-American and that unions are bad for business. The participants also express their frustration with the Democratic Party's stance on unions, with one participant saying that they don't",Politics
7385384197864557855,"The video features a series of images of a man in a suit and red tie, presumably a politician, speaking at a podium. The background is blue with the CNN logo, indicating that the video is from a CNN broadcast. The man appears to be addressing an audience, as he is shown from different angles and with different expressions. The text overlay on the video reads ""My favorite prt of the debate wasa-hitting whoever wasn't talking,"" suggesting that the man is speaking about a particular aspect of the debate that he finds particularly engaging or frustrating. The video does not contain any additional information or context beyond the text overlay and the images of the man speaking at the podium.",Politics
7358352976639184146,"The video shows a view from inside a car on a rainy day, with the windshield wipers moving back and forth. The rain is falling heavily, and the car's headlights are on, illuminating the wet road ahead. The road is empty, with no other vehicles visible. The video captures the motion of the car as it drives through the rain, with the windshield wipers clearing the rain from the windshield. The video also shows the reflection of the car's headlights on the wet road, creating a bright orange glow. The video ends with a view of the road ahead, with the rain still falling heavily and the car's headlights on.",1. News
7371030140370963713,"The video is a series of gameplay clips from the game Overwatch, showcasing various characters and their abilities. The first clip shows a character with blue and green glowing hands, with the text ""overwatch is so broken"" and ""very good"" appearing on the screen. The second clip features a character with a blue and black suit, with the text ""I'm stuck"" and ""hello?"" appearing on the screen. The third clip shows a character with a blue and white suit, with the text ""hello?"" and ""you were eliminated from the game"" appearing on the screen. The fourth clip shows a character with a blue and white suit, with the text ""CONTESTESTI"" and",Sports
7328941581862473006,"The video begins with a close-up of a fighter jet on a runway, with the word ""HIGH"" in bright yellow letters superimposed over the image. The jet is stationary, and the background is a cloudy sky. The scene then transitions to a different angle, showing the jet in flight with a cargo plane in the background. The jet is seen from a distance, with the cargo plane in the foreground. The jet is then shown in flight, with the word ""HIGH"" in bright yellow letters superimposed over the image. The jet is seen from a distance, with the sky in the background. The jet is then shown in flight, with the word ""HIGH"" in",1. News
7295860137162591519,"The video features a person wearing a plaid shirt, sitting in front of a blue background. The person is speaking and the text overlays the video with various statements about the actions of Israel and Palestine. The text mentions that Israel and Palestine are often seen as the perpetrators of atrocities, but the person argues that these actions are often justified by the actions of the other side. The person also mentions that the actions of Israel and Palestine are often justified by the actions of the other side, and that these actions are often justified by the actions of the other side. The person also mentions that the actions of Israel and Palestine are often justified by the actions of the other side, and that these actions are often",Politics
7407540452611640606,"The video shows a man in a blue shirt and black gloves sitting at a desk in an office. He is working on a computer and appears to be in the process of checking his passport. The man is wearing a black glove on his right hand and a black glove on his left hand. The desk has a keyboard, a mouse, and a few other items on it. The man is looking at the passport and appears to be searching for something. The video also includes text overlays that read ""Those immigration offices when you come back to the US"" and ""Passport, please. Keep your eyes on the camera. Where are we coming from today? Uh, from Bangalore. Bang",Travel & Events
7372987016914455841,"The video shows a cricket match between Pakistan and England. The players are wearing different colored uniforms, with the Pakistan team in orange and the England team in green. The match is taking place in a large stadium with a crowd of spectators. The players are seen running and playing the game.",Sports
7366561209996332320,"The video shows a person with long, dark hair wearing a white shirt. The person is sitting in a room with a yellow wall and a black TV in the background. The person is holding a blue object in their hand and appears to be talking or explaining something. The person's nails are painted white and they are wearing a gold watch on their left wrist. The person's hair is straight and falls over their shoulders. The person is making hand gestures while talking.",Entertainment & Shows
7334130841016274222,"The video features a black sports car parked in a parking lot. The car is sleek and has a low profile, with a prominent front grille and large alloy wheels. The background of the video is a typical parking lot scene, with trees and a fence visible in the distance. The video is overlaid with text that reads, ""I don't reverse park to look cool, a mf just can't park forward..."" This text suggests that the person filming the video is frustrated with their friends' parking habits. The video does not contain any additional information or context beyond the text and the visual of the car.",1. News
7380389929790033185,"The video features a romantic dance between two characters in a dark, dimly lit room. The male character, dressed in a blue and brown outfit, is holding the female character, who is wearing a white dress, in a close embrace. The dance is performed in a slow, graceful manner, with the male character leading the female character in a series of elegant steps. The background is dark, with a few lights visible, creating a dramatic atmosphere. The video ends with the male character and female character still in the embrace, with the male character looking down at the female character.",Sports
7343754603927850245,"The video is a series of images that appear to be from a protest or rally, with people holding signs and flags. The images are overlaid with text that reads ""FREE PALESTINE"" and ""Remember, you can post one video each day using this filter and it will still count. So, if you post once every Monday, Tuesday, Wednesday, private or public, it will count as three quotes."" The images show people in various poses, some holding signs and others holding flags. The colors in the images are mostly red, white, and black, with the flags being green, white, and black. The images are overlaid with text that reads ""FREE PALESTINE",Politics
7357827492289465646,"The video features a person wearing a white t-shirt with a cartoon character on it. The person is standing in a room with shelves and a refrigerator in the background. The person is making various hand gestures and movements, possibly expressing frustration or frustration with the idea of eating. The text on the screen changes throughout the video, indicating different thoughts and emotions. The person seems to be talking about the inconvenience of grocery shopping, cooking, and eating, and how they would prefer not to do any of these things. The person also mentions that they have ADHD and that feeding themselves is hard for them. The video ends with the person saying they are over it and don't want to do any of these things",Entertainment & Shows
7366736772253977889,"The video is a series of clips that discuss the potential impact of rising sea levels on the country of Tuvalu, a small island nation in the Pacific. The video begins with an aerial view of Tuvalu, showing its small size and the surrounding ocean. It then shows a map of the Pacific, highlighting Tuvalu's location. The video then shows footage of the sea level rising, with the text ""The sea level in Tuvalu is now 15 cm higher than it was 30 years ago."" It then shows footage of the sea level rising even higher, with the text ""If Tuvalu vanishes, its people will flee and its government fears it may",Politics
7342750088902511915,"The video shows a person standing in a bathroom, taking a selfie with a phone. The person is wearing a black t-shirt, black shorts, and a blue wristband. The bathroom has a tiled wall with blue and yellow stripes, and there is a mirror above a sink. The person is holding the phone in their right hand and appears to be smiling or posing for the selfie.",1. News
7325461211653492010,"The video shows a person wearing a purple hoodie with the word ""Champion"" written on it. The person is standing in front of a white wall and a wooden door. The person is talking to the camera and gesturing with their hands. The person is also seen adjusting their hair and looking at the camera. The video ends with the person still talking to the camera and gesturing with their hands.",Entertainment & Shows
7363144949442825518,"The video features a young woman with long blonde hair, wearing a black top with a graphic design. She is standing in a room with a white door in the background. The text overlay on the video reads, ""why is finding a girl friend no im not trying to fall in love with, im trying to fall in love with her."" The woman appears to be speaking directly to the camera, expressing her thoughts on the subject. The video does not contain any other discernible actions or movements.",1. Entertainment & Shows
7375972216707484960,"The video features a man in a white shirt standing in front of a screen displaying a list of Labour's policy steps for change. The man gestures towards the screen as he speaks, and the text on the screen changes to reflect the policy steps being discussed. The video concludes with the man standing in front of the screen, with the text ""Thanks for the plug Rishi"" displayed at the top of the screen.",Politics
7363604482355137799,"A woman is standing in a kitchen, holding a large box. She is talking to the camera and showing the box to the viewer. The box is filled with various items, including a bottle of water and a bottle of oil. The woman is then seen packing the items into a plastic bag. She is using a tablet to search for a product on a website. The product is a stainless steel dish rack. The woman is then seen packing the dish rack into a box. She is using a tablet to search for a product on a website. The product is a stainless steel dish rack. The woman is then seen packing the dish rack into a box. She is using a tablet to search for a",Entertainment & Shows
7341253553245408558,"The video features a woman in a light blue shirt with a floral pattern, speaking directly to the camera. She is in a well-lit room with a window in the background. The woman discusses her family's financial situation, mentioning that she bought a house for her entire family, but who's paying for it. She expresses her frustration with her brothers not moving out when she and her husband want to have babies. The woman also shares her goal of taking care of her family and mentions that she is her parents' retirement plan. She expresses her love for her family and the idea of having them all under one roof. The video ends with the woman acknowledging that she feels lucky to be able to take",1. News
7346960504490937642,"The video starts with a woman lying on a bed, wearing a white tank top and a necklace. She is holding a phone and looking at it. The scene transitions to a black and white photo of a car driving down a road, with a woman in a white dress sitting in the back seat. The car is a classic model with a large trunk. The next scene shows a man and a woman sitting in the back seat of the car, with the woman wearing a large hat. The final scene in the black and white photo shows a woman in a white dress standing on the back of a convertible car, with a man in a suit sitting in the front seat. The video then transitions to",Entertainment & Shows
7203774185322188037,"The video begins with a person standing in front of a door with a sign that reads ""A STUDENT'S HOME."" The person is wearing a black shirt and gray pants. The door is open, and the person is holding a piece of paper. The person then walks into a room with a wooden floor and a gray rug. The person is wearing a black shirt and gray pants. The person then walks into a room with a wooden floor and a gray rug. The person is wearing a black shirt and gray pants. The person then walks into a room with a wooden floor and a gray rug. The person is wearing a black shirt and gray pants. The person then walks into a room",1. Entertainment & Shows
7324373228028300577,"The video is a series of humorous and relatable scenarios that highlight the challenges and frustrations of working in finance. It starts with a man walking down a street at night, followed by a close-up of a shelf filled with skincare products, suggesting the importance of skincare in the finance industry. The video then transitions to a man in a subway, followed by a man in a restaurant, and ends with a man in a bed, all of whom are struggling with the monotony and stress of their jobs. The video also touches on the challenges of dating in the finance industry, with a man being dumped over Snapchat. The final scene shows a man in a green-lit room, suggesting the monotony",Entertainment & Shows
7404376866108312865,"The video is a compilation of various scenes showing the aftermath of a military operation in Kursk, Russia. It begins with a group of people being escorted by police officers through a busy street, indicating a recent conflict. The footage then shifts to a man in a denim jacket speaking to the camera, likely providing commentary on the situation. The narrative continues with a woman in a white shirt standing in front of a building, possibly a government or official building, discussing the events. The video then shows a woman in a patterned jacket walking through a park-like area, suggesting a return to normalcy. The final scenes depict a military operation, with soldiers in camouflage uniforms moving through a forested area",Politics
7379002112652660014,"The video features a person wearing a white shirt with a graphic design, standing in front of a window with blinds. The person is holding a necklace with the name ""RITANA"" written on it. The necklace is displayed on a white card with the text ""Fashion Jewelry"" and a logo. The person appears to be expressing gratitude to someone named Sarah, as indicated by the text on the card. The video concludes with a close-up of the necklace on the card, emphasizing the name ""RITANA"".",1. News
7394618529569344811,"The video features a series of scenes showing different individuals, including a woman in a suit and a man in a suit, speaking at podiums. The woman is identified as Vice President Kamala Harris, and the man is identified as President Joe Biden. The video also includes text overlays and graphics that provide context and information about the events being depicted. The video is set against a backdrop of American flags and other political imagery, suggesting a political context. The video concludes with a message from President Biden, expressing his support for Vice President Harris and his commitment to working towards a better future for all Americans.",Politics
7366286242406829345,"A man in a grey hoodie and black shorts is standing in an office space, playing a DJ controller. He is surrounded by other people working at their desks. The man is wearing headphones and is focused on his task.","Music, Singing, & Dancing"
7325205573941710111,"The video begins with a person wearing a black t-shirt with a graphic of a man's face on it. The person is sitting in a room with a dark-colored dresser and a mirror in the background. The text overlay reads ""Reply to Lisa Mae's comment hanging around for the ghost hunting"" and ""I've only recorded during daylight hours so it's really quiet."" The person then stands up and walks towards the camera, and the text overlay changes to ""let me slow it down."" The person continues to walk towards the camera, and the text overlay changes to ""I've only recorded during daylight hours so it's really quiet."" The person then stands in front of the camera",Science & Technology
7352304151897951521,"The video begins with a person standing in a living room, wearing a black shirt and red pants. The room is decorated with a chandelier, a fireplace, and a rug on the floor. The person is holding a pair of shoes and appears to be talking to the camera. The scene then transitions to the person sitting on the floor, still wearing the same clothes, and holding the shoes. The person then stands up and walks towards a door, opening it to reveal a hallway. The video continues with the person walking down the hallway, passing by a staircase and a room with a couch. The person then enters a room with a fireplace and a rug on the floor. The video",Entertainment & Shows
7365063366907333921,"The video showcases a breathtaking view of a city skyline at sunset. The sky is painted with hues of pink, purple, and orange, creating a stunning backdrop for the city's illuminated buildings. The city's lights reflect off the water, adding to the beauty of the scene. The video captures the city's skyline from a distance, allowing viewers to appreciate the architectural details and the city's layout. The video also includes a voice-over that repeats the phrase ""I'm the way you are, I'm the way you are, I'm the way you are,"" which could be a part of a song or a motivational message.",1. News
7346235933882076448,"The video shows a man in a green hoodie and blue jeans using a blue mechanical device to work on a wooden post in a field. He is seen bending over and using the device to work on the post, which is surrounded by a dirt ground and trees in the background.",1. Sports
7305148019727420718,"The video is a series of frames from a movie titled ""Watcher"". The first frame shows a woman with long black hair, wearing a white top and a brown coat, standing in front of a movie poster. The poster features a woman with long blonde hair, wearing a red top, and the title ""Watcher"" is prominently displayed. The background of the poster is dark and rainy, with the text ""EVIL WANTS TO BE SEEN"" at the top. The woman appears to be speaking or reacting to the movie poster.

The second frame shows a close-up of the movie poster, with the woman's hand pointing at the title ""Wat",8. Entertainment & Shows
7395252325104766216,"The video begins with a scene from a first-person shooter game, featuring a virtual environment with a sandy, urban setting. The player is holding a sniper rifle, and the scoreboard shows a score of 0-1. The scene then transitions to a close-up of a cat's face, with the cat's eyes and mouth open, as if it is looking at the player. The cat is then shown holding a sniper rifle, with the cat's body and the rifle visible. The cat is wearing a green helmet, and the scene is set in a similar urban environment. The cat is then shown holding a gun, with the cat's body and the gun visible.",01
7354853011887312160,"The video is a humorous take on a pizza night, featuring a group of people sitting around a table with pizza in front of them. The text overlay on the video reads, ""It's pizza night on @xxthefovox But what are our favorites???!"" and ""Pineapple doesn't belong on pizza.... ABSOLUTELY!"" The video then shows a person in a blue hoodie eating a pizza with pineapple on it, with the text overlay saying, ""Why did you eat the whole pineapple pizza."" The person then eats the pizza, with the text overlay saying, ""Looks like you do like it...."" The video ends with the person still eating the",Entertainment & Shows
7355938811429260550,"The video shows a person wearing headphones and singing along to a song. The lyrics of the song are displayed on the screen, and the person is reacting to the lyrics with various facial expressions and hand gestures. The background is colorful and has a bokeh effect, with a pink and blue color scheme. The person is wearing a black top with floral patterns. The video also includes comments from viewers, which are displayed at the bottom of the screen.","Music, Singing, & Dancing"
7363655590524226862,"The video shows a person sitting at a desk with a keyboard and a cup with a zebra design. The person is wearing a dark shirt with the words ""LOVE HOPE CUR"" on it. The background is lit with blue and purple lights. The person is talking about Discord and how it has been affected by a shady website that has been scraping the data of over 114 million Discord users. The person also mentions that Discord has changed its terms of services, making it so that users cannot sue them in the case of a class action lawsuit. The person is also talking about the takedown of the spy.pet site and how it has been taken offline",News
7337977691611696417,"The video shows a person driving a car, wearing a white sweater and a seatbelt. The person is seen gesturing with their hands and talking to the camera. The car is driving through a city street with buildings and other cars visible through the windows. The person appears to be in a conversation with the camera, possibly discussing the driving experience or expressing frustration.",1. News
7335864619187146016,"The video is a series of maps and images that compare the population and geography of Wyoming and Colorado. It starts with a map of the United States, highlighting the states of Wyoming and Colorado, and then zooms in on the Rocky Mountains. The video then shows a map of the Rocky Mountains, with the text ""Why Wyoming Is 'Epiypt' And Colorado Is Not"" appearing at the top. The video then shows a map of the Rocky Mountains, with the text ""ROBUST ECONOMY GOLD RUSH"" appearing at the top. The video then shows a map of the Rocky Mountains, with the text ""WYOMING'S FOUR YEAR",Science & Technology
7356565580603870497,"The video features a series of conversations between different individuals, each with their own unique background and context. The first person, dressed in a dark suit and white shirt, is seen speaking into a microphone, with the text overlay suggesting a discussion about mental health and the Prime Minister's response to it. The second person, wearing a white shirt and a headset, is also speaking into a microphone, with the text overlay indicating a conversation about the Prime Minister's reaction to the situation. The third person, dressed in a pink outfit, is seen holding a laptop and speaking into a microphone, with the text overlay suggesting a conversation about the Prime Minister's response to the situation. The fourth person, dressed in",Politics
7407322364309949728,"The video shows a group of people performing on stage. They are dressed in casual clothing and are dancing energetically. The stage is brightly lit with colorful lights, and the background features a large screen with a blue and pink design. The performers are moving in sync with each other, and the audience can be seen in the foreground, watching the performance. The video also includes a text overlay that reads ""I don't wanna die Before we love, we love, this feeling, babe Cause it's enough, enough, can't be this way Before we love, we love, this feeling, babe I love it, I like it, but I don't wanna die Ooh,","Music, Singing, & Dancing"
7395058028594122014,"The video features a series of individuals in various settings, each with a caption that references a political figure or event. The captions suggest that the individuals are discussing the importance of the election and the impact of the political figures on the community. The video also includes scenes of individuals in different environments, such as a car, a beach, and a museum, which may be related to the political context being discussed. The video concludes with a black screen displaying the text ""Thank you for joining me"" and the ""Jackie Tid"" logo, indicating the end of the video.",Politics
7357035995667107114,"The video shows a woman in a black shirt with a colorful design and a red shirt with a white collar standing in a brightly lit restaurant. She is holding a drink in her hand and appears to be talking to someone off-camera. The background features a counter with various items on it, including a drink dispenser and a menu board. The woman is seen drinking from the drink and then placing it back on the counter. She is also seen standing in front of a counter with a drink in a cup, and later, she is seen sitting at a table with a drink in front of her. The video also includes a text overlay that reads ""Order for Maria Guadalupe Hernandez.",Entertainment & Shows
7322958700291853614,"The video is a compilation of various segments from a news broadcast, featuring different individuals and topics. The segments include discussions about the COVID-19 pandemic, the origins of the virus, and political commentary. The video also includes a graphic with the text ""What was Trump asked about?"" and a list of topics such as ""B. Health Care,"" ""A. Covid-19,"" ""B. Healthcare,"" ""C. Covid-19,"" ""D. Covid-19,"" ""E. Covid-19,"" ""F. Covid-19,"" ""G. Covid-19,"" ""H. Covid-19,"" ""I. Covid-19,"" """,Politics
7333721172363922734,"The video shows a man in a blue shirt and khaki pants standing in front of a black Toyota car in a parking lot. He is wearing sunglasses and a blue jacket. The text ""Toyota coulver"" is displayed at the top of the screen, and there are emojis next to the text. The man appears to be dancing or moving around energetically, and the video ends with him still in the same position.",1. News
7320342127790148907,"The video depicts a series of interactions between a police officer and a group of individuals in a room with blue lockers. The officer, dressed in a police uniform, is seen making various gestures and movements, including pointing, holding a gun, and raising his hands. The text overlay throughout the video reads ""TYRANT COPS MAKE BIG MISTAKE - Silverthorne Colorado - FBI Amaganset Press,"" indicating that the officer is addressing a situation involving the FBI. The interactions appear to be tense, with the officer making assertive gestures and the individuals in the room appearing to be in a defensive or confrontational stance. The video concludes with the officer continuing to make gestures and the individuals",News
7287998089279917345,"The video begins with a person standing outdoors, wearing a dark jacket and a white shirt with a black logo. The person is holding a smartphone and appears to be speaking. The background shows a park with trees and a path. The scene transitions to a close-up of a laptop screen displaying the Amazon website. The text on the screen reads, ""Hallo, amelie,"" and then changes to ""Hallo, amelie,"" followed by ""Hallo, amelie,"" and then ""Hallo, amelie,"" and finally ""Hallo, amelie."" The text then changes to ""Hallo, amelie,"" and then changes to ""Hallo,",1. News
7340766599860849926,"The video shows a man in a military uniform standing at a podium, speaking into a microphone. He is wearing a dark blue uniform with various medals and insignia on the left side of his chest. The background features a large building with the words ""The Pentagon"" and ""Washington"" visible. The man appears to be giving a press briefing or statement, as indicated by the text overlay on the screen. The video also includes a caption that reads, ""Well, just to be clear, we have no plans to send U.S. service members to fight in Ukraine. The president has been pretty clear on that, and that continues to be our position. As it relates to providing assistance to",Politics
7324688586807201070,"The video shows a young woman sitting in a classroom, wearing a white sweater and a beige scarf. She is looking at a piece of paper in front of her. The background shows a window with blinds, a bulletin board with papers and a shelf with books and other items. The text overlay on the video reads ""Special Ed teacher trying to figure out whether their student is crying."" The woman appears to be in a classroom setting, possibly a school or a tutoring environment. The video does not provide any additional context or information about the woman or the situation.",1. News
7195058735914519809,"The video begins with a view of a construction site where a tall building is being demolished. A crane is seen lifting a large piece of the building, which then falls to the ground, causing a massive explosion. The scene shifts to a wider view of the demolition site, showing the partially demolished building and the surrounding area. The video then transitions to an aerial view of the demolition site, where the building is being completely demolished. The debris is seen flying through the air, and the surrounding area is covered in dust and smoke. The video concludes with a view of a tall building being demolished, with the debris flying through the air and the surrounding area covered in dust and smoke.",1. News
7360854136440540459,"The video is a series of scenes from a movie or TV show, featuring a man in a gray shirt and a man in a black leather jacket. The man in the gray shirt is seen in various settings, including a room with a door, a hallway, and an outdoor setting. The man in the black leather jacket is seen in different settings as well, including a room with a staircase and a hallway. The video also includes text overlays with dialogue and captions, such as ""Can I help you?"" and ""HUELL? WHO'S HUELL?"" The video ends with a black screen displaying the word ""HUELL"" in white text.",1. News
7408631372044111135,The video shows a person with tattoos petting a kitten on a white surface. The kitten is small and has a black and white coat. The person is holding the kitten gently. The video also shows a group of kittens huddled together on a white surface. The kittens are small and have different coat colors. The video also shows a person with tattoos petting a kitten on a white surface. The kitten is small and has a black and white coat. The person is holding the kitten gently. The video also shows a group of kittens huddled together on a white surface. The kittens are small and have different coat colors. The video also shows a person with tattoos petting a kitten on a white,Pets & Animals
7383460841204534534,"The video begins with a close-up of a wooden surface, where a small metal object is placed. A pair of pliers is then used to grip the object, and a hammer is used to strike it, causing it to break. The video then shows a close-up of a metal object being sharpened on a grinding wheel, with sparks flying. Finally, a hand holding a metal object is shown, with the object being sharpened on a grinding wheel.",Science & Technology
7340748820130647326,"The video shows a group of people sitting at a table in an office setting, discussing the new $20 minimum wage law in California. One person is holding a sandwich and appears to be asking questions about the exemption for fast food chains that have bakeries. The video also includes text overlays that provide additional information about the exemption and the criticism of the $20 minimum wage law from a donor to Gavin Newsom.",Politics
7289539647825382698,"The video features a woman in a kitchen, wearing a peach-colored shirt with a floral pattern and dark blue shorts. She is dancing energetically, moving her arms and body in various directions. The kitchen is well-lit, with a white countertop and cabinets in the background. The woman's movements are lively and expressive, with her arms raised and her body swaying to the rhythm of the music. The video does not contain any text or subtitles.",1. News
7390878944012045598,"The video is a series of clips from a gaming session where a person is playing a game called ""Roblox."" The person is dressed in various outfits and is interacting with other players in the game. The game features a virtual environment with a pool, palm trees, and a grand staircase. The person is seen walking around the pool area, interacting with other players, and trying to win the game. The person is also seen in a different outfit in a different game, and the text overlay indicates that they are competing for a prize. The person is also seen in a different outfit in a different game, and the text overlay indicates that they are competing for a prize. The person is also seen",Sports
7390133152670420266,"The video features a person wearing a black off-the-shoulder top with a graphic design and a necklace with a pendant. The person is standing in a room with a wooden dresser and various items on it, including a lamp and some bottles. The lighting in the room is dim, and there is a red laser pointer visible in the foreground. The person appears to be speaking or singing, as indicated by the audio in the caption.",1. News
7373916497896377617,"A person is making a cake. They start by mixing ingredients in a bowl. Then, they pour the batter into a pie crust. Next, they add a layer of caramel on top. Finally, they decorate the cake with a topping.",Food
7303250453079280927,"The video is a promotional video for an airline pass that allows for four round-trip tickets to various destinations, including Tahiti, Paris, Auckland, and Tokyo. The pass costs $1,525 and is available for purchase starting on November 25th at 9 a.m. Pacific time. The video highlights the cost of each round-trip ticket and emphasizes the limited availability of the pass, with only 250 passes available. The video also mentions that the pass is offered by Air Tahiti Nui and encourages viewers to purchase the pass quickly to avoid bots.",Travel & Events
7330776298576514347,"The video features two individuals sitting at a table with a large, colorful, and interactive game board in front of them. The game board has a large wheel with different colored sections, each labeled with a word or phrase. The individuals are engaged in a game where they spin the wheel and choose a word or phrase from the board. The video alternates between different words and phrases, such as ""Onomatopoeia,"" ""Eyes,"" ""Invention of the telephone,"" ""The Beatles,"" and ""The Eagles."" The individuals appear to be enjoying the game and are smiling and laughing as they spin the wheel and choose their answers.",Science & Technology
7386716685945900320,"The video shows a man in a suit and tie standing in front of a crowd of people. He is then seen sitting in a chair, with a woman in a white outfit standing next to him. The man is then seen walking away from the crowd, and the woman is seen sitting in a chair. The man is then seen standing in front of a crowd of people, and the woman is seen sitting in a chair. The man is then seen walking away from the crowd, and the woman is seen sitting in a chair. The man is then seen standing in front of a crowd of people, and the woman is seen sitting in a chair. The man is then seen walking away from the crowd",Sports
7390820226562084139,"The video is a humorous take on a rainy day scenario where a group of anthropomorphic animal characters are trying to find a lost item. The video starts with a group of characters standing under an umbrella in the rain, looking for something. One of the characters, a brown bear, is holding a purple umbrella and talking to the others. The text on the screen reads ""When you're just trying to have a brasummer."" The bear then says, ""Little did I know, I was swimming with a pack of thieves."" The other characters look at the bear with concern. The bear then says, ""Calm down, DW. Someone probably put it in the lost and found. We'll",Film & Animation
7361435694725696810,"The video is a series of tweets from a person who is addressing the audience at a live show. The tweets are written in a conversational style and express the person's thoughts and feelings about the show and the audience. The tweets are set against the backdrop of a live show, with the audience visible in the background. The tweets discuss the importance of inclusivity and safety in the show, and the person expresses their desire to include more people in the show. The tweets also mention the person's VIP experience and their desire to induct more people into the show. The final tweet includes a photo of a ticket for the show, with the text ""NOMINEE: MY LIVE SET GOT ME",Entertainment & Shows
7317028968568343850,"The video is a series of humorous and instructional clips demonstrating various ways to talk to girls. The first clip shows a person using a tool to cut a piece of wood, with the text ""how do I talk to girls I'm shy?"" displayed at the top. The person then uses a different tool to cut a piece of wood, with the text ""I'll give you guys the best advice"" at the top. The next clip shows a person using a pair of pliers to cut a piece of wood, with the text ""if you wanna"" at the top. The person then uses a pair of scissors to cut a piece of wood, with the text ""to girls"" at the",Comedy
7393735339996712225,"The video features a person wearing a white and blue striped shirt with a blue collar, standing in front of a door. The person is holding a phone and appears to be speaking or reacting to something. The background is a plain wall with a door visible. The person is wearing a watch on their left wrist. The video has a humorous tone, as indicated by the text overlay that reads ""QUAND ON A 11 DE VUE LE \""M\"" VENTE E \""MILLION\"" MAISQUAND ON A 1 K DE VUE, SE L'ELLE \""K\"" VIENT DE QUE MOT ?"" which translates to ""When you see \""M",Sports
7286953369133174062,"The video shows a man in a yellow shirt and black pants standing on a sidewalk next to a road. He is holding onto a large, black and white parachute. The background features a mountainous landscape with trees and buildings. The man begins to run towards the camera, and as he gets closer, the parachute starts to inflate. The man then jumps off the sidewalk and into the air, with the parachute fully inflated. He floats in the air, and the parachute billows out behind him. The video ends with the man still floating in the air, with the parachute still billowing out behind him.",Sports
7210197949433892142,"The video showcases a picturesque beach scene with a clear blue sky and calm ocean waters. The beach is bustling with people enjoying the sunny weather, with some lounging on beach chairs and others walking along the shore. The beach is lined with umbrellas and beach towels, indicating a popular spot for relaxation and sunbathing. The video is overlaid with text in Italian, providing a list of the beach's favorite attributes, such as its ""iconic and icy"" nature, its ""reasonable"" food options, and its ""delicious"" umbrellas. The text also mentions the beach's ""great peachy bellies"" and its ""reasonable"" prices. The video concludes",Favorite beach in Capri
7317451980497046826,"The video is a compilation of morbid facts about the Church of Scientology. It features various images of people associated with the church, including the wife of Scientology leader David Miscavige, Lisa McPherson, and Charles Manson. The video also includes quotes from former Scientologists and the founder of the church, L. Ron Hubbard. The quotes suggest that the church has a history of violence, death, and criticism. The video is presented in a collage format, with each image accompanied by a caption. The captions provide context to the images and the quotes, providing a comprehensive overview of the morbid facts about the Church of Scientology.",Science & Technology
7346304747646848288,A group of people are shopping in a grocery store. They are looking at the shelves and picking out items. One person is wearing a blue jacket and is looking at the shelves.,Entertainment & Shows
7357381570371603717,"The video shows a group of women dancing in a living room, followed by a man in a beige jacket and white shirt speaking to the camera. The man is making hand gestures and pointing to his chest. The video then shows a close-up of the man with the text ""they won't be interested"" on the screen.",1. Entertainment & Shows
7319635608945675528,"The video features a young man performing a dance routine on a stage. He is dressed in a white sweatshirt with a graphic design, black and white striped pants, and red sneakers. The stage is dimly lit with purple lighting, and there is a small audience seated in the background. The dancer's movements are fluid and energetic, with a variety of poses and gestures that suggest a choreographed routine. The video captures the dancer's performance from different angles, including close-ups and wider shots that show the audience and the stage setting.",3
7288048371019926814,"The video shows a woman standing outside in a cold environment, wearing a white shirt. She is holding a thermometer and appears to be checking the temperature. The background is a wooden deck with a white railing. The woman is wearing a nose ring and has long, dark hair. The video also includes text overlays that provide context and information about the temperature being checked.",1. News
7302492057975688490,"The video features a person wearing a tie-dye tank top with a watermelon pattern. The person is standing in front of a white wall with a ceiling fan. The person is wearing a pair of sunglasses on their head. The video includes text overlays that read ""From the river to the sea"" and ""From the river to the sea."" The video also includes a logo for the Filter Creator Fund, which is a non-profit organization that supports Palestine.",1. News
7289320054347468078,"The video features a person sitting at a desk, typing on a laptop. The background includes a painting with a sunset-like color scheme. The person is wearing a dark shirt and has short, light-colored hair. Throughout the video, the text on the screen changes to provide different information. Initially, the text reads, ""Hakeem Jeffries will expel the head of the Republican Party."" Later, the text changes to, ""Hakeem Jeffries will expel the head of the Republican Party and then he will be replaced by a Democrat."" The person continues typing on the laptop, and the text on the screen remains the same. The video does not show any significant changes in the person",Entertainment & Shows
7346011922946510126,"The video begins with a person wearing a beige hoodie and a backpack, standing outdoors with trees and a street in the background. The person is wearing sunglasses and has a backpack on their back. The scene transitions to a news article from NBC News, which discusses RFK Jr.'s consideration of Aaron Rodgers as his vice presidential running mate. The article mentions that Rodgers has no governing experience and is a former professional athlete. The video then shows a screenshot of a CNN article about RFK Jr.'s VP prospect, mentioning Rodgers' involvement in conspiracy theories. The video concludes with a screenshot of a CNN article about RFK Jr.'s VP prospect, mentioning Rodgers' involvement in",Politics
7366304208150121774,"The video features a series of individuals making heart shapes with their hands in front of their faces. Each person is dressed in a different style of clothing, and the text overlay indicates the year they were born. The video appears to be a montage of different people making heart shapes, with the text overlay changing to indicate the year each person was born.",Entertainment & Shows
7360733570232552710,"The video features a person standing outdoors, holding a large, ornate clock with a black background and gold accents. The clock has Roman numerals and is labeled ""Украина"" (Ukraine). The person is dressed in casual attire, including a black shirt and light blue jeans. The background is a park-like setting with trees and a paved path. Throughout the video, the person rotates the clock to show different angles, including the back and side views. The video also includes text overlays with contact information, such as phone numbers and email addresses, indicating that the video is likely a promotional or informational piece.","1. Music, Singing, & D"
7369576124948548897,"The video shows a dog wearing a red shirt with a logo on it. The dog is standing in a grassy field and appears to be barking or growling. The text in the video is in Russian and appears to be a translation of the dog's actions. The text reads ""Когда он пытается забрать тубики с подругок"" which translates to ""When he tries to grab the girl's hair with a friend"". The dog is shown in various stages of barking and growling, with the text changing to reflect the dog's actions. The video appears to be a humorous take",7. Pets & Animals
7393839173922327841,"A map of the United States is shown with a blue and red color scheme. The blue color represents the states that voted for Joe Biden, while the red color represents the states that voted for Donald Trump. The map also shows the number of votes each candidate received in each state.",Politics
7388205937036725537,"The video shows a person wearing a blue and white jacket with the word ""Supacell"" on it. The person is driving a car and appears to be trying to activate their Supacell power. The person is seen looking at the dashboard and the steering wheel, and they are wearing a seatbelt. The background of the video is a dark interior of the car.",1. News
7362611852360174881,"The video begins with a black screen displaying the text ""4TO ЛОВОВЬ выда ПЕРЕСТРЕЛКИ ЯНКУ"" in white letters, which translates to ""4TO LOVVY will give you a kiss, a kiss of the sun"". The scene then transitions to a dark, nighttime setting with a cityscape in the background. The text ""КОТОРИЙ"" appears, followed by ""КАЗАШИЙ"",",1. News
7368846954471640362,"A person with long red hair is standing in a kitchen, wearing a black sweatshirt with green text. The person is gesturing with their hands while talking. The kitchen has white cabinets and a light fixture on the ceiling. The person is speaking about solidarity and the importance of understanding intersectionality in activism. They mention Dylan Mulvaney and the need for trans rights, and how some people criticize her for not focusing on other issues. The person also talks about class and how influencers may abandon their supporters for personal gain.",Comedy
7108772250320473349,"The video showcases various activities and attractions in the Greek island of Paros. It begins with a person standing in front of a scenic view of the island, with the text ""Paros 5 out of the box activities!"" displayed at the top. The person is wearing a red and white striped shirt and appears to be speaking. The video then transitions to a list of activities, each accompanied by a corresponding image. The first activity is to have a meal in the traditional village of Lefkest, followed by a 3.5 kilometer hike on the old Byzantine road to the village of Prodromos. The second activity is to visit the beach of Kalogero, which offers a natural",Travel & Events
7349908267742743854,"The video features a person wearing a red shirt with a black design, speaking into a microphone. The background is a room with shelves containing various items, including what appears to be a framed picture and a decorative item. The person is discussing the legal implications of Donald Trump's actions, specifically his claim of immunity. The video includes text overlays that provide commentary on the topic, with phrases such as ""Trump works against this is legal team in President Trump a Immunity claim!"" and ""Donald Trump has destroyed his immunity claim."" The person also mentions that Trump's actions made the work of his defense team harder and that the case is a sacred threshold that has been crossed. The video concludes with the",Politics
7273897683918621994,"The video showcases a football game between two teams, one in white and yellow uniforms and the other in maroon and yellow uniforms. The game is played in a stadium filled with spectators, with the crowd cheering and waving flags. The players are seen running on the field, tackling each other, and making plays. The video also includes scenes of players celebrating, with one player in a white uniform raising his arms in triumph. The video concludes with a close-up of a player in a white uniform, with the text ""@MICHIGANVSUS"" visible in the bottom right corner.",Sports
7374631394108181806,"The video shows a woman standing in front of a bed in a bedroom. She is wearing denim shorts and white sneakers. The bed has a tufted headboard and is made up with a white comforter and pillows. The woman appears to be talking to the camera, possibly narrating a story or giving instructions. The background is a plain wall, and there are no other people or objects visible in the video.",Entertainment & Shows
7285324334934035745,"The video shows a man in a gym, wearing a black shirt, bending over a machine. He is surrounded by people, some of whom are watching him. The man is then seen lying on the machine, with his head on the floor. The video ends with the man standing up and walking away.",1. News
7374137745364602155,"The video features a woman in a pink jacket and a man in a black shirt inside a car. The woman is speaking, and the man is listening. The text overlay reads ""Mom - Date someone who wants you... Not my type."" The woman then gestures with her hand, possibly emphasizing her point. The man continues to listen attentively. The video does not show any other significant actions or movements.",1. News
7345205332383108394,"The video shows a group of people gathered around a table, with one person in a yellow shirt writing on a piece of paper. The background shows a stone wall and posters on the wall. The text on the screen reads ""HUMANITARIAN."" The scene then transitions to a group of people standing in front of a building, with the text ""THE COUNTRY"" on the screen. The video then shows a group of people gathered around a table, with one person in a yellow shirt writing on a piece of paper. The background shows a stone wall and posters on the wall. The text on the screen reads ""HUMANITARIAN."" The scene then transitions to",1. News
7335427690708651272,"The video features a person standing on a city street, wearing a light-colored vest over a white shirt and blue jeans. They are holding a microphone and speaking to the camera. The background shows a busy street with people walking by. The person is seen gesturing with their hands while talking, and the text on the screen changes as they speak, indicating that they are discussing various aspects of Korean culture and society. The video concludes with the person standing alone, looking at the camera with a serious expression.",1. News
7366011789085035809,"A man in a suit and tie is standing at a podium, speaking into a microphone. He is holding a cane in his hand. There is another man standing next to him, also in a suit and tie. The background is blue and white, and there are signs on the wall that say ""CDU"" and ""tung fürer. In Verantwortung."" The man at the podium is talking about the importance of the CDU party and how it is the strongest party in Europe. He is also talking about the safety and prosperity of Germany.",Politics
7383627859803393313,"The video shows a man sitting at a desk in an office, wearing a white shirt and a watch. He is speaking and gesturing with his hands. The background is a typical office setting with a computer monitor and some papers on the desk. The man is discussing the news and making various statements about the news.",Sports
7362157037511396613,"A woman is unpacking a large box of beauty products from a shipping box. She is sitting on the floor in a living room, surrounded by several other boxes and products. She is wearing a black shirt and white socks. The text on the screen reads ""Розпаковка косметики з Кореї на 11 тисяч. А також Victoria's Secret на 15 тисяч гривень."" The woman is unboxing the products, which include skincare items, and is holding up a bottle of lotion. She is also holding",Beauty Care
7346042702347406638,"The video is a series of scenes showing a person interacting with various people and places, including a rooftop, a room, a boat, a snowy forest, a bar, and a city. The person is seen wearing different outfits and engaging in conversations with different individuals. The text overlays provide context to the interactions, such as the person meeting a girl, going on a dog sledding trip, and trying on clothes. The video also includes humorous moments, like the person's facial hair and the person's reaction to the clothes they try on.",Travel & Events
7362203819721166123,"The video shows a group of children holding signs and protesting in front of a building. The signs read ""Thank you. Thank you. Thank you. Pro-Palestinian protests spread to even more college campuses. The protesters now getting a message of support from the people they're fighting for, the children in Gaza. We love the students of Harvard University. We hear the students of Harvard University. We respect the students of your university. Thank you, the students of Columbia University. We respect you. We hear you. We love you."" The children are wearing different colored shirts and are holding up their signs. The video also shows a woman in a green uniform holding a child in a black jacket",Education
7389277272009690401,"The video begins with a boat navigating through icy waters, with the text ""FIRST MIGRANTS SINCE ELECTION"" displayed. The scene transitions to a dock where a large white and orange boat is being unloaded, with the text ""Dover"" indicating the location. The boat is then shown in a dry dock, with workers around it, and the text ""New home secretary Coopers is currently the Border Security command is currently the Border Security command"" appears. The video then shows a large number of trucks and containers at a port, with the text ""Number 10 has warned of a challenging journey in the number of journeys made"" displayed. The final scene shows",News
7315533802409839914,"The video features a person with long blonde hair, wearing a dark jacket, standing in a room with a plant in the background. The person is seen gesturing with their hands while speaking, and the text on the screen changes throughout the video to convey different messages. The text includes phrases such as ""Bill Maher, a well-known Islamophobe,"" ""and he completely glosses over the fact that that territory is under Israeli occupation and has been for decades now,"" and ""he kind of alludes that it is because it's under Muslim rule that Christians aren't there."" The person also mentions that the site where Jesus was born, Bethlehem in occupied Palestine, is now overwhelmingly Muslim,",Politics
7355525427160452385,"The video features a woman performing on stage, wearing a black outfit and a cowboy hat. She is surrounded by a crowd of people, some of whom are taking pictures or videos. The text overlay on the video reads ""When Beyoncé points at you in the crowd."" The woman is seen singing and dancing, and the crowd is shown reacting to her performance. The video captures the energy and excitement of the live performance.","3. Music, Singing, & D"
7368383778034601249,"The video shows a computer screen with a 3D model of a room. The room has a desk, a chair, and a bin. The desk has a computer on it. The bin is labeled ""Recycle Bin"". The computer screen is showing a 3D model of a room. The room has a desk, a chair, and a bin. The desk has a computer on it. The bin is labeled ""Recycle Bin"". The computer screen is showing a 3D model of a room. The room has a desk, a chair, and a bin. The desk has a computer on it. The bin is labeled ""Recycle Bin"". The computer screen is showing a",1. News
7386720277557742880,"The video showcases a young woman in a blue leotard performing a gymnastics routine on a green and blue mat. She begins by standing on the mat, then leaps off the mat and performs a series of flips and twists in mid-air. The video captures her movements from various angles, highlighting her athleticism and skill. The background features a crowd of spectators, some of whom are wearing blue shirts, and a red carpet on the floor. The video concludes with the woman landing on the mat and standing up, ready to continue her routine.",Sports
7297944147648924961,"The video showcases the process of making Slow Cooker French Onion Soup. It begins with a close-up of a white ceramic pot filled with sliced onions, followed by the addition of salt, pepper, garlic, and bay leaves. The ingredients are then stirred and cooked on high heat. The soup is then transferred to a slow cooker, where it simmers for 8-10 hours on high. Finally, the soup is served with a slice of bread and cheese, topped with a crispy crust. The video emphasizes the ease and convenience of making this delicious soup, even while working.",Food
7400109280008867114,"The video features a person wearing a white t-shirt with blue and red text that reads ""HARRIS FOR PRESIDENT"" and a gold necklace. The person is sitting on a bed with a white blanket and a black headboard in the background. The person is speaking and gesturing with their hands, emphasizing the importance of checking voter registration status. The video includes text overlays that read ""DEMOCRATS MUST CHECK/VOTER REGISTRATION STATUS"" and ""HARRIS FOR PRESIDENT"" to reinforce the message. The person appears to be discussing the importance of voter registration for Democrats in red or purple states.",Politics
7331415226442730757,"The video showcases a group of individuals performing a choreographed dance routine on a stage. The dancers are dressed in various outfits, including jackets, hats, and colorful clothing, and are moving energetically to the beat of the music. The stage is illuminated with vibrant lighting, and the background features a large screen displaying a colorful design. The dancers are seen performing a series of coordinated movements, including spins, jumps, and arm gestures, all while holding microphones and singing into them. The video captures the energy and excitement of the performance, with the dancers moving in unison and the audience watching from the sides. The overall atmosphere is one of celebration and enjoyment, with the dancers' movements and the vibrant","Music, Singing, & Dancing"
7307346522234998049,"The video features a woman sitting on a white couch in a living room. She is wearing a dark blue shirt and has long dark hair. The background is a simple, neutral color with a white wall and a white chair. The woman is speaking, and the text overlay on the screen reads, ""me when someone asks why I love to watch The Kardashians."" The woman appears to be talking about her love for the show, and the text overlay suggests that she is sharing her thoughts on why she enjoys watching it.",8. Entertainment & Shows
7362216509206236449,"The video begins with a person holding a package of ""WC FRISCH Spa Moments"" in a store. The person then moves to a shelf stocked with various items, including a pack of ""Jedes Mal"" and a bottle of ""Mein Mann holmmer 7182992922 cerdik."" The person then moves to a shelf stocked with various items, including a pack of ""Mercan"" and a bottle of ""Tiger."" The person then moves to a shelf stocked with various items, including a pack of ""Mercan"" and a bottle of ""Tiger."" The person then moves to a shelf stocked with various items",1. News
7396760829498002720,"A young woman with long blonde hair is standing in front of a bookshelf filled with books. She is wearing a white tank top and is speaking to the camera. The text on the screen is in German and reads: ""warum ich meine Bücher, die ich schon gelesen habe, nicht einfach verleihe oder verkaufe, weil ich habe sie ja schon gelesen, dann brauche ich sie ja nicht mehr. Dann wurde ich gefragt, warum ich nicht einfach in die Bücherei gehe und dort meine",Entertainment & Shows
7343145915886193926,"A man and a woman are standing on a cobblestone street at night. The man is wearing a red jacket and blue jeans, while the woman is wearing a black leather jacket and brown pants. They are talking to each other, and the man is holding a microphone. The woman is gesturing with her hands as she speaks. The background shows a building with a sign that reads ""МУЗЕЙ"" (Museum). The man and the woman are engaged in a conversation, and the woman is holding a microphone. The man is wearing a red jacket and blue jeans, while the woman is wearing a black leather jacket and brown pants. They are standing on",Entertainment & Shows
7368596585594359083,"The video is a news report about the German far-right party Alternative for Germany (AfD). It discusses the party's history, its radicalization, and its current status as a potential extremist threat. The video also mentions a recent court decision that upheld a ruling from the lower court, allowing intelligence officers to wiretap party members and recruit informants to monitor the party for extremism. The AfD is currently the second most popular party in Germany and is expected to secure big wins in several eastern states in the upcoming elections. The video encourages viewers to follow for more updates on the AfD's political activities and the ongoing surveillance efforts.",Politics
7395305751469772075,"The video shows a woman sitting in the driver's seat of a car, wearing a purple top and a necklace. She is talking to the camera and appears to be making a humorous or sarcastic comment about voting. The video ends with the woman saying ""Yeah, so actually I decided to put my vote up for sale. So if anybody wants to purchase my vote, DM me on Instagram with your best offer and yeah.""",Politics
7278695690522348843,"The video features a person wearing a green hoodie with a graphic design on it, sitting in an airplane. The person is speaking and gesturing with their hands. The background shows the interior of the airplane, with seats and overhead compartments visible. The person is also wearing a ring on their left hand. The video includes text overlays with emojis and a URL, as well as a screenshot of a webpage with the text ""Mr. Beast has a net worth of $100 million."" The person appears to be discussing the topic of Mr. Beast's net worth and the controversy surrounding it.",Entertainment & Shows
7344030729531067680,"The video features a man in a suit and tie, holding an orange microphone, interviewing another man in a dark suit. They are standing in front of a building with a red sign. The man in the suit is asking questions, and the man in the dark suit is responding. The text on the screen reads ""Fabian Köstrm nimmt Politiker HopPart30"" and ""ohne konstruktiv mitzuarbeiten"". The man in the dark suit is also seen holding a microphone with a blue and orange design. The interview takes place in a busy indoor setting with people walking around. The man in the dark suit is also seen holding a microphone",Politics
7395616033127648554,The video shows a woman in a black outfit standing in a room. She is holding a black bag and appears to be taking a selfie in front of a mirror. The room has a bed and a dresser in the background. The woman is wearing a black shirt and black pants.,13. Drama
7347525697591725355,"A young man wearing a green shirt stands in front of a bush with red flowers. He is talking to the camera and appears to be explaining something. The text on the screen reads, ""How Zionism is sold to non-Israeli Jews.""",Politics
7376404436505136416,"The video is a series of clips showing a woman in a police uniform interacting with various people in different settings. The woman is wearing a hat with the word ""Traffic Warden"" on it, indicating her role. She is seen giving tickets to people who have parked their vehicles in unauthorized areas, and she is also seen talking to a man in a black jacket. The video also includes text overlays that provide context and commentary on the woman's actions. The overall tone of the video is humorous, as the woman seems to be exaggerating her authority and the severity of the situation.",Travel & Events
7341059462687509803,"The video is a compilation of various images and text overlays that suggest a narrative about the confinement of Kate Middleton in a tower. The text confirms that Kate Middleton is sedated and locked in a tower, with Camilla Parker being held responsible. The video includes images of Kate Middleton in different outfits, including a red dress, a black suit, and a blue dress, as well as images of Camilla Parker in various outfits. The video also includes text overlays that suggest the situation is serious and that Kate Middleton is under anesthesia and confined in a tower. The video also includes images of people in suits and ties, as well as images of a man in a suit and tie",1. News
7357877605581802795,"The video is a series of scenes from a video game, likely Roblox, where a character is exploring a virtual environment. The character is seen in various locations, including a dark hallway, a street, and a park. The character is equipped with a flashlight and is equipped with a gun. The character encounters other characters, some of whom are also equipped with guns. The character is seen in a confrontation with another character, who is wearing a black outfit with red and black striped socks. The character in the black outfit is seen running away from the confrontation. The video ends with the character in the black outfit running away from the confrontation.",Gaming
7348220196772990254,"The video is a series of clips showing a person in different settings, including a hotel room, a park, and a subway station, with text overlays providing commentary on the censorship and restrictions in China. The person is using a laptop and a smartphone to access the internet, but is unable to do so due to the Great Firewall of China. The video also includes text overlays that provide information about the censorship and restrictions in China, as well as the person's personal experiences and thoughts on the matter. The video concludes with the person expressing their frustration and concern about the lack of freedom of information in China.",1. News
7323547689201765664,"The video features a person in a garage, wearing a black shirt with a white design and a black cap. The person is discussing five cars from Italy, with the text ""5 CARS FROM COUNTRY ITALIAN EDITION"" displayed at the top of the screen. The person gestures with their hands while talking, and the background shows various cars and garage equipment. The person then shows a red sports car on a road, followed by a white sports car on a track, and a red sports car on a road. The person continues to discuss the cars, with the text ""5 CARS FROM COUNTRY ITALIAN EDITION"" still displayed at the top of the",Comedy
7388973620116180257,"A man in a suit is giving a speech at a podium. The text on the screen reads ""Jordan Bordeau: Je serai là, pour vous, avec vous, jusqu'à la victoire."" The man is speaking to a crowd of people who are holding French flags and taking photos.",Politics
7392691382218935583,"The video starts with a group of people in white shirts with black dragon designs, standing in a room with a red background. They are holding a black bag with a white logo. The scene then transitions to an airport where two people are standing in front of a sign that reads ""Welcome to Terminal 4"". The next scene shows two people sitting in front of a building with a sign that reads ""Welcome to Terminal 4"". The final scene shows a group of people sitting in a room with a large window, with one person holding a microphone. The video then shows a group of people playing ping pong in a room with a green wall. The final scene shows a group of people sitting in",Sports
7323689375043243269,"The video features a white cat standing on a blue couch in a well-lit room with wooden floors and a chandelier. The cat is holding a small object in its paws and appears to be looking at the camera. The text on the screen reads ""Вам покачиваю карьинкой иконкой"" (I'm making a cat icon for you), followed by ""У видомору"" (In your face), ""Ви купирую среднеставную рубль, аккулу",Friends
7383363724628725024,"The video showcases a fashion show featuring a group of models dressed in black and white clothing. The models are walking down a runway, with the audience seated on either side. The audience members are taking photos and videos of the show, and some are wearing backpacks. The runway is set in a large, industrial space with high ceilings and exposed pipes. The lighting is bright, and the floor is made of concrete. The models are wearing various outfits, including hooded jackets, pants, and boots. Some models are also wearing hats and sunglasses. The audience is diverse, with some people wearing backpacks and others taking photos and videos. The overall atmosphere is one of excitement and anticipation as the models walk",1. Entertainment & Shows
7339981163756490030,"The video shows a person's hands with long, bright pink nails, which are being painted with a bright pink polish. The person is using a nail polish brush to apply the polish to their nails. The video also shows a nail dryer in the background, which is used to dry the nails after they are painted.",Beauty Care
7318033407785569569,"The video features a man standing next to a red Mercedes-Benz car in a parking lot. He is wearing a light blue shirt and dark pants. The background includes a parking structure and a few other cars. The man appears to be explaining something about the car, as indicated by his hand gestures and the text overlays on the screen. The text overlays change throughout the video, providing different information about the car and the man's story. The video concludes with a close-up of the car's side, showing the ""V8 TURBO"" badge, and the text ""known"" appears on the screen.",11. Autos & Vehicles
7361467847190760750,"The video features a person sitting in front of a wall covered with various posters and decorations. The person is wearing a gray hoodie and is speaking to the camera. The text overlay on the video reads: ""I'm not afraid to admit I'm not afraid to admit I'm not afraid to admit I'm not afraid to admit I'm not afraid to admit I'm not afraid to admit I'm not afraid to admit I'm not afraid to admit I'm not afraid to admit I'm not afraid to admit I'm not afraid to admit I'm not afraid to admit I'm not afraid to admit I'm not afraid to admit I'm not afraid to admit I'm not afraid to admit I'm",Entertainment & Shows
7323131799310306590,"The video is a series of interviews with Jeff Bezos, the founder and CEO of Amazon.com, conducted in various settings, including a store, a hallway, and a kitchen. Bezos is seen speaking about his early recognition of the power of the Internet, his decision to invest in the company, and his plans for the future. The video also includes text overlays that provide additional context and information about Bezos and his company.",Entertainment & Shows
7353311795374738721,"The video features a person sitting on the floor in a room with a gray wall and a wooden shelf in the background. The individual is wearing a gray hoodie and black pants, and they are holding a white object in their hands. The person appears to be in a state of contemplation or deep thought, as indicated by the text overlay on the screen. The text reads: ""Pov: t'es en mairte, tu n'as toujours suivis son carous, tu n'as toujours suivis son carous, tu n'as toujours suivis son carous, tu n'as toujours suivis son",1. News
7329621030023089440,"The video shows a group of people standing in a room, with one person wearing a white hoodie and another wearing a black top. They are posing for a photo together.",1. Entertainment & Shows
7261278269884992795,"The video shows a man and a woman dancing on stage at a concert. The man is shirtless and the woman is wearing a white top and shorts. They are surrounded by other people, some of whom are taking pictures. The stage is lit with red and blue lights, and there is a skeleton decoration in the background. The video ends with the man and woman hugging each other on stage.","Music, Singing, & Dancing"
7397527101143878954,"The video shows a series of interactions between a man in a suit and a man in a blue suit in a formal setting, likely a congressional hearing room. The man in the suit is speaking, and the man in the blue suit is listening and responding. The interactions involve questions about the number of Secret Service agents protecting Donald Trump and Joe Biden, and the man in the blue suit is trying to provide a clear and direct answer to the questions. The video also includes text overlays that provide context and additional information about the topic being discussed.",Politics
7353267784886897952,"The video shows two men sitting at a counter in a room. One man is wearing a yellow jacket, and the other is wearing a white hoodie with black text on it. They are engaged in a conversation, with the man in the yellow jacket gesturing with his hands while talking. The man in the hoodie listens attentively and occasionally responds. The background features a beige wall and a window with black bars.",Entertainment & Shows
7351137146004114693,"The video captures a thrilling moment in a soccer match between Ukraine and Israel. The match is intense, with players from both teams displaying remarkable athleticism and skill. The video begins with a player in a blue jersey, number 21, skillfully dribbling the ball past a defender in a yellow jersey, number 8. The blue team's player, number 21, is seen in a dynamic pose, showcasing his agility and speed. The scene then shifts to a player in a yellow jersey, number 7, who is seen running with the ball, evading a defender in a blue jersey, number 20. The video captures the intensity of the match",5. Sports
7312903813122280746,"The video shows a group of farmers protesting against the draconian regulations against ethm. They are using sprayers to spray the government buildings. The protest is taking place in front of a building with a sign that says ""Farmers in France are rising up against the draconian regulations against ethm. Now they are literally spraying the government buildings."" The protesters are holding signs and chanting slogans. The video also shows a group of people standing in front of a building with a sign that says ""Farmers in France are rising up against the draconian regulations against ethm. Now they are literally spraying the government buildings."" The protesters are holding signs and chanting slogans. The video also shows a",Politics
7357063093962214689,"The video features a person wearing a black jacket with white zippers and a pearl necklace. They are standing in front of a window with blinds and a wall with pictures. The person is speaking German, and the text on the screen reads ""wie ich in die Deutsche abprüfung reiß gehe am."" The person is gesturing with their hands and appears to be explaining something.",1. News
7374800691677629729,"The video features a person standing in front of a large orange truck with the text ""How do you step 4 hours and ovvk15 hours"" displayed at the top. The person is wearing headphones and appears to be speaking or singing. The background is a road with trees, and the truck is parked. The person then makes a gesture with their hand, and the text changes to ""It's in my blood."" The person continues to gesture and make hand movements, and the text remains the same. The video concludes with the person still gesturing and the text ""It's in my blood"" still displayed.",Comedy
7350964297381498154,"The video shows a person rummaging through a pile of trash bins in front of a large hedge. The trash bins are black and blue, and they are filled with various items such as pizza boxes, plastic bags, and other trash. The person is seen picking up items from the bins and examining them closely. The video also shows a close-up of a blue recycling bin filled with various items, including a box with a purple lid and a white plastic bag. The video ends with a close-up of a black trash bin filled with a variety of items, including a box with a purple lid and a white plastic bag.",Entertainment & Shows
7405044080729787678,"The video is a series of clips showing a woman in a blue suit standing at a podium, speaking into a microphone. The background is a blue and red striped pattern with stars. The text on the screen reads ""DNC speaker briggugot at copy of Proj:2025"" and ""MCMORROW"" at the bottom. The woman is speaking about the Republican blueprint for a second Trump term, which is described as extreme. The video ends with the text ""Read it here: https://www.project2025.org/read-this-now/"".",Politics
7337416931965685034,"The video features a man standing in front of a tree, wearing a plaid shirt. He is talking about the carbon footprint of a tiny rural electric cooperative in eastern Oregon. The video then shows an aerial view of a large data center in the area, with the text ""The Internet company needs huge amounts of electricity to run their computers and cool the hard-working machines."" The man continues to talk about the data center and its impact on the environment. The video ends with a call to action, encouraging viewers to read more at the Oregonian's website.",1. News
7283933352267337002,"The video features a woman in a white t-shirt with the word ""PINK"" on it, wearing a black hair wrap. She is sitting on a couch and talking to the camera. The text ""Mother Gothei but make her Desi"" appears on the screen, suggesting that the woman is a mother who is proud of her daughter's cultural identity. The video then transitions to a woman in a traditional Indian outfit, wearing a red and gold sari with intricate embroidery and jewelry. She is standing in front of a purple background, and the text ""Rapunzel, look at that now. You know what I see? I see a strong, confident, beautiful young lady.",1. News
7353365116554956074,"The video features a person wearing a colorful jacket with a yellow and green pattern, standing in front of a disco ball. The background is a vibrant, colorful setting with a grid pattern. The person is smiling and appears to be enjoying themselves. The video then transitions to a different scene, showing a framed picture of a person in a military uniform. The text at the top of the video reads ""YOU ARE MY SUNSHINE BATTLE ROUND OF 16 #4"" and ""2. Chines sunshine."" The video continues to alternate between the two scenes, with the person in the colorful jacket and the framed picture of the person in the military uniform.",1. News
7398943500328242463,A person is making a set of dice with glitter and pink resin. They are using a green mold and a purple mold. They are working with a purple substance and a pink substance. They are using a purple substance to make the dice. They are using a purple substance to make the dice. They are using a purple substance to make the dice. They are using a purple substance to make the dice. They are using a purple substance to make the dice. They are using a purple substance to make the dice. They are using a purple substance to make the dice. They are using a purple substance to make the dice. They are using a purple substance to make the dice. They are using a,Entertainment & Shows
7386453398792441131,"A young woman with long braided hair is sitting on a bed in a bedroom. She is wearing a white t-shirt with the words ""I FEEL GREAT"" printed on it. She is holding a makeup brush and a makeup palette. She is applying makeup to her face and talking to the camera. She is also holding a card that says ""Blamboni"" on it. She is showing the makeup palette to the camera and talking about it.",Beauty Care
7348462120817790240,The video shows a man shopping in a grocery store. He is looking at a shelf of snacks and picks up a box of Cathedral City cheese snacks. He then picks up a box of Dunkin' Donuts cereal and a box of Price Drop cereal. He continues to shop and picks up more boxes of Cathedral City cheese snacks. The video ends with him holding a box of Cathedral City cheese snacks in his hand.,Entertainment & Shows
7360235976494550304,"The video features a series of individuals attempting to jump over a wall in a trampoline park. The first person, wearing a white t-shirt and blue shorts, is seen jumping over the wall. The text ""あなたはないらっち"" (You are not a trampoline) appears on the screen, suggesting a humorous or ironic commentary on the person's attempt. The second person, dressed in black, attempts to jump over the wall but falls short. The third person, wearing a white t-shirt and blue shorts, is seen jumping over the wall again, with the text ""あなたは",プレイヤー
7347591598408043808,"The video showcases various scenes from Sterling, USA, including a map of the United States with ""Random City USA"" written on it, a building with the word ""Sterling"" painted on it, a statue of two people, a historic building, a scenic road, a park, a store, a street with shops, a mountain range, a city street, a tall tower, a lake, and a sunset over the water.",Travel & Events
7310063052341185823,"The video is a compilation of various scenes and statements related to the development and potential use of an invisibility cloak by China. It starts with a person standing in front of a large, transparent sheet, with the text ""not"" appearing on the screen. The scene transitions to a news article about China developing an invisibility cloak, with the text ""China and the development of science that we do not have protection from"" appearing on the screen. The video then shows a man in a suit sitting in front of a window, with the text ""experts"" appearing on the screen. The next scene shows a person standing in front of a large, transparent sheet, with the text ""we",Science & Technology
7380812058167708960,"The video is a humorous take on the transfer of a football player, Jamal, from England to Germany. It starts with a person in a blue shirt pointing at the screen, which then transitions to a collage of images showing Jamal in different sports uniforms, including a red and white uniform with the number 10, a black and red uniform, and a red and black uniform with the number 10. The text overlay reads ""Germany over England"" and ""Meet Jamal. See Jamal had a problem. Was he English or was he German? See Jamal was born in Germany but he moved to Southampton at age seven after his mum got into the University of Southampton to",Sports
7377701670077205803,"The video shows a person with long hair, wearing a black top and a necklace, in a room with a lamp and some pictures on the wall. The person is talking about not wanting to dye their hair pink, but the parasites in them want them to. The person then changes their hair color to red, and the text ""AMBER"" appears on the screen.",1. News
7309888375023045931,"The video features a man wearing a blue jacket with a red and white logo on the front, standing in a workshop with various tools and equipment in the background. The man is speaking, and the text overlays on the screen provide commentary on the situation. The text mentions that the man is using taxpayer dollars to hire additional staff to blur the faces of participants in the January 6th insurrection, and that the Department of Justice already has the unedited videos. The man is also accused of being complicit in the January 6th insurrection. The video ends with the man continuing to speak, with the text overlay still visible.",Politics
7312875354220285215,"The video features a man in a dark suit and red tie standing in front of a cityscape backdrop. He appears to be delivering a speech or monologue, gesturing with his hands as he speaks. The video then transitions to a live broadcast of a political event in Coralville, Iowa, where a man in a suit and red tie is speaking at a podium. The text on the screen reads ""TRUMP RALLIES SUPPORTERS IN CORALVILLE, IA"" and ""TRUMP SAYS HE'LL TAKE COURT ACTION IF BIDEN'S TAXES ARE HIGH."" The broadcast also includes a ticker with financial",Politics
7283816318883679531,"The video is a series of frames from a video titled ""Things you didn't know about teaching in 2023."" The video features a person with long blonde hair wearing a black shirt with the word ""WAVE"" on it. The person is seen speaking and gesturing with their hands. The background is white with a list of items written in black text. The list includes items such as ""Meetings announced day of,"" ""Students growing up around technology but they literally don't know how to google,"" ""Overstimulated classrooms and lab classrooms are the normal gone are the days where students just do work quietly that doesn't exist anymore,"" and ""Out of 25 students",Education
7317764806767922475,"The video shows a woman and a child in a snowy forest. The woman is wearing a leopard print top and the child is wearing a leopard print swimsuit. They are playing in a large metal barrel filled with water. The woman is helping the child get into the barrel and they are both having fun. The woman is also using a tool to stir the water in the barrel. The child is sitting in the barrel and playing with the water. The woman is smiling and laughing as they play. The video ends with the woman and child standing next to the barrel, with the woman holding the child's hand.",Entertainment & Shows
7395290316569382174,"The video features a woman wearing a leopard print top and glasses, standing in front of a blurred background. She is speaking, and the text overlay on the screen reads, ""Я давально сделаем приз с лавальным сделами при парте ткальовый обои в тк оставим в комментарии, кидайте разкивишися по получивающейся."" The",1. News
7358143601869671685,"The video showcases a breathtaking sunset over the ocean, with the sun casting a warm glow on the water and the sky. The waves gently crash against the shore, creating a serene and peaceful atmosphere. The colors in the sky range from deep oranges and yellows to soft pinks and purples, creating a stunning visual effect. The video captures the beauty of nature and the tranquility of the moment, with no text or subtitles present.",Travel & Events
7366140924629470496,"The video features a woman in a white dress with gold accents walking down a red carpet at an event. The background shows other attendees and photographers. The woman is wearing a long, flowing dress with intricate designs and has long, wavy hair. The video also shows a close-up of the woman's dress, highlighting the detailed embroidery and the flowing fabric. The video includes text overlays asking viewers to identify the woman and providing information about her background and charitable work.",Entertainment & Shows
7380810864477130016,"The video is a compilation of images from a concert, with the text ""Can't stop the power"" and ""*Stops the power*"" appearing on the screen. The images show a person in a yellow hoodie, a person in a black hoodie, and a person in a black shirt with a red and white design. The background is a stage with red lighting and a large red object, possibly a speaker or a prop. The images are taken from different angles, showing the person in the yellow hoodie from the back, the person in the black hoodie from the side, and the person in the black shirt from the front. The person in the black hoodie is wearing a",1. News
7346779567639498026,"A person with long, wavy hair is wearing a black top and has pink hair clips in their hair. They are holding a makeup brush and a lipstick. The person is applying the lipstick to their lips.",Beauty Care
7299554274827046187,"The video features a series of individuals discussing the history and identity of Palestine. The first person, wearing a white shirt and headphones, speaks about the history of Palestine, mentioning the Ottoman Empire and the British Mandate. The second person, wearing a dark blue shirt, discusses the Palestinian identity and the struggle for independence. The third person, wearing a blue hoodie, speaks about the Palestinian identity and the right to self-determination. The fourth person, wearing a dark blue shirt, discusses the Palestinian identity and the right to self-determination. The fifth person, wearing a dark blue shirt, discusses the Palestinian identity and the right to self-determination. The sixth person, wearing a dark blue shirt,",1. News
7348934489122327841,"The video is a compilation of various scenes from a large public demonstration, likely a protest or rally, with a focus on political and social issues. The footage shows a diverse group of people, including individuals holding signs and banners, engaging in discussions and interactions. The text overlays provide commentary and context, suggesting that the event is related to political discussions, such as the involvement of the AfD party, and the importance of maintaining peace and stability in the region. The video captures the atmosphere of the demonstration, with participants from different political backgrounds and the presence of law enforcement, indicating a significant public event.",Politics
7282317561864260897,"The video showcases a series of scenes featuring a steam locomotive, with the text ""Steampunk conversion"" appearing at the bottom of the frames. The locomotive is seen moving along a track, surrounded by lush greenery and a clear sky. The video also includes various scenes of people, including a person in a Victorian-era costume and a person with red hair, as well as a close-up of a person with red hair. The overall theme of the video is a blend of vintage and modern elements, with a focus on the steam locomotive and its surroundings.",1. Entertainment & Shows
7343605850105318658,"The video showcases a piano being played by a person whose hands are visible on the keys. The piano is illuminated by a blue light, creating a serene and focused atmosphere. The person's hands move gracefully across the keys, producing a harmonious melody. The video captures the intricate movements of the fingers as they press down on the keys, producing a range of sounds. The person's hands are seen moving in a coordinated manner, indicating a skilled and practiced performance. The video does not contain any text or additional visual elements, and the focus remains solely on the piano and the person's hands.","Music, Singing, & Dancing"
7349023065575083306,"The video shows a woman standing in a large auditorium, holding a microphone and speaking passionately. The audience is seated in rows, and the stage is lit with red lighting. The woman is wearing a red shirt and appears to be addressing the audience. The text on the screen reads ""In Germany: Jewish Woman yelling out Palestinians,"" ""Mr. Scholz, you cannot talk about democracy, while your money and your weapons are killing Palestinians in Gaza,"" and ""The blood of Palestinians is on your hands!"" The woman continues to speak, and the text on the screen changes to ""In Germany: Jewish Woman yelling out Palestinians,"" ""I'm an Israeli and I'm telling you, Arabs!"" and """,Politics
7223384947938053418,"The video shows a person wearing glasses and a dark shirt with green text. The person is standing in a kitchen with a tiled floor. In the background, there is a person with a white armadillo. The armadillo is rolling around on the floor. The text on the screen reads, ""Armadillos have been given a reputation, specifically the nine banded armadillo that is from the American South. And the reason for this is because they are known for being able to carry leprosy. Leprosy is a very ancient disease that is actually in modern times, not only very curable, but it's actually kind of a weak disease. It basically, if it's",Science & Technology
7386641138611981601,"The video features a person wearing a brown jacket and a blue and white checkered shirt. The person is being painted with makeup by another individual, who is applying makeup to the person's face. The makeup application process is shown in detail, with the person's face being covered in makeup and the makeup artist carefully applying it. The video then transitions to a different scene where the person is wearing a black military-style uniform with a hat and gloves. The person is standing against a plain background, and the video ends with the person wearing a black and white striped shirt with a hat and gloves.",1. Entertainment & Shows
7314163714402340102,"The video begins with a close-up of a warp gate, which is a circular structure with a glowing blue light emanating from it. The gate is surrounded by a dark background with small white dots, representing stars. The gate is shown in different angles, with the light swirling and changing colors, creating a sense of motion and energy. The text overlay reads, ""This is How A Warp Gate slows down a ship as it exits a hyper lane."" The video then transitions to a scene from a movie or TV show, where a spaceship is seen entering the warp gate. The spaceship is shown in a close-up, with the warp gate in the background. The text overlay reads, ""scene",This is how a warp gate slows a ship down
7385499788764040481,"The video shows a person holding a Kinder candy bar in their hand. The candy bar is white and red, and the person is holding it over a metal container. The person then places the candy bar into the container and stirs it with a spoon. The video then shows the person holding the container and stirring the candy bar inside. The person then removes the candy bar from the container and places it on a white surface. The video ends with the person holding the candy bar and the container, with the text ""Das ist schon ein bisschen geil"" (That's already a bit cool) displayed on the screen.",Entertainment & Shows
7276776260431367467,"The video shows a man in a suit and tie holding a microphone, speaking into it. The background is dimly lit, and the man appears to be in a formal setting, possibly a conference or meeting. The text on the screen changes as the man speaks, providing different statements about his actions and their consequences. The man's expressions and body language change as he speaks, indicating that he is conveying different emotions and attitudes. The video does not show any other people or objects, and the focus is solely on the man and his speech.",Film & Animation
7372265021042101550,"The video features a person with long hair, wearing a black shirt, in a room with a window and blinds. The person is seen making various hand gestures and movements, possibly mimicking a conversation or reacting to something off-camera. The text overlay at the top of the video reads ""Reply to tynesy, ca's comment"" and ""Glasgow,"" indicating that the person is responding to a comment from someone named Tynesy from Glasgow. The person's movements and gestures suggest they are engaged in a lively conversation or reacting to something humorous or surprising. The video does not provide any additional context or information about the person's identity or the specific location of the conversation.",Entertainment & Shows
7373730224879521056,"The video showcases a detailed and intricate drawing of a tiger, rendered in a variety of colors including orange, black, white, and blue. The tiger is depicted in a dynamic pose, with its mouth open and teeth bared, as if it is roaring or growling. The background of the drawing is a dark, textured surface, which contrasts with the vibrant colors of the tiger. The drawing is done in a realistic style, with attention to detail in the tiger's fur and facial features. The tiger appears to be in a state of aggression or dominance, as indicated by its open mouth and bared teeth. The video does not contain any additional information or context beyond the drawing itself.",7. Sports
7326266761773436166,"The video features a person wearing a black sweatshirt with white text on it, sitting in front of a wall adorned with various posters and a guitar. The individual appears to be speaking, as indicated by their mouth movements and hand gestures. The background includes a bed with a blue blanket and a window with blinds. The person's facial expressions and body language suggest they are engaged in a conversation or monologue. The video does not contain any discernible text or captions.",1. News
7371461402030034218,"The video features a man in a suit and tie standing in an office setting, holding a card in his hand. The text overlay on the video reads, ""And if Jewish people are gonna vote for Joe Biden, they have to have their head examined. The last person I'm gonna take advice from as a Jewish person is a known anti-Semite who's had dinner with anti-Semites, who said there was good people on both sides after Charlottesville. He's the last person I'm gonna take advice from."" The man appears to be speaking, and the text overlay suggests that he is providing advice to the viewer.",Politics
7367380929913900320,"The video shows a person wearing a black shirt and headphones, standing on a road with trees in the background. The person is wearing a necklace and has long hair. The video is a selfie, and the person is talking about their experience with wearing shorts in the summer. The person mentions that they were wearing shorts on their walk and that they didn't care about the size of the shorts, but they did care about the heat. The person also mentions that they wear a necklace and have long hair.",1. News
7306264195475983622,"The video features a group of dancers performing on stage. The central figure is a woman with long, wavy hair, wearing a black top and a beige skirt with a chain belt. She is adorned with multiple gold necklaces and white gloves. The background is a vibrant, colorful display with various hues of red, green, and purple. The dancers move in sync, executing a choreographed routine. The woman in the center is the focal point, with her movements and expressions conveying a sense of energy and passion. The video captures the dancers' synchronization and the overall atmosphere of the performance.","3. Music, Singing, & D"
7360919706913525035,"The video is a series of frames showing a puzzle game with a timer counting down from 60 seconds. The game is set against a black background with a blue border. The puzzle pieces are arranged in a grid, and the player must swap them to form a specific pattern. The text overlay at the top of the screen reads ""USE THESE FILES even if it's your daftas save the effect and boost videos using them."" The player's progress is shown in the bottom right corner of the screen, with the number of moves remaining decreasing as the player makes progress. The video encourages viewers to donate and make a video about the player, who is Moe, to help",1. News
7380730540061691178,"The video begins with a black screen that transitions to a green and black logo with the text ""hulu"" and ""ORIGINAL"" in green. The logo is centered on the screen. The scene then shifts to a silhouette of a person standing in front of a bright light source, creating a silhouette effect. The person is wearing a long coat and appears to be looking out over a landscape. The video then cuts to a close-up of a person's eye, with the text ""A COURT OF THORNS & ROSE"" appearing in white letters on a black background. The final frames show a close-up of a person's eye, with the text ""A",Entertainment & Shows
7355249683469454634,"The video features a person standing on a beach during sunset, with the ocean waves gently lapping at the shore. The individual is wearing a white hoodie and a baseball cap. The person is seen from the back, with their head slightly tilted to the side, and they are holding a white object in their hand. The background is a serene beach scene with the sun setting in the sky, casting a warm glow over the water. The person appears to be speaking, as indicated by the text overlay on the video. The text reads: ""the joy of the joy of the joy of jesus, the security of jesus, the peace of jesus, the love of jesus, the","the joy of jesus, the security of j"
7387743887940390177,"The video features a person wearing a white sweater with a zipper, standing in a room with a door and a light fixture in the background. The person is holding their hair up with one hand and appears to be speaking. The text overlay on the video reads, ""Someone in their twenties says they aren't voting."" The person then gestures with their hand, possibly emphasizing a point or making a statement. The video ends with the text, ""You're not really into politics? Okay, fair enough. But what are you into? Transformers? Pokemon, you fucking child?""",1. News
7297354768928853294,The video is a series of text-based messages from a person discussing the challenges of keeping store stock in Texas and the good news about the variety pack and POG. The person is encouraging viewers to text them for updates on store stock and to join their VIP phone number list for exclusive information about new nectar flavors and other goodies. The video ends with a call to action for viewers to join the VIP list and to follow the person on social media for more updates.,Entertainment & Shows
7374908166175280427,"The video showcases a series of steps in preparing a dish, likely tacos, with a focus on the cooking process. It begins with a close-up of a plate of tacos, garnished with a creamy sauce and fresh vegetables. The scene transitions to a kitchen setting where shrimp is being prepared, with a person using a spoon to stir the shrimp in a bowl. The shrimp is then seasoned with spices and mixed with chopped vegetables, including tomatoes and cilantro. The video continues with the shrimp being cooked in a pan, with the person using a spatula to stir the shrimp and ensure even cooking. The final scene shows the cooked shrimp being placed on a plate with the tacos, garnished",Food
7377866805823491371,"The video features a person with curly hair, wearing a dark blue shirt, standing in a room with a painting of a tree on the wall. The person is speaking, and the text overlay on the screen reads, ""You could kiss any woman in game of thrones who would it be?"" The person then points to themselves and says, ""Megan Fox."" The scene transitions to a close-up of the person, with the text overlay changing to, ""Daenerys."" The final frame shows a person sitting on a throne, with the text overlay reading, ""If you can kiss any woman in the world, feet, who would it be?"" The person on the throne is wearing a",8. Entertainment & Shows
7149700277782760746,"The video shows a person lying on a bed with a pink blanket. The person has long hair and is wearing a black shirt. The background is dark, and there is a cat on the bed. The person is holding a phone and appears to be recording themselves. The text on the screen says ""I like paul's dreams... are like this.""",Pets & Animals
7384004708165242144,"The video features a woman sitting in a chair in a room with gold wallpaper and a framed picture on the wall. She is wearing a light blue sweatshirt and has a phone in her hand. The video then transitions to a black and white photo of a dog in a field with red flowers. The woman continues to speak, providing information about the dog and its name. The video then transitions back to the woman in the chair, who continues to speak and provide more information about the dog. The video concludes with the woman still speaking, providing more information about the dog and its name.",Entertainment & Shows
7314367547862781226,"The video showcases a serene winter landscape, starting with a view of a snow-covered field with trees in the background. The camera then moves closer to the trees, revealing their snow-laden branches and the ground beneath them. The scene transitions to a closer view of the trees, highlighting their snow-covered branches and the ground beneath them. The video then shifts to a closer view of the trees, focusing on their snow-covered branches and the ground beneath them. The camera then pans to the right, revealing a snow-covered path leading through the forest. The video concludes with a close-up of a snow-covered tree, emphasizing the pristine and untouched nature of the scene.",Science & Technology
7340337384652934446,"The video is a series of images showcasing various celebrities and their last names. The first image shows a woman in a black dress with the text ""I didn't know that some of these Nepo babies change their last names to fly under the radar."" The second image shows a man in a tuxedo with the text ""Angelina Jolie's birth name is Angelina Jolie Voight."" The third image shows a man in a tuxedo with the text ""Angelina Jolie's birth name is Angelina Jolie Voight."" The fourth image shows a man in a tuxedo with the text ""Angelina Jolie's birth name",Entertainment & Shows
7333801200875261185,"The video begins with a dark blue background featuring a world map with a digital texture. The text ""An Election Year Guaranteed To Divide Us"" is prominently displayed in white, capital letters. The scene transitions to a split-screen view, with the left side showing a man in a suit and tie, and the right side showing a man in a suit and tie with a red tie. The text ""A Second Term We Can All Agree On"" appears in white, capital letters. The video then shifts to a blue background with the text ""THE DAILY SHOW"" in white, capital letters, followed by ""MONDAYS WITH JON STEWART"" in white, capital letters",8. Entertainment & Shows
7328517572679372078,"The video features a man sitting at a table in a car dealership, holding a piece of paper with handwritten text. The text on the paper includes a list of prices and a handwritten note that says ""POV: The customer never stops negotiating."" The man appears to be explaining something to the camera, gesturing with his hands as he speaks. The background shows a car dealership with a glass window and a car visible through it. The man continues to speak, emphasizing his points with hand gestures. The video concludes with the man standing up and walking away from the table, leaving the paper on the table.",Comedy
7375847354341068065,"The video captures a large crowd of people gathered at Hinds Hall in Garmin, Sweden, during a concert. The stage is brightly lit with green and red lights, and the crowd is enthusiastic, with many people holding up their phones to record the event. The text overlay on the video reads ""Hinds Hall in Garmin 🇨🇳🇦🇹🇦🇹🇦🇹🇦🇹🇦🇹🇦🇹🇦🇹🇦🇹🇦🇹🇦🇹🇦🇹","Music, Singing, & Dancing"
7392127900079721761,"The video showcases a woman's tour of her home, specifically her room at Estelle Manor. The room is described as dog-friendly, with a large stable room and a smaller one. The woman highlights the amenities in the room, including a mini bar area, snacks, and a sewing kit. She also mentions the cost of the room, which is £650 a night, and notes that it would be more expensive if she didn't have a dog. The video ends with the woman standing in front of a mirror, wearing a black top and light blue jeans, and talking about the room and its amenities.",Entertainment & Shows
7368121296154086688,"The video shows a table filled with various dishes, including salads, meats, and side dishes. There are also glasses of water and wine on the table. A person is standing in front of the table, talking to the camera. The person is wearing a dark sweater and glasses. The background shows a room with a window and some furniture.",1. News
7378190751211064607,"The video showcases a man demonstrating the features of an expandable camper. The camper is equipped with a seven-way wiring harness, electric brakes, and a two-inch ball. It has a trailer light and blinkers, and the body is made of lightweight aluminum. The camper also has compartments with stainless steel hinges and lockable doors. It comes with a GoSun power center, a portable solar table, and a solar cooker. The man explains the features of the camper, including the ground clearance, compartments, and electrical components. He also highlights the safety chains and the trailer lights. The video concludes with a close-up of the camper's underbelly, showcasing",Science & Technology
7325985650140974382,"The video is a series of experiments conducted by Jamie and Adam to compare the effects of running in the rain versus walking. The experiments involve using artificial rainfall methods, adding dyes to the water, and using tight-fitting clothes to prevent sweat from mixing with rainwater. The results show that running in the rain is indeed wetter than walking, as indicated by the weight of the work clothes and the amount of water absorbed. The experiments are conducted in both windy and windless conditions, and the results are consistent across different weather conditions. The video concludes with a discussion about the rigor of the experiments and any potential improvements that could be made.",Science & Technology
7406690692765977887,"The video is a series of clips showing a person sitting in a train or bus, with a stranger sitting in the seat next to them. The person in the seat next to them is talking to the person in the seat next to them, and the person in the seat next to them is responding to the person in the seat next to them. The person in the seat next to them is also talking to the person in the seat next to them, and the person in the seat next to them is responding to the person in the seat next to them. The person in the seat next to them is also talking to the person in the seat next to them, and the person in the seat next to",Entertainment & Shows
7309290162540858667,"The video is a news report about a massive home explosion in Arlington, Virginia, outside the Capitol. Police were called to the scene, and they were there for hours trying to execute a search warrant. The explosion caused the house to turn to splinters, and human remains were found inside, believed to be the suspect. The suspect, 56-year-old James Yu, refused to surrender and discharged several rounds from a firearm as officers closed in. The FBI and ATF were on the scene, and authorities said human remains were found at the site. The suspect was inside the residence at the time of the explosion and is presumed to be deceased. The report also mentions a deleted LinkedIn page",1. News
7365274404420406571,"The video shows a man and his dog on a sailboat in New England. The man is shirtless and wearing gray shorts, and the dog is wearing a collar. The man is washing dishes in the kitchen, and later he is cooking food in the galley. The video also shows the man and the dog on the boat, and the man is enjoying the view of the water. The video ends with the man and the dog walking on the dock at night.",Entertainment & Shows
7392992201837464850,"The video begins with a woman standing in front of a glass window, talking about her daughter's first haircut. She then cuts her daughter's hair in a salon, followed by washing her daughter's hair. The video then shows the woman and her daughter in a store, and the daughter is seen holding a cup of hot chocolate. The video then shows the woman and her daughter playing with toys in a living room, and the daughter is seen eating ice cream. The video ends with the woman and her daughter sitting at a table, eating food.",Entertainment & Shows
7395692426888891679,"The video is a series of images and scenes showing different people and events, with text overlays that provide context and commentary. The first image shows a person with a rainbow flag in the background, with the text ""Gay News"" and ""In this election, we each face a question. What kind of country do we want to live in?"" The next image shows a person with an American flag in the background, with the text ""In this election, we each face a question. What kind of country do we want to live in?"" The third image shows a person with a cityscape in the background, with the text ""What kind of country do we want to live in?"" The fourth",Politics
7335178711819373867,"The video begins with a tweet from the ICCJJ, announcing that the South African government has filed an emergency request with the International Court of Justice for additional provisional measures specific to the imminent invasion of Rafah. The tweet includes a screenshot of a legal document from the International Court of Justice, which outlines the legal basis for the emergency request. The video then transitions to a close-up of the document, highlighting the specific language used in the emergency request. The video concludes with a person speaking in a room, with the text ""and I think it's a testament to the dedication of the South African legal team in this case"" appearing on the screen.",News
7353793317437590827,"The video shows a man and a woman standing in a room. The man is wearing a black shirt and the woman is wearing a black shirt and shorts. They are holding a coffee cup. The man is holding a phone and the woman is holding a remote control. The man is talking to the woman and the woman is talking to the man. The man is saying something to the woman and the woman is saying something to the man. The man is saying ""Don't prank your employee when they're holding hot coffee"" and the woman is saying ""Oh! Oh! Oh! Oh! Oh!"" The man is saying ""Oh! Oh! Oh! Oh! Oh!"" and the woman is",1. News
7377799778299579690,"The video features a woman standing outdoors, with an American flag in the background. She is wearing a black top and has tattoos on her arms. The text overlay on the video reads, ""Isn't it weird you're a fan of an American flag, but you know who you're voting for?"" The woman appears to be speaking directly to the camera, and the video seems to be a commentary on the political climate.",1. News
7346724921361435937,"A video shows two girls walking down a sidewalk, one with a backpack. The text on the screen reads, ""А в Украине, я являюсь чуждой человеком, так что я не могу послушать твоего тела, я не могу думать твоего тела, я не могу узнать твоего тела, я не м",Travel & Events
7384186520351083781,"The video begins with a person in a light-colored robe sitting in a room, speaking to the camera. The person is wearing a necklace and has blonde hair. The background features a beige wall and a window with dark curtains. The person gestures with their hands while speaking, and the text overlay reads, ""Я рішу просто просто просто просто просто просто просто просто просто просто просто просто просто прост",Entertainment & Shows
7396382918039457041,"A man and a woman are sitting on a bed in a modern room. The man is wearing a white shirt and black shorts, while the woman is wearing a white shirt with the word ""GIRL BOSS"" in red letters and blue jeans. The man is holding the woman's leg, and they are both looking at each other. The man is speaking, and the woman is listening. The text on the screen says ""ВОЛОСА"" (1/10) and ""БРОВОДА"" (10/10). The man is also speaking, and the woman is listening.",Entertainment & Shows
7273841367351069998,"The video shows a person wearing gloves and cutting a block of bright yellow soap into smaller pieces. The soap is placed on a marble countertop. The person then holds up a piece of the soap, which has a label on it. The label reads ""AMINO NATURA Turmeric & Kaolin Acid Brightening Soap"".",Beauty Care
7277167570946379014,"The video captures a vibrant and energetic atmosphere at a football stadium. The crowd, predominantly dressed in yellow and blue, is seen raising their hands in the air, creating a sea of waving flags and banners. The stadium is filled to capacity, with the spectators' enthusiasm palpable. The video then transitions to a wide shot of the football field, where players are seen in action, adding to the dynamic scene. The crowd's excitement is palpable, with their cheers and chants filling the air. The video concludes with a close-up of the crowd, emphasizing their collective energy and support for the team.",Sports
7365322515998068011,"The video begins with a group of people standing in front of a podium, with a backdrop featuring the American flag and a building with a dome. The text on the screen reads ""STITCH INCOMING WOKE ENCAMPENTS EXPOSED!!!!"" and ""we're here to discuss the little Gazas that have risen up on campuses across America. So I'm at one of these little Gazas right now and I'm here to expose it for what it really is."" The scene then transitions to an outdoor setting where a person is standing in front of a tent with a sign that reads ""JEWS AGAINST GENOCIDE."" The person is wearing a den",1. News
7362319887361903905,"The video begins with a person wearing sunglasses and a gray shirt, standing in front of a black background. The text overlay reads, ""Seeing Rufuski during Uni ski trip trying to see Uni ski trip trying to see Uni ski trip trying to see Uni ski trip trying to see Uni ski trip trying to see Uni ski trip trying to see Uni ski trip trying to see Uni ski trip trying to see Uni ski trip trying to see Uni ski trip trying to see Uni ski trip trying to see Uni ski trip trying to see Uni ski trip trying to see Uni ski trip trying to see Uni ski trip trying to see Uni",1. Entertainment & Shows
7311332422077975840,"The video shows a series of interactions between a woman and a man, with the woman being the main focus. The woman is wearing a leopard print coat and is seen in various settings, including outdoors and indoors. The man is wearing a purple jacket and a pink tie, and is also seen in different settings. The video includes a mix of serious and humorous moments, with the woman and the man engaging in conversation and the woman expressing frustration and anger. The video also includes a small inset image of a man in a white shirt, which is not fully visible.",Entertainment & Shows
7354415572626509099,"The video begins with a person wearing a maroon beanie and a white shirt, sitting in a room with a white wall and a green shelf in the background. The person is speaking, and the text on the screen reads, ""Eastern United States. Ground shaking larger in the east because of the older, more fractured, and more brittle rock. In the western United States, the rock is much younger and more ductile, so the energy of earthquakes is absorbed by the faults and the rocks are less likely to break."" The person continues to speak, and the text on the screen changes to, ""If we look at the earthquake that happened today, it was a magnitude of 4.8",Science & Technology
7378608951975349536,"The video captures a moment of triumph and celebration in a soccer match. The players, dressed in white jerseys, are seen running across the field, their faces filled with joy and relief. The crowd, a sea of spectators, is seen cheering and waving flags, their excitement palpable. The text overlay ""ENGLAND WIN SOCCERAID"" adds a layer of significance to the moment, suggesting that the victory was not only a personal triumph but also a collective one, as the team had raised funds for charity. The video is a snapshot of a moment of triumph, capturing the emotions and excitement of the players and the crowd alike.",Sports
7293239332167617834,"The video features a woman with shoulder-length dark hair, wearing a sleeveless, light-colored top with a pattern, standing in a room with a colorful floral curtain and a painting of a deer on the wall. She is seen gesturing with her hands and talking, with the text ""some of y'all"" and a laughing emoji appearing on the screen. The woman appears to be expressing a humorous or sarcastic statement, possibly related to the context of the video. The video does not provide additional context or information about the specific situation or event being referenced.",1. News
7372186670273137952,"The video showcases a series of food and drink experiences in various settings. It begins with a close-up of a vegan dish, followed by a menu listing vegan options. A person is seen enjoying a burger, and the video continues with a variety of dishes, including a salad, a burger, and a dessert. The video also features a person drinking from a bottle, a bowl of food, and a person eating a pastry. The final scenes show a person eating a pizza and a person enjoying a drink. The video concludes with a person holding a pizza box and a sign that reads ""Pretty Pizza.""",Food
7379475961139547398,"The video features a woman in a black dress with ruffles, standing in a modern kitchen with white chairs and a dining table. She is wearing black high heels and has long blonde hair. The text on the screen reads ""Мени 60 роки"" (My 60 years) and ""Ну, чуждый 60 год"" (Well, 60 years old). The woman then demonstrates how to style her dress, showing different ways to wear it. She also shows how to tie the ruffles on the dress. The video ends with the woman standing confidently in the kitchen, with",3. Entertainment & Shows
7364542326959574314,"The video shows a person lying on a bed, holding their hands up to their face. The person is wearing a black shirt and has long hair. The background includes a bed with a white blanket and a stuffed animal. The person appears to be in a state of relaxation or contemplation.",1. News
7309293532467039531,"The video is a compilation of various scenes from a television show, with a recurring theme of a woman named Barbie MagA-A-Nny. The scenes show her sitting on a couch with a group of people, and she is often seen reacting to something off-screen. The video also includes a news broadcast with a woman in a suit and tie, and the text ""Barbie MAGA-A-Nny thought she had a 'gotcha' moment"" is displayed at the top of the screen. The video also includes a news ticker with the text ""HOUSE GOP PUSH FOR VOTE ON BIDEN IMPEACHMENT PROBE"" and",Politics
7376360928851299590,"The video features a series of individuals discussing various topics, including skincare, hair care, and the use of retinoids. The first person, wearing a white shirt, is seen gesturing with their hands while speaking, with text overlays providing context to their statements. The second person, with long hair, is also seen gesturing while speaking, and the text overlays provide additional information. The third person, with curly hair, is seen gesturing with their hands while speaking, and the text overlays provide further context. The fourth person, with long hair, is seen gesturing with their hands while speaking, and the text overlays provide additional information. The fifth person, with long hair,",Lifestyle
7347847920151956779,"The video shows a person standing in a doorway, wearing a hat and holding a leash. They are looking at a small dog that is standing on the floor. The person then bends down and picks up the dog, carrying it into the house. The dog appears to be excited and happy, wagging its tail. The person then puts the dog down and walks away, leaving the dog on the floor. The dog looks up at the person, seemingly happy and content.",7. Pets & Animals
7291696863449763078,"The video features a person wearing a beige shirt and a black headband, speaking directly to the camera. The person is seen gesturing with their hands and making various facial expressions, indicating they are engaged in a conversation or monologue. The background is a room with a window and some furniture, suggesting an indoor setting. The person's attire and the setting imply a casual, possibly personal or intimate context. The video includes text overlays with various messages, some of which are humorous or critical, such as ""I'm actually kind of offended of how stupid the Israelis think we are"" and ""Allah is aware of everything that's going on."" The person's body language and facial expressions change",1. News
7375186781999762721,"A woman in a blue floral dress is standing in front of a table with wine glasses, a bowl of cheese, and a plate of bread. She is holding a bottle of wine and a glass.",1. News
7309512164870491435,"The video is a compilation of different segments, each featuring a different person speaking about Donald Trump's plans and actions. The first segment shows a man in a suit and red tie speaking to the camera, with the text ""HANNITY ASKS TRUMP IF HE POWER WOULD ABUSE POWER"" displayed at the top. The second segment shows a man in a suit and red tie speaking to the camera, with the text ""TOWN HALL WITH HANNITY"" displayed at the top. The third segment shows a man in a suit and red tie speaking to the camera, with the text ""EXCLUSIVE TOWN HALL WITH DONALD TRUMP",Politics
7325003811632745761,"The video features a person wearing a green shirt, standing against a plain background. The person is making various hand gestures, including pointing, touching their chest, and pointing to their head. The text overlay in German reads ""DEUTSCHE THERAPEUTEN HATTE RECHT,"" which translates to ""German therapists had the right."" The person appears to be speaking or expressing something, possibly about the rights of German therapists. The video does not show any other objects or people, and the focus remains on the person and their gestures.",Entertainment & Shows
7355061931993992480,"The video features a person wearing a blue shirt standing in front of a calendar with the word ""MONDAY"" at the top. The person is gesturing with their hands, possibly explaining or emphasizing a point. The background is black, and the calendar is white with black text. The person's hands are visible, and they are making various hand gestures, including pointing and spreading their fingers apart. The video does not contain any additional text or graphics.",1. News
7330624658686954795,"The video is a compilation of clips showing a person wearing a bright pink shirt, with the text overlaying the video reading ""That's his supporters Booing m & I ❤️ that 4 min."" The person is seen making various hand gestures and movements, including pointing and holding their hands up. The background is a room with shelves and various items on display. The video also includes images of a man in a suit and tie, with the text overlaying the images reading ""Trump booed loring about the Arrahan hostage."" The person in the video is seen reacting to these images, with their mouth open and hands raised in a gesture. The video also includes a",Politics
7397794935199567135,"The video shows a woman tied to a tree in the jungle, with a man standing nearby. The woman is covered in mud and appears to be in distress. The video then shows the woman being taken to a hospital, where she is greeted by a man in a blue shirt. The woman is then shown writing a letter in a hospital, detailing her experiences and the events leading up to her being tied to the tree. The video concludes with the woman signing the letter and the text ""EXTREME"" appearing on the screen.",1. News
7397967668248120622,"The video shows a person with long hair wearing a black shirt and green earrings, standing in a room with a pink blanket and a sign that reads ""I'm a girl, I'm a girl, I'm a girl, I'm a girl, I'm a girl, I'm a girl, I'm a girl, I'm a girl, I'm a girl, I'm a girl, I'm a girl, I'm a girl, I'm a girl, I'm a girl, I'm a girl, I'm a girl, I'm a girl, I'm a girl, I'm a girl, I'm a girl, I'm a girl, I'm a",Beauty Care
7311858161504423214,"The video showcases a collection of BMX bikes, each with unique features and designs. The first bike, a 1987 GT Performer, is highlighted with its pink handlebars and white frame. The second bike, a 1987 GT Performer, is shown with a blue handlebar and white frame. The third bike, a 1987 GT Performer, is featured with a pink handlebar and white frame. The fourth bike, a 1987 GT Performer, is showcased with a blue handlebar and white frame. The fifth bike, a 1987 GT Performer, is presented with a pink handlebar and white",1. News
7299582823940312350,"The video begins with a man sitting on a green leather couch in a dimly lit room, wearing a gray shirt and dark pants. He is holding a black object, possibly a phone, and appears to be in a contemplative or pensive state. The room has a wooden wall and a bookshelf in the background. The scene then transitions to a close-up of a person wearing a hooded jacket, with the hood pulled up over their head, creating a sense of mystery or secrecy. The lighting is dim, and the person's face is not visible. The next scene shows a man in a white shirt, standing in a room with a blue light shining on him, possibly indicating a change",1. News
7331551109649059115,"The video features a black cat playing a violin. The cat is positioned in a dark setting, with its body illuminated by the light of the violin. The cat's fur is shiny and appears to be wet, possibly due to the wetness of the instrument. The cat's eyes are closed, suggesting it is focused on the music. The video captures the cat's movements as it plays the violin, with the strings and bow visible in the frame. The cat's head is tilted slightly to the side, and its mouth is open, indicating it is singing or speaking. The video does not contain any additional text or subtitles.",Pets & Animals
7293441357169937666,"The video features a series of animated scenes with a character in a school uniform and a blonde ponytail. The character is seen interacting with various cars, each with unique designs and colors. The cars are parked in a parking lot, and the character appears to be performing actions such as jumping onto the cars and interacting with them. The background of the video is a parking lot with other cars and buildings visible. The character's actions and the cars' designs suggest a playful and dynamic interaction between the character and the cars.",1. News
7397793782122564896,"The video shows a person lying in bed, wearing a white top with lace details and a gold necklace. The person is holding their hand to their face, possibly in a gesture of surprise or disbelief. The background is a bed with a patterned blanket. The person is wearing a gold ring on their left hand. The video includes text overlays that read ""Leute, ich hatte einfach gerade eine Realisation. What the fuck? Ich hoffe es eigentlich auszusprechen, aber mir ist aufgefallen, ich bin wirklich no better than a man. Es ist bis zu dem Punkt gek",Entertainment & Shows
7359943972216638736,"The video shows a group of people protesting in a city street. They are holding signs and banners, and some of them are wearing orange vests. There are police officers present, and they are trying to control the situation. The protesters are chanting slogans and waving flags. The video also shows a large banner with the text ""Für Palästina"" and ""Widerstand ist Völkerrecht!"" (Resistance is human rights!).",Politics
7344108969151008001,"The video shows a group of people at a wedding reception. There are tables set up with food and drinks, and people are sitting and standing around. A woman in a red dress is sitting at a table with a man in a black suit. The woman is holding a glass of water and smiling. The man is also smiling and holding a glass of water. The woman then stands up and walks away from the table. The man follows her and they walk towards the front of the room. The woman then walks up to a man in a dark suit who is standing at the front of the room. The man in the dark suit is holding a microphone and appears to be speaking to the woman. The",Entertainment & Shows
7226368631268019482,"The video features a person with long blonde hair, wearing a black leather jacket, standing in a room with a pink towel hanging on the wall. The person is holding a phone, and the text ""Songs for your Insta Story Crush Edition"" is displayed at the top of the screen. The person then takes a selfie, and the text ""EVERY TIME WE TALK, IT'S JUST HURTS SO BAD"" appears. The person continues to take selfies, and the text changes to ""CAUSE I DON'T EVEN KNOW WHAT WE ARE"" and ""I DON'T EVEN KNOW WHERE TO START."" The person continues","3. Music, Singing, & D"
7369594137928109345,"The video shows a shelf in a grocery store with various food items, including a box of Mr. Brain's pork faggots. The box is prominently displayed and features an image of the product on the front. The price tag on the shelf indicates that the pork faggots are priced at 1.60. The video also includes a humorous comment from the person recording the video, questioning the price of the pork faggots.",7. Food
7330275353325227297,"The video features a person with extensive tattoos and scars, who is seen in various settings, including a bar, a garden, and a gym. The person is wearing different outfits and accessories, such as a tank top, a black shirt, and a blue and red striped shirt. The text overlays the video, providing information about the person's past, current situation, and future plans. The person is also seen performing physical activities, such as jumping rope and lifting weights, and is described as having a strong physique. The video concludes with the person sitting at a table with a glass of wine, with the text ""HIN AUS GEWORFENEN"" (from the future)",Sports
7327164126822763808,"The video showcases a series of military parades from different countries, featuring women in uniform marching in formation. The countries represented include China, Russia, Vietnam, South Korea, and North Korea. Each country's flag is displayed at the bottom of the screen, and the text ""women military parades"" appears at the top of the screen. The video captures the precision and discipline of the women in uniform as they march in unison, with the background showing a large crowd of spectators. The video also includes a person in a military uniform standing in the background, possibly a military officer or a member of the audience. The overall atmosphere is one of unity and strength, as the women in uniform march in formation,",Sports
7371855904813157664,"The video features two individuals standing side by side in a room, with a white wall and a bed in the background. The person on the left is wearing a white shirt with a pink design and denim shorts, while the person on the right is wearing a white shirt with a pink design and black pants. The video is titled ""pre summer s"" and includes a list of statistics for each person, such as ""Jula"" with a score of 26/10, ""Statue"" with a score of 71, and ""happiness"" with a score of 158. The video also includes emojis and a flower-shaped decoration on the wall",Entertainment & Shows
7354696392129924385,"The video showcases a series of close-up shots of a red sports car at a car show. The car is detailed with a carbon fiber body and black wheels. The video begins with a close-up of the car's side, highlighting its sleek design and the ""Porsche"" logo. The car is then shown from the front, revealing its sharp lines and aerodynamic shape. The video continues with a focus on the car's front wheel, showcasing its intricate design and the ""Porsche"" logo. The final shot captures the car from the side, emphasizing its sporty aesthetic and the ""Porsche"" logo on the side. Throughout the video, the car is surrounded by a",1. News
7293639077671210286,"The video shows a person feeding fish from a white bucket filled with fish food. The person is standing on a wooden dock by a body of water, and the fish are swimming around the bucket. The person is holding the bucket with one hand and feeding the fish with the other. The fish are of various sizes and colors, and they are swimming around the bucket. The person is wearing a white shirt and blue jeans. The water is clear and reflects the green trees and grass around the dock. The person is feeding the fish from the bucket, and the fish are swimming around the bucket. The person is holding the bucket with one hand and feeding the fish with the other. The fish are of various",1. Pets & Animals
7357227155979275526,"A group of people are standing on a cobblestone street at dusk. One person is holding a microphone and interviewing the group. The group consists of a man in a beige jacket, a woman in a white top and blue jeans, a young boy in a blue outfit, and a young girl in a blue outfit. The man in the beige jacket is holding a microphone and interviewing the group. The group consists of a man in a beige jacket, a woman in a white top and blue jeans, a young boy in a blue outfit, and a young girl in a blue outfit. The man in the beige jacket is holding a microphone and interviewing the group. The group consists of",Entertainment & Shows
7394532218032491808,"The video features a woman in a pink dress and a man in a black shirt standing on a sidewalk. The woman is holding a pink purse and appears to be talking to the man. The man is wearing a black shirt and has a black belt around his waist. The background shows a street with cars parked along the side and a fence. The sky is cloudy, and the sun is setting, casting a warm glow over the scene. The woman and the man are engaged in a conversation, with the woman gesturing with her hands while talking. The man listens attentively, occasionally nodding his head. The video ends with the woman walking away from the man, who is still standing on the sidewalk.",1. Entertainment & Shows
7354508802932133166,"The video features a series of individuals engaged in various activities, with text overlays providing commentary on their actions. The first individual, wearing a light-colored shirt, is seen in a room with a ceiling fan and a bookshelf filled with books. The text overlay reads ""Booktok"" and ""Stitch Inning,"" suggesting a focus on book-related content.

The scene transitions to a different individual, also in a room with a bookshelf, but this time the text overlay reads ""WHINING ON THE INTERNET."" This person is wearing a black shirt and is seated in a car. The text overlay continues to change, with phrases like ""I'm not sure what his",Politics
7344855206242389280,"The video features a woman in a black blazer and white shirt, seated in a room with a wooden background. She appears to be engaged in a conversation, as indicated by her hand gestures and facial expressions. The text overlay at the top of the screen reads ""Alice Weidel reagiert auf AFD-chatterläufe,"" suggesting that the woman is reacting to comments or discussions related to the Alternative für Deutschland (AfD) party. The video captures her reactions and expressions as she listens and responds to the conversation.",Politics
7377794153071037739,"The video is a series of clips from the TV show ""The Office,"" featuring a character named Jim who is trying to demonstrate his telekinetic powers. The video starts with Jim in a tuxedo, reading from a piece of paper, and ends with him in a suit and bow tie, standing in front of a coat rack. The text in the video suggests that Jim is trying to prove that he can move objects with his mind, but the video does not show any actual telekinetic abilities. The video also includes a woman in a pink shirt and a man in a white shirt, but their roles are not clear from the captions.",4. Comedy
7349706117166959879,"The video features a person standing in a natural setting, surrounded by trees and greenery. The person is wearing a light-colored shirt and is speaking to the camera. The text overlays on the video include phrases such as ""What's up everyone?"", ""I am officially going into the jungle."", ""I don't know how to feel."", ""I'm excited."", ""I'm nervous."", ""You know, I'm normally a very organized and a planner and a control freak and I don't get to control anything here."", ""So I'm along for the ride and, you know, I hope they go easy on me."", and ""See you in the jungle."" The person appears to be",Entertainment & Shows
7308194891656400170,"The video shows a group of people in a stadium, with a large crowd of fans wearing red and white. The fans are cheering and waving their arms in the air, indicating excitement and support for a team or event. The text ""FUMBLE."" appears at the top of the screen, suggesting that the video is related to a sports event or game. The fans are also holding up signs and cheering, which adds to the atmosphere of excitement and support.",Sports
7375105398946139398,"The video shows a woman in a light blue robe standing in a living room, talking to the camera. She is holding a phone and appears to be in a heated discussion with someone off-camera. The room is decorated with a large flat screen TV, a coffee table, and a rug. The woman is also seen in a different room, sitting on a couch and holding a remote control, possibly watching TV. The video also shows the woman in a different room, standing in front of a sliding glass door, talking to the camera. She is wearing a light blue robe and appears to be in a heated discussion with someone off-camera. The room is decorated with a large flat screen TV,",Entertainment & Shows
7387067236218916129,A woman is in a store and she is looking at a display of cakes. She is trying to decide which one to buy. She then goes to the counter and buys a cake. She takes the cake home and tries it. She is very happy with the cake and she wants to share it with her friends.,Entertainment & Shows
7323395108378840351,"The video shows a person dancing in a hallway. The person is wearing a gray sweatshirt and jeans. The hallway has tiled floors and a Christmas tree decorated with red ornaments and a fan on the right side. The person dances energetically, moving their arms and legs in various directions.","3. Music, Singing, & D"
7378610696390528289,"The video is a series of frames showing a man in a white lab coat speaking into a microphone, with various texts overlaid on the screen. The texts are in French and discuss the dissolution of the National Assembly, the impact of this decision on the upcoming elections, and the political changes that may occur. The man appears to be providing commentary or analysis on the political situation in France. The video also includes a list of names and titles, suggesting that the man is a journalist or commentator.",Politics
7292568999932529963,"The video shows a series of images of two women walking together in different settings. The first woman is wearing a black crop top and black shorts, holding a green water bottle and a small toy. The second woman is wearing a black sports bra and black leggings, holding a white water bottle. They are walking on a sidewalk, in a park, and on a dirt path. The video also shows them in different outfits, including one where they are wearing black leggings and a black top, and another where they are wearing black leggings and a black sports bra. The video ends with a red button that says ""FOLLOW"" and a white button that says ""SUBS",Fitness & Health
7360445995945037088,"The video shows a group of wild boars walking on a paved road at night. The boars are seen eating from a pile of food on the ground. A person is seen feeding the boars, and the boars are seen eating the food. The video also shows a person kneeling on the ground, feeding the boars. The boars are seen eating the food, and the person is seen holding a bottle of food. The video ends with the person standing up and walking away.",Sports
7356329953622822187,"The video features a person wearing a cap with a rainbow pattern and a gray shirt with a logo on it. The person is seen in front of a computer screen displaying a stock chart for Trump Media & Technology Group Corp. The stock price is shown to have fallen again today, with a value of 34.21 USD. The person is seen gesturing with their hand while speaking, and the text on the screen changes to provide different commentary on the stock's performance. The video also includes text overlays that provide additional information about the stock and its performance.",Sports
7376774039899082027,"The video shows a group of elderly people in wheelchairs in a museum. They are dressed in formal clothing and are seated in a circle. The video then zooms in on one of the elderly people, who is wearing a military uniform and holding a rifle. The video then shows a close-up of the elderly person in the military uniform, with the text ""Old People's Home"" appearing on the screen. The video then shows a group of elderly people in wheelchairs, with the text ""Video credit: www.youtube.com/user/realistic"" appearing on the screen. The video then shows a group of elderly people in wheelchairs, with the text ""Exhibition ii Paris",Science & Technology
7394396617882799366,"The video features a person with curly red hair, wearing a dark top, holding a large, colorful drink with a straw. The drink is decorated with pastel-colored candies and a pink lid. The person is seen drinking from the cup, with the text ""POV: Your cousin gives you something to do drink"" displayed at the top of the screen. The background is dimly lit, and the person appears to be in a casual setting, possibly a home. The video does not contain any additional information or context beyond the text displayed at the top of the screen.",1. News
7382929842615979296,"The video features a person wearing a white t-shirt and blue jeans, sitting in a room with a mirror and a sink in the background. The person is holding their head with one hand and appears to be in a state of distress or frustration. The text overlay on the video reads, ""Ich bin gerade so deprimiert. Ich habe jetzt die letzten anderthalb Stunden damit verbracht, am Laptop irgendwelche Familien, etwas gehobene Hotels auf Mallorca oder generell bei den Jahren abzuklappern. Ich finde e",Entertainment & Shows
7283171808595971370,"The video features a woman with long black hair, wearing a gray tank top, standing in a room with a plant in the background. She is wearing blue nail polish and has tattoos on her arms. The woman is speaking, and the text overlay on the video reads, ""NO BECAUSE I'M REAL AORES WHEN THE DUCK DUCK DUCK AROUND THE STANDING GUY AT THE TEAM RANO FOR THE FEMMAJUA."" The woman appears to be talking about a situation where someone is annoying her by repeatedly saying ""duck"" in a playful manner. The video seems to be a humorous take on",1. News
7299771215755906312,Two women are dancing in a gym. They are wearing black jackets and pants. They are dancing in a room with wooden floors and a gray wall.,Dance
7397523950391086369,"The video begins with a black screen, where a green apple with a crown and a blueberry with a crown appear. The blueberry is wearing a red heart-shaped earring, and the apple is wearing a silver tiara. The blueberry moves closer to the apple, and the apple appears to be smiling. The scene then transitions to a black screen with colorful confetti falling from the top. The confetti includes various colors such as pink, yellow, green, and blue. The confetti continues to fall, and the apple and blueberry are no longer visible. The confetti then disperses, and the screen fades to black. The video then shows a green apple with a",Film & Animation
7410518813021637930,"The video shows a man in a suit and tie sitting in a room with a woman in the background. The man is speaking, and the text overlay on the screen reads, ""Do you think Americans seriously think that this is an important question?"" The woman in the background is wearing a white blazer and appears to be listening to the man. The setting appears to be a formal or professional environment, possibly a meeting or press conference. The video does not provide any additional context or information about the man's identity or the woman's role.",Politics
