video_id,summary,category
7349900395843472672,"The video shows a man in a suit and tie holding a microphone with the text ""Putins/Vladimir Putin"" on it. He is standing in front of a crowd of people, some of whom are holding Russian flags. The man appears to be giving an interview or statement. The video then cuts to a group of people standing in line, possibly waiting to enter a building or event. The final scene shows a man in a suit and tie holding a microphone with the text ""heute SHT3W"" on it. He is standing in front of a truck with the text ""CAR FOR SALE"" on it. The man appears to be giving an interview or statement.",Politics
7326597898358066465,"The video is a humorous comparison between a person's reaction to their cat's behavior and the reaction of a smartphone. The video is divided into two parts, each showing a different reaction.

In the first part, the person is shown in a room with a cat sitting on a bed. The person is holding a smartphone and looking at it with a surprised expression. The text on the screen reads ""Pov: Les appels avec mon chacad qui n'ai jamais fait de cela"" (Pov: The calls with my cat who has never done this). The person's reaction is shown in a split-screen format, with the left side showing the",7. Pets & Animals
7302484543691328810,"The video is a black screen with white text. The text reads ""EMERGENCY RELIEF DISTRICT OCTOBER 1TH, 2023. Stop the killing. Stop hate. Time to donate."" The text is in a bold, sans-serif font and is centered on the screen. The video does not contain any other visual elements or audio.",1. News
7339991555408694561,"The video shows a person standing in a store, holding a brown hoodie with the word ""Balea"" on it. The person is talking about the most popular beauty products from their store. The video then shows a close-up of the store shelves, displaying various beauty products, including Balea's Vital Augencreme, Aqua Augen Roll-On, and Q10 Anti-Falten Augencreme. The products are displayed in different colors and sizes, and the prices are shown on the shelves. The video also shows a close-up of the Balea's Vital Plus straffende Augencreme, which is priced at 3",Beauty Care
7351403366368546081,"The video showcases a series of events involving a group of humans and aliens in a battle. Initially, the humans are shown preparing a dish, possibly a meal, with various ingredients. The scene transitions to the aliens cooking, with the text ""aside"" indicating a moment of distraction or interruption. The aliens then proceed to cook a dish, with the text ""laughed"" suggesting a moment of amusement or surprise.

The narrative continues with the aliens preparing a dish, with the text ""hours"" indicating a significant amount of time. The dish is then cooked, with the text ""public"" suggesting a moment of revelation or exposure. The dish is served, with the text ""just"" indicating",1. Entertainment & Shows
7380379588242804001,The video shows a person lying in bed with a pink pillow behind them. The person is wearing a black shirt with blue text on it. The person is making a hand gesture with their hand near their face. The person is also wearing a necklace with a pendant. The person is looking at the camera and appears to be talking or expressing something.,Entertainment & Shows
7291005324717313313,"The video features a woman in a pink coat standing in front of a large building with a flag on top. She is speaking to the camera and providing information about the rise of the anti-immigration party AfD in Germany. The video also includes text overlays that provide additional information about the party's policies and the current state of the German citizenship rules. The woman is seen gesturing with her hands as she speaks, and the background includes a body of water and a bridge.",Politics
7184540937974975786,"The video shows a person sitting in the back seat of a car, wearing a black tank top and white headphones around their neck. They are holding a spoolie brush and applying a product to their eyebrows. The text overlay on the video reads ""e.i.f brow lift review"" and ""Bwkinnatonor."" The person is demonstrating the use of the product, which is likely a brow lift product, and discussing its effectiveness. The video ends with the person showing the final look of their eyebrows after using the product.",Beauty Care
7343334803665603883,"The video features a woman with long, wavy hair, wearing a dark sweater and a gold necklace, sitting in front of a colorful, starry background. She is holding a black object, possibly a makeup brush, and appears to be speaking or presenting something. The text ""TikTok BAN TOMORROW"" is displayed at the top of the screen, indicating that the video is related to a potential ban on the social media app. The woman seems to be discussing the potential ban and its implications, as well as the benefits of using TikTok for educational purposes. The video also includes a phone number, ""202-224-321",Science & Technology
7343662075299761440,"The video begins with a person wearing a pink sweater with a black bow tie, standing in a room with a white wall and a shelf in the background. The text ""Me (a huge horror freak) thinking no scene could ever affect me"" appears at the top of the screen. The scene then transitions to a person in a white shirt and tie, covered in blood, standing in a dimly lit room with a green hue. The text ""This scene"" appears at the top of the screen. The video then shows a close-up of the person in the white shirt and tie, with the text ""And they were both found dead"" appearing at the top of the screen.",1. News
7394913119375527210,"The video features a person wearing a gray shirt and a camouflage cap, standing in front of a plain wall. The person is seen making various hand gestures, including pointing and raising their hand. The background includes a shelf with various items, such as bottles and a small object. The person's expressions and hand movements suggest they are engaged in a conversation or monologue, possibly discussing a topic related to politics or social issues. The video does not contain any text or subtitles.",Politics
7327439802637307178,"The video showcases a person in a camouflage hoodie standing next to a white Chevrolet truck. The person is holding a phone and appears to be taking a photo or video of the truck. The truck is parked in a garage or a similar indoor setting. The person is wearing a camouflage hoodie with a white graphic on it. The truck has a black interior and a black grille. The person is also wearing a necklace with a pendant. The video includes text overlays that read ""This is the CHEPAEST Brand New Truck You Can Buy Today *2024 Chevy W/T* part 2"" and ""This is the CHEPAEST Brand","11. Outfit, Style, &"
7296461109572275488,"The video is a series of clips featuring individuals who are Trump supporters and express their opinions on unions. The first clip shows a person wearing a red hat with the text ""MAKE AMERICA GREAT AGAIN"" and a red shirt with the text ""UNION"" and ""I DON'T SUPPORT UNIONS."" The person is standing in front of a building with a large American flag. The second clip shows a person wearing a red hat with the text ""MAKE AMERICA GREAT AGAIN"" and a red shirt with the text ""UNION"" and ""I DON'T SUPPORT UNIONS."" The person is standing in front of a tree",Politics
7385384197864557855,"The video features a series of images from a CNN broadcast, showing two men in suits, one with a red tie and the other with a blue tie, standing at podiums with microphones. The background is blue with the CNN logo. The text overlay reads ""My favorite prt of th debate waswaaahhting whoever wasn't talking."" The video appears to be a commentary on the debate, focusing on the moments where the speakers were silent.",Politics
7358352976639184146,"The video shows a person driving a car on a rainy day. The car is driving on a highway with other vehicles in the background. The rain is falling heavily, and the windshield wipers are on. The person is driving through a city, and the buildings and trees are visible through the rain. The video ends with a view of the water, showing the reflection of the sky and the surrounding area.",1. News
7371030140370963713,"The video is a series of gameplay clips from the game Overwatch, showing a player navigating through various levels and encountering different characters. The player is using a character named ""Ludicrous"" and is seen using a variety of abilities, including a melee attack and a projectile. The player is also seen using a ""Kill Cam"" to highlight their actions. The gameplay is fast-paced and action-packed, with the player using their abilities to overcome obstacles and defeat enemies. The video also includes text overlays that provide commentary on the gameplay, such as ""Overwatch is so broken"" and ""It's not breaking!"" The player is also seen using a ""Kill Cam""",Sports
7328941581862473006,"The video begins with a close-up of a jet aircraft on a runway, with the word ""HIGH"" in bright yellow letters superimposed over the image. The scene then transitions to a different aircraft, a fighter jet, in flight, with the word ""HIGH"" again appearing in the same bright yellow color. The video then shows a fighter jet in flight, with the word ""HIGH"" in bright yellow letters superimposed over the image. The scene then transitions to a different aircraft, a fighter jet, in flight, with the word ""HIGH"" again appearing in the same bright yellow color. The video then shows a fighter jet in flight, with the word ""HIGH",1. News
7295860137162591519,"The video features a person wearing a plaid shirt, speaking in front of a blue background. The person is discussing the topic of genocide and the treatment of indigenous people by colonizers. The person expresses their thoughts on the injustices committed by those in power and the need for accountability. The video also touches on the issue of Palestine and Hamas, but the person emphasizes that it is not justifiable to justify the unaliving of children. The person concludes by stating that feelings of righteousness can lead to the greatest evils.",1. News
7407540452611640606,"The video shows a man in a blue shirt and black gloves sitting at a desk in an office. He is working on a computer and has a passport in front of him. The man is talking to someone off-camera, and the text on the screen reads, ""Those immigration offices when you come back to the US."" The man then starts to open the passport, and the text changes to, ""Passport, please. Keep your eyes on the camera. Where are we coming from today? Uh, from Bangalore. Bangalore? Yes, sir. Where's Bangalore at? It's in, uh, South India. India? So you came from India? Yes,",1. News
7372987016914455841,"The video shows a cricket match between Pakistan and England. The players are dressed in their respective team colors. The crowd is visible in the background, cheering and watching the game. The text overlay reads ""FREE FREE..."", which could be a motivational phrase or a part of the game's branding. The video captures the excitement and energy of the match, with players running and hitting the ball.",Sports
7366561209996332320,The video shows a person with long black hair wearing a white shirt. The person is sitting in a room with a yellow wall and a black TV in the background. The person is making hand gestures and talking to the camera. The video ends with the person continuing to talk and gesture.,1. News
7334130841016274222,"The video features a black sports car parked in a parking lot. The car is sleek and has a low profile, with a prominent front grille and large alloy wheels. The background of the video is a typical parking lot scene, with trees and a fence visible in the distance. The video is overlaid with text that reads, ""I don't reverse park to look cool, a mf ust can't park forward..."" This text suggests that the person filming the video is frustrated with their friends' behavior, as they are not able to park their cars properly. The video ends with the text, ""All my friends are dead, leave them in the cold, put them in the tundra I",1. News
7380389929790033185,"The video is a series of scenes from a video game, featuring two characters in a dramatic and intense dance. The first scene shows a man in a blue outfit dancing with a woman in a white dress, with the text ""The difference is obvious"" appearing on the screen. The second scene shows a man in a blue outfit dancing with a woman in a white dress, with the text ""The difference is so obvious"" appearing on the screen. The third scene shows a man in a blue outfit dancing with a woman in a white dress, with the text ""The difference is so obvious"" appearing on the screen. The fourth scene shows a man in a blue outfit dancing with a woman in a white",Sports
7343754603927850245,"The video is a series of images that appear to be from a movie or a video game, with a focus on a character who is holding a flag and appears to be in a state of excitement or triumph. The background of the images is a mix of red and orange colors, suggesting a fiery or intense atmosphere. The text ""FREE PALESTINE"" is prominently displayed at the top of the images, indicating a theme of freedom or liberation. The character in the images is wearing a dark-colored outfit, and there are other characters in the background, some of whom are also holding flags or other objects. The images are arranged in a way that suggests a narrative or storyline, with the character",1. News
7357827492289465646,"The video features a person wearing a white t-shirt with a cartoon character on it. The person is standing in a room with a refrigerator and a sink in the background. The person is making various hand gestures and movements, possibly expressing frustration or annoyance. The text on the screen reads, ""I don't personally think this is a hot take but some people might if I never had to eat again like I could just survive without putting food in my body I would and before everybody in the comments no it's inconvenient grocery shopping inconvenient cooking inconvenient fucking sitting down eating a goddamn meal inconvenient dude I don't want to do it anymore like I don't want to decide, dude",1. Entertainment & Shows
7366736772253977889,"The video is a series of clips that discuss the potential fate of Tuvalu, a small island nation in the Pacific, due to rising sea levels. The first clip shows an aerial view of Tuvalu, highlighting the country's small size and the threat of rising sea levels. The second clip shows a beach with a podium, indicating a political event, and the text ""is taking the usual ___"" suggests that the government is taking unusual steps to ensure the country's sovereignty. The third clip shows a map of Tuvalu, with the text ""The sea level in Tuvalu is now 15 cm higher than it was 30 years ago,"" indicating the severity of",1. News
7342750088902511915,"The video shows a person standing in a bathroom, taking a selfie with a phone. The person is wearing a black t-shirt and black shorts. The bathroom has a tiled floor and a mirror. The person is also wearing a blue wristband and has their hair tied back. The video ends with the person still in the bathroom, taking the selfie.",1. News
7325461211653492010,"The video shows a person wearing a purple hoodie with the word ""Alicia"" on it. The person is standing in front of a door and talking to the camera. The person is also wearing a headband and has braided hair. The person is gesturing with their hands while talking. The person is also holding a phone in their hand.",13. Entertainment & Shows
7363144949442825518,"The video features a young woman with long blonde hair, wearing a black top with a graphic design. She is standing in a room with a white door in the background. The text overlay on the video reads, ""why is finding a girl friend so hard, no im not trying to be funny, im trying to be serious."" The woman appears to be speaking directly to the camera, expressing her frustration with the difficulty of finding a girl friend.",1. Entertainment & Shows
7375972216707484960,"The video features a person standing in front of a whiteboard with a list of Labour's policy steps for change. The person is wearing a white shirt and is holding a pen. The background of the video is a dark wall with a Union Jack flag visible. The person is pointing to the list on the whiteboard, which includes items such as ""1. Deliver economic stability,"" ""2. Cut NHS waiting times,"" ""3. Launch a new Border Security Command,"" ""4. Set up Great British Energy,"" and ""5. Crave down on n'articial."" The person is also seen holding a blue pen and pointing to the list. The video ends with the person standing in front of",Politics
7363604482355137799,"The video showcases a woman in a kitchen setting, surrounded by various items and appliances. She is seen organizing and cleaning the space, with a focus on a large, transparent plastic container. The woman is also seen using a tablet to search for deals on Amazon, with the text ""Аліекспрес на дивані"" (Alexpress on the sofa) visible. She then proceeds to place the container on a table, with the text ""Як це розділу?"" (How is this divided?) appearing on the screen. The woman is then seen using a tablet to search for deals on Amazon, with",Entertainment & Shows
7341253553245408558,"The video features a woman in a light blue shirt with a floral pattern, standing in a room with a window in the background. She is holding a makeup product and appears to be explaining something. The text overlay on the video reads, ""So we bought a house for my entire family, but who's paying for it? Do I expect them to pay rent? Are my brothers going to move out when Jacob and I want babies? First, hi, my name is Maymay, and I haven't really talked a lot about this topic because I in no way expect you guys to understand. So first, who pays for our house? The answer is me and Jacob. The title is in our",1. News
7346960504490937642,"The video starts with a woman lying on a bed, wearing a white tank top and a necklace. She is holding a phone and looking at it. The text on the screen reads, ""When you wanted you your engagement this song so to the sun ok."" The scene then transitions to a black and white photo of a car driving down a road, with the text ""JUST ME"" on the license plate. The video then shows a close-up of a hand with a bandage on it, followed by a couple sitting in a convertible car on a road, with the text ""I could play a video game It's you, it's you, it's all for you Everything I do",1. Entertainment & Shows
7203774185322188037,"The video features a man in a dark blue sweater and gray pants walking into a room with a wooden floor and a door. He is holding a piece of paper and appears to be in a hurry. The room has a sign that reads ""COMPUTERS & LESSONS"" on the wall. The man then sits down at a desk and starts typing on a computer. The video ends with the man still typing on the computer.",1. Entertainment & Shows
7324373228028300577,"The video is a humorous take on the challenges and realities of working in finance. It starts with a man walking down a street at night, with text overlays indicating the various things he needs to know before getting a job in finance. The video then transitions to a coffee shop, where the man is shown with a coffee cup, followed by a close-up of a coffee machine. The next scene shows the man in an office, working on a computer, with text overlays indicating the challenges of working in finance. The video then shows the man walking through a subway station, with text overlays indicating the challenges of working in finance. The video ends with the man walking down a street at night",1. News
7404376866108312865,"The video shows a group of people, including a man in a wheelchair, being escorted by police officers in a city at night. The scene transitions to a man in a denim jacket speaking in front of a building, followed by a woman in a white shirt standing in front of a building with a sign. The video then shows a group of people walking on a sidewalk, with a woman in a blue shirt and a man in a white shirt walking together. The final scene shows a woman in a white shirt standing in front of a building with a sign, with a man in a blue shirt and a woman in a white shirt walking together. The video concludes with a black screen displaying the text",Travel & Events
7379002112652660014,"The video features a person wearing a white shirt with a graphic design, standing in front of a window with blinds. The person is seen holding a necklace with the name ""RITANA"" written on it. The necklace is displayed on a white card with the text ""Fashion Jewelry"" and a logo. The person appears to be expressing gratitude towards someone named Sarah, as indicated by the text on the card. The video concludes with a close-up of the necklace on the card, emphasizing the name ""RITANA"".",1. News
7394618529569344811,"The video features a series of political speeches and interviews, focusing on the transition of power and the upcoming presidential election. It begins with a woman in a light blue shirt standing in front of a backdrop with the American flag and the text ""DELEGATE."" She is speaking, and the video captures her from different angles, showing her from the front, side, and back. The scene then shifts to a man in a suit and tie, also speaking at a podium with multiple microphones. The background features a blue and red design with the text ""KAMALA."" The video continues with a woman in a black blazer speaking at a podium with a microphone, with a backdrop featuring the",2. Politics
7366286242406829345,A man in a gray hoodie is standing in an office and playing a DJ controller. He is wearing headphones and has a microphone in front of him. He is playing music and dancing.,"Music, Singing, & Dancing"
7325205573941710111,"The video begins with a person sitting in a room, wearing a black t-shirt with a graphic on it. The room is dimly lit, with a dresser and a mirror in the background. The person appears to be speaking, as indicated by their mouth movements and hand gestures. The text overlay on the video reads ""Reply to Lisa Mae's comment hanging around for the ghost hunting"" and ""30h has it reopening for it to decide to delete it."" The person continues to speak, and the text overlay changes to ""stay tuned"" with a smiling face emoji. The video then transitions to a different room, where the person is standing in front of a dresser",Entertainment & Shows
7352304151897951521,"The video starts with a person standing in a living room, wearing a black shirt and red pants. The room has a large window, a chandelier, and a rug on the floor. The person is holding a pair of shoes and talking to the camera. The scene then transitions to a different room with a wooden floor and a wooden table. The person is sitting on the floor, surrounded by shoes, and talking to the camera. The video ends with the person standing in the living room again, holding a pair of shoes and talking to the camera.",Entertainment & Shows
7365063366907333921,"The video showcases a breathtaking view of a city skyline during sunset. The sky is painted with hues of pink, purple, and orange, creating a stunning backdrop for the city's illuminated buildings. The cityscape is visible through a bridge or overpass, with a railing visible in the foreground. The video captures the city's lights reflecting off the water, adding to the overall beauty of the scene. The video does not contain any text or additional information.",1. News
7346235933882076448,The video shows a man in a green hoodie and blue jeans using a blue mechanical device to work on a wooden post in a field. He is seen bending over and using the device to work on the post. The background includes trees and a grassy area.,1. Sports
7305148019727420718,"The video is a series of frames from a movie called ""Watcher"". The first frame shows a woman with long black hair, wearing a white turtleneck and a brown and white fur coat, standing in front of a movie poster. The movie poster features a woman with long blonde hair, wearing a red shirt, standing in front of a building. The text on the poster reads ""WATCHER"" and ""EVIL WANTS TO BE SEEN"". The second frame shows a woman with short blonde hair, wearing a brown coat, standing in front of a movie poster. The movie poster features a woman with long blonde hair, wearing a red shirt, standing in",8. Entertainment & Shows
7395252325104766216,"The video is a series of frames from a first-person shooter game, likely Counter-Strike, where the player is in a virtual environment resembling a war-torn city. The player is holding a sniper rifle and aiming at targets. The environment is a desolate urban setting with buildings and debris scattered around. The player's character is a cat with a green helmet and a sniper rifle. The cat's face is superimposed onto the player's character, giving the impression that the player is a cat. The cat's face is animated, showing different expressions and movements, such as blinking and looking around. The sniper rifle is a realistic-looking weapon, and",01
7354853011887312160,The video shows a group of people sitting at a table with pizza in front of them. One person is wearing a blue hoodie and is eating a slice of pizza. The other people are watching the person eating the pizza. The person eating the pizza is saying something about pineapple not belonging on pizza. The video ends with the person eating the pizza looking at the camera.,Entertainment & Shows
7355938811429260550,The video shows a person wearing headphones and reacting to a song. The person is eating chips and talking about how the song makes them feel. The video is a commentary on the song's lyrics and the person's reaction to them.,"3. Music, Singing, & D"
7363655590524226862,"The video features a person sitting at a desk with a computer and a keyboard in front of them. The person is wearing a dark shirt with the words ""LOVE HOPE CURVE"" written on it. The background is a blue and purple neon light. The person is talking about Discord, a messaging platform, and how it is still being used despite the issue of data privacy. The person mentions that Discord has acknowledged the issue and has banned accounts affiliated with the spy.pet site. The person also mentions that the company has posted on Telegram detailing fixes that they are working on, a link to a backup website, and the music video to Tub Thumping by Chumb",8. Entertainment & Shows
7337977691611696417,"The video shows a person driving a car, wearing a white sweater and a seatbelt. The person is making hand gestures and talking to the camera. The car is driving through a city street with buildings and other cars visible through the windows.",1. News
7335864619187146016,"The video is a series of maps and images that compare the population and geography of Wyoming and Colorado. It starts with a map of the United States, highlighting the states of Wyoming and Colorado, and the text ""Why Wyoming Is 'Epiypt' And Colorado Is Not."" The video then shows a map of the Rocky Mountains, with the text ""Why so many people live in Colorado and not Wyoming."" It continues with a map of the Yellowstone Plateau, with the text ""Why Wyoming's O'Nine Four Year Une."" The video concludes with a map of the Rocky Mountains, with the text ""Why Wyoming's O'Nine Four Year Une."" The maps are overlaid",1. News
7356565580603870497,"The video features a series of individuals in a professional setting, likely a radio or podcast studio, discussing various topics. The first individual, dressed in a dark suit, is seen speaking into a microphone. The text overlay on the screen reads, ""Upwell wyll caller asr's a psychotra, A psychotra is a psychopath. A psychopath is a psychopath. The Prime Minister read to it. The Prime Minister read to it. The Prime Minister read to it. The Prime Minister read to it. The Prime Minister read to it. The Prime Minister read to it. The Prime Minister read to it. The Prime Minister read to it. The Prime Minister",1. News
7407322364309949728,"The video shows a group of people performing on stage. They are dressed in casual clothing and are dancing energetically. The stage is brightly lit with colorful lights, and the background features a large screen with a pink and blue design. The performers are moving in sync with each other, and the audience can be seen in the foreground, watching the performance. The video also includes a text overlay that reads ""I don't wanna die Before we love, we love, this feeling, babe Cause it's enough, enough, can't be this way Before we love, we love, this feeling, babe I love it, I like it, but I don't wanna die Ooh,","3. Music, Singing, & D"
7395058028594122014,"The video features a series of individuals in different settings, each with a caption that appears on the screen. The captions suggest that the individuals are discussing various topics, including politics, personal experiences, and social issues. The video also includes images of people in different locations, such as a beach, a store, and a bedroom. The captions and images are presented in a way that suggests a narrative or a series of events, but the specific details of the captions and images are not provided in the video description.",Politics
7357035995667107114,"The video shows a woman in a black shirt and blue jeans standing in front of a counter in a restaurant. She is holding a drink in her hand and appears to be talking to someone off-camera. The counter has a variety of drinks and snacks on it, including a drink with a straw and a cup of fruit. The woman then walks away from the counter and sits down at a table in the restaurant. She is wearing a red shirt and appears to be talking to someone off-camera. The restaurant has a modern design with white chairs and tables, and there are pictures on the walls.",Entertainment & Shows
7322958700291853614,"The video is a compilation of various segments from a news broadcast, featuring different individuals and topics. The first segment shows a close-up of a person's face with the text ""What was Trump asked about?"" in bold red letters. The second segment features a man in a suit and tie speaking at a podium with the text ""FOX NEWS DEMOCRAT"" displayed on the screen. The third segment shows a man in a suit and tie speaking at a podium with the text ""FOX NEWS DEMOCRAT"" displayed on the screen. The fourth segment shows a man in a suit and tie speaking at a podium with the text ""FOX NE",Politics
7333721172363922734,"The video shows a man in a blue shirt and khaki pants standing in front of a black Toyota Camry. He is wearing sunglasses and a blue jacket. The man is dancing and moving his arms and legs around. The background shows other cars and a building. The text ""Toyota coulver"" is displayed at the top of the video.",1. News
7320342127790148907,"The video depicts a series of interactions between a police officer and a group of individuals, likely law enforcement officers, in a room with blue lockers. The officer, identified as ""SILVERTHORNE COLORADO - FINAL AMENDMENT AUTO AMAGANESET PRESS,"" is seen engaging in a conversation with the group, who are wearing various uniforms and caps. The officer appears to be explaining or discussing something, gesturing with his hands and pointing towards the lockers. The group listens attentively, with one individual, identified as ""SILVERTHORNE COLORADO - FINAL AMENDMENT AUTO AMAGANESET PR",News
7287998089279917345,"The video is a tutorial on how to save money by shopping on Amazon, specifically during Prime Day. It starts with a person standing in front of a park, talking about the benefits of shopping on Amazon. The person then shows a laptop screen displaying the Amazon website, highlighting the Amazon Outlet section where discounted items can be found. The video emphasizes that these discounted items are new and are being sold by sellers trying to get rid of their inventory. It advises viewers to check the regular Amazon site for more discounted items. The video concludes with a warning that every product on Amazon is discounted at least 25% due to Amazon's requirements for sellers to list in the outlet section.",1. News
7340766599860849926,"The video shows a man in a military uniform standing at a podium, speaking into a microphone. He is wearing a dark blue uniform with various medals and insignia on the left side of his chest. The background features a large sign with the words ""THE PENTAGON WASHINGTON"" and a building with a dome. The man appears to be giving a speech or statement, as indicated by the text overlay on the video. The video also includes a text overlay that reads ""Trick Ryder J.S.A. U.S. Air Force Brigadier General"" and ""Global News"" in the top right corner.",Politics
7324688586807201070,"The video shows a young woman sitting in a classroom, wearing a white sweater and a beige scarf. She is talking to the camera and appears to be explaining something. The background shows a window with blinds, a bulletin board with various papers and notes, and a shelf with books and other items. The text overlay on the video reads ""Special Ed teacher trying to figure out whether their student is crying."" The woman gestures with her hands as she speaks, and the video seems to be a humorous take on a common situation in special education classrooms.",1. News
7195058735914519809,"The video shows a large building being demolished by a crane. The crane lifts the building, and it collapses, causing a massive cloud of dust and debris to rise into the air. The demolition is taking place in an urban area, with other buildings visible in the background. The video captures the demolition from different angles, including a close-up of the crane and a wider view of the demolition site. The video concludes with a view of the city skyline, with the dust cloud still visible in the foreground.",1. News
7360854136440540459,"The video depicts a series of interactions between two men in a dimly lit room. The man on the left, wearing a light gray shirt, is seen holding a door open and speaking to the man on the right, who is wearing a dark shirt with red accents. The text overlay on the screen reads ""CAN I HELP YOU?"" and ""WHAT'S THIS ABOUT?"" The man on the right responds with ""HUELL"" and ""HUELL? WHO'S HUELL?"" The scene then shifts to a close-up of the man on the right, who is holding a magazine titled ""RALPH LAUREN PAINT"" and appears to be reading it",1. Entertainment & Shows
7408631372044111135,"The video shows a person holding a cat with a bandage on its leg. The cat is lying on a white surface. The person is also holding another cat, which is orange. The person is wearing a tattoo on their hand. The video also shows a person holding a cat with a bandage on its leg, and the cat is lying on a white surface. The person is also holding another cat, which is orange. The person is wearing a tattoo on their hand. The video also shows a person holding a cat with a bandage on its leg, and the cat is lying on a white surface. The person is also holding another cat, which is orange. The person is wearing a tattoo on their",Pets & Animals
7383460841204534534,"The video showcases a series of woodworking tasks, starting with a close-up of a wooden block with a small metal screw embedded in it. A green-handled tool is used to remove the screw, followed by a hand holding a sharp tool, possibly a chisel, to further refine the screw's position. The scene transitions to a close-up of a grinding wheel, where the screw is being sharpened, with sparks flying as the tool cuts through the metal. The video then shows a hand using a chisel to further refine the screw's position, with the background revealing a workshop setting. The final scene features a hand using a pair of pliers to remove the screw from the wooden",Science & Technology
7340748820130647326,"The video shows a group of people sitting at a table in an office setting, discussing the new $20 minimum wage law in California. One person is holding a sandwich and appears to be asking a question about the exemption for fast food chains that have bakeries. The video also includes text overlays with questions and comments from the people in the video.",1. News
7289539647825382698,"The video features a person in a kitchen, wearing a peach-colored shirt and dark shorts, dancing energetically. The person is surrounded by various kitchen items, including a stove and a refrigerator. The text overlay on the video reads, ""Me, with 0% Palestinian blowdown, withstanding the 10 pesetas of Palestine."" The person's movements are animated, and they appear to be enjoying themselves.",1. News
7390878944012045598,"The video is a series of clips from a game called ""Roblox,"" where players compete in a fashion challenge. The first clip shows a player in a green outfit with a camouflage pattern, standing in a room with a window in the background. The player is wearing a headset and is seen reacting to the game. The second clip shows a player in a black outfit with a crown, standing in a room with a window in the background. The player is wearing a headset and is seen reacting to the game. The third clip shows a player in a green outfit with a camouflage pattern, standing in a room with a window in the background. The player is wearing a headset and is",9. Entertainment & Shows
7390133152670420266,"The video features a person standing in a room with a wooden dresser and various items on it. The person is wearing a black shirt with a graphic design and has long hair. They are also wearing a necklace and hoop earrings. The room has a dark background with some light sources visible. The person appears to be speaking or singing, as indicated by the audio.",1. News
7373916497896377617,"The video begins with a close-up of a slice of a chocolate cake, which is made with a graham cracker crust. The cake is topped with a layer of creamy white frosting and is decorated with a few pieces of the graham cracker crust. The scene transitions to a close-up of a bowl filled with a brown mixture, which is likely the frosting. A hand is seen mixing the frosting with a whisk, creating a smooth and creamy texture. The video then shows a hand spreading the frosting onto the cake, which is placed on a white plate. The cake is decorated with a few pieces of the graham cracker crust, and the frosting is",7. Food
7303250453079280927,"The video is a promotional video for an airline pass that allows you to travel to four destinations: Tahiti, Paris, Auckland, and Tokyo. The pass costs $1,525 and can be purchased through the website. The video also includes a disclaimer that the pass is only available for purchase through the website and that there are only 250 passes available. The video encourages viewers to act quickly if they want to purchase the pass.",Travel & Events
7330776298576514347,"The video features two individuals sitting at a table with a large, colorful, and interactive game board in front of them. The game board has various sections with different colored backgrounds and text. The individuals are holding cards with words on them, and they are using a spinner to determine which word to choose. The words on the cards include ""Eyes,"" ""Invention of the telephone,"" ""The Beatles,"" and ""The Eagles."" The individuals are engaged in a playful and interactive activity, possibly a game or challenge, as they try to determine which word is correct.",Entertainment & Shows
7386716685945900320,"The video shows a man in a suit and tie standing in front of a crowd of people. He is holding a camera and appears to be taking a photo or video of the crowd. The crowd is seated in green chairs and appears to be watching something. The man in the suit is then seen walking away from the crowd, and the crowd continues to watch him.",1. News
7390820226562084139,"The video shows a group of anthropomorphic animal characters standing under a purple umbrella in the rain. One of the characters, a brown bear, is holding the umbrella and talking to the others. The other characters are also holding umbrellas and looking at the bear. The bear is saying something to the others, and the others are listening. The bear then says, ""My glitter, my merry moo cow, and my crazy bus tape. What are we gonna do? Have some peace and quiet?"" The others are looking at the bear with concern. The bear then says, ""I thought these people were my friends. Little did I know, I was swimming with a pack of thieves.""",Film & Animation
7361435694725696810,"The video is a series of clips from a live concert, with the performer addressing the audience. The performer is wearing a blue and pink outfit and is standing on stage, surrounded by a crowd. The audience is engaged, with some people taking photos or clips. The performer is speaking to the audience, addressing their concerns and expressing gratitude. The performer also mentions that they have been told to be a friend to everyone who comes alone to the show, and that they have been told to be a friend to everyone who comes alone to the show. The performer also mentions that they have been told to be a friend to everyone who comes alone to the show, and that they have been told to be a friend","3. Music, Singing, & D"
7317028968568343850,"The video is a series of humorous and relatable tips for improving one's ability to talk to girls. It starts with a person using a drill to cut a piece of wood, with the text ""how do I talk to girls I'm shy"" displayed at the top. The person then uses a green tool to cut a piece of wood, with the text ""if you wanna"" displayed at the top. The person then uses a wooden block to cut a piece of wood, with the text ""that when you"" displayed at the top. The person then uses a metal tool to cut a piece of wood, with the text ""that when you"" displayed at the top. The person then uses",1. News
7393735339996712225,"The video features a person wearing a white and blue striped shirt with a blue collar, standing in front of a door. The person is holding a phone and appears to be speaking, as indicated by their hand gestures and facial expressions. The background is a plain wall with a door visible. The person is seen making various hand gestures, including pointing and holding their hand up to their face, which suggests they are explaining or discussing something. The video also includes text overlays in French, which appear to be part of the person's speech. The text reads ""QUAND ON A11 DE VUE LE \""M\"" VENTE E \""MILLION\"" MAISQUAND ON A",1. News
7286953369133174062,"The video shows a man in a yellow jacket and black pants standing on a street with a large black and white parachute attached to him. He is holding onto the parachute and preparing to take off. The background features a road, trees, and mountains. As he begins to lift off, the parachute starts to inflate, and he starts to float in the air. The video ends with him still floating in the air, with the parachute fully inflated.",Sports
7210197949433892142,"The video showcases a picturesque beach scene with a clear blue sky and the ocean in the background. The beach is crowded with people relaxing on beach chairs and lounging on the sand. The video is overlaid with text in Italian, which appears to be a review or recommendation of a beach in Capri. The text highlights the beach's location, the type of sand, the presence of umbrellas, and the availability of food and drinks. The video also includes a comment from someone named Joyalee, who asks for recommendations for a beach in Capri.",Favorite beach in Capri
7317451980497046826,"The video is a compilation of morbid facts about the Church of Scientology. It features a series of images of people associated with the church, including the church's headquarters, Scientologist Lisa McPherson, and former Scientologist Leah Remini. The video also includes text overlays that provide information about the deaths and controversies surrounding the church. The video is presented in a collage format, with each image and text overlay appearing in a separate frame. The text overlays provide information about the deaths and controversies surrounding the church, including the death of Scientologist Lisa McPherson, the death of Scientologist Lisa McPherson's mother, and the death of Scientologist Lisa McPherson.",1. News
7346304747646848288,"A group of people are shopping in a grocery store. They are looking at the shelves, which are mostly empty. One person is holding a box of cookies. The video shows a man in a blue jacket and red hoodie standing in front of an empty shelf.",Entertainment & Shows
7357381570371603717,"The video shows a group of people dancing in a room. One person is wearing a white shirt and brown boots, while another is wearing a black and white patterned dress. The person in the white shirt is dancing with the person in the dress. The person in the white shirt then stands in front of the camera and talks to the camera.",1. News
7319635608945675528,"The video shows a young man performing a dance routine on a stage. He is wearing a white sweatshirt with a cat design, black and white striped pants, and red sneakers. The stage is lit with purple lights, and there are other people in the background, some of whom are watching the performance. The man is moving his arms and legs in various ways, and at one point, he is seen holding a microphone.",3
7288048371019926814,"The video shows a woman standing outside in a cold environment, wearing a white shirt and a necklace. She is holding a thermometer and appears to be measuring the temperature. The background is a wooden structure with a white wall. The woman is wearing a ring on her finger.",1. News
7302492057975688490,"The video features a person wearing a tie-dye tank top with a watermelon pattern. The person is standing in front of a white wall with a ceiling fan. The person is wearing a pair of glasses on their head. The video includes text overlays that read ""From the river to the sea"" and ""From the river to the sea."" The video also includes a watermark that reads ""The creator of this filter is in the Filter Creator Fund, and all the proceeds go to Palestine, so if there's nothing that you think you can do to help, here's a thing you can do. That's from the comfort of your own home or work.""",1. News
7289320054347468078,"The video features a person sitting at a desk, typing on a laptop. The background includes a painting with a sunset scene. The person is wearing a dark shirt and has their hands on the keyboard. The video is a commentary on the political situation in the United States, specifically the nomination of a Republican as Speaker of the House. The person is discussing the potential consequences of a Republican Speaker of the House, including the possibility of Republicans making deals with Democrats to elect a Speaker. The video ends with a humorous prediction of the reaction of right-wing media figures if a Democratic Speaker of the House is elected.",Entertainment & Shows
7346011922946510126,"The video features a person wearing a brown hoodie and a backpack, standing outdoors with trees and a street sign in the background. The person is seen speaking and gesturing with their hands. The video includes text overlays that provide commentary on the person's actions and the political context. The text mentions a political candidate, RFK Jr., and his potential vice presidential running mate, Aaron Rodgers. It also discusses the candidate's lack of experience and his views on conspiracy theories. The video concludes with a screenshot of a CNN article about RFK Jr.'s potential vice presidential running mate, Aaron Rodgers.",Politics
7366304208150121774,"The video features a series of individuals making heart shapes with their hands in front of their faces. Each person is wearing a different outfit and has a different hairstyle. The video is set in a room with various decorations, including a cactus plant, a framed picture, and a chandelier. The text overlay on the video reads ""Millennials try new Gen Z handcart"" and ""Lauran 1998,"" ""Lisa 1993,"" ""Katherine 1992,"" ""Christina 1990,"" and ""Amy 1995."" The video appears to be a humorous take on the fashion trends of different generations",Entertainment & Shows
7360733570232552710,"The video features a person standing outdoors, holding a large, black, decorative clock with the word ""КУРАЕНИЯ"" (Ukraine) written on it. The clock has Roman numerals and is adorned with gold accents. The person is dressed in a black shirt and light blue jeans. The background is a park with trees and a paved path. The video includes text overlays in Russian, providing contact information and a phone number. The person appears to be showcasing the clock, possibly for sale or as a decorative piece.","1. Music, Singing, & D"
7369576124948548897,"The video shows a dog wearing a red shirt with a logo on it. The dog is standing in a grassy field and appears to be barking or growling. The text in the video is in Russian and appears to be a translation of the dog's actions. The text reads ""Когда он пытается забрать тубики с подругок"" which translates to ""When he tries to grab the girl's hair with a friend"". The dog is shown in various stages of barking and growling, with the text changing to reflect the dog's actions. The video appears to be a humorous take",7. Pets & Animals
7393839173922327841,"A map of the United States is shown with a blue and red color scheme. The blue color represents the states that voted for Joe Biden, while the red color represents the states that voted for Donald Trump. The map is labeled ""Tossup 538"" and shows the number of votes for each candidate. The map also shows the number of votes for each candidate in each state.",Politics
7388205937036725537,"The video shows a man in a blue and white jacket driving a car. He is wearing a seatbelt and has a serious expression on his face. The background is a dark interior of the car. The text overlay at the top of the video reads ""POV: Trying to activate my Supacell power"" with emojis of a battery and a lightning bolt. The man appears to be frustrated or confused, as he is looking at the camera with a puzzled expression.",1. News
7362611852360174881,"The video begins with a black screen displaying the text ""4TO ЛОБОВЬ БЫЛА ПЕРЕСТРЕЛКИ ВЫСТАЛО"" in white, pixelated font. The scene transitions to a dark, nighttime cityscape with a red car driving through the streets. The text ""НЕ БЫЛА ПЕРЕСТРЕЛКИ ВЫСТ",1. News
7368846954471640362,"The video features a person with long red hair wearing a black sweatshirt with green text. The person is standing in a kitchen with white cabinets and a refrigerator in the background. The person is speaking and gesturing with their hands, and the video includes text overlays that discuss the importance of solidarity and the intersection of activism with other forms of oppression. The video also includes a quote from Dylan Mulvaney, who is criticized for not understanding the intersectionality of activism with other forms of oppression. The video ends with a call to action for viewers to stop following influencers who prioritize money over activism and to support those who are actively working to help oppressed people.",1. News
7108772250320473349,"The video showcases various activities and attractions in the Greek island of Paros. It begins with a person standing in front of a scenic view of the island, with the text ""Paros 5 out of the box activities!"" displayed at the top. The person is wearing a red and white striped shirt and appears to be speaking. The video then transitions to a series of images, each accompanied by a text description of an activity. The first image shows a person with the text ""Have a meal in the traditional village of Lefkest. From Lefkest you can make a 3.5 kilometer hike on the old Byzantine road which leads to the even more traditional village of Prodromos",Travel & Events
7349908267742743854,"The video features a person wearing a red shirt with a black design, speaking into a microphone. The background includes shelves with various items, such as books and decorative objects. The person is discussing the legal implications of Donald Trump's actions, specifically his claim of immunity. The video includes text overlays that provide context and quotes from legal scholars and other sources. The person appears to be making a point about the legal challenges Trump's actions pose to his defense team.",Politics
7273897683918621994,"The video begins with a group of football players in yellow and black uniforms, with one player wearing a helmet with the name ""McCarthy"" on it. The players are standing in a stadium, with a crowd of spectators in the background. The scene then transitions to a close-up of a player in a white and yellow uniform, holding a football. The player is then seen running on the field, with other players in red and white uniforms in the background. The video then shows a player in a white and yellow uniform catching a football, with a crowd of spectators in the background. The final scene shows a player in a white and yellow uniform running on the field, with a crowd of",Sports
7374631394108181806,"The video shows a young woman standing in a bedroom, talking about her life. She mentions that her husband was brought to the USA when she was a baby, and he became a DREAMER at age 19. She got married in 2017, and her daughter was born in 2020. She left the USA for her husband's job in Mexico, but she has been living in the USA since 2018. She has been traveling to Mexico every 4-6 weeks to see her daughter. The video also shows the woman packing, as she is preparing to move to Mexico.",1. News
7285324334934035745,"The video shows a man in a suit and tie standing in front of a group of people in a room. He is talking to the camera and then starts to do a handstand on a piece of equipment. The equipment is a large, white, circular device with a metal frame. The man is wearing a black shirt and black pants. The people in the room are watching him and some of them are clapping. The man then stands up and walks away from the equipment.",1. News
7374137745364602155,"The video features a woman in a pink jacket and a man in a black shirt inside a car. The woman is speaking, and the man is listening attentively. The woman is making a point about dating someone who wants you, not someone who doesn't. The man is wearing a black cap and a black shirt. The video is set in a car, with the woman speaking and the man listening.",1. News
7345205332383108394,"The video shows a series of scenes from Haiti, with text overlays indicating various events and situations. It begins with a view of the Earth from space, with the text ""MARINES DEPLOYED"" indicating the deployment of U.S. Marines to Haiti. The scene then shifts to a view of Haiti's capital, with the text ""HATI'S CAPITAL"" indicating the location. The next scene shows a crowded street with people carrying large loads on their heads, with the text ""HAS RULED OUT"" indicating the government's refusal to rule out the use of troops. The scene then shifts to a view of a large number of tents, with the",1. News
7335427690708651272,"The video features a person wearing a white sweater with black trim and blue jeans, standing on a city street. The person is holding a microphone and appears to be speaking to the camera. The background shows a busy street with people walking by. The person is also wearing a necklace. The video then transitions to a black screen.",1. News
7366011789085035809,"The video shows two men standing at a podium on a stage. One man is wearing a suit and tie, while the other is wearing a suit and a pink tie. They are both holding microphones and appear to be giving a speech. The background is blue and white, and there are several signs and banners visible. The man in the suit and tie is speaking into the microphone, while the man in the suit and pink tie is listening attentively. The video ends with the two men shaking hands and smiling at each other.",Politics
7383627859803393313,"The video features a man in a white polo shirt sitting at a desk in an office setting. The man is speaking and gesturing with his hands. The background shows a computer monitor and some papers on the desk. The text in the video is in French and appears to be a series of phrases that the man is saying. The phrases include ""A ENCORE,"" ""LES SIFFLE,"" ""L'ACTUALITÉ,"" ""EU LES,"" ""CHEUR DE,"" ""RAISIN,"" ""FAIT PAS,"" and ""SE CONTENTE."" The man's facial expressions and body language suggest that he is explaining or discussing something, possibly related to the",Politics
7362157037511396613,"A woman is unpacking a large box of beauty products from a shipping container in her living room. She is wearing a black shirt and has long hair. The box is filled with various beauty products, including skincare items and hair care products. The woman is excited to receive the products and is looking forward to using them. She is also excited to try out the products from the shipping container.",Beauty Care
7346042702347406638,"The video is a series of scenes showing a person interacting with various people and places. The person is seen sitting on a rooftop in a city with red-tiled roofs, then at an airport, in a forest, on a swing, and in a room. They are also seen in a car, on a bus, and in a store. The person is wearing different outfits in each scene, and the text overlays the video with messages such as ""I met the most amazing girl last year. Is it me? That's Anya, that's just my best friend. You're number one in my heart. I'm pretty sure everyone knows that last year I met a girl at the",Travel & Events
7362203819721166123,"The video shows a group of children holding signs and protesting in front of a building. The signs read ""SEND A MESSAGE TO THE PROTECTORS OF GRAZIER"" and ""Thank you."" The children are standing on a sidewalk, and there are other people in the background. The video also shows a group of children holding signs in front of a building with a sign that reads ""Thank you."" The children are standing on a sidewalk, and there are other people in the background. The video also shows a group of children holding signs in front of a building with a sign that reads ""Thank you."" The children are standing on a sidewalk, and there are other people",1. News
7389277272009690401,"The video begins with a boat named ""BF HURRICANE"" navigating through icy waters, with the text ""FIRST MIGRANTS SINCE ELECTION"" overlaid. The scene transitions to a dock where the boat is being unloaded, with the text ""New home secretary, Vete Coe, is currently the Border Security Command"" appearing. The video then shows a large container ship docked at a port, with the text ""Number 04 has warned of a challenging journey ahead"" displayed. The final scene shows a busy port with various vehicles and containers, with the text ""sky news"" visible in the top left corner.",1. News
7315533802409839914,"The video features a person with long blonde hair, wearing a dark jacket, standing in a room with a plant in the background. The person is seen gesturing with their hands while speaking, and the text overlays the video with various statements. The first statement reads, ""Bill Maher a weknln Islamophobe,"" which is a derogatory term used to describe Bill Maher's views on Islam. The second statement, ""and the suffocating occupation,"" suggests that the speaker is criticizing the Israeli occupation of Palestine. The third statement, ""why would he disrupt his Islamophobic rhetoric with the truth,"" implies that the speaker is questioning why Bill Maher would address the issue of",Politics
7355525427160452385,"The video features a woman in a black outfit and hat performing on stage, with the text ""When Beyoncé points at you in the crowd"" displayed at the top of the screen. The woman is seen singing into a microphone, with the audience in the background. The video also shows a close-up of a woman in a white shirt, with the text ""When Beyoncé points at you in the crowd"" displayed at the top of the screen. The woman in the white shirt is seen holding a phone, with the audience in the background. The video also shows a woman in a black outfit and hat, with the text ""When Beyoncé points at you in","3. Music, Singing, & D"
7368383778034601249,"The video shows a computer screen with a 3D model of a room. The room has a desk, a chair, and a bin. The desk has a computer on it. The bin is labeled ""Recycle Bin"". The text on the screen says ""Freundin: Was hast du den Garten tag gemacht? Ich: Aufgeräumt"". This translates to ""Friend: What did you do in the garden today? Me: I cleaned up"". The video is a humorous take on the friend's reaction to the friend's actions in the garden.",1. News
7386720277557742880,"The video showcases a gymnastics competition where a gymnast is performing a routine on the uneven bars. The gymnast, wearing a blue and yellow leotard, is seen executing a series of flips and swings on the bars. The background features a large audience seated in bleachers, with banners and advertisements visible. The gymnast's movements are fluid and precise, demonstrating her skill and control. The video captures the intensity and focus of the gymnast as she performs her routine, with the audience watching intently.",Sports
7297944147648924961,"The video showcases the process of making Slow Cooker French Onion Soup. It begins with a close-up of a bowl filled with the soup, which is topped with melted cheese and bread. The text overlay reads ""Slow Cooker French Onion Soup."" The video then shows a person pouring sliced onions into a slow cooker, followed by adding salt and pepper. The onions are then seasoned with garlic and bay leaves. The next step involves adding beef stock to the slow cooker. The video continues with the text overlay ""8-10 hours on high"" indicating the cooking time. The soup is then simmered for 8-10 hours on high. The final step is grating",1. Food
7400109280008867114,"The video features a person wearing a white t-shirt with red and blue text that reads ""HARRIS FOR PRESIDENT"" and a gold necklace. The person is sitting on a bed in a room with a white wall and a lamp in the background. The person is speaking and gesturing with their hands, and the text ""DEMOCRATS MUST CHECK/VOTER REGISTRATION STATUS"" appears at the top of the screen in blue and red. The person is also wearing a gold chain necklace. The video ends with the person continuing to speak and gesture, and the text ""All hotties for Harris"" appears at the bottom of the",Politics
7331415226442730757,"The video captures a lively and energetic performance by a group of individuals on a stage. The stage is adorned with vibrant lighting and a large screen displaying the text ""도아몬드"" (Dream). The performers are dressed in colorful outfits, with some wearing hats and others sporting red jackets. They are seen dancing and moving energetically, with one individual in a red jacket leading the group. The atmosphere is one of excitement and celebration, with the audience visible in the background, adding to the festive mood. The video also includes text overlays in Korean, which provide context to the performance, such as ""아침반�","Music, Singing, & Dancing"
7307346522234998049,"The video features a woman sitting on a couch, wearing a dark-colored top. She is speaking to the camera, and the text overlay on the screen reads, ""me when someone asks why I love to watch The Kardashians."" The woman appears to be in a casual setting, possibly a living room, and is engaged in a conversation about her love for the show. The video does not contain any additional visual elements or actions beyond the woman speaking and the text overlay.",8. Entertainment & Shows
7362216509206236449,"The video showcases a person's shopping trip, starting with them holding a package of ""Spa Moments"" bath bombs. They then move to a shelf stocked with various items, including snacks and snacks, and a bottle of ""Bullseye"" sauce. The person continues shopping, picking up items like a bottle of ""Bullseye"" sauce, a box of ""Mercan"" chocolate, and a bottle of ""Bullseye"" sauce. They then move to a shelf stocked with snacks and snacks, and pick up a bottle of ""Bullseye"" sauce. The video ends with the person holding a bottle of ""Bullseye"" sauce and a",1. News
7396760829498002720,"A young woman with long blonde hair is standing in front of a bookshelf filled with books. She is wearing a white tank top and has her hair down. She is talking to the camera and gesturing with her hands. The text on the screen reads ""warum ich meine Bücher, die ich schon gelesen habe, nicht einfach verleihe oder verkaufe, weil ich habe sie ja schon gelesen, dann brauche ich sie ja nicht mehr."" This translates to ""why I don't just give away or sell my books, since I have already read them, I don't",Entertainment & Shows
7343145915886193926,"The video shows a man and a woman standing on a cobblestone street at night. The man is wearing a red jacket and blue jeans, while the woman is dressed in a black leather jacket and brown pants. They are engaged in a conversation, with the man holding a microphone and the woman holding a small object. The background features a building with a sign that reads ""ПОЛИТИКА"" (Politics). The scene then transitions to a wider shot, showing the man and woman standing in front of a crowd of people. The man is holding a microphone and the woman is holding a small object. The background features a building with",Entertainment & Shows
7368596585594359083,"The video is a news report about the German far-right party Alternative for Germany (AfD) and its controversial stance on immigration. The video starts with a man in a studio, speaking into a microphone, with the text ""POWERED BY PRIMETV"" in the top left corner. The scene transitions to a crowd of people in a public space, with the text ""INTERNATIONAL"" displayed. The video then shows a close-up of a sign with the text ""A&D"" and a red arrow pointing to the right, with the text ""ANTI-IMMIGRATION"" below it. The video continues with a man in a studio, speaking into",Politics
7395305751469772075,"The video shows a woman sitting in the driver's seat of a car, wearing a purple top and a necklace. She is talking to the camera and appears to be engaged in a conversation. The video is accompanied by text overlays that suggest she is discussing a political issue, specifically voting for Trump or Harris. The woman is seen gesturing with her hands as she speaks, and the background shows the interior of the car and some greenery outside. The video does not provide any additional context or information about the woman or the topic she is discussing.",1. News
7278695690522348843,"The video features a person wearing a green hoodie with a graphic on it, sitting in an airplane. The person is speaking and gesturing with their hands. The background shows the interior of the airplane, with seats and overhead compartments visible. The person is also wearing a ring on their left hand. The video includes text overlays with emojis and a search bar, suggesting that the video is part of a larger series or channel. The text overlays include a question about why people are mad at Mr. Beast for flying economy, and a statement about Mr. Beast's net worth. The video also includes a screenshot of a YouTube page with the username ""mrbeast"" and",1. Entertainment & Shows
7344030729531067680,"The video features a man in a suit and tie, holding a microphone, interviewing another man in a suit and tie. The interview takes place in various locations, including an outdoor setting and an indoor setting. The man in the suit and tie is being interviewed by a woman in a black coat and a leopard print scarf. The interviewer asks questions, and the interviewee responds. The video also includes text overlays with German phrases such as ""Fabian Köstermitt Politiker HopPart30,"" ""aber inhaltlich finden sie ja sogar,"" and ""da gibts wieder da."" The video seems to be a commentary on the political",Politics
7395616033127648554,"The video shows a woman in a black outfit standing in a room. She is holding a pair of pants and talking to the camera. The room has a bed, a mirror, and some clothes on a shelf. The woman is wearing a black shirt and black pants. She is talking about her belly fat and how it was stubborn. She is also talking about her belly fat being stubborn.",13. Beauty Care
7347525697591725355,A young man wearing a green shirt stands in front of a bush with red flowers. He is talking about how Zionism is sold to non-Israeli Jews.,Politics
7376404436505136416,"The video is a humorous take on a traffic warden's interactions with a woman named Ms. Jocelyn. The warden, wearing a uniform and a hat with the word ""Traffic Warden"" on it, is seen giving tickets to the woman, who is seen in various scenes, including in a car, on the street, and in a police station. The warden is seen talking to the woman, who is seen in different outfits, including a blue hat and a black hat with a yellow band. The warden is seen writing tickets and talking to the woman, who is seen in different scenes, including in a car, on the street, and in a police station",1. News
7341059462687509803,"The video shows a series of images depicting various events involving Kate Middleton and Camilla Parker. The first image shows Kate Middleton in a red dress, with the caption ""Confirmed: Kate Middleton is sedated and locked in a tower, with Camilla Parker being held responsible."" The second image shows a group of people walking in a park, with the caption ""Confirmed: Kate Middleton is sedated and locked in a tower, with Camilla Parker being held responsible."" The third image shows a newspaper article with the headline ""Anesthesia, encarcelado en un lugar muy muy muy muy muy muy muy muy muy",1. News
7357877605581802795,"The video is a series of scenes from a video game, specifically from the game ""Roblox"". The first scene shows a character with a dark, spooky appearance standing in a dark room. The second scene shows a character with brown hair and a white shirt walking down a street in a virtual city. The third scene shows a character with brown hair and a white shirt standing in a dark room. The fourth scene shows a character with brown hair and a white shirt walking down a street in a virtual city. The fifth scene shows a character with brown hair and a white shirt standing in a dark room. The sixth scene shows a character with brown hair and a white shirt walking down a street in",Gaming
7348220196772990254,"The video depicts a person in a blue shirt and a black cap, with a background showing a hotel room and a computer screen. The person is talking about the censorship in China, mentioning that they can't access Google, Facebook, Instagram, TikTok, and other social media platforms. They also mention that they can't access news websites like the New York Times and Washington Post, and that even the Wall Street Journal is blocked. The person discusses the lack of VPNs that work in China and the difficulty of accessing information. They also mention that there is relative freedom in China, such as clean subway systems and well-stocked supermarkets, but also mention that law enforcement is everywhere. The video",1. News
7323547689201765664,"The video features a person in a garage, wearing a black shirt with a white design and a black cap. The person is pointing to the camera and speaking, with the text ""5 Cars from Country Italian Edition"" displayed at the top of the screen. The person is seen pointing to different cars in the garage, with the first car being a red sports car, the second a green sports car, and the third a black sports car. The person is also seen pointing to a red sports car on a road, and later to a black sports car with yellow accents. The video concludes with the person pointing to a black sports car with a white design on the hood, and the text ""5 Cars",Comedy
7388973620116180257,"The video shows a man in a suit and tie standing at a podium, speaking into a microphone. The background is a plain, light-colored wall. The text on the screen reads ""Jordan Bordeau: Je serai là, pour vous, avec vous, jusqu'à la victoire."" This is followed by a crowd of people, some holding flags, who are cheering and taking photos. The text on the screen reads ""Jordan Bordeau: Je serai là, pour vous, avec vous, jusqu'à la victoire."" The video then shows a close-up of the man at the pod",Politics
7392691382218935583,"The video starts with a group of people standing in a room, all wearing white t-shirts with black designs. They are gathered around a table, and one person is holding a black object. The scene then transitions to an outdoor setting where two people are standing in front of a building. The next scene shows a person sitting in a car, followed by a group of people sitting in a room. The final scene features a group of people playing ping pong in a room.",1. Sports
7323689375043243269,"The video features a white cat standing on a blue couch in a well-lit room with wooden floors and a chandelier. The cat is holding a piece of food in its mouth and appears to be looking at the camera. The text on the screen reads ""Бам покаяла кабардинкой и удомо чувствуют, викуную сосредь, якоши владувате лево весной дну"" (The cat is standing on the couch and looks",Friends
7383363724628725024,"The video showcases a fashion show featuring a group of models walking down a runway. The models are dressed in various outfits, including a black leather outfit, a black and white striped outfit, and a black outfit with a hood. The audience is seated on either side of the runway, watching the show.",1. Entertainment & Shows
7339981163756490030,"The video shows a person's hands with long, bright pink nails, which are being painted with a bright pink polish. The person is using a nail polish brush to apply the polish to their nails. The video also shows a nail dryer in the background, which is used to dry the nails after they are painted.",Beauty Care
7318033407785569569,"The video showcases a man standing next to a red Mercedes-Benz car in a parking lot. The man is wearing a light blue shirt and dark pants. The car has a sleek design with a prominent front grille and black rims. The background features a concrete parking structure and a few other cars. The man appears to be explaining something about the car, gesturing with his hands. The video also includes text overlays that provide information about the car's history and the company Brabus.",13. Entertainment & Shows
7361467847190760750,"The video features a person sitting in front of a wall covered with various posters and decorations. The person is wearing a gray hoodie and is speaking to the camera. The text overlay on the video reads, ""I'm not afraid to admit that I'm not afraid to admit that I'm not afraid to admit that I'm not afraid to admit that I'm not afraid to admit that I'm not afraid to admit that I'm not afraid to admit that I'm not afraid to admit that I'm not afraid to admit that I'm not afraid to admit that I'm not afraid to admit that I'm not afraid to admit that I'm not afraid to admit that I'm not afraid to admit that",Entertainment & Shows
7323131799310306590,"The video is a series of interviews with Jeff Bezos, the founder and CEO of Amazon.com, conducted in 2000. The video starts with Bezos being interviewed in a room with a blue wall and a window. The interviewer, wearing a blue shirt, is holding a microphone and appears to be asking Bezos questions. The video then transitions to Bezos being interviewed in a hallway with a red wall. The interviewer, wearing a blue shirt, is holding a microphone and appears to be asking Bezos questions. The video then transitions to Bezos being interviewed in a room with a pink wall. The interviewer, wearing a blue",Entertainment & Shows
7353311795374738721,"The video features a person sitting on the floor, wearing a gray hoodie and black pants, with a blanket featuring a yellow and white pattern draped over their shoulders. The individual is holding a phone or tablet in their hands, and the background includes a wall with a brick pattern and a wooden shelf. The person appears to be in a relaxed or contemplative state, with their legs crossed and hands resting on their knees. Throughout the video, there is no significant change in the person's position, attire, or the background, maintaining a consistent setting.",1. News
7329621030023089440,"The video shows a group of people in a room, with one person wearing a white hoodie and another wearing a black top. They are standing close together, and the person in the white hoodie has their arm around the person in the black top. The background is a room with a white wall and a window. The person in the white hoodie is wearing a black bag over their shoulder. The person in the black top is wearing a black top and white pants. The person in the white hoodie is smiling and looking at the camera. The person in the black top is also smiling and looking at the camera. The person in the white hoodie is holding the person in the black top",1. Entertainment & Shows
7261278269884992795,"The video shows a group of people on stage, with one person in the center holding a microphone. The stage is lit with red and blue lights, and the audience is visible in the foreground. The video also shows a person holding a red umbrella, possibly indicating a performance or event.",Entertainment & Shows
7397527101143878954,"The video depicts a heated exchange between a senator and a man in a suit, likely a government official, during a congressional hearing. The senator is questioning the number of agents assigned to protect the sitting president, while the official is refusing to answer the question directly. The video is timestamped ""July 30, 2024"" and has a view count of ""5.7M"". The senator is trying to get a clear answer to the question, but the official is not providing a straightforward response. The video captures the tension and frustration of the senator as he tries to get the information he needs.",Politics
7353267784886897952,"The video shows two young men sitting at a counter in a room. One of them is wearing a yellow jacket, while the other is wearing a white hoodie. They are engaged in a conversation, with the man in the yellow jacket gesturing with his hands as he speaks. The man in the hoodie listens attentively, occasionally nodding his head. The background features a tiled wall and a window with bars. The video ends with the man in the hoodie looking at the man in the yellow jacket, who is now leaning back in his chair.",Entertainment & Shows
7351137146004114693,"The video showcases a soccer match between two teams, one in blue and the other in yellow. The blue team is wearing blue jerseys with white shorts, while the yellow team is wearing yellow jerseys with white shorts. The match is taking place on a green field with a crowd of spectators in the background.

The video begins with a close-up of a player in a blue jersey, number 21, who is kneeling on the ground. The player appears to be in pain, possibly due to an injury. The scene then transitions to a wider shot of the field, showing the blue team in possession of the ball. The player in blue, number 2",5. Sports
7312903813122280746,"The video shows a group of farmers protesting against the draconian regulations against ethm. They are spraying the government with water. The protesters are holding signs and chanting slogans. The video also shows a man in a suit and tie, who is likely a government official, standing in front of a building.",1. News
7357063093962214689,"The video features a person wearing a black jacket with white zippers and a pearl necklace. They are standing in front of a window with blinds and a wall with a picture frame. The person is speaking German, and the text on the screen reads ""wie ich in die Deutsche abprüfung reiß gehe am."" The person is gesturing with their hands while speaking, and the background remains consistent throughout the video.",1. News
7374800691677629729,"The video features a person standing in front of a large orange truck with the text ""How do you step 4 hours and ovvk15 hours"" displayed at the top. The person is wearing a black shirt and has a microphone in front of them. The background is a road with trees and a clear sky. The person appears to be speaking or singing, and the video ends with the person still in front of the truck.",1. News
7350964297381498154,"The video shows a person rummaging through a pile of trash bins in front of a house. The trash bins are black and blue, and they are lined up in a row. The person is looking through the bins, searching for something. The video also shows a close-up of a black trash bin with a white label on it. Inside the bin, there is a box with a white label on it. The box is filled with various items, including a pink and white box, a white box, and a black box. The video also shows a blue trash bin with a white label on it. Inside the bin, there is a cardboard box with a white label on it. The",1. News
7405044080729787678,"The video shows a woman in a blue suit standing at a podium, reading from a book. The background is a blue and white striped pattern with stars. The text on the screen reads ""DNC speaker briggugot at copy of Proj:2025"" and ""Mallory McMorrow, Michigan State Senator."" The woman is speaking into a microphone, and the text at the bottom of the screen reads ""THIS"" and ""MUCH."" The video also includes a screenshot of a website with the text ""Read it here: https://www.project2025.org/.""",Politics
7337416931965685034,"The video features a man standing in front of a tree, wearing a plaid shirt. He is talking about the carbon footprint of Umatilla Electric Cooperative, which has doubled its emissions between 2018 and 2020. The man explains that the emissions are due to Amazon building data centers in the area. He also mentions that Amazon plans to build more data centers in eastern Oregon in the coming years. The video ends with a website link for the Oregonian's website, oregonlive.com slash business.",1. News
7283933352267337002,"The video features a woman in a white shirt with a colorful design, wearing a black headwrap. She is sitting on a couch and talking to the camera. The text ""Mother Ghetl but maker Desi"" appears on the screen, suggesting that the woman is addressing her mother. The woman then changes into a traditional Indian outfit, including a red and gold sari, and is seen in a different setting with purple lighting. The video appears to be a montage of different scenes, possibly showcasing the woman's journey or experiences.",1. News
7353365116554956074,"The video features a person wearing a colorful jacket with a yellow and purple pattern. The background is a vibrant, colorful dance floor with a disco ball hanging above. The person is smiling and appears to be enjoying themselves. The video then transitions to a different scene, showing a framed picture of a man in a military uniform. The text at the top of the video reads ""You are my sunshine, round of 16, #4, Chines sunshine."" The video then transitions to a different scene, showing a person wearing a green military uniform. The text at the top of the video reads ""You are my sunshine, round of 16, #4, Chines sunshine."" The",1. News
7398943500328242463,A person is making a set of dice with glitter and pink resin. They are using a mold to shape the resin and then pouring it into a container. The person is wearing gloves and is careful not to spill any of the resin. They are also using a tool to help them shape the resin. The person is excited about the results and hopes that the dice will be successful.,Entertainment & Shows
7386453398792441131,"The video shows a person with long braided hair, wearing a white t-shirt with the text ""FEEL GREAT"" on it, applying makeup. The person is in a bedroom with a bed and a blue blanket in the background. They are using a makeup brush to apply eyeshadow and a lip gloss. The person is also holding a makeup palette with the text ""Longing Cool Toned Heaven"" on it. The person is talking about receiving a package from Blamboni and expressing their excitement about the new palette. The video ends with the person showing the makeup palette to the camera and thanking the viewer for watching.",Beauty Care
7348462120817790240,The video shows a man in a store looking at a shelf of snacks. He picks up a box of Cathedral City cheese snacks and looks at it. He then takes the box and puts it in his cart. The video ends with the man walking away from the store.,1. News
7360235976494550304,"The video features a series of individuals attempting to jump over a wall in a trampoline park. The first person, wearing a white t-shirt and blue shorts, is seen jumping over the wall. The text ""あなたはないらっち"" (You are not a trampoline) appears on the screen, suggesting a humorous or ironic commentary on the person's attempt. The second person, dressed in black, attempts to jump over the wall but falls short. The third person, wearing a white t-shirt and blue shorts, is seen jumping over the wall again, with the text ""あなたは",プリントプ
7347591598408043808,"The video starts with a map of the United States, with the text ""Random City USA"" overlaid. The map is colorful, with each state represented in a different color. The video then transitions to a close-up of a building with the words ""Steeling"" written on it. The building is tall and has a blue and yellow color scheme. The video then shows a street scene with cars and buildings, followed by a view of a statue of two people. The video then shows a view of a road with a sunset in the background, followed by a view of a storefront with the words ""IMAIN GROCERY"" written on it. The video then shows a view",Travel & Events
7310063052341185823,"The video is a compilation of various scenes and clips related to the development and use of an invisibility cloak by China. It starts with a person standing in front of a large, transparent, rectangular object, which is later revealed to be an invisibility cloak. The video then transitions to a news article about China's development of an invisibility cloak, with a physicist named Chu announcing its existence. The article mentions that the cloak can hide objects and people, and that it is being tested on combat aircrafts. The video also shows a thermal spectrum image, which is a visual representation of the temperature of an object. The video ends with a person standing in front of a panel,",Science & Technology
7380812058167708960,"The video is a humorous take on the transfer of a football player from England to Germany. It starts with a person in a blue shirt pointing at a screen showing a football player in a red jersey. The text on the screen reads ""Germany over England"" and ""Meet Jamal."" The scene then shifts to a different person in a blue shirt, with the text ""Germany over England"" and ""he tore up the Southampton Tyro League and then Saints Academy asked him for a trial where he scored six goals in the first 10 minutes."" The video continues with the same person in a blue shirt, with the text ""Germany over England"" and ""And of course he did.",Sports
7377701670077205803,"The video shows a person with red hair, wearing a black tank top and a necklace, standing in a room with a lamp and a mirror in the background. The person is talking about not wanting to dye their hair pink, but the parasites in them want them to dye their hair pink. The person then says they don't want to eat candy, but the parasites in them want the candy. The person also says they don't want to drink liquor, but the parasites in them want the liquor. The video ends with the person saying ""AMBER"" in Japanese.",1. News
7309888375023045931,"The video features a man in a suit and tie standing in front of an American flag. He is speaking at a podium. The text on the screen reads, ""republican lawmakers are saying he's trying to protect the insurrectionists from prosecution."" The man is then shown in a different setting, wearing a blue jacket with an NFL logo and a beanie. The text on the screen reads, ""but he's also making you and I complicit in the January 6th insurrection."" The video then shows the man again, with the text, ""this is what they mean."" The video concludes with the man saying, ""when they say January 6th was an inside job,",Politics
7312875354220285215,"The video features a man in a suit and tie, who appears to be delivering a speech or monologue. The background is a night sky with city lights, suggesting an outdoor setting. The man is seen gesturing with his hands as he speaks, indicating he is emphasizing his points. The video then transitions to a live broadcast of a political event, showing a man in a suit and tie standing at a podium with an American flag in the background. The broadcast includes a ticker at the bottom of the screen with news headlines and stock market information. The video then cuts back to the man in the suit and tie, who continues to speak, with the background remaining the same. The video concludes",Politics
7283816318883679531,"The video is a series of frames from a video titled ""Things you didn't know about teaching in 2023."" The video features a person with long blonde hair wearing a black shirt with the word ""SAVE"" on it. The person is speaking and gesturing with their hands. The background is a white wall with a grid pattern. The video is divided into several frames, each with a different text overlay. The text overlays provide information about teaching in 2023, such as meetings that announce the day of, students growing up around technology, and overstimulated classrooms. The video also mentions that out of 25 students, 17 did not",Education
7317764806767922475,"The video shows a woman and a child in a snowy forest. The woman is wearing a leopard print top and the child is wearing a blue and white outfit. They are standing next to a large metal barrel filled with snow. The woman is holding a bucket and pouring water into the barrel. The child is sitting in a smaller plastic container filled with water. The woman then jumps into the barrel filled with water, and the child joins her. The woman is then seen standing in the snow, with the barrel filled with water and the child sitting in the smaller plastic container filled with water. The woman is holding a bucket and pouring water into the barrel. The child is sitting in the smaller plastic container filled",Entertainment & Shows
7395290316569382174,"The video features a woman wearing a leopard print top and glasses, standing in front of a sunset. She is speaking, and the text overlay on the screen reads, ""Я давался сделаем при парте калиановый тк оставим в комментарии, кидаются и подпируются на подпирующееся."" This translates to ""I made a surprise for the party with a calico, and they leave comments, they like and subscribe to the",1. News
7358143601869671685,"The video showcases a breathtaking sunset over the ocean, with the sun casting a warm glow on the water and the sky. The sky is painted with hues of orange, yellow, and pink, creating a stunning visual effect. The waves gently crash against the shore, adding to the serene atmosphere. The video captures the beauty of nature and the tranquility of the moment.",1. News
7366140924629470496,The video shows a woman in a white dress with gold accents at a red carpet event. She is surrounded by other people in formal attire. The video also shows a woman in a white dress with gold accents at a red carpet event. The video also shows a woman in a white dress with gold accents at a red carpet event. The video also shows a woman in a white dress with gold accents at a red carpet event. The video also shows a woman in a white dress with gold accents at a red carpet event. The video also shows a woman in a white dress with gold accents at a red carpet event. The video also shows a woman in a white dress with gold accents at a red carpet,Entertainment & Shows
7380810864477130016,"The video is a series of images showing a person in a yellow hoodie standing in front of a large, fiery explosion. The person appears to be shouting or calling out, and the text overlay on the images reads ""Can't stop th power *Stops the power*"". The background is filled with flames and smoke, and the person is wearing a yellow hoodie. The video does not provide any additional context or information about the event or the person's actions.",1. News
7346779567639498026,"The video features a person with long, wavy hair wearing a black top and pink hair clips. They are applying makeup to their lips using a lipstick. The person is wearing a white top and has their hands on their chest. The background is plain and light-colored. The video includes text at the top of the screen that reads ""Pov: you're watching a lip tutorial in 2016.""",Beauty Care
7299554274827046187,"The video features a series of individuals discussing the history and identity of Palestine. The first person, wearing a white shirt and headphones, is seen speaking into a microphone. The second person, with curly hair and wearing a blue shirt, is also speaking into a microphone. The third person, with curly hair and wearing a blue shirt, is seen speaking into a microphone. The fourth person, with curly hair and wearing a blue shirt, is seen speaking into a microphone. The fifth person, with curly hair and wearing a blue shirt, is seen speaking into a microphone. The sixth person, with curly hair and wearing a blue shirt, is seen speaking into a microphone. The seventh person, with curly hair",8. Entertainment & Shows
7348934489122327841,"The video is a compilation of various scenes from a large public demonstration, likely a protest or demonstration, with a focus on political and social issues. The footage shows a diverse group of people, including individuals holding signs and banners, engaging in discussions and interactions. The text overlays on the video provide context and commentary on the events, with phrases like ""UNTERVEGS auter FRIENDSEMO"" and ""Von Hamburg."" The video seems to be a compilation of different moments from the demonstration, with the text overlays providing additional information and commentary on the events.",Politics
7282317561864260897,"The video showcases a train journey through a scenic landscape, with steam engines and vintage carriages. The train is seen passing through a lush, green forest, with passengers enjoying the ride. The video also features a close-up of a person dressed in a steampunk costume, complete with a hat and goggles, and a table filled with various steampunk-themed items. The final scene shows a person with red hair, wearing a steampunk-inspired outfit, standing in front of a backdrop of a train station.",1. Entertainment & Shows
7343605850105318658,"The video showcases a piano with a black and white keyboard, illuminated by a blue light. A person's hands are seen playing the piano, with the focus on the keys and the person's fingers moving across them. The video captures the intricate movements of the hands as they play, with the piano's keys and the person's fingers being the main focus. The video does not provide any additional context or information about the person or the music being played.","Music, Singing, & Dancing"
7349023065575083306,"The video shows a woman in a suit standing on a stage in front of a large audience. She is holding a microphone and appears to be speaking. The audience is watching her and some of them are taking pictures or recording the event. The woman is wearing a suit and has a serious expression on her face. The video also shows a man in a suit standing at a podium, speaking to the audience. The audience is watching him and some of them are taking pictures or recording the event. The man is wearing a suit and has a serious expression on his face. The video also shows a woman in a suit standing on a stage in front of a large audience. She is holding a microphone and",Politics
7223384947938053418,"The video shows a person wearing glasses and a dark shirt with the word ""GUILTY"" on it. The person is standing in a kitchen with a tiled floor. In the background, there is a person holding a small animal, possibly a kitten. The person in the kitchen is holding a small animal, possibly a kitten. The video then transitions to a close-up of a nine-banded armadillo, a type of armadillo, in a natural setting. The armadillo is shown in a natural setting, possibly in a forest or a field. The video then transitions to a close-up of a nine-banded armadillo, a type of",7. Pets & Animals
7386641138611981601,"The video features a person with a bald head and a beard, wearing a brown jacket and a checkered shirt. The person is being painted with makeup by another individual, who is applying makeup to the person's face. The makeup application process is shown in detail, with the person's face being covered in makeup. The video then transitions to a different person wearing a black military-style uniform, complete with a hat and gloves. The uniform is adorned with gold accents and a belt, and the person is holding a pair of handcuffs. The video concludes with the person in the military uniform standing against a plain background, with the text ""sa_kurosaki"" visible on the",1. Entertainment & Shows
7314163714402340102,"The video begins with a close-up of a futuristic, glowing, circular object in space, emitting a bright light. The object is surrounded by a dark background with stars. The text ""This Is How A Warp Gate slows a ship down to a hyper lane"" appears at the top of the screen, indicating the object's function. The scene then transitions to a view of the object from a different angle, showing its intricate design and glowing patterns. The object is shown in a close-up view, with the text ""scene from r/pyserial animation/film project"" appearing at the top, crediting the creators of the animation. The video continues with a view of the object",Science & Technology
7385499788764040481,"The video shows a person holding a piece of Kinder chocolate in their hand. The person then places the chocolate into a metal container filled with water. The water starts to bubble and froth around the chocolate, indicating that it is melting. The person then uses a black brush to stir the chocolate in the water, causing it to break down further. The video concludes with the chocolate completely melted and mixed with the water, creating a frothy mixture.",Entertainment & Shows
7276776260431367467,"The video shows a man in a suit and tie speaking into a microphone, with the text ""ANYTHING I'VE DONE IN MY GUSH AS AN SS COLONEL WAS SANCTIONED BY THE OSS AS A NECESSARY EVIL TO ESTABLISH MY COVER WITH THE GERMANS."" The man is speaking in a serious tone, and the background is dimly lit, suggesting a formal or serious setting. The text changes to ""AND IT WAS MY PLACEMENT OF LATEEN'S DYNAMITE IN HITLER AND GOEBEL'S OPERA BOX THAT ASSURED",1. News
7372265021042101550,"The video features a person with long hair, wearing a black shirt, standing in a room with a window in the background. The person is seen making various hand gestures and movements, possibly indicating a conversation or monologue. The text overlay on the video reads, ""Reply to tynesy, ca's comment,"" suggesting that the video is a response to a comment made by someone named Tynesy. The person appears to be speaking directly to the camera, sharing their thoughts and experiences about Glasgow, Scotland. The video also includes a text overlay that reads, ""Glasgow, Scotland,"" indicating that the person is discussing their experiences in Glasgow. The video concludes with the person expressing their preference for","3. Music, Singing, & D"
7373730224879521056,"The video showcases a detailed and vibrant illustration of a tiger, rendered in a striking color palette of orange, black, and white. The tiger is depicted in a dynamic pose, with its mouth open and teeth bared, as if in the midst of a fierce battle. The background is a dark, textured surface, which contrasts with the tiger's vivid colors and adds depth to the scene. The tiger's eyes are particularly striking, with a piercing gaze that seems to draw the viewer into the artwork. The overall composition of the video is striking, with the tiger's powerful stance and intense expression making it a compelling visual.",1. Entertainment & Shows
7326266761773436166,"The video features a person wearing a black sweatshirt with white text on it, sitting in front of a wall adorned with various posters and a guitar. The individual appears to be speaking, as indicated by their mouth movements and hand gestures. The background includes a bed with a blue blanket and a window with blinds. The person's facial expressions and body language suggest they are engaged in a conversation or monologue. The video does not contain any discernible text or captions.",1. News
7371461402030034218,"The video shows a man in a suit and tie standing in an office. He is holding a card and appears to be reading it. The text on the card is not visible. The man is speaking to the camera, and the text on the screen is in English. The video is a meme, and the text is a joke about Jewish people voting for Joe Biden. The man is saying that if Jewish people are going to vote for Joe Biden, they have to have their head examined. He is also saying that he is not going to take advice from a known anti-Semite who has had dinner with anti-Semites.",Politics
7367380929913900320,"The video features a person wearing a black shirt and headphones, standing on a road with trees in the background. The person is wearing a necklace and has long hair. The video is a selfie, and the person is looking at the camera. The text overlay on the video reads, ""PSA I wore shorts on my walk and the only thing that cared was my mom. No one alerted the town elders at that size 12 queen wore shorts summer heat x. Literally wear your outfit."" The person is wearing a necklace and has long hair. The video is a selfie, and the person is looking at the camera. The text overlay on the video reads, ""PSA I",1. News
7306264195475983622,"The video features a woman performing on stage, wearing a black top and a beige skirt with a belt. She is wearing multiple gold necklaces and has long hair. The stage is brightly lit with colorful lights, and the woman is dancing energetically. She is seen bending over, possibly to pick something up, and then standing up again. The video captures her movements as she continues to dance, with the colorful lights and her outfit being the main focus.","3. Music, Singing, & D"
7360919706913525035,"The video is a series of frames showing a puzzle game with a timer counting down from 00:00 to 00:30. The game is set against a black background with a blue border. The puzzle pieces are red, white, and green, and they are arranged in a grid. The text at the top of the screen reads ""USE THESE FILES even if it's your daftas save the effect and boost videos using them."" The text at the bottom of the screen reads ""They are invading Rafa now. Our friend Moe who made these filters has been separated from his family. He moved to Germany two months before the war started and",1. News
7380730540061691178,"The video begins with a black screen that transitions to a green and black background with the Hulu logo. The scene then shifts to a silhouette of a person standing on a cliff with a dark sky in the background. The person appears to be looking out at the horizon. The next scene shows a close-up of a person's hands, which are clasped together. The final scene displays the text ""ACCOUNT OF CRYSTALS"" in a stylized font, with the words ""CRYSTALS"" and ""CRYSTALS"" repeated in a smaller font below. The overall tone of the video is mysterious and introspective, with a focus on the person's emotions and the",1. News
7355249683469454634,"The video features a person standing on a beach during sunset, with the ocean waves gently lapping at the shore. The individual is wearing a white hoodie and a baseball cap, and is seen from the back. The person is holding a white object, possibly a book or a piece of paper, and appears to be reading or speaking. The background is a serene beach scene with the sun setting in the sky, casting a warm glow over the water. The person's actions and the setting suggest a moment of reflection or prayer.","the joy of jesus, the security of j"
7387743887940390177,"The video features a person wearing a white sweater with a zipper and a necklace, standing in a room with a door and a light fixture in the background. The person is holding their hair up with one hand and appears to be speaking. The text overlay on the video reads, ""Someone in their twenties says they aren't voting."" The person then gestures with their hand, possibly emphasizing a point or making a statement. The video ends with the text, ""You're not really into politics? Okay, fair enough. But what are you into? Transformers? Pokemon, you fucking child?""",1. News
7297354768928853294,"The video is a series of frames from a YouTube video. The person in the video is wearing a beige shirt and is standing in front of a wall with posters on it. The person is talking about the difficulties of keeping store stock in Texas and how it has been difficult to keep 176 HEB store stock. They also mention that the store has been consistently buying the variety pack and POG, which has helped the store to take on bigger orders and has increased the store's confidence in the young brand. The video also mentions that the store has launched seven new Buc-ee's test stores and that if the new variety pack sells well, it will open the store up to more",Entertainment & Shows
7374908166175280427,"The video shows a person preparing a meal. They start by cutting up vegetables on a cutting board, then mix them with a sauce in a bowl. Next, they cook shrimp in a pan and assemble tacos with the shrimp and vegetables. Finally, they serve the tacos on a plate with a drink in the background.",1. Food
7377866805823491371,"The video features a person with curly hair, wearing a dark blue shirt, standing in a room with a painting of a tree on the wall. The person is speaking, and the text overlay on the screen reads, ""You could kiss any woman in the world, feet, who would it be?"" The person then says, ""My beautiful girlfriend, Kaylee. She don't count. You'll do that anyway. Megan Fox."" The video then transitions to a different scene, showing a person sitting on a throne made of swords, with a person dressed in black standing behind them. The text overlay on the screen reads, ""If you can kiss any woman in the world, feet, who",8. Entertainment & Shows
7149700277782760746,The video shows a person lying on a bed with a pink blanket. The person has long hair and is wearing a black shirt. The person is lying on their back with their head resting on a pillow. The person is also wearing a necklace. The person is lying on their back with their head resting on a pillow. The person is wearing a black shirt and has long hair. The person is lying on their back with their head resting on a pillow. The person is wearing a black shirt and has long hair. The person is lying on their back with their head resting on a pillow. The person is wearing a black shirt and has long hair. The person is lying on their back with their head,Pets & Animals
7384004708165242144,"The video features a woman sitting in a chair in a room with gold wallpaper and framed pictures on the walls. She is wearing a light blue sweater and has short gray hair. The video includes a series of images of a black and white dog named Mika, who is sitting in a field of red flowers. The woman appears to be talking about Mika, mentioning that she is a ""live wire"" and that Mika has a ""huge"" hip area. She also mentions that Mika has a ""little bit of trauma"" in her hip area and that she might have difficulty giving birth to her. The video concludes with the woman saying that Mika is ""adorable"" and",7. Pets & Animals
7314367547862781226,"The video showcases a serene winter landscape, beginning with a view of a snow-covered field dotted with trees. The camera pans to reveal a dense forest of pine trees, their branches heavy with snow, creating a picturesque winter scene. The scene is tranquil, with no visible movement or activity, emphasizing the stillness of the environment. The video then transitions to a close-up of a pine tree, highlighting the snow-covered branches and the texture of the snow. The camera then pans to reveal a snow-covered path leading through the forest, with the trees standing tall on either side. The video concludes with a close-up of a snow-covered rock, emphasizing the untouched nature of the landscape",1 kg of chicken breast you
7340337384652934446,"The video is a series of images featuring various celebrities and their children, with text overlays providing information about the children's last names and their connection to famous people. The video starts with a woman in a black dress, followed by a man in a suit, and then a woman in a white dress. The text overlay reads ""Nepo Babies Who Are Hiding Their Famous Last Names."" The next image shows a woman in a gray shirt with the text ""Malia Obama -> Malia Ann,"" and the text overlay reads ""I didn't know that some of these Nepo babies changed their last names to fly under the radar."" The following image shows a woman in a white dress with the",Entertainment & Shows
7333801200875261185,"The video begins with a dark blue background featuring a world map with a digital overlay. The text ""An Election Year Guaranteed To Divide Us"" is prominently displayed in white. The scene transitions to a man in a suit and tie, sitting in front of a blue background with a world map. The man appears to be speaking, and the text ""A Second Term"" is shown in white. The video then shows the Comedy Central logo and the text ""The Daily Show with Jon Stewart"" in white, followed by the show's airing time ""Monday at 11 on Comedy Central and streaming next day on Paramount+"". The video concludes with the Comedy Central logo and the text """,8. Entertainment & Shows
7328517572679372078,"The video features a man in a gray jacket sitting at a table with a piece of paper in front of him. The paper has handwritten text and a drawing of a car. The man is talking to the camera, and the text on the screen reads ""POV: The customer never stops negotiating."" The man gestures with his hands while talking, and the camera zooms in on the paper. The man then points to the paper and says, ""All right. Good news. I talked to my manager and he said he'd do the $3,000 off."" The man continues to talk and gesture, and the camera zooms in on the paper again. The man then says,",1. Comedy
7375847354341068065,"The video shows a large crowd of people gathered at a concert at Hinds Hall in Germany. The stage is lit up with bright lights, and the crowd is cheering and waving their hands in the air. The performers on stage are singing and playing instruments, and the crowd is singing along with the lyrics. The lyrics of the song being performed are about the protests against white supremacy and the support for Palestine. The crowd is very engaged and enthusiastic, and the atmosphere is lively and energetic.","3. Music, Singing, & D"
7392127900079721761,"The video showcases a woman's tour of her home, starting with a view of the exterior of a building with large glass doors. She is wearing a black tank top and light blue jeans, and her tattoos are visible on her arms. The text overlay reads, ""Let me show you around our room here at Estelle Manor. We've got a large stables room because we're here with our small animal. So this is one of the dog-friendly rooms. This is the little foyer bit. And all of this, well, we've got some poo bags and then this little bag that's got a load of dog treats in it, is very sweet we've also been",Entertainment & Shows
7368121296154086688,"The video shows a table filled with various dishes, including salads, meats, and side dishes. There are also glasses of water and wine on the table. A person is standing in front of the table, talking to the camera. The person is wearing a dark sweater and glasses. The background shows a room with a window and some furniture.",1. News
7378190751211064607,"The video showcases a man demonstrating the features of an expandable camper. The camper is white and has a black wheel. The man is wearing a black t-shirt and blue jeans. He is seen opening the door of the camper, revealing a compartment with a GoSun power center inside. The GoSun power center is a solar cooker that can be used to cook food. The man also shows the compartments with stainless steel hinges and lockable doors. He demonstrates the compartments' storage capacity and the ease of access to the contents. The video highlights the camper's features, including its size, weight, and electrical system. The man also shows the camper's interior, including a",Travel & Events
7325985650140974382,"The video is a series of experiments conducted by Jamie and Adam to test the hypothesis that running in the rain is better than walking in the rain. The experiments involve measuring the weight of work clothes, which are tight-fitting and made of a material that absorbs water, and comparing the results to the weight of the clothes when they are not wet. The experiments are conducted in both windy and windless conditions, and the results are shown to be consistent. The video concludes with a discussion of the results and the potential improvements that could be made to the experiments.",1. News
7406690692765977887,"The video is a series of clips showing a person sitting in a train or bus, with the text overlaying the video reading ""THIS STRANGER SUMMY MY SEAT AND DISSRESPECT ME. WATCH HOW THIS BDS."" The person in the video is wearing a white shirt and a face mask, and they are seen interacting with other passengers, including a man in a black shirt and a woman in a black jacket. The video also shows the person sitting in a red seat, and later in a black seat, with the text overlaying the video reading ""I'M GOING TO TALK NORMAL VOICE, JUST LIKE EVERY",Travel & Events
7309290162540858667,"The video is a news report about a massive home explosion in Arlington, Virginia, outside the Capitol. Police were called to the scene, and they were there for hours trying to execute a search warrant. The explosion caused the home to turn to splinters, and human remains were found inside, believed to be the suspect. The suspect, 56-year-old James Yu, refused to surrender and discharged several rounds from a firearm as officers closed in. The FBI and ATF were on the scene, and authorities said human remains were found at the site. The suspect was inside the residence at the time of the explosion and is presumed to be deceased. The report also mentions a deleted LinkedIn page",1. News
7365274404420406571,"The video shows a man and a dog on a boat. The man is shirtless and is washing dishes. The dog is lying on the boat. The man is also cooking food in a pan. The man and the dog are then seen sitting on the boat, eating the food. The man is also taking pictures of the boat. The video ends with the man and the dog walking on the boat.",Entertainment & Shows
7392992201837464850,"The video showcases a day in the life of a full-time mom in Singapore, focusing on her daughter's haircut and other daily activities. The video begins with the mom, Eve, preparing for her daughter's haircut, reflecting on the sentimental value of her daughter's first haircut. The scene transitions to the daughter, Evie, getting her hair cut, with the mom expressing her sentimental feelings about her daughter's first haircut. The video then shows the daughter, Evie, getting ready for a trip to Japan, with the mom expressing her excitement for the outdoor activities they will have. The video continues with the daughter, Evie, getting ready for the trip, with the mom",Entertainment & Shows
7395692426888891679,"The video features a series of images and scenes with a person wearing a colorful shirt with floral patterns. The person is seen in different settings, including a room with a rainbow flag, a beach, and a crowd. The text ""Gay News"" appears at the top of the screen, and the text ""KamalaHarris.com"" appears at the bottom. The person is also seen holding a microphone and speaking into it. The video ends with the text ""Go to KamalaHarris.com and let's get to work.""",1. News
7335178711819373867,"The video shows a series of tweets from the ICCJICJ, a news organization, reporting on the South African government filing an emergency request with the International Court of Justice for additional provisional measures specific to the imminent invasion of Rafah. The tweets provide context and background information on the situation, including the development of the case and the legal arguments being made. The video also includes a screenshot of a legal document from the International Court of Justice, which outlines the legal basis for the emergency request. The final frame shows a person in a brown shirt speaking, likely providing further commentary on the situation.",News
7353793317437590827,The video shows a man and a woman standing in a room. The man is wearing a black shirt and the woman is wearing a black shirt and shorts. They are holding a coffee cup and a phone. The man is talking to the woman. The woman is holding a phone and talking to the man. The man is talking to the woman. The woman is talking to the man. The man is talking to the woman. The woman is talking to the man. The man is talking to the woman. The woman is talking to the man. The man is talking to the woman. The woman is talking to the man. The man is talking to the woman. The woman is talking to the man,1. News
7377799778299579690,"The video features a woman standing outdoors, with an American flag in the background. She is wearing a black top and has tattoos on her arms. The text overlay on the video reads, ""Isn't it weird you're a fan of an American flag, but you know who you're voting for?"" The woman appears to be speaking directly to the camera, and the video seems to be a commentary on the American flag and the voting process.",1. News
7346724921361435937,"The video shows two young girls walking down a sidewalk, both wearing black jackets and carrying backpacks. They are walking away from the camera, and the background includes a building and some trees. The video is in Russian, and the text at the bottom of the screen reads, ""А в Украине, - я являюсь членом телефонного, детей, я делаю это чтобы увидеть русский язык и узнат",Education
7384186520351083781,"The video begins with a person in a light-colored robe sitting in a room, speaking to the camera. The person is holding a phone and appears to be explaining something. The background features a beige wall and a window with dark curtains. The person then shows a screenshot of a social media post, which includes text in Russian. The post is about a person who has been working on a project for a long time and has been struggling to find a partner. The person in the video is expressing frustration and disappointment with the situation. The video then shows a series of text messages from a user named ""Angelica"" to a user named ""Мено Михае",Entertainment & Shows
7396382918039457041,"The video features a man and a woman sitting on a bed in a modern room. The man is wearing a white t-shirt and black shorts, while the woman is dressed in a white t-shirt with the word ""Chelsea"" written on it and blue jeans. The man is holding the woman's leg, and they are both looking at the camera. The text in the video is in Russian and provides humorous commentary on the man's height and the woman's height. The text also includes a list of numbers and words, such as ""1/10"" and ""10/1,"" which are likely part of the humorous commentary. The video ends with the man and woman",Entertainment & Shows
7273841367351069998,"The video shows a person wearing gloves handling a stack of bright yellow soap bars. The soap bars are rectangular and have a shiny, smooth surface. The person is then shown holding a package of the soap, which is labeled ""Turmeric & Kajal Brightening Soap."" The package includes ingredients such as goat milk, lemongrass, turmeric, and kajal. The person is wearing a gold bracelet and has a gold chain on their wrist. The soap bars are stacked on a marble countertop.",1. Beauty Care
7277167570946379014,"The video captures a lively and energetic atmosphere at a sports event, likely a soccer match, given the context provided by the text ""Ucrânica! Ucrânica! Ucrânica!"" which translates to ""Goal! Goal! Goal!"" in English. The crowd is predominantly dressed in yellow and blue, with some individuals wearing blue scarves and others with blue and yellow scarves. The atmosphere is one of excitement and celebration, with the crowd raising their hands and cheering enthusiastically. The video also shows a view of the soccer field, with players in action and the goalpost visible in the distance. The overall mood is one of triumph and joy, as the crowd celebrates",Sports
7365322515998068011,"The video starts with a group of people standing in front of a podium, with a backdrop of the U.S. Capitol building. The text on the screen reads ""STITCH INCOMING WOKE ENCAMPENTS EXPOSED!!!!"" and ""we're here to discuss the little Gazas that have risen up on campuses across America."" The group appears to be discussing the encampments, with one person gesturing towards the group. The scene then cuts to a close-up of a sign that reads ""JEWS AGAINST GENOCIDE"" with a picture of a swastika. The next scene shows a person standing in front of a tree,",1. News
7362319887361903905,"The video features a woman in a gray sweater, standing in front of a red and white striped tent. She is wearing sunglasses on her head and has wet hair. The background shows a crowd of people, some of whom are wearing animal costumes. The woman appears to be speaking, as indicated by her mouth movements and hand gestures. The text overlay on the video reads, ""Seeing Rufus' trip during my Uni ski trip after watching vpiany sd hates watching on a podcast."" This suggests that the woman is sharing her own experience of watching a skier's trip on a podcast, possibly in response to someone else's post. The video does not provide any additional",1. Entertainment & Shows
7311332422077975840,"The video shows a series of interactions between different people in various settings. It begins with a woman in a fur coat standing in front of a fence, talking to someone off-camera. The scene then transitions to a man in a purple jacket and a pink tie standing in front of a hedge, also talking to someone off-camera. The video then cuts back to the woman in the fur coat, who is now standing in front of a white fence, talking to someone off-camera. The video continues with the woman in the fur coat standing in front of a white fence, talking to someone off-camera. The scene then transitions to a man in a purple jacket and a pink tie standing in",Entertainment & Shows
7354415572626509099,"The video is a series of frames showing a person wearing a maroon beanie and a white shirt, with text overlaid on the screen. The text provides information about earthquakes and their impact on different regions. The first frame shows the person sitting in a room with a closet in the background. The text reads, ""It was magnitude of 4.8 and its epicenter was located around Lebanon, New Jersey."" The second frame shows the person standing in front of a building with a sign that reads ""Pau Martin."" The text reads, ""So that they don't think it's something else."" The third frame shows the person standing in front of a building with a sign that reads """,Science & Technology
7378608951975349536,"The video captures the excitement and celebration of a soccer match between England and another team, with the crowd cheering and the players embracing each other in triumph. The text overlay ""ENGLAND WIN SOCCERAID"" is prominently displayed, indicating the victory of England. The scene is lively, with players and fans alike expressing their joy and relief. The video concludes with a group of players and fans embracing each other, celebrating their victory.",5. Sports
7293239332167617834,"The video features a person wearing a light-colored, patterned top, standing in front of a wall adorned with a painting of a deer and a flower. The individual is seen gesturing with their hands, possibly in a conversation or expressing a point. The text overlay on the video reads ""some of y'all m'n,"" accompanied by a laughing emoji, suggesting a humorous or light-hearted context. The person's actions and the text imply a casual, possibly humorous interaction, possibly related to a social or cultural issue.",1. News
7372186670273137952,"The video showcases a series of food-related scenes, starting with a close-up of a colorful wrap with various ingredients, followed by a person eating a burger. The video then transitions to a dessert, a red velvet cake with strawberries and cream, and ends with a person enjoying a meal at a restaurant. The final scene features a person holding a pink and green striped bag, with the text ""Pretty Pizza"" appearing on the screen.",1. Food
7379475961139547398,"The video features a woman in a black dress with ruffles, standing in a modern kitchen with white chairs and a dining table. She is wearing black high heels and has long blonde hair. The text on the screen reads ""Мени 60 роки"" (My 60 years) and ""Ну, чуждый 60 год"" (Well, 60 years old). The woman then changes into a black dress with a ruffled skirt and black high heels. She poses in different ways, including standing with her hands on her hips and walking around the room. The text on the screen","13. Outfit, Style, &"
7364542326959574314,"The video shows a person lying on a bed, holding a baby. The person is wearing a black shirt and has long hair. The baby is wearing a white onesie. The person is talking to the baby and then starts to play with the baby's hair. The person then puts the baby down and starts to play with the baby's feet. The person continues to play with the baby's feet and then starts to play with the baby's hair again. The person then puts the baby down and starts to play with the baby's feet again. The person continues to play with the baby's feet and then starts to play with the baby's hair again. The person then puts the baby down and",1. News
7309293532467039531,"The video shows a group of people sitting on a couch in a studio, with a cityscape visible through the windows. The group is engaged in a discussion, with one person speaking and others listening. The scene is set in a news studio, with a news ticker at the bottom of the screen displaying various headlines. The video then transitions to a different scene, showing a man in a suit and tie sitting in front of a cityscape backdrop. The news ticker continues to display the same headlines. The video then returns to the group of people on the couch, with the same cityscape visible through the windows. The group is still engaged in a discussion, with one person speaking and others listening",Politics
7376360928851299590,"The video features a series of individuals discussing the benefits of using a specific product, likely a skincare or hair care product, to combat aging. The first person, with long brown hair, is seen gesturing with their hands while speaking, indicating a discussion about the product's effectiveness. The second person, with curly hair, is also seen gesturing and speaking, reinforcing the idea that the product is beneficial for skin and hair health. The third person, with short hair, is shown gesturing with their hands, possibly emphasizing a point or explaining something. The video concludes with a person with long brown hair, wearing a white shirt, speaking and gesturing, reinforcing the idea that the product is effective in",Lifestyle
7347847920151956779,"The video shows a person standing in a doorway, holding a dog. The dog is small and appears to be a Dalmatian. The person is wearing a hat and a jacket. The person then walks into a room and sits down on the floor. The dog jumps up and starts to play with the person. The person then stands up and walks away, leaving the dog alone.",7. Pets & Animals
7291696863449763078,"The video features a person wearing a beige shirt and a black headband, speaking directly to the camera. The person is seen gesturing with their hands and making various facial expressions, indicating a sense of frustration or disbelief. The background is a room with a window and some furniture, suggesting an indoor setting. The person is seen holding a pen and a piece of paper, which they use to write down notes or quotes. The text overlays on the video include phrases such as ""I'm actually kind of offended of how stupid the Israelis think we are,"" ""And we is referred to the world, not us only Arabs,"" and ""The way they come up with excuses, logical excuses, and",1. News
7375186781999762721,"The video shows a woman in a blue floral dress and hat standing in front of a table with wine glasses, a bowl of food, and a bottle of wine. She is holding a bottle of wine and appears to be talking to someone off-camera. The text on the screen reads ""When you rock up to your friends place for a quick visit..."" and ""1pm"" at the top, and ""3pm"" at the bottom. The woman is then shown holding a book and a bottle of wine, and the text changes to ""When you rock up to your friends place for a quick visit... 3pm"" and ""4pm"" at the top, and ""5pm""",1. News
7309512164870491435,"The video shows a man in a suit and red tie speaking at a podium. The text on the screen reads, ""HANNITY ASKS TRUMP IF HE POWER WOULD ABUSE POWER, TOWN HALL WITH BREAKING NEWS."" The man is speaking to a group of people, and the text on the screen changes to, ""Do you in any way have any plans whatsoever, if re-elected president, to abuse power, to break the law, to use the government to go after people? You mean like they're using right now? Under no circumstances, you are promising America tonight, you would never abuse power as retribution against anybody.",Politics
7325003811632745761,"The video features a person wearing a green shirt, standing in front of a dark background. The person is speaking, and the text ""DEUTSCHE THERAPEUTEN HATTE RECHT"" (German therapists had the right) appears at the top of the screen. The person gestures with their hands, emphasizing their points. The video seems to be discussing the rights of German therapists, possibly in the context of a discussion about therapy or healthcare.",Entertainment & Shows
7355061931993992480,"The video consists of a series of frames featuring a person in a blue shirt standing in front of a calendar. The calendar is labeled ""MONDAY"" and has a red dot at the top. The person is making hand gestures, possibly indicating frustration or disbelief. The text overlay on the video reads ""Me mentally preparing myself for work tomorrow"" and ""I'm fine! Totally fine! I don't know why it's coming out all loud and squeaky, cause really, I'm fine."" This suggests that the person is mentally preparing themselves for work, but is also expressing frustration or disbelief about the loud and squeaky sound they are making.",1. News
7330624658686954795,"The video is a compilation of clips showing a person in a pink shirt reacting to various political events. The person is seen making hand gestures and pointing at the screen, indicating their reaction to the events. The background is a room with shelves filled with various items, including books and decorative objects. The person is wearing sunglasses on their head, and the video includes text overlays that suggest the person is reacting to political events, such as the release of a video of Trump and Booingm. The text overlays also suggest that the person is expressing frustration or disappointment with the events. The video does not provide any additional context or information about the events being referenced.",Politics
7397794935199567135,"The video shows a woman tied to a tree in the Indian jungle, with a man standing nearby. The woman is covered in mud and appears to be in distress. The video then cuts to a close-up of a hand writing on a piece of paper. The text on the paper is in a foreign language, and the video ends with the woman being rescued by a local shepherd.",1. News
7397967668248120622,"The video features a person with long hair, wearing a black shirt and green earrings, showcasing a mystery box of Charlotte Tilbury products. The person opens the box, revealing various items such as a mascara, body cream, and a body lotion. They also show a small bottle of body lotion and a pink box with a white lid. The person demonstrates the use of the body lotion and the mascara, highlighting the product's features. The video concludes with the person expressing their satisfaction with the box, which they consider a solid upper middle of the pack box.",Entertainment & Shows
7311858161504423214,"The video showcases a collection of bicycles, each with unique designs and colors. The first bicycle, a pink and white one, is prominently displayed in the foreground. The second bicycle, a blue and white one, is positioned in the background. The third bicycle, a pink and blue one, is also visible in the background. The fourth bicycle, a pink and white one, is positioned in the foreground. The fifth bicycle, a blue and white one, is positioned in the background. The sixth bicycle, a pink and white one, is positioned in the foreground. The seventh bicycle, a blue and white one, is positioned in the background. The eighth bicycle, a pink and white one, is",1. News
7299582823940312350,"The video begins with a man sitting on a green leather couch in a dimly lit room. He is wearing a gray shirt and has his hands clasped together. The scene then transitions to a man in a blue uniform, standing in a room with a glass door in the background. The man in the blue uniform appears to be in a conversation with someone off-camera. The video then cuts back to the man on the couch, who is now looking at the camera with a serious expression. The video concludes with the man in the blue uniform standing in the same room, looking off-camera.",1. Entertainment & Shows
7331551109649059115,"The video features a black cat playing a violin. The cat is positioned in a dark setting, with its body and the violin illuminated by a spotlight. The cat's fur is shiny and well-groomed, and it appears to be focused on playing the instrument. The video is shot in black and white, which adds to the dramatic effect.",7. Pets & Animals
7293441357169937666,"The video features a series of animated characters in various cars, each with a different background and setting. The first car is an orange sports car with a cartoon character standing next to it. The second car is a white sports car with a cartoon character standing next to it. The third car is a pink sports car with a cartoon character standing next to it. The fourth car is a white sports car with a cartoon character standing next to it. The fifth car is a white sports car with a cartoon character standing next to it. The sixth car is a white sports car with a cartoon character standing next to it. The seventh car is a white sports car with a cartoon character standing next to it. The",1. News
7397793782122564896,"The video shows a person lying in bed, wearing a white top and a gold necklace. The person is holding their hand to their face, possibly in a gesture of surprise or contemplation. The background is a bed with a patterned blanket. The person appears to be in a relaxed state, possibly after waking up or before falling asleep. The video does not provide any additional context or information about the person or the setting.",Entertainment & Shows
7359943972216638736,"The video shows a group of people protesting in a city street. They are holding signs and flags, and some of them are wearing orange vests. There are police officers present, and they are trying to keep the peace. The protesters are marching down the street, and they are being escorted by police officers. The protesters are holding signs that say things like ""Palestina darf sich wehren"" and ""Widerstand ist Völkerrecht!"" The police officers are trying to keep the peace and make sure that the protesters do not get too close to the buildings.",Politics
7344108969151008001,"The video shows a group of people at a wedding reception. There are tables set up with food and drinks, and people are sitting and standing around. A woman in a red dress is sitting at a table with a man in a black suit. They are holding glasses of champagne and smiling at the camera. The woman is holding a piece of paper with the words ""Damian really likes cookies I guess"" written on it. The man is wearing a black suit and a white shirt. The woman is wearing a red dress and has long hair. The man is wearing a black suit and a white shirt. The woman is holding a piece of paper with the words ""Damian really likes cookies I",Entertainment & Shows
7226368631268019482,"The video features a person with long blonde hair, wearing a black leather jacket, standing in a room with a pink towel hanging on the wall. The person is holding a phone, and the text ""Songs for your Insta Story Crush Edition"" is displayed at the top of the screen. The person is seen taking a selfie, and the camera angle shifts to show the person's face. The video then transitions to a screen with the text ""EVERY TIME WE TALK, IT'S JUST HURTS SO BAD"" and ""CAUSE I DON'T EVEN KNOW WHAT WE ARE."" The person is seen holding the phone, and the camera","3. Music, Singing, & D"
7369594137928109345,"The video shows a shelf in a grocery store with various food items, including a box of Mr. Brain's pork faggots. The box is prominently displayed and features an image of the product on the front. The price tag on the shelf indicates that the pork faggots are priced at 1.60. The video also includes a humorous comment from the person recording the video, questioning the price of the pork faggots and expressing surprise at the cost.",7. Food
7330275353325227297,"The video features a person with extensive tattoos and scars, who is seen in various settings, including a restaurant, a bar, and a parking lot. The person is wearing different outfits and accessories, such as a tank top, a blue and red striped shirt, and a black tank top. The text in the video suggests that the person has undergone multiple surgeries and is undergoing a transformation into a black alien. The person is seen talking to the camera, expressing their desire to become a black alien and their willingness to undergo the necessary procedures. The video also includes text that suggests the person has already undergone some of the surgeries and is still undergoing the process.",Sports
7327164126822763808,"The video showcases a series of military parades from different countries, each with a distinct uniform and flag. The first frame features a group of women in military uniforms, with the text ""women ilita"" displayed. The scene transitions to a group of men in similar uniforms, with the text ""CHINA"" and the Chinese flag. The next frame shows a group of women in military uniforms, with the text ""RUSSIA"" and the Russian flag. The video continues with a group of men in military uniforms, with the text ""VIETNAM"" and the Vietnamese flag. The final frame features a group of women in military uniforms, with the text ""SOUTH KOREA",1. News
7371855904813157664,"The video features two young women standing side by side in a room, each wearing a white crop top and denim shorts. The text overlay at the top of the screen reads ""pre summer stats"" with emojis, and the text at the bottom of the screen lists various statistics for each woman, including their age, height, weight, and other personal information. The video appears to be a humorous or playful comparison of the two women's personal statistics.",pre summer sats
7354696392129924385,"The video showcases a series of close-up shots of a red sports car, focusing on its exterior and interior details. The car is displayed in a showroom, with a crowd of people visible in the background, indicating that it is a public exhibition. The car's design is sleek and modern, with a focus on its aerodynamic shape and the use of carbon fiber. The interior of the car is also visible, showcasing the luxurious materials and design elements. The video highlights the car's performance capabilities, with a focus on its engine and exhaust system. The car's design and features are emphasized throughout the video, with the camera capturing different angles and perspectives of the vehicle.",1. News
7293639077671210286,"The video shows a person feeding fish from a white bucket into a pond. The person is seen scooping the fish out of the bucket and then releasing them into the water. The fish are seen swimming around in the pond, creating ripples and splashes as they move. The person is wearing a blue shirt and is standing on a wooden dock. The pond is surrounded by trees and grass, and the water is clear and blue.",1. Pets & Animals
7357227155979275526,"The video depicts a group of people walking down a cobblestone street at dusk. The group consists of a man in a beige jacket, a woman in a white top and blue jeans, a young boy in a blue outfit, and a man in a black tracksuit. The man in the beige jacket is holding a microphone and appears to be interviewing the group. The young boy is holding an orange cup and appears to be the subject of the interview. The woman in the white top and blue jeans is holding a white bag and appears to be a participant in the interview. The man in the black tracksuit is also holding an orange cup and appears to be a participant in the interview.",Entertainment & Shows
7394532218032491808,"The video features a woman in a pink dress and a man in a black shirt standing on a sidewalk. The woman is holding a pink purse and appears to be talking to the man. The man is wearing a black shirt and has a black belt around his waist. The background shows a street with parked cars and a fence. The sky is cloudy, and the sun is setting. The woman is wearing a necklace and has blonde hair. The man is wearing a black shirt and has a black belt around his waist. The woman is holding a pink purse. The man is standing on the sidewalk. The woman is talking to the man. The man is standing on the sidewalk. The woman is talking",1. Entertainment & Shows
7354508802932133166,"The video features a series of individuals engaged in various activities, with text overlays providing commentary on their actions. The first individual, wearing a light-colored shirt, is seen in a room with a bookshelf filled with books. The text overlay reads ""Booktalk"" and ""Stitch Inning,"" suggesting a discussion or review of a book. The scene transitions to another individual, also in a light-colored shirt, sitting in a car with a bookshelf visible through the window. The text overlay changes to ""A COOLER ERICOTIC LITERATURE,"" indicating a shift in the topic of discussion.

The narrative continues with the same individual in the car, now","3. Music, Singing, & D"
7344855206242389280,"The video features a woman in a black blazer and white shirt, seated in a room with a wooden background. She appears to be engaged in a conversation, as indicated by her facial expressions and hand gestures. The text overlay at the top of the screen reads ""Alice Weidel reagierte auf AFD-chatterläufe,"" which translates to ""Alice Weidel reacted to AFD-chatter."" The text at the bottom of the screen reads ""Sollen wir warten, bis unser Schlafwagenvorstand weiter nichts entscheidet? Oder Frau Weidel kann offenbar Prioritäten",Entertainment & Shows
7377794153071037739,"The video is a series of scenes from the TV show ""The Office,"" featuring characters in an office setting. The first scene shows a man in a tuxedo reading a newspaper, with the text ""Roulette is not a game of skill, it is a game of chance."" The next scene shows a woman in a pink shirt talking on the phone, with the text ""and he needs absolute silence."" The final scene shows a man in a tuxedo standing in front of a coat rack, with the text ""Mind control. You can't be serious. That's ridiculous. You know what? Uh, why don't you move that coat rack?"" The video is a humorous",8. Entertainment & Shows
7349706117166959879,"The video features a person standing in a natural setting, surrounded by trees and greenery. The person is wearing a light-colored shirt and appears to be speaking to the camera. The text overlays on the video include phrases such as ""What's up everyone?"", ""I am officially going into the jungle."", ""I don't know how to feel."", ""I'm excited."", ""I'm nervous."", ""You know, I'm normally a very organized and a planner and a control freak and I don't get to control anything here."", ""So I'm along for the ride and, you know, I hope they go easy on me."", and ""See you in the jungle."" The person's",1. News
7308194891656400170,"The video shows a group of people in a stadium, with a large crowd of fans wearing red shirts. The fans are cheering and celebrating, with some holding up signs and others taking photos. The atmosphere is lively and energetic, with the fans showing their support for their team.",Sports
7375105398946139398,"The video shows a woman in a light blue robe standing in a living room with a large window and a television in the background. She is holding a phone and appears to be talking to someone off-camera. The text overlay at the top of the video reads ""POV: South African non-ons during winter."" The woman then takes off her robe and stands in front of a door, looking at the camera. She is wearing a light blue robe with a checkered shirt underneath. The video then shows her sitting on a chair in the living room, still wearing the robe, and looking at the camera. The text overlay at the top of the video reads ""POV: South African",Entertainment & Shows
7387067236218916129,"The video showcases a person's experience at a cake shop, specifically Cakebox. The shop offers a variety of cakes, including heart-shaped ones with the word ""Party!"" written on them. The person is seen selecting a cake from the shop, which is then placed in a box. The video also highlights the shop's loyalty program, Cake Club, which offers free cupcakes and loyalty points upon signing up. The shop's offerings are extensive, ranging from chocolate to fruit cakes, and the person mentions the variety available. The video concludes with the person enjoying a slice of the cake, which is described as light, moist, and well-frosted, with a nice",Entertainment & Shows
7323395108378840351,"The video shows a person dancing in a hallway. The person is wearing a gray sweatshirt and black pants. The hallway has white walls and a tiled floor. There is a Christmas tree decorated with red ornaments on the right side of the hallway. The person is dancing energetically, moving their arms and legs in various directions.","3. Music, Singing, & D"
7378610696390528289,"The video is a series of frames showing a man in a suit and tie, with text overlays in French. The first frame shows the man standing in front of a large crowd, with the text ""Dissolution d'l'Assemblée nationale : Voici tout à vous faire !"" (Dissolution of the National Assembly: Here is everything for you!). The second frame shows the man standing in front of a podium, with the text ""du Rassemblement national"" (of the National Rally). The third frame shows the man standing in front of a large screen, with the text ""en vertu de l'article 12 de",Politics
7292568999932529963,"The video shows two women walking in different settings. One woman is wearing a black t-shirt and black shorts, holding a green water bottle and a phone. The other woman is wearing a black sports bra and black leggings, holding a white water bottle. They are walking in a park with trees and a path. The video also shows them walking in a different setting, with one woman wearing a black leather jacket and the other wearing a black top and white pants.",Fitness & Health
7360445995945037088,"The video shows a wild boar walking on a paved road at night. The text ""Jour 6 pour traiter un sanglier"" (Day 6 to treat a boar) appears at the top of the screen. The boar is seen sniffing the ground and eating food. A person's hand appears, offering the boar food. The boar sniffs the food and eats it. The person then walks away, leaving the boar alone. The boar continues to eat the food on the ground.",Sports
7356329953622822187,"The video features a person wearing a colorful cap and a gray shirt with a logo on it. The person is seen speaking in front of a computer screen displaying a stock chart for Trump Media and Technology Group Corp. The stock price is shown to have fallen again today, with a percentage change of 9%. The person is discussing the stock's value and the potential impact of Donald Trump's presidency on the stock's performance. The video also includes text overlays that provide additional commentary on the stock's value and the potential consequences of Trump's presidency.",1. News
7376774039899082027,"The video shows a group of elderly people in wheelchairs in a museum. They are dressed in formal clothing and are seated in a circle. The video then transitions to a group of people in military uniforms, also in wheelchairs, and the text ""Old People's Home"" appears on the screen. The video then shows a group of people in military uniforms, also in wheelchairs, and the text ""OAPs"" appears on the screen. The video then shows a group of people in military uniforms, also in wheelchairs, and the text ""these leaders once held"" appears on the screen. The video then shows a group of people in military uniforms, also in wheelchairs, and the",1. News
7394396617882799366,"The video features a person with curly red hair, wearing a dark top, holding a pink and white drink with a straw. The text overlay reads ""POV: Your cousin gives you something to do drink."" The person appears to be in a dimly lit room, with a dark background. The drink is decorated with colorful sprinkles and a small figurine. The person seems to be in a playful or humorous mood, as indicated by the text overlay.",1. News
7382929842615979296,"The video shows a person sitting in a room, wearing a white shirt and blue jeans. The person is holding their head with one hand and appears to be in a state of distress or frustration. The background is a simple room with white walls and a door. The person is speaking, and the text overlay on the video reads, ""Ich bin gerade so deprimiert. Ich habe jetzt die letzten anderthalb Stunden damit verbracht, am Laptop irgendwelche Familien, etwas gehobene Hotels auf Mallorca oder generell bei den Jahren abzuk",Entertainment & Shows
7283171808595971370,"The video features a woman with long black hair, wearing a gray tank top, standing in a room with a plant in the background. She is holding a phone and appears to be speaking, as indicated by her hand gestures. The text overlay on the video reads, ""NO BECAUSE I'M REAL AORES WHEN THE DUCK DUCK AOKING STAND THE GUY AT THE TEAMKAMAD FOR THEY MAD FAWTFIRS LMAO."" The woman's facial expressions and hand movements suggest she is reacting to something humorous or surprising.",1. News
7299771215755906312,Two women are dancing in a gym. They are wearing black outfits and have their hair down. They are moving their arms and legs in a coordinated fashion.,"3. Music, Singing, & D"
7397523950391086369,"The video begins with a black screen, where a small blue character with a heart-shaped nose and a red heart-shaped antenna is seen. The scene transitions to a green apple with a smiling face and a small green character with a heart-shaped nose and a purple heart-shaped antenna. The green apple is surrounded by the blue character and the small green character. The green apple then opens its eyes and smiles, and the blue character and the small green character look at it. The scene then transitions to a black screen with colorful confetti falling from the top. The confetti is in various colors, including pink, yellow, green, and blue. The confetti continues to fall until it",6. Film & Animation
7410518813021637930,"The video shows a man in a suit and tie, and a woman in a white blazer, both standing in front of a podium with the White House seal. The man is speaking, and the woman is listening. The text overlay on the video asks, ""Do you think Americans seriously think that this is an important question?"" The man appears to be responding to the question, and the woman is listening attentively.",Politics
