video_id,summary,category
7349900395843472672,"A man in a suit and tie is being interviewed by another man in a suit and tie. The man in the suit and tie is holding a microphone with the logo of the channel ""heute SH3W"" on it. The man being interviewed is wearing a cap with the Russian flag on it. The background shows a crowd of people and a building.",Politics
7326597898358066465,"The video is a humorous comparison between a person's reaction to their cat's behavior and the reaction of a smartphone. The video is divided into two parts, each showing a different reaction.

In the first part, the person is shown in a room with a cat sitting on a bed. The person is holding a smartphone and looking at it with a surprised expression. The text on the screen reads ""Pov: Les appels avec mon chachet qui n'a jamais fait de cela"" (Pov: The calls with my cat who has never done this). The person's reaction is shown in a split-screen format, with the left side showing the",7. Pets & Animals
7302484543691328810,"The video is a series of black screens with white text. The text reads ""EMERGENCY RELIEF DISTRICT OCTOBER 1TH, 2023. Stop the killing. Stop hate. Time to donate."" The text is repeated multiple times throughout the video, with no other visual elements or audio present. The video does not contain any additional context or information.",1. News
7339991555408694561,"The video shows a person shopping in a store, specifically looking at the skincare products on display. The person is holding a box of Balea's Vital Augencreme, which is priced at 3,85 Euro. The video then transitions to a close-up of the Balea Aqua Augen Roll-On, priced at 2,45 Euro, and the Balea belebende Augenpflege, priced at 2,95 Euro. The video continues to show the Balea Vital Plus straffende Augencreme, priced at 3,95 Euro, and the Balea Q10 Anti-F",Beauty Care
7351403366368546081,"The video showcases a series of events where humans are being hunted by aliens. Initially, the aliens are shown to be laughing at the humans' lack of power and intelligence. However, the humans are not intimidated and are determined to fight back. They are shown using various weapons and tactics to defend themselves, including using a stun grenade to blind the aliens and a bullet to kill one of them. Despite the odds, the humans manage to defeat the aliens and are left with only nine of their own, one without a full arm. The video ends with the humans celebrating their victory and the aliens being defeated.",1. Entertainment & Shows
7380379588242804001,A person is lying in bed with a pink pillow behind them. They are wearing a black shirt with blue writing on it. The person is making a peace sign with their fingers.,Politics
7291005324717313313,"The video features two women standing in front of a large building, discussing the rise of the anti-immigration party AfD in Germany. The first woman, dressed in a pink coat, speaks about the party's success in the state elections in Hessen and Bavaria, while the second woman, in a green dress, provides commentary on the implications of the new citizenship rules. The video also includes text overlays that provide additional information, such as the text ""Vor. amt. Ergebnis"" (before the results) and ""Vor. amt. Ergebnis"" (before the results), which likely refers to the results of a survey or poll. The video",Politics
7184540937974975786,"The video shows a person in a car, wearing a black tank top and white headphones around their neck. They are holding a small container of a brow lift product and a spoolie brush. The person demonstrates the product by applying it to their eyebrows and then using the spoolie brush to shape and lift their eyebrows. The video also includes text overlays that read ""e.l.f brow lift review"" and ""So I literally been seeing this all over TikTok so I had to try it I ran to Alto to get the brow lift clear by ALF for like $10. I lied it's $6 so even better. We're gonna see what the hype",Beauty Care
7343334803665603883,"The video features a woman with long, wavy hair, wearing a dark sweater and a gold necklace, sitting in front of a cosmic-themed background. She is holding a black object, possibly a makeup product, and appears to be speaking or presenting something. The text ""TikTok BAN TOMORROW"" is displayed at the top of the screen, indicating that the video is related to a potential ban on TikTok. The woman is seen gesturing with her hands, possibly emphasizing her points or engaging with the audience. The video also includes a text overlay that reads, ""Scroll mindlessly through TikTok and you're likely coming across a lot of misinformation",Science & Technology
7343662075299761440,"The video begins with a person wearing a pink sweater with a black bow tie, standing in a room with a white wall and a shelf in the background. The person is looking at the camera with a serious expression. The scene then transitions to a close-up of a person with long blonde hair, wearing a white shirt with a red tie, standing in a dimly lit room with a green hue. The person appears to be in a state of shock or fear. The video then cuts back to the person in the pink sweater, who is now looking at the camera with a more relaxed expression. The final scene shows the person in the pink sweater standing in the same room,",1. News
7394913119375527210,"A person wearing a camouflage cap and a gray shirt is speaking in front of a plain wall. They are making hand gestures and pointing to their chest. The person is also wearing a green and red shirt with a bird on it. The person is talking about the number of people killed by different leaders, including Saddam Hussein and Vladimir Putin.",Politics
7327439802637307178,"The video features a person in a camouflage hoodie standing next to a white Chevrolet Silverado truck. The person is pointing at the truck and talking about its features. The video also includes text overlays that read ""This is the CHEPAEST Brand New Truck You Can Buy Today *2024 Chevy W/T* part 2"" and ""This is the CHEPAEST Brand New Truck You Can Buy Today *2024 Chevy W/T* part 1."" The person is also seen pointing at the truck's wheels and talking about its features. The video concludes with the person standing next to the truck, talking about its features",Sports
7296461109572275488,"The video features a series of interviews with Trump supporters who express their disagreements with the Democratic Party and its stance on unions. The interviews take place in various outdoor settings, including a parking lot and a street with a clear sky and power lines in the background. The participants are wearing red hats with the ""Make America Great Again"" slogan and red shirts with the ""Trump"" logo. They discuss their views on unions, with one participant stating that they support Donald Trump because he brings jobs to America and that unions are bad for business. Another participant mentions that Trump supports unions and that they are protected by unions. The video also includes a quote from a man who says that he doesn't have a say",Politics
7385384197864557855,"The video features a series of images of a man in a suit and red tie, presumably a politician, speaking at a podium. The background is blue with the CNN logo, indicating that the video is from a CNN broadcast. The man appears to be addressing an audience, as he is shown from different angles and with different expressions. The text overlay on the video reads ""My favorite prt of the debate wasa-hitting whoever wasn't talking,"" suggesting that the man is speaking about a particular moment during the debate where he felt the other speaker was not contributing to the discussion. The video is static, with no movement or change in the scene, and the man remains in the same position",Politics
7358352976639184146,"The video shows a view from inside a car on a rainy day, with the windshield wipers moving back and forth. The rain is falling heavily, and the windshield is covered in water droplets. The car is driving on a highway, and the headlights of other cars are visible in the distance. The video captures the motion of the car and the changing light conditions as the rain continues to fall.",1. News
7371030140370963713,"The video is a series of gameplay clips from the game Overwatch, showing a player's experience with the game. The player is using a character with a blue and black color scheme, and the gameplay involves navigating through various levels and fighting enemies. The player's health and ammo levels are displayed on the screen, and the player's actions are highlighted with text overlays. The player's frustration and confusion are evident as they try to navigate the game and complete objectives.",Sports
7328941581862473006,"The video begins with a close-up of a fighter jet on a runway, with the word ""HIGH"" in bright yellow letters superimposed over the image. The jet is stationary, and the background is a cloudy sky. The scene then transitions to a different angle, showing the jet in flight with a cargo plane in the background. The jet is now in the sky, and the word ""HIGH"" is no longer visible. The video then shows the jet flying over the ocean, with the word ""HIGH"" in bright yellow letters superimposed over the image. The jet is flying at a high altitude, and the background is a clear blue sky. The video then shows the jet",1. News
7295860137162591519,"The video features a person wearing a plaid shirt, sitting in front of a blue background. The person is speaking and the text overlays the video with various statements about the history of violence and injustice. The text mentions the obliteration of indigenous people by colonizers, the use of the ""kernel of truth"" to justify violence, and the power imbalance in society. The person also discusses the injustices faced by Palestinians and Hamas, and the importance of accountability for those with power. The video ends with a statement about the dangers of unchecked righteousness.",Politics
7407540452611640606,"The video shows a man in a blue shirt and black gloves sitting at a desk in an office. He is working on a computer and appears to be in the process of checking his passport. The man is wearing a black glove on his right hand and a black glove on his left hand. The desk has a keyboard, a mouse, and a few other items on it. The man is looking at the passport and appears to be searching for something. The video ends with the man still looking at the passport and the text ""Next"" appearing on the screen.",Travel & Events
7372987016914455841,"The video shows a cricket match between Pakistan and England. The players are wearing different colored uniforms, with the Pakistan team in orange and the England team in green. The match is taking place in a large stadium with a crowd of spectators. The players are seen running and playing the game.",Sports
7366561209996332320,"The video shows a person with long, dark hair wearing a white shirt. The person is sitting in a room with a yellow wall and a black TV in the background. The person is holding a blue object in their hand and appears to be talking or gesturing with their hands. The person's nails are painted white and they are wearing a gold watch on their left wrist. The person's hair is straight and falls over their shoulders. The person's expression changes throughout the video, with their mouth open and their eyes looking to the side, indicating they are speaking or reacting to something. The video ends with the person still in the same position, with their hair still falling over their shoulders.",Entertainment & Shows
7334130841016274222,"The video features a black sports car parked in a parking lot. The car is sleek and has a low profile, with a prominent front grille and large alloy wheels. The background of the video is a typical parking lot with trees and a clear sky. The video is overlaid with text that reads, ""I don't reverse park to look cool, a mu jt st can't park forward."" This text suggests that the person filming the video is frustrated with their friends' behavior, as they are not reversing to park properly. The video also includes a meme with the text, ""All my friends are dead, leave them in the cold, put them in the tundra I go great charm",1. News
7380389929790033185,"The video features a romantic dance between two characters in a dimly lit room with a dramatic atmosphere. The male character, dressed in a blue and brown outfit, is holding the female character, who is wearing a white dress, in a close embrace. The female character appears to be in distress, with her arms raised and her head tilted back in a gesture of surrender or surrender. The male character's expression is one of determination and support, as he holds her close. The background is dark, with a few lights visible, adding to the dramatic effect of the scene. The video concludes with the male character continuing to hold the female character, who is now lying on the ground, suggesting a moment of",Sports
7343754603927850245,"The video is a series of images that appear to be from a protest or rally, with people holding signs and flags. The images are overlaid with text that reads ""FREE PALESTINE"" and ""Remember, you can post one video each day using this filter and it will still count. So, if you post once every Monday, Tuesday, Wednesday, private or public, it will count as three quotes."" The images show people in various poses, some holding signs and others holding flags. The colors in the images are mostly red, white, and black, with the flags being green, white, and black. The images are overlaid with a filter that makes them appear to be in",Politics
7357827492289465646,"The video features a person wearing a white t-shirt with a cartoon character on it. The person is standing in a room with shelves and a refrigerator in the background. The person is making various hand gestures and movements, possibly expressing frustration or frustration with the idea of eating. The text on the screen changes throughout the video, indicating different thoughts and emotions. The person seems to be talking about the inconvenience of grocery shopping, cooking, and eating, and how they would prefer not to do any of these things. The person also mentions that they have ADHD and that feeding themselves is hard for them. The video ends with the person saying they are over it and don't want to do any of these things",Entertainment & Shows
7366736772253977889,"The video is a series of clips that discuss the potential impact of rising sea levels on Tuvalu, a small island nation in the Pacific. The video begins with an aerial view of Tuvalu, showing its coral islands and the surrounding ocean. It then shows footage of the sea level rising, with the text ""The sea level in Tuvalu is now 15 cm higher than it was 30 years ago."" The video also shows footage of Tuvalu's government, including a man in a suit speaking at a podium and a woman in a blue dress. The video also shows footage of Tuvalu's government creating a virtual country, with the text ""As well",Politics
7342750088902511915,"The video shows a person standing in a bathroom, taking a selfie with a phone. The person is wearing a black t-shirt and black shorts. The bathroom has a tiled wall with blue and yellow stripes, and there is a mirror above a sink. The person is holding the phone in their right hand and has their left hand on their hip.",1. News
7325461211653492010,"The video shows a person wearing a purple hoodie with the word ""Champion"" written on it. The person is standing in front of a white wall and a wooden door. They are talking to the camera and gesturing with their hands. The person is also wearing a headband and has braided hair. The person is trying to fix their hair, but they are not satisfied with the result. They are talking about their hair and how they want it to look. The person is also talking about their aunt who did their hair and how they paid her. The person is trying to convince the viewer that their hair looks okay.",Entertainment & Shows
7363144949442825518,"The video features a young woman with long blonde hair, wearing a black top with a graphic design. She is standing in a room with a white door in the background. The text overlay on the video reads, ""why is finding a girl friend no im not trying to fall in love with, im trying to fall in love with her."" The woman appears to be speaking directly to the camera, expressing her thoughts on finding a romantic partner. The video does not contain any additional visual elements or actions beyond the woman's speech and the text overlay.",1. Entertainment & Shows
7375972216707484960,"The video features a man in a white shirt standing in front of a screen displaying a list of Labour's policy steps for change. The man gestures towards the screen as he speaks, and the text on the screen changes to reflect the policy steps being discussed. The video ends with the man standing in front of the screen, with the text ""Thanks for the plug Rishi"" displayed at the top of the screen.",Politics
7363604482355137799,"A woman is standing in a kitchen, holding a large box. She is talking to the camera and showing the box to the viewer. The box is filled with various items, including a large white bag. The woman is then seen sitting at a table, using a tablet to search for items on a shopping app. She is looking for a specific item, and the app shows her the price and availability. The woman then uses a vacuum cleaner to clean the floor, and then uses a vacuum cleaner to clean the table. She then uses a vacuum cleaner to clean the floor again. The woman then uses a vacuum cleaner to clean the table again. The woman then uses a vacuum cleaner to clean the floor",Entertainment & Shows
7341253553245408558,"The video features a woman in a light blue shirt with a floral pattern, speaking directly to the camera. She is in a well-lit room with a window in the background. The woman discusses her family's financial situation, mentioning that she bought a house for her entire family, but who's paying for it. She expresses her frustration with her brothers not moving out when she and her husband want to have babies. The woman also mentions that she has two younger brothers, one in college and one a junior in high school, and that she will be the one to take care of them. She expresses her gratitude for being able to take care of her family and mentions that she feels lucky to be in",1. News
7346960504490937642,"The video starts with a woman lying on a bed, wearing a white tank top and a necklace. She is holding a phone and looking at it. The scene transitions to a black and white image of a car driving down a road, with a woman in a white dress sitting in the back seat. The car is a classic model with a large trunk. The video then shows a close-up of a woman's hand with a tattoo on it, followed by a black and white image of a car driving down a road with a woman in a white dress sitting in the back seat. The video then shows a man and a woman standing on a boat, with the man in a suit and the woman",Entertainment & Shows
7203774185322188037,"The video begins with a person standing in front of a door with a sign that reads ""A STUDENT'S HOME."" The person is wearing a dark blue shirt and gray pants. The door is open, and the person is holding a piece of paper. The scene then transitions to the person standing in front of a different door with a sign that reads ""A STUDENT'S HOME."" The person is wearing a dark blue shirt and gray pants. The door is open, and the person is holding a piece of paper. The scene then transitions to the person standing in front of a different door with a sign that reads ""A STUDENT'S HOME."" The person is wearing",1. Entertainment & Shows
7324373228028300577,"The video is a series of humorous and relatable scenarios that highlight the challenges and frustrations of working in finance. It starts with a man walking down a street at night, followed by a close-up of a shelf filled with skincare products, suggesting the importance of skincare in the finance industry. The video then transitions to a man in an office setting, followed by a scene of him walking past a model in a store, highlighting the superficiality of the industry. The narrative continues with a man in a meeting, followed by a scene of him walking past a model in a store, and ends with a man in a dimly lit room, suggesting the emotional toll of the job. The video ends with a",Entertainment & Shows
7404376866108312865,"The video is a compilation of various scenes showing the aftermath of a conflict in the region of Kursk, Russia. It begins with a group of people being escorted by police officers through a busy street, indicating a recent event. The scene then shifts to a man in a denim jacket speaking to the camera, likely providing commentary on the situation. The narrative continues with a woman in a white shirt standing in front of a building, possibly discussing the events. The video then shows a woman in a patterned jacket walking through a city street, suggesting the ongoing impact of the conflict. The final scenes depict a military vehicle and a helicopter, reinforcing the sense of urgency and danger. The video concludes with",Politics
7379002112652660014,"The video features a person wearing a white shirt with a graphic design, standing in front of a window with blinds. The person is holding a necklace with the name ""RITANA"" written on it. The necklace is displayed on a white card with the text ""Fashion Jewelry"" and a logo. The person appears to be expressing gratitude to someone named Sarah, as indicated by the text on the card. The video concludes with a close-up of the necklace on the card, emphasizing the name ""RITANA"".",1. News
7394618529569344811,"The video features a series of scenes showing different individuals, including a woman in a suit and a man in a suit, speaking at podiums. The woman is identified as Vice President Kamala Harris, and the man is identified as President Joe Biden. The video also includes text overlays and graphics that provide context and information about the events being depicted. The video is set in various locations, including a room with a gold vase and a shelf with books, and a room with a white couch and a plant. The video concludes with a message from President Biden, expressing his support for Vice President Harris and his commitment to working towards a better future for all Americans.",Politics
7366286242406829345,"A man in a grey hoodie and black shorts is standing in an office space, playing a DJ controller. He is surrounded by other people working at their desks. The man is wearing headphones and is focused on his task.","Music, Singing, & Dancing"
7325205573941710111,"The video begins with a person wearing a black t-shirt with a graphic of a man's face on it. The person is sitting in a room with a dark-colored dresser and a mirror in the background. The text overlay reads ""Reply to Lisa Mae's comment hanging around for the ghost hunting"" and ""30h has rebooked for it I decided to delete it."" The person then stands up and walks towards the camera, and the text overlay changes to ""this is take two..."" The person continues to walk towards the camera, and the text overlay changes to ""let me slow it down."" The person then sits back down in the same room, and the text overlay",Science & Technology
7352304151897951521,"The video begins with a person standing in a living room, wearing a black shirt and red pants. The room is well-lit with large windows and a chandelier. The person is holding a pair of shoes and appears to be talking to the camera. The scene then transitions to the same person sitting on a couch, wearing a black shirt and red pants. The person is holding a pair of shoes and appears to be talking to the camera. The video then shows the person standing in a different room, wearing a black shirt and red pants. The person is holding a pair of shoes and appears to be talking to the camera. The video then shows the person sitting on a couch, wearing a",Entertainment & Shows
7365063366907333921,"The video showcases a breathtaking view of a city skyline during sunset. The sky is painted with hues of pink, purple, and orange, creating a stunning backdrop for the city's illuminated buildings. The cityscape is visible through a body of water, possibly a river or lake, reflecting the vibrant colors of the sky. The video captures the city's lights twinkling against the colorful sky, adding to the overall beauty of the scene. The video does not provide any additional information or context beyond the visual content.",1. News
7346235933882076448,"The video shows a man in a green hoodie and blue jeans using a blue mechanical device to work on a wooden post in a field. He is seen bending over and using the device to work on the post, which is surrounded by a dirt ground and some trees in the background.",1. Sports
7305148019727420718,"The video is a series of frames from a movie titled ""Watcher"". The first frame shows a woman with long black hair, wearing a white top and a brown coat, standing in front of a movie poster. The poster features a woman with long blonde hair, wearing a red top, and the title ""Watcher"" is prominently displayed. The background of the poster is dark and rainy, with the text ""EVIL WANTS TO SEE"" and ""WATCHER"" written in white. The woman appears to be speaking or reacting to the movie poster.

The second frame shows a close-up of the same woman, with the movie poster still visible in",8. Entertainment & Shows
7395252325104766216,"The video begins with a scene from a first-person shooter game, featuring a virtual environment with a sandy, urban setting. The player is holding a sniper rifle, and the scoreboard shows a score of 0-1. The scene then transitions to a close-up of a cat's face, with the cat's eyes and mouth open, as if it is looking at something. The cat's face is superimposed onto the sniper rifle, creating a humorous effect. The cat's face is then replaced with a green helmet, and the sniper rifle is shown again, with the cat's face superimposed onto the rifle. The cat's face is then replaced with a green",01
7354853011887312160,"The video is a humorous take on a pizza night, featuring a group of people sitting around a table with pizza in front of them. The text overlay on the video reads, ""It's pizza night on @xxthefovox But what are our favorites???!"" and ""Pineapple doesn't belong on pizza.... ABSOLUTELY!"" The video then shows a person in a blue hoodie eating a pizza with pineapple on it, with the text overlay saying, ""Why did you eat the whole pineapple pizza."" The person then eats the pizza, with the text overlay saying, ""Looks like you do like it...."" The video ends with the person still eating the",Entertainment & Shows
7355938811429260550,"The video shows a person wearing headphones and singing along to a song. The lyrics of the song are displayed on the screen, and the person is reacting to the lyrics with various facial expressions and hand gestures. The background is colorful and has a bokeh effect, with a pink and blue color scheme. The person is wearing a black top with floral patterns. The video also includes comments from viewers, which are displayed at the bottom of the screen.","Music, Singing, & Dancing"
7363655590524226862,"The video is a series of frames showing a person sitting at a desk with a computer and a cup on it. The person is wearing a dark shirt with the words ""LOVE HOPE CUR"" on it. The background is a blue and purple neon light. The person is talking about Discord, a messaging app, and how it has been affected by a website that has been scraping the data of over 114 million Discord users. The person also mentions that Discord has changed its terms of services, making it so that users cannot sue them in the case of a class action lawsuit. The person is also talking about a website called spy.pet that has been posting",News
7337977691611696417,"The video shows a person driving a car, wearing a white sweater and a seatbelt. The person is seen gesturing with their hands and talking to the camera. The car is driving through a city street with buildings and trees in the background. The person appears to be in a conversation with the camera, possibly expressing frustration or frustration with the situation.",1. News
7335864619187146016,"The video is a series of maps and images that compare the population and geography of Wyoming and Colorado. It starts with a map of the United States highlighting the states of Wyoming and Colorado, with the text ""Why Wyoming Is 'Epiypt' And Colorado Is Not"" at the top. The video then shows a map of the Rocky Mountains, with the text ""ROCKY MOUNTAINS"" in a red box. It then shows a map of the Yellowstone Plateau, with the text ""Yellowstone's Four Year Une"" in a red box. The video then shows a map of the Rocky Mountains, with the text ""ROCKY MOUNTAINS"" in",Science & Technology
7356565580603870497,"The video features a series of conversations between different individuals, each with their own unique background and context. The first person, dressed in a dark suit, is seen speaking into a microphone, with the text overlay suggesting a discussion about mental health and the Prime Minister's response. The scene transitions to another individual, also in a dark suit, who is engaged in a conversation with a person in a pink outfit, with the text overlay indicating a discussion about the Prime Minister's response to a mental health issue. The conversation continues with the individual in the dark suit speaking into the microphone, with the text overlay suggesting a discussion about the Prime Minister's response to a mental health issue. The video then transitions to a",Politics
7407322364309949728,"The video shows a group of people performing on stage. They are dressed in casual clothing and are dancing energetically. The stage is brightly lit with colorful lights, and the background features a large screen with a blue and pink design. The performers are moving in sync with each other, and the audience can be seen in the foreground, watching the performance. The video also includes a text overlay that reads ""I don't wanna die Before we love, we love, this feeling, babe Cause it's enough, enough, can't be this way Before we love, we love, this feeling, babe I love it, I like it, but I don't wanna die Ooh,","Music, Singing, & Dancing"
7395058028594122014,"The video features a series of individuals in various settings, each with a caption that references a political figure or event. The captions suggest that the individuals are discussing the importance of the election and the impact of the political figures on the community. The video also includes scenes of individuals posing in front of buildings and in front of the ocean, which may be related to the political figures mentioned in the captions. The video concludes with a black screen displaying the text ""Thank you for joining me"" and the ""Jackie Tid"" logo.",Politics
7357035995667107114,"The video shows a woman in a black shirt with a colorful design and a red shirt with a white collar standing in a brightly lit restaurant. She is holding a drink in her hand and appears to be talking to someone off-camera. The background is filled with various items, including a menu board with different drinks listed, a counter with a drink dispenser, and a wall with colorful signs. The woman is seen drinking from the drink and then placing it down on the counter. She then stands up and walks away from the counter, leaving the drink behind. The video ends with the woman standing in front of the counter, looking at the drink.",Entertainment & Shows
7322958700291853614,"The video is a compilation of various segments from a news broadcast, featuring different individuals and topics. The segments are set in a studio with a blue background and the Fox News logo visible. The individuals are dressed in formal attire, and the topics discussed include political figures, health care, immigration, and economic issues. The video also includes a graphic with the text ""What was Trump asked about?"" and a question mark, suggesting that the video is part of a larger discussion or debate. The overall tone of the video is serious and focused on political and economic issues.",Politics
7333721172363922734,"The video shows a man in a blue shirt and khaki pants standing in front of a black Toyota car in a parking lot. He is wearing sunglasses and a blue jacket. The text ""Toyota coulver"" is displayed at the top of the screen, and there are emojis next to the text. The man appears to be dancing or moving around energetically, and the video ends with him still in front of the car.",1. News
7320342127790148907,"The video depicts a series of interactions between a police officer and a group of individuals in a room with blue lockers. The officer, dressed in a police uniform, is seen making various gestures and movements, including pointing, holding a gun, and gesturing with his hands. The text overlay throughout the video reads ""TYRANT COPS MAKE BIG MISTAKE - Silverthorne Colorado - FBI Amaganset Press,"" indicating that the video is likely a commentary or critique of the actions of the police officers. The video also includes a series of text overlays that provide context and information about the situation, such as the officer's age and the fact that he has never been arrested or",News
7287998089279917345,"The video begins with a person standing outdoors, wearing a dark jacket and a white shirt with a black logo. The person is holding a smartphone and appears to be speaking. The background shows a park with trees and a path. The scene transitions to a close-up of a laptop screen displaying the Amazon website. The text on the screen reads, ""Hallo, amelie,"" and then changes to ""Amazon Outlet."" The person is seen scrolling through the Amazon Outlet section, which features discounted items in various categories. The video then shows a close-up of the laptop screen again, with the text ""Amazon Outlet"" still visible. The person continues to scroll through the Amazon Out",1. News
7340766599860849926,"The video shows a man in a military uniform standing at a podium, speaking into a microphone. He is wearing a dark blue uniform with various medals and insignia on the left side of his chest. The background features a large building with the words ""The Pentagon"" and ""Washington"" visible. The man appears to be giving a press briefing or statement, as indicated by the text overlay on the screen. The video also includes a caption that reads, ""Well, just to be clear, we have no plans to send U.S. service members to fight in Ukraine. The president has been pretty clear on that, and that continues to be our position. As it relates to providing assistance to",Politics
7324688586807201070,"The video shows a young woman sitting in a classroom, wearing a white sweater and a beige scarf. She is looking at a piece of paper in front of her. The text on the screen reads ""Special Ed teacher trying to figure out whether their student is crying."" The woman appears to be in a classroom setting, with books and other educational materials visible in the background. The video does not provide any additional context or information about the woman or the situation she is in.",1. News
7195058735914519809,"The video begins with a view of a construction site where a tall building is being demolished. A crane is seen lifting a large piece of the building, which then falls to the ground, causing a massive explosion. The scene shifts to a wider view of the demolition site, showing the partially demolished building and the surrounding area. The video then transitions to an aerial view of the demolition site, where the building is being completely demolished. The debris is seen flying through the air, and the surrounding area is covered in dust and smoke. The video concludes with a view of a tall building being demolished, with the debris flying through the air and the surrounding area covered in dust and smoke.",1. News
7360854136440540459,"The video is a series of scenes from a movie or TV show, featuring a man in a gray shirt and a man in a black leather jacket. The man in the gray shirt is seen in various settings, including a room with a door, a hallway, and an outdoor setting. The man in the black leather jacket is seen in different settings as well, including a room with a staircase and a hallway. The video also includes text overlays with dialogue and captions, such as ""Can I help you?"" and ""This is about you and me doing our best to keep Huel happy."" The video ends with a black screen displaying the word ""HUELL"" in white letters.",1. News
7408631372044111135,The video shows a person with tattoos petting a kitten on a white surface. The kitten is small and has a black and white coat. The person is holding the kitten gently. The video also shows a group of kittens huddled together on a white surface. The kittens are small and have different coat colors. The video ends with a close-up of a kitten with a bandage on its face.,Pets & Animals
7383460841204534534,"The video begins with a close-up of a wooden surface, where a small metal object is placed. A pair of pliers is then used to grip the object, and a hammer is used to strike it, causing it to break. The video then shows a close-up of a metal object being sharpened on a grinding wheel, with sparks flying. Finally, a hand holding a metal object is shown, with the object being sharpened on a grinding wheel.",Science & Technology
7340748820130647326,"The video shows a group of people sitting at a table in an office setting, discussing the new $20 minimum wage law in California. One person is holding a sandwich and appears to be asking questions about the exemption for fast food chains that have bakeries. The video also includes text overlays that provide additional information about the exemption and the criticism of the $20 minimum wage law from a donor to Gavin Newsom.",Politics
7289539647825382698,"The video features a woman in a kitchen, wearing a peach-colored shirt with a floral pattern and dark blue shorts. She is dancing energetically, moving her arms and body in various directions. The kitchen is well-lit, with a white countertop and cabinets in the background. The woman's movements are lively and expressive, with her arms raised and her body swaying to the rhythm of the music. The video does not contain any text or subtitles.",1. News
7390878944012045598,"The video is a series of clips from a gaming session where the player is competing in a fashion challenge. The player is dressed in various outfits, including a black outfit with a red hat, a black outfit with a black hat, and a black outfit with a black hat and a black outfit with a black hat and a black outfit with a black hat and a black outfit with a black hat and a black outfit with a black hat and a black outfit with a black hat and a black outfit with a black hat and a black outfit with a black hat and a black outfit with a black hat and a black outfit with a black hat and a black outfit with a black hat and a black outfit with a",Sports
7390133152670420266,The video shows a person wearing a black shirt with a skull design and a necklace with a cross pendant. The person is standing in a room with a wooden dresser and various items on it. The person is wearing hoop earrings and has long hair. The person is also wearing a necklace with a cross pendant. The person is standing in front of a wall with a black curtain. The person is wearing a necklace with a cross pendant. The person is wearing hoop earrings. The person is wearing a necklace with a cross pendant. The person is wearing hoop earrings. The person is wearing a necklace with a cross pendant. The person is wearing hoop e,1. News
7373916497896377617,"A person is making a cake. They start by mixing ingredients in a bowl. Then, they pour the batter into a pie crust. Next, they add a layer of caramel on top. Finally, they decorate the cake with a topping.",Food
7303250453079280927,"The video is a promotional video for an airline pass that allows for four round-trip tickets to various destinations, including Tahiti, Paris, Auckland, and Tokyo. The pass costs $1,525 and is available for purchase through a reservation center. The video emphasizes the cost of the pass and the limited availability of the tickets. The video also includes a call to action for viewers to purchase the pass before it sells out.",Travel & Events
7330776298576514347,"The video features two individuals sitting at a table with a large, colorful, and interactive game board in front of them. The game board has a large wheel with different colored sections, each labeled with a word or phrase. The individuals are engaged in a game where they spin the wheel and choose a word or phrase from the board. The video alternates between different words and phrases, such as ""Onomatopoeia,"" ""Eyes,"" ""Invention of the telephone,"" ""The Beatles,"" and ""The Eagles."" The individuals appear to be enjoying the game and are smiling and laughing as they spin the wheel and choose their answers.",Science & Technology
7386716685945900320,"The video shows a man in a suit and tie standing in front of a crowd of people. He is then seen sitting in a chair, with a woman in a white outfit standing next to him. The man is then seen walking away from the crowd, and the woman is seen sitting in a chair. The man is then seen standing in front of a crowd of people, and the woman is seen sitting in a chair. The man is then seen walking away from the crowd, and the woman is seen sitting in a chair. The man is then seen standing in front of a crowd of people, and the woman is seen sitting in a chair. The man is then seen walking away from the crowd",Sports
7390820226562084139,"The video shows a group of cartoon characters standing under an umbrella in the rain. One character, wearing a yellow dress, is talking to another character, who is wearing a blue shirt. The text on the screen says, ""When you're just trying to have a brasummer."" The character in the yellow dress says, ""I thought these people were my friends. Little did I know, I was swimming with a pack of thieves. Calm down, DW. Someone probably put it in the lost and found. We'll have to come back Monday. The office is closed. But today's Saturday. That's almost two whole days away. All my important stuff is in that backpack. My",Film & Animation
7361435694725696810,"The video is a series of tweets from a person who is addressing the audience at a live show. The tweets are written in a conversational style and express the person's thoughts and feelings about the show and the audience. The tweets are set against the backdrop of a live show, with the audience visible in the background. The tweets discuss the importance of inclusivity and safety in the show, and the person expresses their desire to include more people in the show. The tweets also mention the person's VIP experience and their desire to induct more people into the show. The final tweet includes a photo of a ticket for the show, with the text ""NOMINEE: MY LIVE SET GOT ME",Entertainment & Shows
7317028968568343850,"The video is a series of humorous and instructional clips demonstrating various ways to talk to girls. The first clip shows a person using a tool to cut a piece of wood, with the text ""how do I talk to girls I'm shy?"" displayed at the top. The person then uses a different tool to cut a piece of wood, with the text ""I'll give you guys the best advice"" at the top. The next clip shows a person using a tool to cut a piece of wood, with the text ""if you wanna"" at the top. The person then uses a different tool to cut a piece of wood, with the text ""to girls"" at the top. The final",Comedy
7393735339996712225,"The video features a person wearing a white and blue striped shirt with a blue collar, standing in front of a door. The person is holding a phone and appears to be speaking or reacting to something. The background is a plain wall with a door visible. The person's facial expressions and body language change throughout the video, suggesting they are reacting to something off-camera. The video ends with the person looking at the camera with a surprised or confused expression.",Sports
7286953369133174062,"The video shows a man in a yellow shirt and black pants standing on a sidewalk next to a road. He is holding onto a large, black and white parachute. The background features a mountainous landscape with trees and buildings. The man begins to run towards the camera, and as he gets closer, the parachute starts to inflate. The man then jumps off the sidewalk and into the air, with the parachute fully inflated. He floats in the air, and the parachute billows out behind him. The video ends with the man still floating in the air, with the parachute still billowing out behind him.",Sports
7210197949433892142,"The video showcases a picturesque beach scene with a clear blue sky and calm ocean waters. The beach is bustling with people enjoying the sunny weather, with some lounging on beach chairs and others walking along the shore. The beach is lined with umbrellas and beach towels, indicating a popular spot for relaxation and sunbathing. The video is overlaid with text in Italian, providing a list of the beach's favorite attributes, such as its ""iconic and icy"" nature, its ""reasonable"" food options, and its ""delicious"" umbrellas. The text also mentions the beach's ""great peachy bellies"" and its ""reasonable"" prices. The video concludes",Favorite beach in Capri
7317451980497046826,"The video is a compilation of morbid facts about the Church of Scientology. It features various images of people associated with the church, including the wife of Scientology leader David Miscavige, Lisa McPherson, and Charles Manson. The video also includes quotes from former Scientologists and critics of the church, such as Leah Remini and L. Ron Hubbard's own son. The quotes suggest that the church has a history of secrecy, violence, and criticism. The video is presented in a collage format, with each image accompanied by a caption that provides additional information about the person or event.",Science & Technology
7346304747646848288,A group of people are shopping in a grocery store. They are looking at the shelves and picking out items. One person is wearing a blue jacket and is looking at the shelves.,Entertainment & Shows
7357381570371603717,"The video shows a group of women dancing in a living room, followed by a man in a beige jacket and white shirt speaking to the camera. The man is making hand gestures and pointing to his chest. The text on the screen reads, ""I want to flirt with finance bros, but if you can't use Excel, get them a job at Goldman Sachs, or help them commit large-scale securities fraud, I guarantee they won't be interested.""",1. News
7319635608945675528,"The video features a young man performing a dance routine on a stage. He is dressed in a white sweatshirt with a graphic design, black and white striped pants, and red sneakers. The stage is dimly lit with purple lighting, and there is a small audience seated in the background. The dancer's movements are fluid and energetic, with a variety of poses and steps that showcase his skill and coordination. The video captures the dancer's performance from different angles, highlighting his movements and the stage environment.",3
7288048371019926814,"The video shows a woman standing outside in a cold environment, wearing a white shirt. She is holding a thermometer and appears to be measuring the temperature. The background is a wooden deck with a white railing. The woman is wearing a nose ring and has long dark hair. The video also includes text overlays that read ""Ready to the cow your mom's comment"" and ""I feel like she's her grandma and is just in a freezing room."" The woman is also seen holding a piece of paper with a drawing on it.",1. News
7302492057975688490,The video features a person wearing a tie-dye tank top with a watermelon pattern. The person is standing in front of a white wall with a ceiling fan. The person is wearing a pair of sunglasses on their head. The video has a filter applied to it that makes the person appear to be wearing a watermelon slice on their head. The filter also adds a watermelon slice to the person's tank top. The video ends with a message encouraging viewers to help Palestine.,1. News
7289320054347468078,"The video features a person sitting at a desk, typing on a laptop. The background includes a painting with a sunset-like color scheme. The person is wearing a dark shirt and has short, light-colored hair. Throughout the video, the text on the screen changes to provide different information. Initially, the text reads, ""Hakeem Jeffries will expel the head of the Republican Party."" Later, the text changes to, ""Hakeem Jeffries will expel the head of the Republican Party and then he will be replaced by a Democrat."" The person continues typing on the laptop, and the text remains the same throughout the video. The video does not show any significant changes in the person",Entertainment & Shows
7346011922946510126,"The video begins with a person wearing a beige hoodie and a backpack, standing outdoors with trees and a street in the background. The person is wearing sunglasses and has a backpack on their back. The scene transitions to a news article from NBC News, which discusses RFK Jr.'s consideration of Aaron Rodgers as his vice presidential running mate. The article mentions that Rodgers has no governing experience and is a former professional athlete. The video then shows a screenshot of a CNN article about RFK Jr.'s VP prospect, mentioning Rodgers' involvement in conspiracy theories. The video concludes with a person wearing a beige hoodie and a backpack, standing indoors with a plain background.",Politics
7366304208150121774,"The video features a series of individuals making heart shapes with their hands in front of their faces, with the text ""Millennials try new Gen Z handcart"" appearing at the top of the screen. The individuals are dressed in various outfits, including a red shirt, a red jacket with ""Los Angeles"" written on it, a beige jacket over a graphic t-shirt, and a yellow jacket. The background of the video is a room with a shelf, a plant, and a framed picture. The video also includes text at the bottom of the screen that reads ""Amy 1995"" and ""Christina 1990,"" indicating the years in which the",Entertainment & Shows
7360733570232552710,"The video features a person standing outdoors, holding a large, ornate clock with a black background and gold accents. The clock has Roman numerals and is labeled ""Украина"" (Ukraine). The person is dressed in a black shirt and light blue jeans. The background is a park with trees and a paved path. The video includes text overlays with contact information, including a phone number and email address. The person appears to be showcasing the clock, possibly for sale or as a decorative piece. The video does not contain any audio, as indicated by the audio transcript.","1. Music, Singing, & D"
7369576124948548897,"The video shows a dog wearing a red shirt with a logo on it. The dog is standing in a grassy field and appears to be barking or growling. The text in the video is in Russian and appears to be a translation of the dog's actions. The dog's actions are described as ""подвигаться"" (to dive), ""забыть туда моими подружками"" (to forget my friends), and ""подружками"" (friends). The dog's actions are also described as ""подружками"" (friends).",7. Pets & Animals
7393839173922327841,"A map of the United States is shown with a blue and red color scheme. The map is divided into states, with each state colored in blue or red. The blue color represents the state of Joe Biden, while the red color represents Donald Trump. The map is labeled ""Tossup 538"" and shows the number of votes each candidate has received in each state. The map also shows the number of comments each candidate has received, with the number of comments for each candidate displayed in the top right corner of the map.",Politics
7388205937036725537,"The video shows a person wearing a blue and white jacket with the word ""Supacell"" on it. The person is driving a car and appears to be trying to activate their Supacell power. The person is seen looking at the dashboard and the steering wheel, and they are wearing a seatbelt. The background of the video is a dark interior of the car.",1. News
7362611852360174881,"The video begins with a black screen displaying the text ""4TO ЛОВОВЬ выда ПЕРЕСТРЕЛКИ ЯНА"" in white letters, which translates to ""4TO LOVVY will give you a kiss, a kiss of the sun"". The scene then transitions to a dark, nighttime setting with a cityscape in the background. The text ""КОТОРИЙ"" appears, followed by ""КОТОРИЙ Я �",1. News
7368846954471640362,"A person with long red hair is standing in a kitchen, wearing a black sweatshirt with green text. They are gesturing with their hands while talking. The kitchen has white cabinets and a light fixture on the ceiling. The person is discussing the importance of solidarity and intersectionality among oppressed people, particularly in the context of Dylan Mulvaney's work on trans rights. They mention that if someone's platform is built on activism, they should understand the intersectionality of that activism. The person also talks about the importance of class and how influencers who focus on a specific type of activism may abandon their supporters once they have made enough money.",Comedy
7108772250320473349,"The video showcases various activities and attractions in the Greek island of Paros. It begins with a person standing in front of a scenic view of the island, with the text ""Paros 5 out of the box activities!"" displayed at the top. The person is wearing a red and white striped shirt and appears to be speaking. The video then transitions to a list of activities, each accompanied by a corresponding image. The first activity is to have a meal in the traditional village of Lefkest, followed by a 3.5 kilometer hike on the old Byzantine road to the village of Prodromos. The hike is expected to take about 45 minutes. The second activity is to",Travel & Events
7349908267742743854,"The video features a person wearing a red shirt with a black design, speaking into a microphone. The background is a room with shelves containing various items, including what appears to be a framed picture and some books. The person is discussing the legal implications of Donald Trump's actions, specifically his claim of immunity. The video includes text overlays that provide commentary on the topic, with phrases such as ""Trump works against this is legal team in President Trump a Immunity claim!"" and ""Donald Trump has destroyed his immunity claim."" The person also mentions that Trump's actions have made the work of his defense team harder, and that the case is a matter of legal debate. The video concludes with the person",Politics
7273897683918621994,"The video showcases a football game between two teams, one in white and the other in maroon. The white team, led by a player named McCarthy, is wearing a white jersey with the number 9 and a yellow helmet. The maroon team, led by a player named Tigers, is wearing maroon jerseys with the number 0 and a yellow helmet. The game is played on a field with a large crowd of spectators in the background. The players are seen running, tackling, and passing the ball. The video also includes a close-up of a player in a white jersey with the number 9, who is seen running with the ball and being tackled",Sports
7374631394108181806,"The video shows a woman standing in front of a bed in a bedroom. She is wearing denim shorts and white sneakers. The bed has a tufted headboard and is made up with a white comforter and pillows. The woman appears to be talking to the camera, possibly narrating a story or giving instructions. The background is a plain wall, and there are no other people or objects visible in the video.",Entertainment & Shows
7285324334934035745,"The video shows a man in a gym, wearing a black shirt, bending over a machine. He is surrounded by people, some of whom are watching him. The man is then seen lying on the machine, with his head on the floor. The video ends with the man standing up and walking away.",1. News
7374137745364602155,"The video features a woman in a pink jacket and a man in a black shirt inside a car. The woman is speaking, and the man is listening attentively. The text overlay on the video reads, ""Mom: Date someone who wants you... Not my type."" The woman then gestures with her hand, possibly emphasizing her point. The man continues to listen, and the video ends with the man looking out the window, possibly contemplating the advice given.",1. News
7345205332383108394,"The video shows a group of people gathered around a table, with one person in a yellow shirt writing on a piece of paper. The background shows a stone wall and some posters. The text on the screen reads ""HUMANITARIAN."" The scene then transitions to a group of people standing in front of a building, with the text ""THE COUNTRY"" on the screen. The video then shows a group of people gathered around a table, with one person in a yellow shirt writing on a piece of paper. The background shows a stone wall and some posters. The text on the screen reads ""HUMANITARIAN."" The scene then transitions to a group of people",1. News
7335427690708651272,"The video features a person standing on a city street, wearing a light-colored vest over a white shirt and blue jeans. They are holding a microphone and speaking to the camera. The background shows a busy street with people walking by. The person is seen gesturing with their hands while talking, and the text on the screen changes as they speak, indicating that they are discussing various aspects of Korean culture and society. The video concludes with the person standing alone, looking at the camera with a serious expression.",1. News
7366011789085035809,"A man in a suit and tie is standing at a podium, speaking into a microphone. He is holding a cane in his hand. There is another man standing next to him, also in a suit and tie. The background is blue and white, and there are signs on the wall that say ""CDU"" and ""tung fürer. In Verantwortung."" The man at the podium is talking about the importance of the CDU party and how it is the strongest party in Europe. He is also talking about the safety and prosperity of Germany.",Politics
7383627859803393313,"The video shows a man sitting at a desk in an office, wearing a white shirt and a watch. He is talking to the camera and using hand gestures to emphasize his points. The background is a typical office setting with a computer monitor and other office supplies visible. The man is discussing various topics, including the importance of a certain topic, the need for a certain topic, and the content of a certain topic. He also mentions that he is not the only one who knows about the topic and that he is not the only one who is talking about it.",Sports
7362157037511396613,"A woman is unpacking a large box of beauty products from a shipping box. She is sitting on the floor in a living room, surrounded by several other boxes and products. She is holding a bottle of lotion and a box of skincare products. She is also holding a bottle of perfume and a box of hair care products. She is talking about the products and how she has been using them for a while. She is also talking about the cost of the products and how she has been saving money. She is talking about the benefits of the products and how they have helped her. She is also talking about the cost of the products and how she has been saving money. She is talking about the",Beauty Care
7346042702347406638,"The video is a series of scenes showing a person interacting with different women in various settings. The person is seen sitting on a rooftop in a city with red-tiled roofs, then in a room with a TV, and later in a snowy forest with a group of dogs. The person is also seen in a barber's chair, in a park with ducks, and in a market. The person is wearing different outfits in each scene, and the text overlays the video with messages such as ""I met the most amazing girl last year,"" ""Is it me? That's Anya, that's just my best friend,"" and ""I'm pretty sure everyone knows that last year I met",Travel & Events
7362203819721166123,"The video shows a group of children holding signs and protesting in front of a building. The signs read ""Thank you. Thank you. Thank you. Pro-Palestinian protests spread to even more college campuses. The protesters now getting a message of support from the people they're fighting for, the children in Gaza. We love the students of Harvard University. We hear the students of Harvard University. We respect the students of your university. Thank you, the students of Columbia University. We respect you. We hear you. We love you."" The children are wearing different colored shirts and are holding up their signs. The video also shows a woman in a green uniform holding a child in a black jacket",Education
7389277272009690401,"The video begins with a boat navigating through icy waters, with the text ""FIRST MIGRANTS SINCE ELECTION"" displayed. The scene transitions to a dock where a large white and orange boat is being unloaded, with the text ""Dover"" indicating the location. The boat is then shown in a dry dock, with workers around it, and the text ""New home secretary Coopers is currently the Border Security command is currently the Border Security command"" appears. The video then shows a large number of trucks and containers at a port, with the text ""Number 10 has warned of a challenging journey in the number of journeys made"" displayed. The final scene shows",News
7315533802409839914,"The video features a person with long blonde hair, wearing a dark jacket, standing in a room with a plant in the background. The person is seen gesturing with their hands while speaking, and the text on the screen changes throughout the video to convey different messages. The text includes phrases such as ""Bill Maher a well-known Islamophobe,"" ""and he completely glosses over the fact that that territory is under Israeli occupation and has been for decades now,"" and ""he kind of alludes that it is because it's under Muslim rule that Christians aren't there."" The person also mentions that Christians have fled over the years due to the lack of job opportunities and suffocating conditions of",Politics
7355525427160452385,"The video features a woman performing on stage, wearing a black outfit and a cowboy hat. She is surrounded by a crowd of people, some of whom are taking pictures or videos. The text overlay on the video reads ""When Beyoncé points at you in the crowd."" The woman is seen singing and dancing, and the crowd is shown reacting to her performance. The video captures the energy and excitement of the live performance.","3. Music, Singing, & D"
7368383778034601249,"The video shows a computer screen with a 3D model of a room. The room has a desk, a chair, and a bin. The desk has a computer on it. The bin is labeled ""Recycle Bin"". The computer screen is showing a 3D model of a room. The room has a desk, a chair, and a bin. The desk has a computer on it. The bin is labeled ""Recycle Bin"". The computer screen is showing a 3D model of a room. The room has a desk, a chair, and a bin. The desk has a computer on it. The bin is labeled ""Recycle Bin"". The computer screen is showing a",1. News
7386720277557742880,"The video showcases a young woman in a blue gymnastics outfit performing a series of gymnastic moves on a green and blue gymnastics mat. She begins by standing on the mat, then proceeds to perform a series of flips and jumps, showcasing her athleticism and skill. The video captures her movements in detail, highlighting her strength and precision. The background features a large audience seated in bleachers, watching the performance intently. The video concludes with the woman standing on the mat, having completed her routine.",Sports
7297944147648924961,"The video showcases the process of making Slow Cooker French Onion Soup. It begins with a close-up of a white ceramic pot filled with sliced onions, followed by the addition of salt, pepper, garlic, and bay leaves. The ingredients are then stirred and cooked on high heat. The soup is then transferred to a slow cooker, where it simmers for 8-10 hours on high. Finally, the soup is served with a slice of bread and cheese, topped with a crispy crust. The video emphasizes the ease and convenience of making this delicious soup, even while working.",Food
7400109280008867114,"The video features a person wearing a white t-shirt with blue and red text that reads ""HARRIS FOR PRESIDENT"" and a gold necklace. The person is sitting on a bed with a white blanket and a black headboard in the background. The person is speaking and gesturing with their hands, emphasizing the importance of checking voter registration status. The video includes text overlays that read ""DEMOCRATS MUST CHECK/VOTER REGISTRATION STATUS"" and ""HARRIS FOR PRESIDENT"" to reinforce the message. The person appears to be discussing the importance of voter registration for Democrats in red or purple states.",Politics
7331415226442730757,"The video showcases a group of individuals performing a choreographed dance routine on a stage. The stage is illuminated with vibrant lighting, and the performers are dressed in a variety of colorful outfits, including red, green, and black. The dancers move in sync, executing a series of coordinated steps and gestures. The background features a large screen displaying a colorful graphic, adding to the dynamic atmosphere of the performance. The video captures the energy and enthusiasm of the dancers as they perform their routine, with the audience visible in the background, adding to the overall ambiance of the event.","Music, Singing, & Dancing"
7307346522234998049,"The video features a woman sitting on a couch, wearing a dark-colored top. She is speaking to the camera, and the text overlay on the screen reads, ""me when someone asks me why I love to watch The Kardashians."" The woman appears to be in a casual setting, possibly a living room, and is engaged in a conversation about her love for the show. The video does not contain any additional visual elements or actions beyond the woman speaking and the text overlay.",8. Entertainment & Shows
7362216509206236449,"The video begins with a person holding a package of ""WC FRISCH Spa Moments"" in a store. The person then moves to a shelf stocked with various items, including a pack of ""Jedes Mal"" and a bottle of ""Mein Mann holmmer 7182992922 cerdik."" The person then picks up a bottle of ""Head & shoulders Apple Fresh"" and a bottle of ""Seinz anti-transpirant extra stark."" The person then moves to a shelf stocked with various items, including a bottle of ""Head & shoulders Apple Fresh"" and a bottle of ""Seinz anti-transpirant",1. News
7396760829498002720,"A young woman with long blonde hair is standing in front of a bookshelf filled with books. She is wearing a white tank top and is speaking to the camera. The text on the screen is in German and reads: ""warum ich meine Bücher, die ich schon gelesen habe, nicht einfach verleihe oder verkaufe, weil ich habe sie ja schon gelesen, dann brauche ich sie ja nicht mehr. Dann wurde ich gefragt, warum ich nicht einfach in die Bücherei gehe und dort meine",Entertainment & Shows
7343145915886193926,"A man and a woman are standing on a cobblestone street at night. The man is wearing a red jacket and blue jeans, while the woman is wearing a black leather jacket and brown pants. They are talking to each other, and the man is holding a microphone. The woman is also holding a microphone and a small bag. The background shows a building with a sign that reads ""МУЗЕЙ"" (Museum). The man and the woman are engaged in a conversation, and the woman is gesturing with her hands. The man is also gesturing with his hands while talking. The woman is wearing a black leather jacket and brown pants, and the",Entertainment & Shows
7368596585594359083,"The video is a news report about the German far-right party Alternative for Germany (AfD). It discusses the party's history, its radicalization, and its current status as a potential extremist threat. The video also mentions a recent court decision that upheld a ruling from the lower court, allowing intelligence officers to wiretap party members and recruit informants to monitor the party for extremism. The AfD is currently the second most popular party in Germany and is expected to secure big wins in several eastern states in the upcoming elections. The video encourages viewers to follow for more updates on the AfD's political activities and the ongoing surveillance efforts.",Politics
7395305751469772075,The video shows a woman with long hair sitting in the driver's seat of a car. She is wearing a purple top and a necklace. The video is captioned with a comment from someone who is not visible in the video. The woman is talking to the camera and appears to be making a humorous or sarcastic comment about voting.,Politics
7278695690522348843,"The video is a humorous take on the frustration of people who are mad at Mr. Beast for flying economy class. The video starts with a person in a green hoodie sitting in an airplane, looking at the camera with a surprised expression. The text overlay reads ""People are mad at Mr. Beast for flying economy class?"" followed by a series of emojis. The person then looks at the camera again, with the text ""Did you know that Mr. Beast has a net worth of $100 million?"" appearing on the screen. The video then shows a screenshot of Mr. Beast's net worth, followed by a screenshot of a comment from a user named """,Entertainment & Shows
7344030729531067680,"The video features a man in a suit and tie, holding an orange microphone, interviewing another man in a dark suit. They are standing in front of a building with a red sign. The man in the suit is asking questions, and the man in the dark suit is responding. The text on the screen reads ""Fabian Köstr nimmt Politiker HopPart30"" and ""Fabian Köstr nimmt Politiker HopPart30"" repeatedly. The man in the dark suit is also seen holding a microphone with the text ""Fabian Köstr nimmt Politiker HopPart30"" and ""Fabian K",Politics
7395616033127648554,The video shows a woman in a black outfit standing in a room. She is holding a black bag and appears to be taking a selfie in front of a mirror. The room has a bed and a dresser in the background. The woman is wearing a black shirt and black pants.,13. Drama
7347525697591725355,"A young man wearing a green shirt stands in front of a bush with red flowers. He is talking to the camera and appears to be explaining something. The text on the screen reads, ""How Zionism is sold to non-Israeli Jews.""",Politics
7376404436505136416,"The video is a humorous take on a traffic warden's interactions with drivers. The warden, dressed in a uniform with a yellow hat and a badge that reads ""Traffic Warden,"" is seen giving tickets to drivers who have parked their vehicles in a designated area. The warden's interactions with the drivers are depicted as humorous, with the warden using exaggerated language and gestures to emphasize the seriousness of the situation. The warden's uniform and badge suggest that they are a professional in their role, and the video ends with the warden explaining the reason for the ticket to the driver.",Travel & Events
7341059462687509803,"The video is a compilation of various images and text overlays that suggest a narrative about the confinement of Kate Middleton in a tower. The text overlays confirm that Kate Middleton is sedated and locked in a tower, with Camilla Parker being held responsible. The video includes images of Kate Middleton in different outfits, including a red dress, a black suit, and a blue dress, as well as images of Camilla Parker in various outfits. The video also includes images of people in formal attire, including a man in a suit and a woman in a blue dress, as well as images of people in casual attire, including a man in a striped shirt and a woman in a hat.",1. News
7357877605581802795,"The video is a series of scenes from a video game, likely Roblox, where a character is exploring a virtual environment. The character is seen in various locations, including a dark hallway, a city street, and a park. The character is equipped with a flashlight and is equipped with a gun. The character encounters other characters, some of whom are friendly and others who are hostile. The character is also seen in a virtual store, where they are being chased by another character. The video ends with the character running away from the hostile character.",Gaming
7348220196772990254,"The video is a series of clips showing a person in different settings, including a hotel room, a park, and a subway station, with text overlays providing commentary on the censorship and restrictions in China. The person is using a laptop and a smartphone to access the internet, but is unable to do so due to the Great Firewall of China. The video also includes text overlays that provide information about the censorship and restrictions in China, as well as the person's personal experiences and thoughts on the matter. The video concludes with the person sharing their thoughts on the situation and the potential implications of the censorship.",1. News
7323547689201765664,"The video features a person in a garage, wearing a black shirt with a white design and a black cap. The person is speaking and gesturing with their hands, likely discussing the cars they own or are interested in. The background includes various items such as a green car, a white car, and a black door. The text overlay at the top of the video reads ""5 Cars from Country Italian Edition"" with an Italian flag icon. The person appears to be explaining or discussing the cars, with the text changing to ""Five cars from one country, Italy edition."" The person then shows a red sports car on a road, followed by a white sports car on a road, and a red sports",Comedy
7388973620116180257,"A man in a suit is giving a speech at a podium. The text on the screen reads ""Jordan Bordeau: Je serai là, pour vous, avec vous, jusqu'à la victoire."" The man is speaking to a crowd of people who are holding French flags and taking photos.",Politics
7392691382218935583,"The video starts with a group of people in white shirts with black designs, standing in a room with a red background. They are holding a black bag with a white logo. The scene then transitions to an airport where two people are standing in front of a building with a sign that reads ""Welcome to Terminal 4"". The next scene shows two people sitting in front of a building with a sign that reads ""Welcome to Terminal 4"". The final scene shows a group of people sitting in a room with a large window, with a cityscape visible outside. The video then shows a group of people playing ping pong in a room with a green wall. The final scene shows a group of people",Sports
7323689375043243269,"The video features a white cat standing on a blue couch in a well-lit room with wooden floors and a chandelier. The cat is holding a small object in its paws and appears to be looking at the camera. The text on the screen reads ""Вам покачиваю карьерикикой у людей, что у купирующих сосредни, аккули выбравте любую домашнюю другу"" (I am",Friends
7383363724628725024,"The video shows a group of people walking down a runway in a large, industrial-style room. The people are dressed in various outfits, including some wearing black leather jackets and others in black and white clothing. The audience is seated on either side of the runway, watching the models as they walk.",1. Entertainment & Shows
7339981163756490030,"The video shows a person's hands with long, bright pink nails, which are being painted with a bright pink polish. The person is using a nail dryer to dry the nails after painting them. The video also shows the person's hands with long, bright pink nails, which are being painted with a bright pink polish. The person is using a nail dryer to dry the nails after painting them. The video also shows the person's hands with long, bright pink nails, which are being painted with a bright pink polish. The person is using a nail dryer to dry the nails after painting them. The video also shows the person's hands with long, bright pink nails, which are being painted with a",Beauty Care
7318033407785569569,"The video features a man standing next to a red Mercedes-Benz car in a parking lot. He is wearing a light blue shirt and dark pants. The background includes a parking structure and a few other cars. The man appears to be explaining something about the car, as indicated by his hand gestures and the text overlays on the screen. The text overlays change throughout the video, providing different information about the car and the man's story. The video concludes with a close-up of the car's side, showing the ""V8 TURBO"" badge, and the text ""known"" appears on the screen.",1. News
7361467847190760750,"The video features a person sitting in front of a wall covered with various posters and decorations. The person is wearing a gray hoodie and is speaking to the camera. The text overlay on the video reads: ""I'm not afraid to admit I'm not afraid to admit I'm not afraid to admit I'm not afraid to admit I'm not afraid to admit I'm not afraid to admit I'm not afraid to admit I'm not afraid to admit I'm not afraid to admit I'm not afraid to admit I'm not afraid to admit I'm not afraid to admit I'm not afraid to admit I'm not afraid to admit I'm not afraid to admit I'm not afraid to admit I'm",Entertainment & Shows
7323131799310306590,"The video is a series of interviews with Jeff Bezos, the founder and CEO of Amazon.com, conducted in various settings, including a store, a hallway, and a kitchen. Bezos is seen speaking to the camera, sharing his thoughts and experiences. The video includes text overlays that provide context and additional information about Bezos' background and achievements. The video also features a series of photos of Bezos, including one of him in a blue shirt and tie, and another of him in a suit. The video concludes with a shot of a large building, likely the headquarters of Amazon.com.",Entertainment & Shows
7353311795374738721,"The video features a person sitting on the floor in a room with a gray wall and a wooden shelf in the background. The individual is wearing a gray hoodie and black pants, and they are holding a white object in their hands. The person appears to be in a state of contemplation or deep thought, as indicated by the text overlay on the screen. The text reads: ""Pov: t'es en mairte, tu n'as toujours suivis son carous, tu n'as toujours suivis son carous, tu n'as toujours suivis son carous, tu n'as toujours suivis son",1. News
7329621030023089440,"The video shows a group of people standing in a room, with one person wearing a white hoodie and another wearing a black top. They are posing for a photo together.",1. Entertainment & Shows
7261278269884992795,"The video shows a man and a woman dancing on stage. The man is shirtless and the woman is wearing a white top and shorts. They are surrounded by a crowd of people, some of whom are taking pictures and videos. The stage is lit with red and blue lights, and there are other people on stage, including a man in a suit and a woman in a pink dress. The video ends with a shot of a man and a woman standing in front of a red umbrella.","Music, Singing, & Dancing"
7397527101143878954,"The video shows a series of interactions between a man in a suit and a man in a blue tie, both seated at a table with microphones in front of them. The man in the suit is speaking, while the man in the blue tie is listening and occasionally responding. The background shows a sign with the date ""July 30, 2024"" and the number ""5.7M Views"". The man in the suit is asking questions about the number of Secret Service agents assigned to Donald Trump and Joe Biden, and the man in the blue tie is providing answers. The video also includes text overlays that provide context to the conversation, such as ""Sen. Cruz in heated",Politics
7353267784886897952,"The video shows two men sitting at a counter in a room. One man is wearing a yellow jacket, and the other is wearing a white hoodie with black text on it. They are engaged in a conversation, with the man in the yellow jacket gesturing with his hands while speaking. The man in the hoodie listens attentively and occasionally responds. The background features a beige wall and a window with black bars.",Entertainment & Shows
7351137146004114693,"The video captures a thrilling moment in a soccer match between Ukraine and Israel. The match is intense, with both teams displaying remarkable skill and determination. The video begins with a close-up of a player in a blue jersey, number 21, who is diving to make a save. The scene then shifts to a player in a yellow jersey, number 8, who is celebrating a goal. The video then shows a player in a blue jersey, number 20, who is being tackled by a player in a yellow jersey, number 7. The video continues with a player in a blue jersey, number 21, who is being tackled by a player",5. Sports
7312903813122280746,"The video shows a group of farmers protesting against the draconian regulations against ethm. They are using sprayers to spray the government buildings. The protest is taking place in front of a building with a sign that says ""Farmers in France are rising up against the draconian regulations against ethm. Now they are literally spraying the government buildings."" The protesters are holding signs and chanting slogans. The video also shows a group of people standing in front of a building with a sign that says ""Farmers in France are rising up against the draconian regulations against ethm. Now they are literally spraying the government buildings."" The protesters are holding signs and chanting slogans. The video also shows a",Politics
7357063093962214689,"The video features a person wearing a black jacket with white zippers and a pearl necklace. They are standing in front of a window with blinds and a wall with pictures. The person is speaking German, and the text on the screen reads ""wie ich in die Deutsche abprüfung rei gehe am."" The person is gesturing with their hands and appears to be explaining something.",1. News
7374800691677629729,"The video features a person standing in front of a large orange truck with the text ""How do you step 4 hours and ovvk15 hours"" displayed at the top. The person is wearing a black shirt and has a microphone clipped to their shirt. The background is a road with trees and a clear sky. The person appears to be speaking or singing, and the video includes multiple instances of the person making hand gestures and moving their arms. The text ""It's in my blood"" is displayed at the bottom of the screen, suggesting a theme of passion or dedication. The video also includes a series of images of the person in different poses, with the text ""MULG",Comedy
7350964297381498154,"The video shows a person rummaging through a pile of trash bins in front of a large, well-manicured hedge. The trash bins are black and blue, and they are filled with various items, including food packaging, clothing, and other household items. The person is seen picking up items from the bins and examining them closely. The video also shows a close-up of a blue recycling bin filled with various items, including a box with a purple lid and a cardboard box with a white label. The video ends with a close-up of a person's hand holding a black object, possibly a tool or a piece of equipment, and examining it closely.",Entertainment & Shows
7405044080729787678,"The video is a series of clips showing a woman in a blue suit standing at a podium, speaking into a microphone. The background is a blue and red striped pattern with stars. The text on the screen reads ""DNC speaker briggugot at copy of Proj:2025"" and ""MCMORROW"" at the bottom. The woman is speaking about the Republican blueprint for a second Trump term, which is a 900-page document. The video also includes text at the bottom of the screen that reads ""Why?"" and ""TRUMP"".",Politics
7337416931965685034,"The video features a man standing in front of a tree, wearing a plaid shirt. He is talking about the carbon footprint of a tiny rural electric cooperative in eastern Oregon. The video then shows an aerial view of a large data center in the area, with the text ""The Internet company needs huge amounts of electricity to run their computers and cool the hard-working machines."" The man continues to talk about the data center and its impact on the environment. The video ends with a call to action, encouraging viewers to read more at the Oregonian's website.",1. News
7283933352267337002,"The video features a woman in a white t-shirt with the word ""PINK"" on it, wearing a black hair wrap. She is sitting on a couch and talking to the camera. The text ""Mother Gothei but make her Desi"" appears on the screen, suggesting that the woman is a mother who is proud of her daughter's cultural identity. The video then transitions to a woman in a traditional Indian outfit, wearing a red and gold sari with intricate embroidery and jewelry. She is standing in front of a purple background, and the text ""Rapunzel, look at that now. You know what I see? I see a strong, confident, beautiful young lady.",1. News
7353365116554956074,"The video features a person wearing a colorful jacket with a yellow and purple pattern, standing in front of a disco ball. The background is a vibrant, colorful setting with a grid pattern. The text at the top of the screen reads ""YOU ARE MY SUNSHINE BATTLE ROUND OF 16 #4"" with a lightning bolt symbol between the words ""sunshine"" and ""battle."" The person appears to be smiling and looking at the camera.

The scene then transitions to a different person wearing a green military uniform with a white shirt underneath. The background is a plain, light-colored wall. The text at the top of the screen remains the same",1. News
7398943500328242463,A person is making a set of dice with glitter and pink resin. They are using a green mold and a purple mold. They are mixing the resin and glitter together and pouring it into the molds. The molds are then placed on a table with other molds and containers of resin and glitter. The person is wearing blue gloves and is carefully shaping the resin and glitter in the molds. The video ends with the person looking at the molds and smiling.,Entertainment & Shows
7386453398792441131,"A young woman with long braided hair is sitting on a bed in a bedroom. She is wearing a white t-shirt with the words ""I FEEL GREAT"" printed on it. She is holding a makeup brush and a makeup palette. She is applying makeup to her face and talking to the camera. She is also holding a card with the words ""Longing Cool Toned Heaven"" written on it.",Beauty Care
7348462120817790240,The video shows a man shopping in a grocery store. He is looking at a shelf of snacks and picking up a box of Cathedral City cheese snacks. He then picks up a box of Dunkin' Donuts cereal and a box of Price Drop cereal. He continues to shop and picks up more boxes of Cathedral City cheese snacks. The video ends with him holding a box of Cathedral City cheese snacks in his hand.,Entertainment & Shows
7360235976494550304,"The video features a series of individuals attempting to jump over a wall in a trampoline park. The first person, wearing a white t-shirt and blue shorts, is seen jumping over the wall. The text ""あなたはないらっち"" (You are not a trampoline) appears on the screen, suggesting a humorous or ironic commentary on the person's attempt. The second person, dressed in black, attempts to jump over the wall but falls short. The third person, also in black, attempts to jump over the wall but falls short. The final person, wearing a white t-shirt and blue shorts, attempts to",プレイヤー
7347591598408043808,"The video showcases various scenes from Sterling, USA, including a map of the United States with ""Random City USA"" written on it, a building with the word ""Sterling"" painted on it, a statue of two people, a historic building, a scenic road, a park, a store, a street with shops, a mountain range, a city street, a tall tower, a lake, and a sunset over the water.",Travel & Events
7310063052341185823,"The video is a compilation of various scenes and statements related to the development and potential use of an invisibility cloak by China. It starts with a person standing in front of a large, transparent sheet, with the text ""not"" appearing on the screen. The scene transitions to a news article about China developing an invisibility cloak, with the text ""China and the development of science that we do not have protection from"" appearing on the screen. The article is titled ""BILBAOHAIR NEWS"" and is dated November 28, 2021.

The video then shows a man in a suit sitting in front of a window, with the text",Science & Technology
7380812058167708960,"The video is a humorous take on the transfer of a football player, Jamal, from England to Germany. It starts with a person in a blue shirt pointing at the screen, which then transitions to a collage of images showing Jamal in different sports uniforms, including a red and white uniform with the number 10, a black and red uniform, and a red and black uniform with the number 10. The text overlay reads ""Germany over England"" and ""Meet Jamal. See Jamal had a problem. Was he English or was he German? See Jamal was born in Germany but he moved to Southampton at age seven after his mum got into the University of Southampton to",Sports
7377701670077205803,"The video shows a person with long hair, wearing a black top and a necklace, in a room with a lamp and a mirror. The person is talking about not wanting to dye their hair pink, but the parasites in them want them to dye their hair pink. The person then changes their hair color to red.",1. News
7309888375023045931,"The video features a man wearing a blue jacket with a red and white logo on the front, standing in a workshop with various tools and equipment in the background. The man is speaking, and the text on the screen provides commentary on the situation involving the January 6th insurrection. The text mentions that the Department of Justice already has the unedited videos of the event, and that the man in the video is using taxpayer dollars to hire additional staff to blur the faces of participants in the January 6th insurrection. The man is also using the money to protect insurrectionists. The video concludes with the man expressing his outrage at the situation, stating that the people involved in the January 6th insurrection",Politics
7312875354220285215,"The video features a man in a dark suit and red tie standing in front of a cityscape backdrop. He is seen gesturing with his hands and speaking, with a live broadcast of a political event in the background. The event takes place in Coralville, Iowa, and the man is addressing the audience. The video then transitions to a news broadcast showing a man in a suit and red tie speaking at a podium with an American flag in the background. The broadcast includes various stock market and economic indicators, such as the Dow Jones Industrial Average and unemployment rates. The video concludes with a humorous message about the economic impact of a Biden presidency, with the man in the suit and red tie appearing to",Politics
7283816318883679531,"The video is a series of frames from a video titled ""Things you didn't know about teaching in 2023."" The video features a person with long blonde hair wearing a black shirt with the word ""WAVE"" on it. The person is seen speaking and gesturing with their hands. The background is white with a list of items written in black text. The list includes items such as ""Meetings announced day of,"" ""Students growing up around technology but they literally don't know how to google,"" ""Overstimulated classrooms and lab classrooms are the normal gone are the days where students just do work quietly that doesn't exist anymore,"" and ""Out of 25 students",Education
7317764806767922475,"The video shows a woman and a child in a snowy forest. The woman is wearing a leopard print top and the child is in a blue and white outfit. They are playing with a large metal barrel filled with water. The woman is trying to get the child to jump into the barrel, but the child is hesitant. The woman then uses a black object to stir the water, creating a slushy effect. The child eventually jumps into the barrel, and the woman laughs and claps. The video ends with the woman and child standing in the snow, with the barrel filled with water and ice floating on top.",Entertainment & Shows
7395290316569382174,"The video features a woman wearing a leopard print top and glasses, standing in front of a blurred background. She is speaking, and the text overlay on the screen provides a detailed explanation of a surprise technique. The woman appears to be explaining the steps involved in the surprise, which involves a combination of surprise, surprise, surprise, surprise, surprise, surprise, surprise, surprise, surprise, surprise, surprise, surprise, surprise, surprise, surprise, surprise, surprise, surprise, surprise, surprise, surprise, surprise, surprise, surprise, surprise, surprise, surprise, surprise, surprise, surprise, surprise, surprise, surprise, surprise, surprise, surprise, surprise, surprise, surprise, surprise, surprise",1. News
7358143601869671685,"The video showcases a breathtaking sunset over the ocean, with the sun casting a warm glow on the water and the sky. The waves gently crash against the shore, creating a serene and peaceful atmosphere. The colors in the sky range from deep oranges and yellows to soft pinks and purples, creating a stunning visual effect. The video captures the beauty of nature and the tranquility of the moment, with no text or subtitles present.",Travel & Events
7366140924629470496,"The video features a woman in a white dress with gold accents walking down a red carpet at an event. The background shows other attendees and photographers. The woman is wearing a long, flowing dress with intricate designs and has long, wavy hair. The video also shows a close-up of the woman's dress, highlighting the detailed embroidery and the flowing fabric. The video includes text overlays asking viewers to identify the woman and providing information about her background and charitable work.",Entertainment & Shows
7380810864477130016,"The video is a series of images showing a person in a yellow hoodie standing in front of a large, red, glowing object. The person appears to be in a state of shock or awe, as indicated by the text ""Can't stop th power *Stops the power*"" displayed on the screen. The background is dark, and the object is surrounded by flames, suggesting a dramatic or intense scene. The person's hair is visible, and they are wearing a yellow hoodie. The video does not provide any additional context or information about the scene or the person's actions.",1. News
7346779567639498026,"A person with long, wavy hair is wearing a black top and has pink hair clips in their hair. They are holding a makeup brush and a lipstick. The person is applying makeup to their lips.",Beauty Care
7299554274827046187,"The video features a series of individuals discussing the history and identity of Palestine. The first person, wearing a white shirt and headphones, speaks about the history of Palestine, mentioning the Ottoman Empire and the British Mandate. The second person, wearing a dark blue shirt, discusses the Palestinian identity and the struggle for independence. The third person, wearing a blue hoodie, speaks about the Palestinian identity and the right to self-determination. The fourth person, wearing a blue shirt, discusses the Palestinian identity and the right to self-determination. The fifth person, wearing a blue shirt, discusses the Palestinian identity and the right to self-determination. The sixth person, wearing a blue shirt, discusses the Palestinian",1. News
7348934489122327841,"The video is a compilation of various scenes from a large public demonstration, likely a protest or rally, with a focus on political and social issues. The footage shows a diverse group of people, including individuals holding signs and banners, engaging in discussions and interactions. The text overlays provide commentary and context to the events, suggesting that the demonstration is related to political issues, such as the Ukraine crisis and the involvement of certain political figures. The video also includes a segment with a man in a dark coat, possibly a news anchor or reporter, who is providing commentary on the events. The overall tone of the video is serious and concerned, with a focus on the political and social implications of the events being discussed",Politics
7282317561864260897,"The video showcases a series of scenes featuring a steam locomotive, with the text ""Steampunk conversion"" appearing at the bottom of the frames. The locomotive is seen moving along a track, surrounded by lush greenery and a clear sky. The video also includes various scenes of people, including a person in a blue jacket and another in a black jacket, as well as a person with red hair, all dressed in steampunk attire. The video concludes with a view of the steam locomotive in motion, with the text ""Steampunk conversion"" still visible at the bottom of the frames.",1. Entertainment & Shows
7343605850105318658,"The video showcases a piano being played by a person with their hands on the keys. The piano is illuminated by a blue light, creating a serene and focused atmosphere. The person's hands move gracefully across the keys, producing a harmonious melody. The video captures the intricate movements of the fingers as they press down on the keys, producing a range of sounds. The person's hands are seen moving in a coordinated manner, indicating a skilled and practiced performance. The video does not contain any additional text or graphics, and the focus remains solely on the piano and the person's hands.","Music, Singing, & Dancing"
7349023065575083306,"The video shows a woman standing in a large auditorium, holding a microphone and speaking passionately. The audience is seated in rows, and the stage is lit with red lighting. The woman is wearing a red shirt and has her hair in a bun. The text on the screen reads ""In Germany: Jewish Woman yelling out Palestinians,"" ""Mr. Scholz, you can't talk about democracy, while your money and your weapons are killing Palestinians in Gaza,"" and ""The blood of Palestinians is on your hands!"" The woman continues to speak, and the text on the screen changes to ""In Germany: Jewish Woman yelling out Palestinians,"" ""I'm an Israeli and I'm telling you, Arabs!"" and",Politics
7223384947938053418,"The video shows a person wearing glasses and a dark shirt with green text. The person is standing in a kitchen with a tiled floor. In the background, there is a person with a white armadillo. The armadillo is rolling around on the floor. The text on the screen reads, ""Armadillos have been given a reputation, specifically the nine banded armadillo that is from the American South. And the reason for this is because they are known for being able to carry leprosy. Leprosy is a very ancient disease that is actually in modern times, not only very curable, but it's actually kind of a weak disease. It basically, if it's",Science & Technology
7386641138611981601,"The video features a person wearing a brown jacket and a blue and white checkered shirt. The person is being painted with makeup by another individual, who is applying makeup to the person's face. The makeup application process is shown in detail, with the person's face being covered in makeup and the makeup artist carefully applying it. The video then transitions to a close-up of the person wearing a black military-style uniform, complete with a hat and gloves. The uniform is detailed with gold accents and a belt. The video concludes with a close-up of the person wearing the black military-style uniform, with the text ""sa kurosaki"" visible on the screen.",1. Entertainment & Shows
7314163714402340102,"The video begins with a close-up of a warp gate, which is a circular structure with a glowing blue light emanating from it. The gate is surrounded by a dark background with small white dots, representing stars. The gate is shown in different angles, with the light swirling and changing colors, indicating its active state. The text overlay reads, ""This is How A Warp Gate slows down a ship as it exits a hyper lane."" The video then transitions to a scene from a movie or TV show, where a spaceship is seen entering the warp gate. The spaceship is shown in a close-up, with the warp gate in the background. The text overlay reads, ""scene from r/",This is how a warp gate slows a ship down
7385499788764040481,"The video shows a person holding a Kinder candy bar in their hand. The candy bar is white and red, and the person is holding it over a metal container. The person then places the candy bar into the container and stirs it with a spoon. The video then shows the person holding the container and stirring the candy bar inside. The person then takes the container and places it on a white surface. The video ends with the person holding the container and stirring the candy bar inside.",Entertainment & Shows
7276776260431367467,"The video shows a man in a suit and tie holding a microphone, speaking into it. The background is dimly lit, and the man appears to be in a formal setting, possibly a conference or meeting. The text on the screen changes as the man speaks, providing different statements about his actions and their consequences. The man's expressions and body language change as he speaks, indicating that he is conveying different emotions and attitudes. The video does not show any other people or objects, and the focus is solely on the man and his speech.",Film & Animation
7372265021042101550,"The video features a person with long hair, wearing a black shirt, in a room with a window and blinds. The person is seen making various hand gestures and movements, possibly mimicking a conversation or reacting to something off-camera. The text overlay at the top of the video reads ""Reply to tynesy, ca's comment"" and ""Glasgow,"" indicating that the person is responding to a comment from someone named Tynesy from Glasgow. The video also includes a text overlay at the bottom that reads ""What did I think about Glasgow, Scotland? Well, let me tell you, Glasgow probably got the most tens out of any place I went in the UK in terms of food",Entertainment & Shows
7373730224879521056,"The video features a tiger, depicted in a striking color scheme of orange, black, and white, with a blue object in its mouth. The tiger is positioned on a dark background, and the image is presented in a triangular shape, with the tiger's body occupying the majority of the frame. The tiger's eyes are wide open, and its mouth is open, as if it is roaring or growling. The video does not contain any additional text or subtitles.",7. Sports
7326266761773436166,"The video features a person wearing a black sweatshirt with white text on it, sitting in a room with a guitar hanging on the wall behind them. The person is speaking, and the text on the screen reads ""Saitorda Nösaptanın konuşanlarını kullanarak döşümeyecekler de söylemeyecekler."" This translates to ""They will not use the knowledge of those who have not spoken about it."" The person appears to be engaged in a conversation or monologue, as they gesture with their hands and occasionally look to the side. The background includes a poster with a picture",1. News
7371461402030034218,"The video features a man in a suit and tie standing in an office setting, holding a phone. The text overlay on the video reads, ""And if Jewish people are gonna vote for Joe Biden, they have to have their head examined."" The man appears to be speaking, and the text changes to, ""The last person I'm gonna take advice from as a Jewish person is a known anti-Semite who's had dinner with anti-Semites, who said there was good people on both sides after Charlottesville. He's the last person I'm gonna take advice from."" The man continues to speak, and the text changes to, ""I'm going to take advice from."" The",Politics
7367380929913900320,"The video shows a person wearing a black shirt and headphones, standing on a road with trees in the background. The person is wearing a necklace and has long hair. The video is a selfie, and the person is talking to the camera. The text on the video says ""PSA I wore shorts on my walk and the only thing that cared was my mom. No one alerted the town elders at that size 12 queen wore shorts summer heat x. Literally wear your own."" The person is likely talking about the heat and the shorts they wore during the summer.",1. News
7306264195475983622,"The video features a group of dancers performing on stage. The central figure is a woman with long, wavy hair, wearing a black top and a beige skirt with a chain belt. She is adorned with multiple gold necklaces and white gloves. The background is a vibrant, colorful display with various hues of red, green, and purple. The dancers move in sync, executing a choreographed routine. The woman in the center is the focal point, with her movements and expressions conveying a sense of energy and passion. The video captures the dancers' synchronization and the overall atmosphere of the performance.","3. Music, Singing, & D"
7360919706913525035,"The video is a series of frames showing a puzzle game with a timer counting down from 60 seconds. The game is set against a black background with a blue grid and red and green pieces. The text at the top of the screen reads ""USE THESE FILES even if it's your daftas save the effect and boost videos using them."" The timer starts at 60 seconds and counts down to 0 seconds. The game is challenging, and the player must move the pieces to form a path through the grid. The video encourages viewers to donate and make a video about the player, Moe, who is trying to save his family.",1. News
7380730540061691178,"The video begins with a black screen that transitions to a green and black logo with the text ""hulu"" and ""ORIGINAL"" in green. The scene then shifts to a silhouette of a person standing in front of a bright light, with the text ""A COURT OF THORNS & ROSE"" appearing in white letters. The video then shows a close-up of a person's eye, followed by a silhouette of a person standing in front of a bright light. The final scene features a close-up of a person's eye, with the text ""A COURT OF THORNS & ROSE"" appearing in white letters.",Entertainment & Shows
7355249683469454634,"The video features a person standing on a beach during sunset, with the ocean waves gently lapping at the shore. The individual is wearing a white hoodie and a baseball cap. The person is seen from the back, with their head slightly tilted to the side, and they are holding a white object in their hand. The background is a serene beach scene with the sun setting in the sky, casting a warm glow over the water. The person appears to be speaking, as indicated by the text overlay on the video. The text reads: ""the joy of the joy of the joy of jesus, the security of jesus, the peace of jesus, the love of jesus, the","the joy of jesus, the security of j"
7387743887940390177,"The video features a person wearing a white sweater with a zipper, standing in a room with a door and a light fixture in the background. The person is holding their hair up with one hand and appears to be speaking. The text overlay on the video reads, ""Someone in their twenties says they aren't voting."" The person then gestures with their hand, possibly emphasizing a point or making a statement. The video ends with the text, ""You're not really into politics? Okay, fair enough. But what are you into? Transformers? Pokemon, you fucking child?""",1. News
7297354768928853294,The video is a series of text-based messages from a person discussing the challenges of keeping HEB store stock in Texas and the good news about the variety pack and POG. The person is encouraging viewers to text them for updates on store stock and to join their VIP phone number list for exclusive information about new nectar flavors and other goodies. The video ends with a call to action for viewers to join the VIP list and to look forward to seeing the person and their crew again in the future.,Entertainment & Shows
7374908166175280427,"The video shows a person preparing a meal in a kitchen. They start by cutting up vegetables on a cutting board, then mix them in a bowl with a spoon. Next, they cook shrimp in a pan with oil, adding spices and seasoning. Finally, they assemble the shrimp tacos with the cooked shrimp, vegetables, and sauce, and serve them on a plate. The video also includes a can of OLIPO Watermelon Lime soda and a bowl of sour cream on the counter.",Food
7377866805823491371,"The video features a person with curly hair, wearing a dark blue shirt, standing in a room with a painting of a tree on the wall. The person is speaking, and the text overlay on the screen reads, ""You could kiss any woman in the world, feet, who would it be?"" The person then says, ""My beautiful girlfriend, Kaylee. She don't count. You'll do that anyway. Megan Fox."" The video then transitions to a different scene, showing a person sitting on a throne-like chair with swords around them. The text overlay on the screen reads, ""Daenerys.""",8. Entertainment & Shows
7149700277782760746,"The video shows a person lying on a bed with a pink blanket. The person has long hair and is wearing a black shirt. The person is lying on their side, with their head resting on the bed. The person is also wearing a necklace. The person is lying on their side, with their head resting on the bed. The person is wearing a black shirt and has long hair. The person is lying on their side, with their head resting on the bed. The person is wearing a black shirt and has long hair. The person is lying on their side, with their head resting on the bed. The person is wearing a black shirt and has long hair. The person is lying on their",Pets & Animals
7384004708165242144,"The video features a woman sitting in a chair in a room with gold wallpaper and a framed picture on the wall. She is wearing a light blue sweatshirt and has a phone in her hand. The video then transitions to a black and white photo of a dog in a field with red flowers. The woman continues to speak, providing information about the dog and its name. The video then transitions back to the woman in the chair, who continues to speak and provide more information about the dog. The video concludes with the woman still speaking, providing more information about the dog and its name.",Entertainment & Shows
7314367547862781226,"The video showcases a serene winter landscape, beginning with a view of a snow-covered field dotted with trees. The camera pans to reveal a winding path through the forest, where the snow-covered trees and ground create a picturesque scene. The video then focuses on a close-up of a pine tree, highlighting its snow-covered branches and the texture of the snow. The camera pans to reveal more of the forest, with the snow-covered trees and ground continuing to dominate the scene. The video concludes with a close-up of a large rock covered in snow, emphasizing the untouched beauty of the winter landscape.",Science & Technology
7340337384652934446,"The video is a series of images showcasing various celebrities and their last names. The first image shows a woman in a black dress with the text ""I didn't know that some of these Nepo babies are hiding their famous last names."" The second image shows a man in a tuxedo with the text ""Angelina Jolie's birth name is Angelina Jolie Voight."" The third image shows a man in a tuxedo with the text ""Angelina Jolie's birth name is Angelina Jolie Voight."" The fourth image shows a man in a tuxedo with the text ""Angelina Jolie's birth name is Angelina",Entertainment & Shows
7333801200875261185,"The video begins with a dark blue background featuring a world map with a digital texture. The text ""An Election Year Guaranteed To Divide Us"" is prominently displayed in white, capital letters. The scene transitions to a split-screen view with a man in a suit and tie on the left and a man in a suit and tie on the right. The man on the right is gesturing with his hands. The text ""A Second Term We Can All Agree On"" appears in white, capital letters. The video then shows a blue background with the text ""THE DAILY SHOW"" in white, capital letters, followed by ""MONDAYS WITH JON STEWART"" in white",8. Entertainment & Shows
7328517572679372078,"The video depicts a man sitting at a table in a car dealership, holding a piece of paper with handwritten text. The text on the paper includes a list of prices and a handwritten note that says ""POV: The customer never stops negotiating."" The man appears to be in the process of negotiating the price of a car, as indicated by the handwritten text on the paper. He is seen writing on the paper, and at one point, he is seen holding a pen and pointing at the paper, possibly discussing the terms of the deal. The video also shows the man signing the paper, indicating that he has reached an agreement with the dealership. The background of the video shows the dealership",Comedy
7375847354341068065,"The video showcases a large crowd gathered at Hinds Hall in Garmin, with a stage set up in the center. The stage is illuminated with green lights, and the crowd is engaged in the performance. The text overlay on the video reads ""Hinds Hall in Garmin"" and ""The people they won't have"" and ""the people they won't have"" and ""the people they won't have"" and ""the people they won't have"" and ""the people they won't have"" and ""the people they won't have"" and ""the people they won't have"" and ""the people they won't have"" and ""the people they won't have"" and","Music, Singing, & Dancing"
7392127900079721761,"The video showcases a woman's tour of her home, specifically her room at Estelle Manor. The room is described as dog-friendly, with a large stable room and a smaller one. The woman highlights the amenities in the room, including a mini bar area, snacks, and a sewing kit. She also mentions the cost of the room, which is £650 a night, and compares it to the cost of staying in a regular stable room, which is £750 a night. The video ends with the woman expressing her interest in finding the cheapest room without a dog.",Entertainment & Shows
7368121296154086688,"The video shows a table filled with various dishes, including salads, meats, and side dishes. There are also glasses of water and wine on the table. A person is standing in front of the table, talking to the camera. The person is wearing a dark sweater and glasses. The background shows a room with a window and some furniture.",1. News
7378190751211064607,"The video showcases a man demonstrating the features of an expandable camper. The camper is white and has a black wheel. The man is wearing a black t-shirt and jeans. He is kneeling on the grass and pointing at the camper. The video shows the camper's interior, which includes a GoSun power center, a solar cooker, and compartments with stainless steel hinges. The man also demonstrates the camper's electrical system, including a seven-way wiring harness and electric brakes. The video concludes with the man standing up and pointing at the camper's exterior, highlighting its features and design.",Science & Technology
7325985650140974382,"The video is a series of experiments conducted by Jamie and Adam to compare the effects of running in the rain versus walking. The experiments involve using artificial rainfall methods, adding dyes to the water, and using tight-fitting clothes to prevent sweat from mixing with rainwater. The results show that running in the rain is indeed wetter than walking, as indicated by the weight of the work clothes and the amount of water absorbed. The experiments are conducted in both windy and windless conditions, and the results are consistent across different weather conditions. The video concludes with a discussion about the rigor of the experiments and any potential improvements that could be made.",Science & Technology
7406690692765977887,"The video is a series of clips showing a person sitting in a train or bus, with the text overlaying the video reading ""THIS STRANGER SUMMY MY SEAT AND DISSRESPECT ME. WATCH HOWTHIS BDS."" The person in the video is seen talking to someone off-camera, gesturing with their hands, and interacting with the person in front of them. The video also shows the person sitting in a different seat, with the text overlaying the video reading ""THERE IT IS, BABY. VIP. BE QUIET, MAN. HUH? BE QUIET? YOU WANT TO TELL OTHER PE",Entertainment & Shows
7309290162540858667,"The video is a news report about a massive home explosion in Arlington, Virginia, outside the Capitol. Police were called to the scene, and they were there for hours trying to execute a search warrant. The explosion caused the house to turn to splinters, and human remains were found inside, believed to be the suspect. The suspect, 56-year-old James Yu, refused to surrender and discharged several rounds from a firearm as officers closed in. The FBI and ATF were on the scene, and authorities said human remains were found at the site. The suspect was inside the residence at the time of the explosion and is presumed to be deceased. The report also mentions a deleted LinkedIn page",1. News
7365274404420406571,"The video shows a man and his dog on a sailboat in New England. The man is shirtless and wearing gray shorts, and the dog is wearing a collar. The man is washing dishes in the kitchen, and later he is cooking food in the galley. The man and his dog are then seen sitting in the cockpit of the sailboat, enjoying the view. The video also shows the man and his dog walking on the dock at night, and the man is seen taking the dog out for a walk. The video ends with the man and his dog sitting on the deck of the sailboat, enjoying the view.",Entertainment & Shows
7392992201837464850,"The video begins with a woman standing in front of a glass window, talking about her daughter's first haircut. She then cuts her daughter's hair in a salon, followed by washing her daughter's hair. The video then shows the woman and her daughter in a store, and the daughter is seen holding a cup of hot chocolate. The video then shows the woman and her daughter playing with toys in a living room, and the daughter is seen eating ice cream. The video ends with the woman and her daughter sitting at a table, eating food.",Entertainment & Shows
7395692426888891679,"The video is a series of images and scenes showing different people and events, with text overlays that provide context and commentary. The first image shows a person with a rainbow flag in the background, with the text ""Gay News"" and ""In this election, we each face a question. What kind of country do we want to live in?"" The next image shows a person with an American flag in the background, with the text ""In this election, we each face a question. What kind of country do we want to live in?"" The third image shows a person with a cityscape in the background, with the text ""What kind of country do we want to live in?"" The fourth",Politics
7335178711819373867,"The video begins with a tweet from the ICCJJ, announcing that the South African government has filed an emergency request with the International Court of Justice for additional provisional measures specific to the imminent invasion of Rafah. The tweet includes a screenshot of a document from the International Court of Justice, which outlines the legal basis for the request. The video then transitions to a close-up of the document, which is highlighted in red to draw attention to the specific language used in the request. The video concludes with a person speaking in a room, with the text ""and I think it's a testament to the dedication of the South African legal team in this case"" appearing on the screen.",News
7353793317437590827,The video shows a man and a woman standing in a room. The man is wearing a black shirt and the woman is wearing a black shirt and shorts. They are holding a coffee cup and a phone. The man is holding the phone and the woman is holding the coffee cup. The man is talking to the woman and the woman is looking at the phone. The man is standing in front of a door and the woman is standing in front of a table. The man is talking to the woman and the woman is looking at the phone. The man is standing in front of a door and the woman is standing in front of a table. The man is talking to the woman and the woman is looking,1. News
7377799778299579690,"The video features a woman standing outdoors, with an American flag in the background. She is wearing a black top and has tattoos on her arms. The text overlay on the video reads, ""Isn't it weird you're a fan of an American flag, but you know who you're voting for?"" The woman appears to be speaking directly to the camera, and the video seems to be a commentary on the political climate.",1. News
7346724921361435937,"A video shows two girls walking down a sidewalk, one of them wearing a black jacket. The video is in Russian and the text on the screen reads, ""А в Украине, я являюсь чуждой человеком, так что я не могу послушать твоего тела, так что я не могу послушать твоего тела, так что я",Travel & Events
7384186520351083781,"The video begins with a person in a light-colored robe sitting in a room, speaking to the camera. The person is wearing a necklace and has blonde hair. The background features a beige wall and a window with dark curtains. The person is holding a phone and appears to be explaining something.

The video then transitions to a series of text messages on a phone screen, showing a conversation between the person and another individual. The messages are in Russian and discuss the person's frustration with the other individual's actions. The person is expressing their anger and disappointment with the other individual's behavior.

The video continues with the person in the light-colored robe, still in the same",Entertainment & Shows
7396382918039457041,"A man and a woman are sitting on a bed in a modern room. The man is wearing a white shirt and black shorts, while the woman is wearing a white shirt with the word ""GIRL BOSS"" in red letters and blue jeans. The man is holding the woman's leg, and they are both looking at each other. The man is speaking to the woman, and the woman is responding. The man is saying something to the woman, and the woman is responding. The man is saying something to the woman, and the woman is responding. The man is saying something to the woman, and the woman is responding. The man is saying something to the woman, and the woman",Entertainment & Shows
7273841367351069998,"The video shows a person wearing gloves and cutting a block of bright yellow soap into smaller pieces. The soap is placed on a marble countertop. The person then holds up a piece of the soap, showing it to the camera. The soap is labeled ""Ammonia Naturals Turmeric & Kaolin Acid Brightening Soap.""",Beauty Care
7277167570946379014,"The video captures a vibrant and energetic atmosphere at a football stadium. The crowd, predominantly dressed in yellow and blue, is seen raising their hands in a celebratory manner, indicating a moment of triumph or excitement. The stadium is filled with spectators, creating a sense of community and shared experience. The video also shows a football match in progress, with players actively engaged in the game. The atmosphere is lively, with the crowd's enthusiasm palpable. The video concludes with a call to action, ""Ucrânica! Ucrânica! Ucrânica!"" which suggests a rallying cry or a motivational message for the team or fans.",Sports
7365322515998068011,"The video begins with a group of people standing in front of a podium, with a backdrop featuring the American flag and a building with a dome. The text on the screen reads ""STITCH INCOMING WOKE ENCAMPENTS EXPOSED!!!!"" and ""we're here to discuss the little Gazas that have risen up on campuses across America. So I'm at one of these little Gazas right now and I'm here to expose it for what it really is."" The scene then transitions to a person standing in front of a tent, with the text ""I'm literally in so much danger here. I'm literally in so much danger here."" The video then shows",1. News
7362319887361903905,"The video begins with a person wearing sunglasses and a gray shirt, standing in front of a black background. The text overlay reads, ""Seeing Rufuski during Uni ski trip trying to see Uni ski trip trying to see Uni ski trip trying to see Uni ski trip trying to see Uni ski trip trying to see Uni ski trip trying to see Uni ski trip trying to see Uni ski trip trying to see Uni ski trip trying to see Uni ski trip trying to see Uni ski trip trying to see Uni ski trip trying to see Uni ski trip trying to see Uni ski trip trying to see Uni ski trip trying to see Uni",1. Entertainment & Shows
7311332422077975840,"The video shows a series of interactions between a woman and a man, with the woman being the main focus. The woman is wearing a leopard print coat and is seen in various settings, including outdoors and indoors. The man is wearing a purple jacket and a pink tie, and is also seen in different settings. The video includes a mix of serious and humorous moments, with the woman and the man engaging in conversation and the woman expressing frustration and anger. The video also includes a small inset image of a man in a white shirt, which is not part of the main video but appears to be a separate scene.",Entertainment & Shows
7354415572626509099,"The video begins with a person wearing a maroon beanie and a white shirt, sitting in a room with a white wall and a green shelf in the background. The person is speaking, and the text on the screen reads, ""Eastern United States. Ground shaking larger in the east because of the older, more fractured, and more brittle rock. In the western United States, the rock is much younger and more ductile, so the energy of earthquakes is absorbed by the faults and the rocks are less likely to break."" The person continues to speak, and the text on the screen changes to, ""If we look at the earthquake that happened today, it was a magnitude of 4.8",Science & Technology
7378608951975349536,"The video captures a moment of jubilation and celebration as England's soccer team celebrates their victory. The players, dressed in white jerseys, are seen hugging and embracing each other, with some players in green jerseys joining in the celebration. The crowd in the background is cheering and waving flags, adding to the festive atmosphere. The text ""ENGLAND WIN SOCCERAID"" is prominently displayed at the top of the frames, indicating the source of the footage. The video also includes a text overlay that reads ""TEXT FORTY, THIRTY, TWENTY, TEN OR 70818,"" which could be a reference to a specific",Sports
7293239332167617834,"The video features a woman with shoulder-length dark hair, wearing a sleeveless, light-colored top with a pattern, standing in a room with a colorful floral curtain and a painting of a deer on the wall. She is seen gesturing with her hands and talking, with the text ""some of y'all"" and a laughing emoji appearing on the screen. The woman appears to be expressing a humorous or relatable sentiment, possibly related to the Starbucks boycott mentioned in the audio transcript.",1. News
7372186670273137952,"The video showcases a series of food and drink experiences in various locations. It begins with a close-up of a vegan dish, followed by a menu listing vegan options. A person enjoys a burger, then a dessert, and finally a drink. The video continues with a person eating a salad, followed by a meal at a restaurant, and concludes with a person enjoying a pizza. The text ""VEGAN IN MÜNCHEN"" appears, indicating the theme of the video. The video also features a person eating a burger, a dessert, and a drink, with the text ""HANSI IN GLÜCK"" appearing. The video ends with a person",Food
7379475961139547398,"The video features a woman in a black dress with ruffles, standing in a modern kitchen with white chairs and a dining table. She is wearing black high heels and has long blonde hair. The text on the screen reads ""Мени 60 роки"" (My 60 years) and ""Ну, чуждый 60 годин"" (Well, 60 years old). The woman then demonstrates how to style her dress, showing different ways to wear it. She also shows how to tie the ruffles on the dress. The video ends with the woman standing confidently in the kitchen",3. Entertainment & Shows
7364542326959574314,"The video shows a person lying on a bed, wearing a black shirt. They are holding their hands up to their face and appear to be in a state of distress or frustration. The background includes a bed with a white blanket and a stuffed animal. The person seems to be reacting to something, possibly a comment or message, as indicated by the text overlay.",1. News
7309293532467039531,"The video is a compilation of various scenes from a television show, with a recurring theme of a woman named Barbie MagA-A-Nny. The scenes show her in different settings, including a studio with a group of people, a city street, and a room with a Christmas tree. The video also includes text overlays that read ""Barbie MAGA-A-Nny thought she had a 'gotcha' moment"" and ""Barbie MAGA-A-Nny thought she had a 'gotcha' moment."" The video also includes a news ticker with headlines and a logo for the television network. The video also includes a caption that reads ""Hunter",Politics
7376360928851299590,"The video features a series of individuals discussing various topics, including skincare, hair care, and the use of retinoids. The first person, with long brown hair, is seen wearing a white shirt and a microphone, gesturing with their hands while speaking. The text overlay provides context for the discussion, such as the use of retinoids and the benefits of using a specific product.

The second person, with curly hair, is also wearing a white shirt and a microphone, and is seen gesturing with their hands while speaking. The text overlay continues to provide context for the discussion.

The third person, with long brown hair, is seen wearing a white shirt and a microphone, and",Lifestyle
7347847920151956779,"The video shows a person standing in a doorway, wearing a hat and holding a leash. They are looking at a small dog that is standing on the floor. The person then bends down and picks up the dog, carrying it into the house. The dog appears to be happy and excited, wagging its tail. The person then puts the dog down and walks away, leaving the dog on the floor.",7. Pets & Animals
7291696863449763078,"The video features a person wearing a beige shirt and a black headband, speaking directly to the camera. The person is seen gesturing with their hands and making various facial expressions, indicating they are engaged in a conversation or monologue. The background is a room with a window and some furniture, suggesting an indoor setting. The person's attire and the setting imply a casual, possibly personal or intimate context. The video includes text overlays with various messages, some of which are humorous or critical, such as ""I'm actually kind of offended of how stupid the Israelis think we are"" and ""Allah is aware of everything that's going on."" The person's body language and facial expressions change",1. News
7375186781999762721,"A woman in a blue floral dress is standing in front of a table with wine glasses, a bowl of cheese, and a plate of bread. She is holding a bottle of wine and a glass.",1. News
7309512164870491435,"The video is a compilation of different segments, each featuring a different person speaking about Donald Trump's plans and actions. The first segment shows a man in a suit with a red tie, with text overlays asking him about his plans if he were to be re-elected and if he would use the government to go after people. The second segment shows a man in a suit with a red tie, with text overlays asking him about his plans if he were to be re-elected and if he would use the government to go after people. The third segment shows a man in a suit with a red tie, with text overlays asking him about his plans if he were to be re-elected",Politics
7325003811632745761,"The video features a person wearing a green shirt, standing against a plain background. The person is making various hand gestures, including pointing, touching their chest, and pointing to their head. The text overlay in German reads ""DEUTSCHE THERAPEUTEN HATTE RECHT,"" which translates to ""GERMAN THERAPISTS WERE RIGHT."" The person appears to be expressing frustration or disbelief about the actions of German therapists. The video seems to be a commentary on the actions of German therapists, suggesting that they were correct in their approach.",Entertainment & Shows
7355061931993992480,"The video features a person wearing a blue shirt standing in front of a calendar with the word ""MONDAY"" at the top. The person is gesturing with their hands, possibly explaining or emphasizing a point. The background is black, and there are white lines forming a circular pattern around the person. The text ""Me mentally preparing myself for work tomorrow"" appears at the top of the screen, suggesting that the person is mentally preparing for work. The person's facial expressions and hand movements convey a sense of determination and focus.",1. News
7330624658686954795,"The video is a compilation of clips showing a person wearing a bright pink shirt, with the text overlaying the video reading ""That's his supporters Booing m & I ❤️ that 4 min."" The person is seen making various hand gestures and movements, with the background consistently showing a red shelf with various items on it. The video also includes a screenshot of a news article with the headline ""Trump booed lording about the American hostage."" The person appears to be reacting to the news article, with the text overlaying the video reading ""Trump booed lording about the American hostage."" The person is seen making various hand gestures and movements, with the background consistently",Politics
7397794935199567135,"The video shows a woman tied to a tree in the jungle, with a man standing nearby. The woman is covered in mud and appears to be in distress. The video then shows the woman being taken to a hospital, where she is treated for her injuries. The video also shows a close-up of the woman's hand writing a letter, which reveals that she was chained to a tree for 40 days and was left to die by her husband. The video ends with the woman being taken to the hospital and being treated for her injuries.",1. News
7397967668248120622,"The video shows a person with long hair wearing a black shirt and green earrings, standing in a room with a pink blanket and a sign that reads ""I'm a girl, I'm a girl, I'm a girl, I'm a girl, I'm a girl, I'm a girl, I'm a girl, I'm a girl, I'm a girl, I'm a girl, I'm a girl, I'm a girl, I'm a girl, I'm a girl, I'm a girl, I'm a girl, I'm a girl, I'm a girl, I'm a girl, I'm a girl, I'm a girl, I'm a",Beauty Care
7311858161504423214,"The video showcases a collection of BMX bikes, each with unique features and designs. The first bike, a 1987 GT Performer, is highlighted with its pink handlebars and white frame. The second bike, a 1987 GT Performer, is shown with its blue handlebars and white frame. The third bike, a 1987 GT Performer, is featured with its pink handlebars and white frame. The fourth bike, a 1987 GT Performer, is showcased with its blue handlebars and white frame. The fifth bike, a 1987 GT Performer, is presented with its pink handlebars and white",1. News
7299582823940312350,"The video begins with a man sitting on a green leather couch in a dimly lit room, wearing a gray shirt and dark pants. He is holding a black object, possibly a phone, and appears to be in a contemplative or pensive state. The background features a wooden wall with a window and some books on a shelf. The scene then transitions to a close-up of a person wearing a hooded jacket, with the hood pulled up over their head, creating a sense of mystery or secrecy. The lighting is dim, with a blue hue, adding to the dramatic effect. The next scene shows a man in a white shirt, standing in a room with a bright light source, possibly a",1. News
7331551109649059115,"The video features a black cat playing a violin. The cat is positioned in a dark setting, with its body illuminated by the light of the violin. The cat's fur is shiny and appears to be wet, possibly due to the wetness of the instrument. The cat's eyes are closed, suggesting it is focused on the music. The video captures the cat's movements as it plays the violin, with the strings and bow visible in the frame. The cat's head is tilted slightly to the side, and its mouth is open, as if it is singing or playing a melody. The video does not contain any text or subtitles.",Pets & Animals
7293441357169937666,"The video features a series of animated scenes with a character in a school uniform and a blonde ponytail. The character is seen interacting with various cars, each with unique designs and colors. The cars are parked in a parking lot, and the character appears to be performing actions such as jumping onto the cars and interacting with them. The background of the video is a parking lot with other cars and buildings visible. The character's actions and the cars' designs suggest a playful and dynamic interaction between the character and the cars.",1. News
7397793782122564896,"The video shows a person lying in bed, wearing a white top with lace details and a gold necklace. The person is holding their hand to their face, possibly in a gesture of surprise or disbelief. The background is a bed with a patterned blanket. The person is wearing a gold ring on their left hand. The video includes text overlays that read ""Leute, ich hatte einfach gerade eine Realisation. What the fuck? Ich hoffe es eigentlich auszusprechen, aber mir ist aufgefallen, ich bin wirklich no better than a man. Es ist bis zu dem Punkt gek",Entertainment & Shows
7359943972216638736,"The video shows a group of people protesting in a city street. They are holding signs and banners, and some of them are wearing orange vests. There are police officers present, and they are trying to control the situation. The protesters are chanting slogans and waving flags. The video also shows a large banner with the text ""Für Palästina"" and ""Widerstand ist Völkerrecht!"" (Resistance is human rights!).",Politics
7344108969151008001,"The video shows a group of people at a wedding reception. There are tables set up with food and drinks, and people are sitting and standing around. A woman in a red dress is sitting at a table with a man in a black suit. The woman is holding a glass of water and smiling. The man is also smiling and holding a glass of water. The woman then stands up and walks away from the table. The man follows her and they walk towards the front of the room. The woman then walks up to a man in a dark suit who is standing in front of a table with a white tablecloth. The man in the dark suit is holding a microphone and appears to be speaking to",Entertainment & Shows
7226368631268019482,"The video features a person with long blonde hair, wearing a black leather jacket, standing in a room with a pink towel hanging on the wall. The person is holding a phone, and the text ""Songs for your Insta Story Crush Edition"" is displayed at the top of the screen. The person is seen taking a selfie, and the camera then zooms in on the person's face. The person is wearing a black shirt and has a tattoo on their arm. The video then shows a close-up of the person's face, with the text ""EVERY TIME WE TALK, IT'S JUST HURTS SO BAD"" displayed at the top","3. Music, Singing, & D"
7369594137928109345,"The video shows a shelf in a grocery store with various food items, including a box of Mr. Brain's pork faggots. The box is prominently displayed and features an image of the product on the front. The price tag on the shelf indicates that the pork faggots are priced at 1.60. The video also includes a humorous comment from the person recording the video, questioning the price of the pork faggots.",7. Food
7330275353325227297,"The video features a person with extensive tattoos and scars, who is seen in various settings, including a hospital, a restaurant, and a bar. The person is described as having a ""black alien"" appearance and is known as Anthony Lofredo. The video includes text overlays in German that describe the person's appearance, their tattoos, and their experiences with plastic surgery and other medical procedures. The person is seen performing various actions, such as flexing their muscles, eating, and exercising, and is also shown with a prosthetic leg. The video concludes with the person standing in front of a building, with the text ""ZU WERDEN SÄN"" (to be",Sports
7327164126822763808,"The video showcases a series of military parades from different countries, featuring women in uniform marching in formation. The countries represented include China, Russia, Vietnam, South Korea, and North Korea. Each country's flag is displayed at the bottom of the screen, and the text ""women military parades as a phonic song part 1"" appears at the top of the screen. The video captures the precision and discipline of the women in uniform as they march in unison, with the camera capturing close-up shots of their faces and the details of their uniforms. The video also includes a person in a military uniform standing in the background, possibly a member of the military or a spectator. The overall atmosphere",Sports
7371855904813157664,"The video features two individuals standing side by side in a room, with a white wall and a bed in the background. The person on the left is wearing a white shirt with a pink design and denim shorts, while the person on the right is wearing a white shirt with a pink design and black pants. The video is titled ""pre summer s"" and includes a list of statistics for each person, such as ""Jula"" with a score of 26/10, ""Statue"" with a score of 71, and ""happiness"" with a score of 158. The video also includes emojis and a flower-shaped decoration on the wall",Entertainment & Shows
7354696392129924385,"The video showcases a series of close-up shots of a red sports car at a car show. The car is detailed with a carbon fiber body and black wheels. The video begins with a close-up of the car's side, highlighting its sleek design and the ""Porsche"" logo. The car is then shown from the front, revealing its sharp lines and aerodynamic shape. The video captures the car's movement as it is driven around the show floor, with people in the background observing the vehicle. The car's performance is evident as it accelerates and maneuvers through the show area. The video concludes with a wider shot of the car being driven around the show floor, with people in the background",1. News
7293639077671210286,"The video shows a person feeding fish from a white bucket filled with fish food. The person is standing on a wooden dock by a body of water, and the fish are swimming around the bucket. The person is holding the bucket with both hands and pouring the fish food into the water. The fish are swimming around the bucket and then start to swim away from the bucket. The person then puts the bucket down and walks away.",1. Pets & Animals
7357227155979275526,"A group of people are standing on a cobblestone street at dusk. One person is holding a microphone and interviewing the group. The group consists of a man in a beige jacket, a woman in a white top and blue jeans, a young boy in a blue outfit, and a young girl in a blue outfit. The man in the beige jacket is holding a microphone and interviewing the group. The group consists of a man in a beige jacket, a woman in a white top and blue jeans, a young boy in a blue outfit, and a young girl in a blue outfit. The man in the beige jacket is holding a microphone and interviewing the group. The group consists of",Entertainment & Shows
7394532218032491808,"The video features a woman in a pink dress and a man in a black shirt standing on a sidewalk. The woman is holding a pink purse and appears to be talking to the man. The man is wearing a black shirt and has a black belt around his waist. The background shows a street with parked cars and a fence. The sky is cloudy, and the sun is setting. The woman and the man are walking together, and the woman appears to be asking the man a question. The man is then seen standing alone on the sidewalk, looking at the woman. The woman is then seen walking away from the man, and the man is standing alone on the sidewalk. The video ends with the woman",1. Entertainment & Shows
7354508802932133166,"The video features a series of individuals engaged in various activities, with text overlays providing commentary on their actions. The first individual, wearing a light-colored shirt, is seen in a room with a ceiling fan and a bookshelf filled with books. The text overlay reads ""Booktok"" and ""Stitch Inning,"" suggesting a discussion or activity related to bookstocking and stitching.

The scene transitions to a different individual, also in a room with a bookshelf, who is holding a book and appears to be reading or discussing it. The text overlay changes to ""WHINING ON THE INTERNET,"" indicating a shift in the topic of discussion.

Next, the video",Politics
7344855206242389280,"The video features a woman in a black blazer and white shirt, seated in a room with a wooden background. She appears to be engaged in a conversation, as indicated by her hand gestures and facial expressions. The text overlay at the top of the screen reads ""Alice Weidel reagiert auf AFD-chatterläufe,"" suggesting that the woman is reacting to comments or discussions related to the Alternative für Deutschland (AfD) party. The video does not provide any additional context or information about the topic of discussion.",Politics
7377794153071037739,"The video is a series of clips from the TV show ""The Office,"" featuring a character named Jim who is trying to demonstrate his telekinetic powers. The video starts with Jim in a tuxedo, reading from a piece of paper, and ends with him in a suit and bow tie, standing in front of a coat rack. The text in the video suggests that Jim is trying to prove that he can move objects with his mind, but the video does not show any actual telekinetic abilities. The video also includes a woman in a pink shirt and a man in a white shirt, but their roles are not clear from the captions.",4. Comedy
7349706117166959879,"The video features a person standing in a natural setting, surrounded by trees and greenery. The person is wearing a light-colored shirt and is speaking to the camera. The text overlays on the video include phrases such as ""What's up everyone?"", ""I am officially going into the jungle."", ""I don't know how to feel."", ""I'm excited."", ""I'm nervous."", ""You know, I'm normally a very organized and a planner and a control freak and I don't get to control anything here."", ""So I'm along for the ride and, you know, I hope they go easy on me."", and ""See you in the jungle."" The person appears to be",Entertainment & Shows
7308194891656400170,"The video shows a group of people in a stadium, with a large crowd of fans wearing red and white. The fans are cheering and waving their arms in the air, indicating excitement and support for a team or event. The text ""FUMBLE."" appears at the top of the screen, suggesting that the video is related to a sports event or game. The fans are dressed in various colors, including red, white, and blue, and are holding up signs and cheering. The atmosphere is lively and energetic, with the fans showing their enthusiasm for the event.",Sports
7375105398946139398,"The video shows a woman in a light blue robe standing in a living room, talking to the camera. She is holding a phone and appears to be in a heated discussion with someone off-camera. The room is decorated with a large flat-screen TV, a coffee table, and a rug. The woman is seen opening a door, walking outside, and then returning to the house. She is also seen sitting on a chair, holding a phone, and talking to the camera. The video ends with the woman standing in front of a door, talking to the camera.",Entertainment & Shows
7387067236218916129,A woman is in a store and she is looking at a display of cakes. She is holding a cupcake and she is talking to the camera. She is saying that the cakes are very good and that she is going to sign up for the Cake Club. She is also saying that she is going to eat the cake that she got from the store.,Entertainment & Shows
7323395108378840351,"The video shows a person dancing in a hallway. The person is wearing a gray sweatshirt and jeans. The hallway has tiled floors and a Christmas tree decorated with red ornaments and a fan on the right side. The person dances energetically, moving their arms and legs in various directions.","3. Music, Singing, & D"
7378610696390528289,"The video is a series of frames showing a man in a white lab coat speaking into a microphone, with various texts overlaid on the screen. The text includes phrases like ""Dissolution of the National Assembly,"" ""Voici tout ce que vous avez fait,"" ""du Rassemblement national,"" ""Il a annoncé la dissolution de l'Assemblée Nationale,"" ""en vertu de l'article 12 de la Constitution,"" ""et elle impose donc de nouvelles élections législatives,"" ""On parle ici en l'occurrence de l'assemblée nationale,"" ""Emmanuel",Politics
7292568999932529963,"The video shows a series of images of Malia and Sasha Obama walking in different settings, including a park, a street, and a beach. They are dressed in athletic clothing and carrying water bottles, indicating that they are engaged in physical activity. The video also includes images of the Obamas in different settings, such as a nighttime walk and a nighttime scene. The video concludes with a red button that says ""FOLLOW"" and a white button that says ""SUBSCRIBE,"" suggesting that the video is part of a series of videos that encourage viewers to follow and subscribe to the content creator's channel.",Fitness & Health
7360445995945037088,"The video shows a group of wild boars walking on a paved road at night. The boars are seen eating from a pile of food on the ground. A person is seen feeding the boars, and the boars are seen eating the food. The video also shows a person kneeling on the ground, feeding the boars. The boars are seen eating the food, and the person is seen holding a bottle of food. The video ends with the boars continuing to eat the food.",Sports
7356329953622822187,"The video features a person wearing a cap with a rainbow pattern and a gray shirt with a logo on it. The person is seen in front of a computer screen displaying a stock chart for Trump Media & Technology Group Corp. The stock price is shown to have fallen again today, with a value of 34.21 USD. The person is seen gesturing with their hand while speaking, and the text on the screen changes to provide commentary on the stock's performance. The video also includes text overlays that provide additional information about the stock and its performance.",Sports
7376774039899082027,"The video shows a group of elderly people in wheelchairs in a museum. They are dressed in formal clothing and are seated in a circle. The video then zooms in on one of the elderly people, who is wearing a military uniform and holding a rifle. The video then shows a close-up of the elderly person in the military uniform, with the text ""Old People's Home"" appearing on the screen. The video then shows a group of elderly people in wheelchairs, with the text ""Video credit: www.youtube.com/user/realistic"" appearing on the screen. The video then shows a group of elderly people in wheelchairs, with the text ""Video credit: www",Science & Technology
7394396617882799366,"The video features a person with curly red hair, wearing a dark top, holding a large, colorful drink in their hand. The drink is decorated with various colors and patterns, including pink, white, and blue. The person appears to be in a dimly lit room, with a dark background. The text overlay at the top of the video reads ""POV: Your cousin gives you something to do drink,"" suggesting that the person is reacting to a situation where someone has given them a drink. The video does not provide any additional context or information about the situation or the person's reaction.",1. News
7382929842615979296,"The video features a person wearing a white t-shirt and blue jeans, sitting in a room with a mirror and a sink in the background. The person is holding their head with one hand and appears to be in a state of distress or frustration. The text overlay on the video reads, ""Ich bin gerade so deprimiert. Ich habe jetzt die letzten anderthalb Stunden damit verbracht, am Laptop irgendwelche Familien, etwas gehobene Hotels auf Mallorca oder generell bei den Jahren abzuklappern. Ich finde e",Entertainment & Shows
7283171808595971370,"The video features a woman with long black hair, wearing a gray tank top, standing in a room with a plant in the background. She is wearing blue nail polish and has tattoos on her arms. The woman is speaking, and the text overlay on the video reads, ""NO BECAUSE I'M REAL AORES WHEN THE DUCK DUCK GOOSE AROES WHEN THE DUCK DUCK GOOSE AROES WHEN THE DUCK DUCK GOOSE AROES WHEN THE DUCK DUCK GOOSE AROES WHEN THE DUCK DUCK GOOSE AROES WHEN",1. News
7299771215755906312,Two women are dancing in a gym. They are wearing black jackets and pants. They are dancing in a room with wooden floors and a gray wall.,Dance
7397523950391086369,"The video begins with a black screen, where a green apple with a crown and a blueberry with a crown appear. The blueberry is wearing a red heart-shaped earpiece, and the apple is wearing a silver tiara. The blueberry moves closer to the apple, and the apple appears to be smiling. The scene then transitions to a black screen with a green apple in the center, wearing a crown and a silver tiara. The blueberry with a crown and red heart-shaped earpiece appears on the left side of the screen, and the blueberry with a crown and purple heart-shaped earpiece appears on the right side of the screen. The blueberry",Film & Animation
7410518813021637930,"The video shows a man in a suit and tie sitting in a room with a woman in the background. The man is speaking, and the text overlay on the screen reads, ""Do you think Americans seriously think that this is an important question?"" The woman in the background is wearing a white blazer and appears to be listening to the man. The setting appears to be a formal or professional environment, possibly a meeting or press conference. The video does not provide any additional context or information about the man's identity or the woman's role.",Politics
