video_id,summary,category
7349900395843472672,"A man in a suit and tie is standing in front of a crowd, holding a microphone. He is talking to another man who is also holding a microphone. The man in the suit is wearing a blue cap with a Russian flag on it. The man in the suit is talking about the situation in Ukraine and how Russia is not involved in the conflict. He is also talking about his experiences in the military and his time in the 90s.",Politics
7326597898358066465,"The video is a humorous comparison between a person's reaction to their cat's behavior and the reaction of a smartphone. The video is divided into two parts, each showing a different reaction.

In the first part, the person is shown in a room with a cat sitting on a bed. The person is holding a smartphone and looking at it with a surprised expression. The text on the screen reads ""Pov: Les appels avec mon chachet qui n'a jamais fait deja demeurer."" This translates to ""Pov: The calls with my cat who has never stayed in bed before.""

In the second part, the person is shown in",7. Pets & Animals
7302484543691328810,"The video is a series of black screens with white text. The text reads ""EMERGENCY RELIEF DISTRICT OCTOBER 1TH, 2023. Stop the killing. Stop hate. Time to donate."" The text is repeated multiple times throughout the video. The video does not contain any other visual elements or audio.",1. News
7339991555408694561,"The video shows a person standing in a store, holding a brown hoodie with the word ""BALEA"" on it. The person is surrounded by shelves filled with various beauty and skincare products. The video then focuses on a shelf displaying different types of Balea products, including a pink box of Vital Augencreme, a blue box of Aqua Roll-On, and a yellow box of Q10 Anti-Falten Augencreme. The prices of the products are also displayed on the shelves. The video then shows a close-up of the yellow box of Q10 Anti-Falten Augencreme, with the price of 1,",Beauty Care
7351403366368546081,"The video showcases a series of events involving a group of humans and aliens, culminating in a battle where the aliens are defeated and the humans emerge victorious. The aliens, who were previously considered inferior, are shown to be highly trained soldiers from multiple countries, and their defeat is attributed to their own arrogance and lack of preparedness. The video also highlights the use of advanced technology, such as a stun grenade and a grenade, which are used to incapacitate the aliens. The aliens' demise is depicted as a result of their own actions, such as their failure to adapt to the humans' tactics and their lack of self-defense mechanisms. The video concludes with the humans celebrating their victory and",Entertainment & Shows
7380379588242804001,A person is lying in bed with a pink pillow. They are wearing a black shirt with blue writing on it. The person is making a peace sign with their fingers.,Politics
7291005324717313313,"The video features two women standing in front of a large building with a dome, discussing the rise of the Alternative for Germany (AfD) party in Germany. The woman in the pink coat explains that the AfD is on the rise in Germany, coming in second in the state elections in Hesse and third in Bavaria. She also mentions that the law allowing dual nationality and faster German passport processing is still on track. The woman in the green dress asks if the law can be stopped, and the woman in the pink coat responds that the coalition government still has the majority in the Bundestag, and the Bundesrat cannot block the law. The video concludes with the woman in the pink coat",Politics
7184540937974975786,"The video shows a person in a car, wearing a black tank top and white headphones around their neck. They are demonstrating the use of a brow lift product, which is a clear container with a brush applicator. The person applies the product to their eyebrows, demonstrating the technique and results. The video also includes text overlays that provide information about the product and the person's experience with it.",Beauty Care
7343334803665603883,"The video features a person with long, wavy hair wearing a dark gray sweater and a gold necklace with a pendant. They are sitting in front of a backdrop that resembles a starry night sky. The person is holding a black object, possibly a makeup product, and appears to be speaking or presenting something. The background is a vibrant mix of pink, orange, and purple hues, with a nebula-like pattern.

Throughout the video, the person is seen gesturing with their hands, possibly emphasizing points or explaining something. The person also uses hand gestures to emphasize their points, such as pointing upwards and making a circular motion with their hand.

The video includes text overl",Science & Technology
7343662075299761440,"The video begins with a person wearing a pink sweater with a black bow tie, standing in a room with a white wall and a shelf in the background. The person is looking at the camera with a serious expression. The scene then transitions to a close-up of a person with long blonde hair, wearing a white shirt with a red tie, standing in a dimly lit room with a green hue. The person appears to be in a state of shock or fear. The video then cuts back to the person in the pink sweater, who is now looking at the camera with a more relaxed expression. The final frame shows the person in the pink sweater with a black bow tie,",1. News
7394913119375527210,A person wearing a camouflage cap and a gray shirt is standing in front of a plain wall. They are holding a small object in their hand and gesturing with their other hand. The person appears to be speaking or explaining something.,Politics
7327439802637307178,"A person is standing next to a white truck, talking about the features of the truck. The person is wearing a camouflage hoodie and is holding a phone. The truck has a black interior and a black front bumper. The person is pointing at the truck and talking about the features of the truck.",Sports
7296461109572275488,"The video features a series of interviews with Trump supporters who express their disagreements with the President's stance on unions. The interviews take place in various outdoor settings, including a metal building, a park, and a street. The participants are dressed in red and white clothing, with some wearing red hats that read ""MAKE AMERICA GREAT AGAIN."" The interviews are conducted with a microphone, and the participants express their views on the importance of unions and the President's policies towards them. The video concludes with the participants continuing their conversation, with one of them stating that they do not support unions and that the President's policies have led to the destruction of union jobs.",Politics
7385384197864557855,"The video features a series of images from a television broadcast, showing two men in suits, one with a red tie and the other with a blue tie, standing at podiums with microphones. The background is blue with the CNN logo. The text overlay reads ""My favorite prt of the debate wasa-wa-shitting whoever wasn't talking."" The images are static, with no movement or action taking place. The video does not contain any additional audio or visual elements.",Politics
7358352976639184146,"The video shows a person driving a car on a rainy day, with the windshield wipers on. The rain is falling heavily, and the person is driving through a city. The video shows the person's reflection in the windshield, as well as the reflections of other cars on the wet road. The video also shows the person's reflection in the windshield, as well as the reflections of other cars on the wet road. The video shows the person's reflection in the windshield, as well as the reflections of other cars on the wet road. The video shows the person's reflection in the windshield, as well as the reflections of other cars on the wet road. The video shows",Science & Technology
7371030140370963713,"The video is a series of clips from a video game, specifically a first-person shooter game. The game is set in a medieval-style environment with stone buildings and cobblestone streets. The player is using a futuristic weapon with a glowing green and blue design. The player is seen navigating through the environment, taking cover behind walls and using the weapon to shoot at enemies. The player is also seen using a grappling hook to swing across the environment. The player is also seen using a grappling hook to swing across the environment. The player is also seen using a grappling hook to swing across the environment. The player is also seen using a grappling hook to swing across the environment. The player is",Sports
7328941581862473006,"The video begins with a fighter jet on a runway, with the word ""HIGH"" appearing in large, bold, yellow letters. The jet is then shown in flight, with the word ""TARGET"" appearing in large, bold, yellow letters. The jet is then shown on a cargo plane, with the word ""TARGET"" appearing in large, bold, yellow letters. The jet is then shown in flight, with the word ""TARGET"" appearing in large, bold, yellow letters. The jet is then shown in flight, with the word ""TARGET"" appearing in large, bold, yellow letters. The jet is then shown in flight, with the word ""TARGET""",1. News
7295860137162591519,"The video features a person wearing a plaid shirt, speaking in front of a blue-lit background. The person is seen discussing various topics related to power, justice, and historical events. The text overlays on the screen provide context and commentary on the topics being discussed. The person appears to be making a point about the injustices committed by different groups throughout history, and the video ends with a reminder of the importance of accountability and the potential for historical injustices to lead to further harm.",Politics
7407540452611640606,"The video shows a person in a blue shirt sitting at a desk in an office, wearing black gloves. The person is holding a passport and a pen, and appears to be in the process of checking something on the desk. The background includes a white door, a computer keyboard, and a box. The person is seen writing on a piece of paper and then putting it in a black box. The person then picks up a green pen and writes on a piece of paper, which is placed on the desk. The person then picks up a blue pen and writes on a piece of paper, which is placed on the desk. The person then picks up a green pen and writes on a piece of paper",Science & Technology
7372987016914455841,"The video shows a cricket match between Pakistan and England. The players are wearing different colored uniforms, with the Pakistan team in orange and the England team in green. The match is taking place in a large stadium with a crowd of spectators. The players are seen running and playing the game.",Sports
7366561209996332320,A person with long black hair is sitting in a room with a yellow wall and a white ceiling. They are wearing a white shirt and have a gold watch on their left wrist. They are talking to the camera and gesturing with their hands.,News
7334130841016274222,"The video features a black sports car parked in a parking lot. The car is sleek and has a low profile, with a prominent front grille and large alloy wheels. The background of the video is a mix of greenery and trees, with a clear sky overhead. The text overlay on the video reads, ""I don't reverse park to look cool, a mf ust can't park forward..."" This suggests that the person filming the video is frustrated with their friends' behavior, as they are not able to park their cars properly. The video also includes a meme with the text, ""All my friends are dead, leave them in the cold, put them in the tundra I go great",1. News
7380389929790033185,"The video features a dramatic dance scene between two characters in a dark, dimly lit setting. The male character is dressed in a blue outfit with a cape, while the female character wears a white dress with a crown. The dance is intense and passionate, with the male character holding the female character in a close embrace. The background is dark, with a few lights visible, adding to the dramatic atmosphere. The video ends with the male character holding the female character in a close embrace, with the text ""You may have my number, you can say my name But you'll never have my heart Let the sky fall, let me crumble We will stand tall, I'll face it all Together",Sports
7343754603927850245,"The video is a series of images that appear to be from a protest or rally, with people holding signs and flags. The images are overlaid with text that reads ""FREE PALESTINE"" and ""Remember, you can post one video each day using this filter and it will still count. So, if you post once every Monday, Tuesday, Wednesday, private or public, it will count as three quotes."" The images show people in various poses, some holding signs and others holding flags. The colors in the images are mostly red, white, and black, with the flags being green, white, and black.",Politics
7357827492289465646,"A person wearing a white t-shirt with a cartoon character on it is standing in a kitchen. The person is making hand gestures and talking to the camera. The text on the screen says things like ""I don't personally think this is a hot take but some people might if I never had to eat again like I could just survive without putting food in my body I would and before everybody in the comments no it's inconvenient grocery shopping inconvenient cooking inconvenient fucking sitting down eating a goddamn meal inconvenient dude I don't want to do it anymore like I don't want to decide what to eat. I don't want to cook. I don't want to spend money on takeout.",Entertainment & Shows
7366736772253977889,"The video starts with an aerial view of a coastal town, surrounded by lush green trees and a body of water. The text overlay reads, ""Is a country still a country if it sinks?"" This sets the stage for the discussion of Tuvalu, a small island nation in the Pacific. The video then transitions to a map of the Pacific, highlighting Tuvalu and its surrounding islands. The text overlay reads, ""Is a country still a country if it sinks?"" This question is posed again, emphasizing the vulnerability of Tuvalu to rising sea levels. The video then shows a group of people walking along a beach, with the text overlay reading, ""30 years ago, it was",Politics
7342750088902511915,"The video shows a person standing in a bathroom, taking a selfie with a phone. The person is wearing a black t-shirt and black shorts. The bathroom has a tiled wall with blue and yellow stripes, and there is a mirror above a sink. The person is holding a colorful phone case with a floral design.",1. News
7325461211653492010,"A person is wearing a purple hoodie with the word ""CRAZY"" written on it. They have long braids and are standing in front of a wooden door. They are talking to the camera and gesturing with their hands.",Entertainment & Shows
7363144949442825518,"The video features a person with long blonde hair, wearing a black shirt with a graphic design, standing in a room with a door in the background. The person is speaking, and the text overlay on the screen reads, ""why is finding a girl friend no im not trying to fall in love with, im trying to fall in love with her."" The person appears to be expressing a desire to form a romantic connection with someone, but not necessarily a romantic relationship. The video does not contain any other discernible objects or actions.",1. Entertainment & Shows
7375972216707484960,"The video is a series of frames showing a man in a white shirt standing in front of a screen with a list of Labour's policy steps for change. The man is gesturing with his hands as he speaks, and the background is a red and white flag. The text on the screen reads ""Thanks for the plug Rishi 👍"" and ""Thanks for the plug Rishi 👍"" with a thumbs up emoji. The man is also seen writing on a piece of paper with a pen. The video ends with the man standing in front of a black background, with the text ""Thanks for the plug Rishi 👍"" and a thumbs up emoji.",Politics
7363604482355137799,A woman is unpacking a large box in her kitchen. She is using a laptop to search for deals on Amazon. She finds a deal for a stainless steel double-walled glass coffee maker for $18.76. She then uses a vacuum sealer to seal the box.,Entertainment & Shows
7341253553245408558,"The video features a person in a light blue shirt with white trim, wearing a necklace and pearl earrings, standing in a room with a beige wall and a window in the background. The person is seen applying makeup, using a brush and a bottle of foundation. They are also seen holding a small object, possibly a makeup brush or a makeup product, and using it to apply makeup to their face. The person is seen talking and gesturing with their hands while applying makeup. The video also includes text overlays that provide context and information about the person's situation and goals.",Beauty Care
7346960504490937642,"The video starts with a woman lying on a bed, wearing a light gray tank top. The text on the screen reads, ""When you wanted your engagement song to be 'Sun's so low' ok."" The scene transitions to a black and white image of a car driving down a road, with a woman in a white dress and a man in a suit sitting in the back seat. The car is a classic model with a large trunk. The scene then shifts to a close-up of a woman's hand, which is covered in a dark substance. The final scene shows a couple sitting in a convertible car on a sunny day, with the woman in a white dress and the man in",Entertainment & Shows
7203774185322188037,"The video begins with a person standing in front of a door with a sign that reads ""A STUDENT'S HOME."" The person is wearing a black shirt and gray pants. The door is open, and the person is holding a piece of paper. The person then walks into the room and sits down at a desk. The desk is cluttered with papers and a computer monitor. The person appears to be working on something, possibly studying or working on a project. The video then shows the person standing in front of a door with a sign that reads ""Vor der Abschlussprüfung."" The person is wearing a blue shirt and gray pants. The door is open",1. Entertainment & Shows
7324373228028300577,"The video starts with a person walking down a wet street at night, with buildings and cars passing by. The person is wearing a dark coat and carrying a black bag. The scene transitions to a close-up of a shelf with various skincare products, including a bottle of Pureology haircare products. The person is then seen in a subway station, holding a drink and looking at their phone. The video then shows a coffee shop with a sign that reads ""Café"" and a menu with various drinks. The person is seen walking down a street with a coffee shop in the background. The video then shows a close-up of a coffee cup with a lid, with the text ""so",Entertainment & Shows
7404376866108312865,"The video starts with a chaotic scene outside a bus at night, where a group of people, including police officers, are trying to manage a situation involving a person in a wheelchair. The text overlay reads ""Das sagen lässt sich nur zur Kursk-Offensive"" (The situation only allows for the Kursk Offensive). The scene then shifts to an outdoor setting where a man in a denim jacket is speaking to the camera, with the text overlay still present. The background shows a street with people walking and a building with a sign that reads ""Nicol."" The man in the denim jacket continues to speak, and the scene transitions to",Politics
7379002112652660014,"The video features a person wearing a white shirt with a graphic design, standing in front of a window with blinds. The person is holding a necklace with the name ""RITANA"" written on it. The necklace is displayed on a white card with the text ""Fashion Jewelry"" and a logo. The person appears to be expressing gratitude to someone named Sarah, as indicated by the text on the card. The video concludes with a close-up of the necklace on the card, emphasizing the name ""RITANA"".",1. News
7394618529569344811,"The video starts with a woman standing in front of a backdrop featuring the American flag and the text ""KAMALA."" She is wearing a black blazer and a light-colored top. The date ""7/22/24"" is displayed in the top left corner. The woman is speaking into a microphone, and the scene transitions to another woman with long blonde hair, wearing a light blue shirt and a necklace, standing in a room with a gold-colored shelf, a vase with green plants, and a window with white blinds. The date ""7/22/24"" is still displayed in the top left corner. The woman in the light blue shirt",Politics
7366286242406829345,A man in a grey hoodie is standing in an office and playing a DJ controller. He is wearing a grey hoodie and black shorts. He is playing the DJ controller and there are other people in the office.,"Music, Singing, & Dancing"
7325205573941710111,"A person wearing a black t-shirt with a picture of a man on it is sitting in a room. The room has a dark color scheme with a white wall and a dark-colored dresser. The person is talking to the camera and gesturing with their hands. The text on the screen reads, ""I've only recorded during daylight hours so far... 9 hours so far... I've only recorded during daylight hours so far... 9 hours so far... I've only recorded during daylight hours so far... 9 hours so far... I've only recorded during daylight hours so far... 9 hours so far... I've only recorded during daylight hours so far... 9 hours",Science & Technology
7352304151897951521,"The video starts with a person standing in a living room, wearing a black shirt and red pants. The room is decorated with a chandelier, a rug, and a fireplace. The person is holding a pair of shoes and appears to be talking to the camera. The text on the screen reads ""POV: Du chilst bst im 'Ich bin nicht recht' Freud."" The person then walks away from the camera, leaving the room. The next scene shows the person sitting on the floor, surrounded by shoes. The person is wearing a black shirt and red pants, and is holding a pair of shoes. The room is decorated with a rug, a fireplace,",Entertainment & Shows
7365063366907333921,"The video showcases a breathtaking view of a city skyline at sunset. The sky is painted with hues of pink, purple, and orange, creating a stunning backdrop for the city's illuminated buildings. The city's lights reflect off the water, adding to the beauty of the scene. The video captures the city from a distance, allowing viewers to appreciate the architectural details and the vibrant colors of the sunset. The video does not contain any text or additional information.",1. News
7346235933882076448,"The video shows a man in a green hoodie and blue jeans using a blue mechanical device to work on a wooden post in a field. He is seen bending over and using the device to work on the post, which is surrounded by a dirt ground and some trees in the background.",1. Sports
7305148019727420718,"The video features a woman wearing a white turtleneck and a beige coat, standing in front of a movie poster for the film ""Watcher."" The poster displays the title ""Watcher"" in large white letters, with the tagline ""Striking a Sensation"" and the names of the actors, ""Ava Monroe"" and ""Jake Monro."" The woman appears to be speaking or reacting to the movie poster, as indicated by her hand gestures and facial expressions. The background of the poster is dark and rainy, with a building visible in the distance. The video repeats this scene multiple times, with the woman's gestures and expressions changing slightly with each repetition.",Entertainment & Shows
7395252325104766216,"The video begins with a scene from a first-person shooter game, featuring a virtual environment with buildings and a clear sky. The player's perspective is shown, with a score of 0:10 remaining. The scene then transitions to a close-up of a cat's face, with the cat's eyes and mouth open, as if it is looking at something. The cat's face is superimposed onto the game's environment, creating a humorous effect. The cat's face is then replaced with a sniper rifle, and the cat's mouth is replaced with a gun barrel, creating a humorous effect. The cat's face is then replaced with a green helmet, and the cat's",01
7354853011887312160,"The video shows a man sitting at a table with two pizzas in front of him. He is wearing a dark blue sweater and has a serious expression on his face. The text on the screen reads ""It's pizza night on @xxtvfox But what are our favorites??!"" and ""Pineapple doesn't belong on pizza...."" The man is then shown eating a slice of pizza with pineapple on it, and the text changes to ""Why did you eat the then-pineapple pizza?"" The man continues to eat the pizza, and the text changes to ""Looks like you do like it...pizza..."" The man then puts on a blue hoodie and eats",Entertainment & Shows
7355938811429260550,"A person is sitting in front of a colorful, fluffy, multicolored blanket. They are wearing headphones and appear to be speaking or singing. The background is dimly lit with a purple hue. The person is wearing a black top with floral patterns. The text overlay at the bottom of the screen reads, ""I ate a whole bag of chips and my tummy hurts real bad. This is a song about feeling sad because they were damn good. No regerts."" The person is also wearing a microphone attached to their top. The video is a commentary on the song ""I ate a whole bag of chips and my tummy hurts real bad"" by Death in Space.","Music, Singing, & Dancing"
7363655590524226862,"The video starts with a person sitting at a desk with a keyboard and a mug with a zebra design. The background is a vibrant blue with a neon sign. The person is wearing a dark t-shirt with the words ""LOVE HOPE CURVE"" printed on it. The scene transitions to a screen displaying information about Discord, including the number of servers, users, and messages. The text on the screen reads ""Welcome to Spypet, a Discord data scraping website. Discover Discord's data with over 300 million users and still growing. Missed Discord? Search Discord Users."" The person is then shown again, this time with the text",News
7337977691611696417,"The video shows a person driving a car, wearing a white sweater and a seatbelt. The person is seen gesturing with their hands and talking to the camera. The car is driving through a city street with buildings and other cars visible through the windows. The person appears to be in a conversation with the camera, possibly discussing the driving experience or expressing frustration.",1. News
7335864619187146016,"The video is a series of maps and graphics that compare the population and geography of Wyoming and Colorado. It starts with a map of the United States, highlighting the states of Wyoming and Colorado, and then zooms in on the Rocky Mountains, showing the border between the two states. The video then provides a detailed comparison of the two states, including their population, geography, and economy. It highlights the differences in population density, climate, and economic development between the two states. The video concludes with a map of the Rocky Mountains, showing the location of Gannett Peak and Yellowstone National Park, and a red box highlighting Wyoming's O'Neill Four-Year University.",Science & Technology
7356565580603870497,"The video features a conversation between two individuals, one in a dark suit and the other in a light pink outfit, set against a backdrop of a black and green background. The conversation revolves around the topic of mental health, with the person in the dark suit expressing concern and empathy for the person in the light pink outfit, who is struggling with mental health issues. The person in the light pink outfit shares their personal struggles with mental health, including the challenges of finding a therapist and the impact of the COVID-19 pandemic on their mental well-being. The conversation also touches on the political context, with the person in the dark suit expressing concern about the Labour Party's role in the Welsh NHS and",Politics
7407322364309949728,"The video shows a group of people performing on stage. They are dressed in casual clothing and are dancing energetically. The stage is brightly lit with colorful lights, and the background features a large screen with a pink and blue design. The performers are moving in sync with each other, and the audience can be seen in the foreground, watching the performance. The video also includes a text overlay that reads ""I don't wanna die Before we love, we love, this feeling, babe Cause it's enough, enough, can't be this way Before we love, we love, this feeling, babe I love it, I like it, but I don't wanna die Ooh,","Music, Singing, & Dancing"
7395058028594122014,"The video features a series of individuals in various settings, each with a caption overlaid on the screen. The captions suggest that the individuals are discussing political issues, with one person mentioning the importance of the election and another expressing their support for a particular candidate. The video also includes scenes of individuals in different locations, such as a car, a beach, and a museum, which may be related to the political discussions. The video concludes with a black screen, indicating the end of the video.",Sports
7357035995667107114,"The video shows a woman in a black t-shirt with the word ""Tropical"" on it, standing in a fast food restaurant. She is holding a drink in her hand and talking to the camera. The drink is a fruit punch with a straw. The woman is also wearing a necklace and has tattoos on her arms. She is standing in front of a counter with a menu on it. The menu has pictures of different drinks on it. The woman is talking to the camera and gesturing with her hands. She is also holding a drink in her hand. The video ends with the woman standing in front of the counter, talking to the camera.",Entertainment & Shows
7322958700291853614,"The video is a news broadcast featuring a man in a suit and red tie speaking at a podium. The background is blue with the words ""Iowa Town Hall"" and ""Donal Trump"" visible. The man is speaking to a woman in a white suit and another man in a suit. The broadcast is from Fox News, as indicated by the logo in the bottom left corner. The man is discussing various topics, including the origins of the coronavirus, the potential for retribution, and the impact of the pandemic on the economy. The video also includes text overlays with questions and answers, such as ""What was Trump asked about?"" and ""What was Trump asked about?"" The man is seen",Politics
7333721172363922734,"The video shows a man in a blue shirt and khaki pants standing in front of a black Toyota CUV. He is wearing sunglasses and a name tag. The man is dancing and moving his arms and legs around. The background is a parking lot with other cars and palm trees. The text ""Toyota coulver"" is displayed at the top of the screen, and there are emojis of a smiley face with sunglasses. The man continues to dance and move his arms and legs around.",1. News
7320342127790148907,"The video depicts a police officer in a black uniform with a badge and a name tag standing in front of a row of blue lockers. The officer is wearing a black beanie and a black vest with a badge. The background is a plain wall with a window on the left side. The text ""TYRANT COPS MAKE BIG MISTAKE"" is displayed at the top of the screen, followed by ""silverthorne Colorado - fIslam amendment"" and ""Amaganset Press."" The officer is seen gesturing with their hands, possibly explaining something. The video continues with the officer standing in front of the lockers, still gesturing and talking. The text",News
7287998089279917345,"The video begins with a person standing outdoors, wearing a dark jacket and a white shirt with a black design. The person is holding a smartphone and appears to be speaking, with text overlaid on the video indicating that they are discussing saving money on Amazon. The scene transitions to a computer screen displaying the Amazon website, showing various products and categories. The text overlay continues to emphasize the benefits of shopping on Amazon, particularly during Prime Day. The video then shifts to a close-up of the computer screen, focusing on the Amazon website's product categories and prices. The text overlay suggests that discounted items can be found in these categories, and the video concludes with a message encouraging viewers to check out the Amazon",Entertainment & Shows
7340766599860849926,"The video shows a man in a military uniform standing at a podium with a microphone in front of him. He is wearing a dark blue uniform with various medals and insignia on the left side of his chest. The background features a large building with the words ""The Pentagon"" and ""Washington, D.C."" written on it. The man appears to be giving a speech or statement, as indicated by his hand gestures and the presence of a microphone. The video also includes a caption that reads, ""Patrick Ryder, U.S. Air Force Brigadier General,"" which suggests that the man is a military officer.",News
7324688586807201070,"The video shows a young woman sitting in a classroom, wearing a white sweater and a beige scarf. She is looking at a piece of paper in front of her. The background shows a window with blinds, a bulletin board with papers and a shelf with books and other items. The text overlay on the video reads ""Special Ed teacher trying to figure out whether their student is crying."" The woman appears to be in a classroom setting, possibly a school or a tutoring environment. The video does not provide any additional context or information about the woman or the situation.",1. News
7195058735914519809,"A video showing a tall building being demolished. The building is being demolished by a crane and a bulldozer. The demolition is taking place in a construction site. The video shows the demolition from different angles, including a close-up of the demolition site and a view from a balcony. The demolition is taking place in a city, and the video shows the demolition from different angles, including a close-up of the demolition site and a view from a balcony. The demolition is taking place in a city, and the video shows the demolition from different angles, including a close-up of the demolition site and a view from a balcony. The demolition is taking place in a city, and the video",1. News
7360854136440540459,"The video starts with a man in a light gray polo shirt standing in a doorway, looking out at a lush green landscape. He is joined by another man in a dark jacket with red accents, who is also looking out at the same landscape. The man in the polo shirt then turns to face the man in the dark jacket, and the text ""CAN I HELP YOU?"" appears on the screen. The two men stand facing each other, with the man in the polo shirt speaking to the man in the dark jacket. The man in the dark jacket responds with ""HUELL?"" and the man in the polo shirt continues to speak. The two men then stand side by",Entertainment & Shows
7408631372044111135,"The video shows a person with tattoos petting a cat. The cat is lying on a white surface with a bowl of food nearby. The person is holding the cat's paw and appears to be comforting it. The cat has a bandage on its leg, indicating it may have been injured. The person is also holding a kitten, which is also wearing a bandage. The video is a plea for help, as the person is asking for donations to replace the medications that were lost during a power outage.",Pets & Animals
7383460841204534534,A person is using a power tool to cut a piece of wood. The wood is being held in place by a clamp. The person is using a chisel to make a precise cut in the wood. The wood is being held in place by a clamp. The person is using a power tool to cut a piece of wood. The wood is being held in place by a clamp. The person is using a power tool to cut a piece of wood. The wood is being held in place by a clamp. The person is using a power tool to cut a piece of wood. The wood is being held in place by a clamp. The person is using a power tool to cut a piece of wood,Science & Technology
7340748820130647326,The video shows two people sitting at a table in an office environment. One person is wearing a dark jacket and the other is wearing a striped shirt. They are discussing the new $20 minimum wage law in California for fast food restaurants. The person in the dark jacket is holding a sandwich and appears to be asking questions about the new law. The person in the striped shirt is holding a phone and appears to be answering the questions. The video also includes text overlays that provide information about the new law and the person's name.,Politics
7289539647825382698,"The video features a woman in a kitchen, wearing a peach-colored shirt with a floral pattern and dark blue shorts. She is dancing energetically, moving her arms and body in various directions. The kitchen is well-lit, with a white countertop and cabinets in the background. The woman's movements are lively and expressive, with her arms raised and her body swaying to the rhythm of the music. The video does not contain any text or subtitles.",1. News
7390878944012045598,"The video is a humorous and engaging commentary on the fashion industry, featuring a person in a virtual environment. The person is seen in various outfits, including a black outfit with a yellow headpiece, a red outfit, and a green outfit, and is interacting with other virtual characters. The person is also seen in a real-life setting, wearing a black hoodie and headphones, and is seen reacting to the virtual interactions. The video includes text overlays with humorous commentary, such as ""Can you get out my face?"" and ""Slay, man. Thought he was going to make me yellow."" The video also includes a countdown timer and a list of virtual characters, with the person's",Gaming
7390133152670420266,"The video shows a person wearing a black shirt with a skull design and a necklace with a cross pendant. The person is standing in a room with a wooden dresser and various items on it. The person is wearing hoop earrings and has long hair. The lighting in the room is dim, and there is a red light on the person's forehead. The person appears to be speaking or singing, as indicated by the audio in the caption.",1. News
7373916497896377617,"The video starts with a close-up of a chocolate cake with a creamy white filling, placed on a white plate with a floral design. The cake is surrounded by a border of rectangular cookies with the word ""Biscuit"" written on them. A hand holding a knife slices into the cake, revealing the creamy filling inside. The scene transitions to a close-up of a bowl filled with a brown mixture, which is being stirred with a wooden spoon. The mixture is then poured into a baking pan lined with parchment paper. The next scene shows a hand placing rectangular cookies around the edge of a baking pan, followed by a close-up of a bowl of white cream being stirred with a whisk",Entertainment & Shows
7303250453079280927,"The video is a promotional video for the Air Tahiti Nui Tiare Pass, which offers four round-trip tickets to Tahiti, Paris, Auckland, and Tokyo in economy class. The pass costs $1,525, and if you do the math, assuming each round-trip ticket costs $750, it's a very good deal. However, there's a catch: you have to fly out of LAX or Seattle for your flights, and there are only 250 passes available, which go on sale on November 25th at 9 a.m. Pacific time. The video also includes a graphic with the Air Tahiti Nui logo",Travel & Events
7330776298576514347,"A man and a woman are sitting at a table with a spinning wheel in front of them. The wheel has different colored sections and a red button in the center. The man is wearing a dark blue shirt and the woman is wearing a white shirt. The man is spinning the wheel and the woman is pointing at different sections of the wheel. The wheel has sections labeled ""Onomatopoeia,"" ""Eye,"" ""Eyes,"" ""Eyes,"" ""Eyes,"" ""Eyes,"" ""Eyes,"" ""Eyes,"" ""Eyes,"" ""Eyes,"" ""Eyes,"" ""Eyes,"" ""Eyes,"" ""Eyes,"" ""Eyes,"" ""Eyes,"" """,Entertainment & Shows
7386716685945900320,"The video begins with a man in a suit and tie walking through a stadium, with a crowd of people in the background. The man is then seen sitting in a stadium, with a woman in a white jacket standing next to him. The man is then seen standing in the stadium, with a woman in a white jacket standing next to him. The man is then seen sitting in the stadium, with a woman in a white jacket standing next to him. The man is then seen standing in the stadium, with a woman in a white jacket standing next to him. The man is then seen sitting in the stadium, with a woman in a white jacket standing next to him. The man is then seen",Sports
7390820226562084139,"The video shows a group of cartoon characters standing under a rain shower. One character, wearing a yellow dress, is holding a purple umbrella. Another character, wearing a blue shirt and shorts, is holding a blue umbrella. The background is a fence, and it is raining. The text on the screen says, ""When you're just trying to have a brasummer."" The characters appear to be talking to each other, and the text suggests that they are discussing the rain and their plans for the day.",Film & Animation
7361435694725696810,"The video starts with a person standing on a stage in front of a crowd, with the text ""Every headline show I make my vip pledge to be a friend to anyone who came alone to show that night."" The person is wearing a blue jacket and a pink skirt. The scene then transitions to a close-up of the person, with the text ""Every headline show I make my vip pledge to be a friend to anyone who came alone to show that night."" The person is still on the stage, but the focus is on their upper body. The next frame shows the person standing on the stage again, with the text ""Every headline show I make my vip pledge to be a",Entertainment & Shows
7317028968568343850,"The video is a series of humorous and instructional clips that demonstrate various ways to improve one's social skills, particularly when it comes to talking to girls. The first clip shows a person using a drill to attach a bolt to a wooden block, with the text ""how do I talk to girls I'm shy?"" displayed at the top. The person then uses a drill to attach a bolt to a wooden block, with the text ""I'll give you guys the best advice"" displayed at the top. The person then uses a drill to attach a bolt to a wooden block, with the text ""actually, I'll give you guys the best advice"" displayed at the top. The person then uses a",Science & Technology
7393735339996712225,"The video features a person wearing a white and blue striped shirt with a blue collar, standing in front of a door. The person is holding a phone and appears to be speaking or reacting to something. The background is a plain wall with a door visible. The person is wearing a watch on their left wrist. The video includes text overlays in French, which appear to be part of a conversation or a message. The text reads: ""QUAND ON A 11 DE VUE LE \""M\"" VENTE E \""MILLION\"" MAISQUAND ON A 1 K DE VUE, SE L'ELLE K \""VIENT DE QUE MO\""? �",Sports
7286953369133174062,"The video shows a man in a yellow shirt and black pants standing on a sidewalk next to a road. He is holding onto a large, black and white parachute. The background features a mountainous landscape with trees and buildings. The man begins to run towards the camera, and as he gets closer, the parachute starts to inflate. The man then jumps off the sidewalk and into the air, with the parachute fully inflated. He floats in the air, and the parachute billows out behind him. The video ends with the man still floating in the air, with the parachute still billowing out behind him.",Sports
7210197949433892142,"The video showcases a picturesque beach scene with a clear blue sky and calm ocean waters. The beach is bustling with people enjoying the sunny weather, with some lying on beach chairs and others walking along the shore. The beach is lined with umbrellas and beach towels, indicating a popular spot for relaxation and sunbathing. The video is overlaid with text in Italian, providing a list of the beach's favorite attributes, such as its ""iconic and icy"" feel, its ""reasonable"" food options, and its ""delicious"" umbrellas. The text also mentions the beach's ""great peachy bellies"" and its ""reasonable"" prices. The video concludes with a",Favorite beach in Capri
7317451980497046826,"The video is a compilation of morbid facts about the Church of Scientology. It starts with a split-screen format, showing two individuals in different settings. The top half of the screen displays the title ""Morbid Scientology Facts"" and the bottom half shows the same title. The background of the top half is black, while the bottom half is white. The video then transitions to a black and white format, showing two individuals in different settings. The top half of the screen displays the title ""Morbid Scientology Facts"" and the bottom half shows the same title. The background of the top half is black, while the bottom half is white. The video continues with a black and white",Science & Technology
7346304747646848288,A group of people are shopping in a grocery store. They are looking at the shelves and picking up items. One of the people is wearing a blue vest and is talking to the camera.,Entertainment & Shows
7357381570371603717,"The video shows a group of people dancing in a room. One person is wearing a white shirt and brown boots, while another is wearing a black and white patterned dress. The person in the white shirt is dancing with the person in the black and white dress. The person in the white shirt is also dancing with another person in a white dress. The person in the white shirt is dancing with a person in a white dress. The person in the white shirt is dancing with a person in a white dress. The person in the white shirt is dancing with a person in a white dress. The person in the white shirt is dancing with a person in a white dress. The person in the white shirt is",1. Entertainment & Shows
7319635608945675528,"A person is dancing on a stage with a dark background. They are wearing a white sweatshirt with a black design, black and white striped pants, and red shoes. The person is performing a dance routine, moving their arms and legs in various ways. The audience is watching the performance, and some people are taking photos or videos.",3
7288048371019926814,"The video shows a woman standing outside in front of a house, wearing a white shirt. She is talking to the camera and gesturing with her hands. The background is a house with a porch and a window. The woman is wearing a ring on her finger. The video also shows a thermometer outside, which is showing a temperature of 65 degrees.",1. News
7302492057975688490,"The video features a person wearing a tie-dye tank top with a watermelon pattern. The person is standing in front of a white wall with a ceiling fan. The person is wearing a pair of sunglasses on their head. The video includes text overlays that read ""From the river to the sea"" and ""From the river to the sea."" The video also includes a logo for the Filter Creator Fund, which is a non-profit organization that supports Palestine.",1. News
7289320054347468078,"The video features a person sitting at a desk with a laptop in front of them. The person is wearing a dark shirt and has their hands resting on the desk. The background is a room with a painting that has a red and orange color scheme. The person is speaking and gesturing with their hands, and there is text overlaid on the video that reads ""Hobart Archie Burke's head will explode."" The person continues to speak and gesture, and the text remains on the screen throughout the video.",Entertainment & Shows
7346011922946510126,A person wearing a beige hoodie is standing in front of a tree and a building. The person is wearing a backpack and has sunglasses on their face. The person is talking to the camera. The person is wearing a beige hoodie and a backpack. The person is standing in front of a tree and a building. The person is wearing sunglasses and has a backpack on. The person is talking to the camera. The person is wearing a beige hoodie and a backpack. The person is standing in front of a tree and a building. The person is wearing sunglasses and has a backpack on. The person is talking to the camera. The person is wearing a beige hoodie and,Politics
7366304208150121774,"The video features a series of individuals making heart shapes with their hands in front of their faces. Each person is wearing a different outfit and has a different hairstyle. The video is set in a room with various decorations, including a cactus plant, a framed picture, and a chandelier. The text overlay on the video reads ""Millennials try new Gen Z handcart"" and ""Lauran 1998"" and ""Lisa 1993"" and ""Katherine 1992"" and ""Christina 1990"" and ""Amy 1995"". The video appears to be a humorous take on the fashion trends",Entertainment & Shows
7360733570232552710,"The video features a person standing outdoors, holding a large, intricately designed clock with the text ""КУРАЕНА"" (Ukraine) on it. The clock has Roman numerals and is surrounded by decorative elements, including wheat stalks. The person is dressed in casual attire, and the background consists of greenery and a paved path. Throughout the video, the text overlay provides contact information, including a phone number and email address, suggesting that the video is part of a promotional or informational series. The person appears to be presenting the clock, possibly as a product or a piece of art, and the video seems to be focused on showcasing the clock's","1. Music, Singing, & Dancing"
7369576124948548897,"The video shows a dog wearing a red shirt with a logo on it. The dog is standing in a grassy field and appears to be barking or growling. The text in the video is in Russian and appears to be a translation of the dog's actions. The text reads ""Когда он пытается забыть тысячими с подружками"" which translates to ""When he tries to forget thousands of friends."" The dog's actions are exaggerated and humorous, and the text reinforces the idea that the dog is trying to forget its friends.",7. Pets & Animals
7393839173922327841,"A screenshot of a political map showing the results of a poll. The map is divided into states, with each state colored in blue or red to indicate the results of the poll. The blue states are those that voted for Joe Biden, while the red states are those that voted for Donald Trump. The map also includes a ""Tossup"" section, which shows the results of a poll that was conducted in a specific state. The ""Tossup"" section is color-coded to indicate the results of the poll. The video also includes a ""Clear"" button, which allows the user to clear the poll results.",Politics
7388205937036725537,"The video shows a person in a blue and white jacket driving a car. The person is wearing a seatbelt and appears to be talking to the camera. The background is a dark interior of the car, with some equipment visible. The text overlay at the top of the video reads ""POV: Trying to activate my Supacell power"" with emojis of a battery and a lightning bolt. The person seems to be trying to activate something, possibly related to the Supacell power, but the video does not provide any further context or explanation.",1. News
7362611852360174881,"The video begins with a black screen displaying the text ""4TO ЛОВОВЬ выява ПЕРЕСТРЕЛКИ ЯСНОЙ"" in white letters, which translates to ""4TO LOVVY unveils the red lightning"". The scene then transitions to a dark, nighttime setting with a cityscape in the background. A red sports car is seen driving through the city, with the text ""КОТОРИЙ"" (which translates to ""whom"") appearing on the",1. News
7368846954471640362,"A person with long red hair is standing in a kitchen, wearing a black sweatshirt with green text. They are gesturing with their hands while talking. The kitchen has white cabinets and a light fixture on the ceiling.",Entertainment & Shows
7108772250320473349,"The video showcases various activities and attractions in the Greek island of Paros. It begins with a person standing in front of a scenic view of the island, with the text ""Paros 5 out of the box activities!"" displayed at the top. The person is wearing a red and white striped shirt and is seen gesturing and speaking. The video then transitions to a series of numbered activities, each accompanied by a brief description and a scenic view of the island. The activities include:

1. ""Have a meal in the traditional village of Lefkest. From Lefkest you can make a 3.5 kilometer hike on the old Byzantine road which leads to the even more traditional village",Travel & Events
7349908267742743854,"The video features a person wearing a red shirt with a black design, speaking into a microphone. The background is a room with shelves containing various items, including books and decorative objects. The person is seen gesturing with their hands while speaking, and the text on the screen provides commentary on the legal situation involving President Trump and his immunity claim. The text includes phrases such as ""Trump worksagainstin is legal team in PresidentTrump a legal claim!"", ""Donald Trump completely destroyed his immunity claim."", and ""Donald Trump did all the work for Jack Smith and the prosecution and made the work of his defense team that much harder."" The video also includes a quote from a legal scholar, ""Cro",Politics
7273897683918621994,"The video begins with a person sitting cross-legged on the field, wearing a navy blue sweatshirt with yellow text and white sneakers. The person is wearing headphones and has a microphone clipped to their shirt. The background shows a football field with yellow and white stripes. The person is then seen standing up and walking towards the camera, still wearing the same outfit. The scene transitions to a football game where a player in a white jersey with yellow stripes is being tackled by a player in a red jersey. The player in the white jersey is wearing a helmet with a yellow design. The player in the white jersey is holding the ball and is being tackled by the player in",Sports
7374631394108181806,"The video shows a woman standing in front of a bed in a bedroom. She is wearing denim shorts and a striped shirt. The bed has a tufted headboard and is made up with white sheets and pillows. The woman appears to be talking about packing because her spouse was brought to the U.S. at age 4. She mentions that her DREAMER age 19 got married in 2017, and her daughter left the USA for h h h h h h h h h h h h h h h h h h h h h h h h h h h h h h h h h h h h h h h h h h h h",Entertainment & Shows
7285324334934035745,"The video shows a man in a black shirt and jeans bending over a machine in a gym. He is surrounded by people, some of whom are watching him. The man is holding a device in his hand, which appears to be a pregnancy test. The people in the background are standing and watching the man, some of them are smiling and clapping. The man is looking down at the device, and it appears that he is checking the results of the pregnancy test.",1. News
7374137745364602155,"The video features a woman in a pink jacket and a man in a black shirt inside a car. The woman is speaking, and the man is listening attentively. The text overlay on the video reads ""Mom - Date someone who wants you... Not my type."" This suggests that the woman is giving advice to the man about dating someone who is interested in him. The video does not show any specific actions or movements of the characters, but the woman appears to be speaking directly to the man.",1. News
7345205332383108394,"The video shows a group of people gathered around a table in a room with a stone wall in the background. The people are signing documents and appear to be involved in a humanitarian effort. The text on the screen indicates that the U.S. has deployed Marines to Haiti overnight to airlift U.S. embassy staff out of the country, and they have joined security forces to reinforce the embassy. The government has lost all credibility and power, and gangs have nearly overrun Haiti's capital, and the government is on the verge of collapse. The U.S. has ruled out using troops to restore order to the nation, saying they are enabling and encouraging international partners to resolve it themselves. The",1. News
7335427690708651272,A person is standing on a city street and talking to the camera. They are wearing a white sweater vest with black trim and light blue jeans.,1. News
7366011789085035809,"A man in a suit and tie is standing at a podium on a stage at a conference. He is holding a cane and speaking into a microphone. There is a large screen behind him that displays the text ""antwortung führen. In Verantwortung."" The man is wearing a purple tie and brown shoes.",Politics
7383627859803393313,"The video shows a man sitting at a desk in an office, wearing a white polo shirt and black pants. He is speaking to the camera, and the text on the screen changes as he talks. The text includes phrases like ""A ENCORE,"" ""SON PORTRAT,"" ""LE SUCCES,"" ""LES ATTENTES,"" ""SEPTEMBRE,"" ""LE SIFFLE,"" ""DU MATCH,"" ""ET PUS,"" ""LACTUALITÉA,"" ""CETAI PUS,"" ""SYNOGOGUES PRÉSÉCTES,"" ""CUIS,"" ""CHAQUE GOIS,"" ""LES,"" ""EN",Sports
7362157037511396613,A person is unpacking a large box of beauty products from a shipping box. They are holding a bottle of body mist and a tube of body cream. The person is also holding a box of hair dye and a box of hair dye remover. They are talking about the products and how to use them.,Beauty Care
7346042702347406638,"The video starts with a person sitting on a rooftop in a city with red-tiled roofs and a church with a clock tower in the background. The person is wearing a black hoodie and shorts, and they are holding a phone. The scene transitions to a person sitting on the ground, holding a phone and looking at it. The next scene shows a person sitting on the ground, holding a phone and looking at it. The scene then transitions to a person sitting on a rooftop, holding a phone and looking at it. The next scene shows a person sitting on the ground, holding a phone and looking at it. The scene then transitions to a person sitting on the ground, holding a phone",Travel & Events
7362203819721166123,"The video shows a group of people gathered in a public space, holding signs and protesting. The signs express support for the students of Harvard University and Columbia University, and a message of love and respect for the children in Gaza. The video also shows a woman in a police uniform interacting with a person on the ground, and a large tent with a sign that reads ""Thank you."" The video concludes with a group of children holding up signs and making heart shapes with their hands, expressing their love and support for the students of Harvard University and Columbia University.",Education
7389277272009690401,"The video begins with a view of a large white boat with a red stripe on the side, moving through a body of water. The boat is surrounded by a large amount of foam, indicating that it has recently been in contact with the water. The sky is overcast, and the water is calm. The boat is moving towards the camera, and the text ""First migrants ashore since election"" appears on the screen, suggesting that the boat has brought the first migrants ashore since the election.

The scene then transitions to a view of a large white boat with a red stripe on the side, moving through a body of water. The boat is surrounded by a large amount of foam, indicating that",News
7315533802409839914,"The video features a person with long, wavy blonde hair wearing a dark gray jacket, standing in a room with a light gray wall and a plant in the background. The person is seen gesturing with their hands while speaking, and the text on the screen provides commentary on various topics related to Islamophobia and the treatment of Christians in Palestine. The video covers a range of topics, including the mass migration of Arab Jews to Israel, the expansion of the Muslim empire, and the impact of colonialism on the region. The person's commentary is critical of the misinformation and biased rhetoric surrounding these issues, and they emphasize the importance of prioritizing truth over entertainment. The video concludes with a call to action for",News
7355525427160452385,"The video features a woman performing on stage, wearing a black outfit and a hat. The text overlay reads ""When Beyoncé points at you in the crowd."" The woman is seen singing into a microphone, with the audience in the background. The video captures the woman's performance from different angles, showing her from various perspectives. The lighting and stage setting remain consistent throughout the video, emphasizing the woman's performance.","3. Music, Singing, & Dancing"
7368383778034601249,"The video shows a computer screen with a 3D model of a room. The room has a desk, a chair, and a trash can. The desk has a computer on it. The trash can is labeled ""Recycle Bin."" The computer screen is showing a 3D model of a room. The room has a desk, a chair, and a trash can. The desk has a computer on it. The trash can is labeled ""Recycle Bin."" The computer screen is showing a 3D model of a room. The room has a desk, a chair, and a trash can. The desk has a computer on it. The trash can is labeled ""Recycle Bin.""",1. News
7386720277557742880,"The video showcases a series of gymnastics performances, featuring a female gymnast in a blue leotard performing on a green and blue gymnastics mat. The gymnast begins by standing on the mat, then proceeds to perform a series of flips and jumps, showcasing her athleticism and skill. The video captures the gymnast's movements in detail, highlighting her strength and precision. The background of the video is a gymnasium filled with spectators, adding to the competitive atmosphere. The gymnast's performance is well-received by the audience, with the video ending on a note of applause and admiration.",Sports
7297944147648924961,"The video showcases the process of making Slow Cooker French Onion Soup. It begins with a close-up of a white ceramic pot filled with golden brown onions, followed by the addition of sliced onions, salt, pepper, garlic, and brown sugar. The onions are then cooked in the slow cooker on high for 8-10 hours, resulting in a rich, flavorful broth. The video then shows the soup being served with slices of bread, topped with melted cheese, and finished with a crispy, golden-brown crust. The final scene features a close-up of a hand holding a slice of the soup, highlighting its delicious texture and aroma.",17. Food
7400109280008867114,"The video features a person wearing a white t-shirt with blue and red text that reads ""HARRIS FOR PRESIDENT"" and a gold necklace. The person is sitting on a bed with a white blanket and a black headboard in the background. The person is speaking and gesturing with their hands, emphasizing the importance of checking voter registration status. The video also includes text overlays that read ""DEMOCRATS MUST CHECK/VOTER REGISTRATION STATUS"" and ""HARRIS FOR PRESIDENT"" along with a hashtag ""#HARRISFORPRESIDENT"". The person appears to be discussing the importance of",Politics
7331415226442730757,"The video showcases a vibrant and energetic performance by a group of individuals, likely a band or a group of dancers, on a stage with a dynamic and colorful background. The performers are dressed in a variety of outfits, including camouflage jackets, red and white outfits, and black and white outfits, and are seen dancing energetically, with some individuals holding microphones and others performing synchronized dance moves. The stage is illuminated with bright lights, creating a lively atmosphere. The video also includes text overlays in Korean, which provide context and commentary on the performance, such as ""아침반칙"" (Morning Breakfast) and ""성남 �","Music, Singing, & Dancing"
7307346522234998049,"The video features a woman sitting on a couch, wearing a dark-colored top. She is speaking to the camera, and the text overlay on the screen reads, ""me when someone asks why I love to watch The Kardashians."" The woman appears to be in a casual setting, possibly a living room, and is engaged in a conversation about her love for the show. The video does not contain any additional visual elements or actions beyond the woman speaking and the text overlay.",8. Entertainment & Shows
7362216509206236449,"The video showcases a person's shopping trip, starting with a close-up of a hand holding a package of ""Spa Fresh"" bath bombs. The person then moves to a shelf stocked with various items, including a box of ""Cien"" bath bombs, a bottle of ""Balea & Cipress"" shampoo, and a bag of ""Mercan"" chips. The person picks up a bag of ""Head & shoulders"" shampoo and a bottle of ""Seinz"" deodorant, and then a box of ""TOMATEN"" tomatoes. The video concludes with a close-up of a hand holding a can of ""Red Bull"" energy drink.",1. News
7396760829498002720,"A woman with long, wavy blonde hair is standing in front of a bookshelf filled with books. She is wearing a white tank top and is gesturing with her hands as she speaks. The text on the screen is in German and includes phrases like ""warum ich die Bücher nicht mehr verkaufe"" (why I no longer buy books), ""warum ich nicht einfach in die Bücherei gehe"" (why I no longer go to the bookstore), and ""warum ich nicht einfach in die Bücherei kaufe"" (why I no longer buy books). The woman is making various",Entertainment & Shows
7343145915886193926,"A man and a woman are standing on a cobblestone street at night. The man is wearing a red jacket and blue jeans, while the woman is wearing a black leather jacket and brown pants. They are talking to each other, and the man is holding a microphone. The background shows a building with a sign that reads ""Зазвичай, коли до мене підходять і кажуть, можна вам розказати залог? На наступний день мені пишу",Entertainment & Shows
7368596585594359083,"The video starts with a person in a studio setting, speaking into a microphone with the text ""POWERED BY FREEDOM"" in the top left corner. The scene transitions to a large crowd in a public square, with the text ""IN BG"" at the top. The person continues to speak, and the text changes to ""INTERNATIONAL"" and then ""YOUTUBE: DW NEWS."" The scene shifts to a large crowd in a public square, with the text ""OF THE"" at the top. The person continues to speak, and the text changes to ""NEWS, IMAGINE"" and then ""YOUTUBE: DW NEWS",Politics
7395305751469772075,The video shows a woman with long hair sitting in the driver's seat of a car. She is wearing a purple top and a necklace. The video is captioned with a comment from someone who is not visible in the video. The woman is talking to the camera and appears to be making a humorous or satirical point about voting.,Politics
7278695690522348843,"The video shows a person wearing a green hoodie with a graphic on it, sitting in an airplane. The person is talking and gesturing with their hands. The background shows the interior of the airplane, with seats and overhead compartments visible. The person is also wearing a ring on their left hand. The video then transitions to a news article about Mr. Beast, who has a net worth of $100 million. The article includes a picture of Mr. Beast and a link to his website. The video then shows the person in the green hoodie again, with the news article still visible on the screen. The person continues to talk and gesture with their hands. The video then",Entertainment & Shows
7344030729531067680,A man in a suit and tie is talking to another man in a suit and tie. They are in a room with a lot of people in the background. The man in the suit and tie is holding a microphone. The man in the suit and tie is talking to the man in the suit and tie. The man in the suit and tie is talking to the man in the suit and tie. The man in the suit and tie is talking to the man in the suit and tie. The man in the suit and tie is talking to the man in the suit and tie. The man in the suit and tie is talking to the man in the suit and tie. The man in the suit and,Politics
7395616033127648554,"The video shows a person in a black outfit standing in a room. The person is holding a black bag and appears to be taking a selfie in front of a mirror. The room has a bed with a white blanket and a dresser with a mirror. The person is wearing a black shirt and black pants. The video also includes text overlays that read ""berbine you capsules and you Vag & Stubborn high belly fat was"" and ""berbine you capsules and you Vag & Stubborn high belly fat was.""",1. News
7347525697591725355,"A person wearing a green shirt with the text ""THE WORLD IS NOT ENOUGH"" is standing in front of a bush with red flowers. The person is talking and gesturing with their hands.",Politics
7376404436505136416,"The video is a humorous take on a traffic warden's interactions with pedestrians. The warden, dressed in a uniform with a yellow hat and a checkered shirt, is seen interacting with various individuals, including a man in a blue hat and a man in a black hat with a yellow band. The warden's interactions are depicted as humorous, with the warden using exaggerated gestures and expressions to emphasize their points. The warden's interactions are also shown in different settings, including a street with a red double-decker bus and a city street with tall buildings. The warden's interactions are depicted as humorous, with the warden using exaggerated gestures and expressions to emphasize their points.",Entertainment & Shows
7341059462687509803,"The video is a compilation of various images and text that suggest that Kate Middleton is confined in a tower, possibly deceased, and that Camilla Parker may be responsible for this situation. The text confirms that Kate Middleton is sedated and locked in a tower, with Camilla Parker being held responsible. The video also includes images of Kate Middleton and Camilla Parker, as well as various other people, suggesting that they are all involved in the situation. The video also includes text that suggests that the situation is ambiguous and that Kate Middleton is under scrutiny for these events.",News
7357877605581802795,"A video game scene where a character is being chased by another character. The first character is running through a cityscape, while the second character is following closely behind. The first character is wearing a white shirt and brown pants, while the second character is wearing a black outfit with red and white stripes. The first character is also carrying a flashlight. The first character eventually reaches a building and hides behind it, while the second character continues to search for the first character.",Gaming
7348220196772990254,"The video starts with a person wearing a black cap and glasses, sitting in front of a laptop. The person is wearing a light blue shirt with a graphic design and a black cap with a logo. The person is holding a pen and pointing at the screen of the laptop, which displays a website that cannot be reached. The website is trying to reach a site that is blocked by the Great Firewall of China. The person is also holding a piece of paper with a red and white design. The background shows a window with white curtains and a wall with a painting. The person is talking about the censorship in China and how it affects the internet. The video then shows a view of a park with",Politics
7323547689201765664,"The video showcases a person in a garage, wearing a black shirt with a white logo and a black cap. The person is standing in front of a green sports car and a white sports car, with a garage in the background. The person is talking about the cars and pointing at them. The text on the screen reads ""5 Cars from Country Italian Edition"" with the Italian flag in the background. The person is also seen holding a child in a gray hoodie and a gray jacket. The video also includes a screenshot of a news article about a Ferrari F40, which is the most expensive car in the world.",Sports
7388973620116180257,"A man in a suit and tie is giving a speech at a podium. The text on the screen reads ""Jordan Bordea: 'Vous, je serais, vous, jusqu'à la victoire'"".",Politics
7392691382218935583,"The video starts with a group of people in white shirts with black designs, standing in a room with a red background. They are holding a black bag with a white logo. The scene then shifts to an airport where a man and a woman are standing in front of a building with a sign that reads ""Welcome to Terminal 4"". The video then shows two men standing in front of a building with a sign that reads ""Welcome to Terminal 4"". The next scene shows a group of people standing in front of a building with a sign that reads ""Welcome to Terminal 4"". The video then shows a group of people standing in front of a building with a sign that reads ""Welcome to Terminal",Sports
7323689375043243269,"The video features a white cat standing on a blue couch in a well-lit room with wooden floors and a chandelier. The cat is holding a small object in its paws, possibly a toy or a treat. The cat appears to be interacting with someone off-camera, as it looks towards the person with a curious expression. The text on the screen reads ""Вам покачиваю карьинкой иконкой"" (I'm making a cat icon for you), suggesting that the cat is being used to create a visual representation of a cat. The cat's body language and facial expressions change throughout the video,",Friends
7383363724628725024,"The video shows a group of people walking down a runway in a large, industrial-looking room. The people are dressed in various outfits, including some in black and others in different colors. The runway is surrounded by a crowd of people sitting on the floor, watching the fashion show.",1. Entertainment & Shows
7339981163756490030,"The video shows a person's hands with long, bright pink nails, which are being painted with a bright pink polish. The person is using a nail polish brush to apply the polish to their nails. The video also shows a nail dryer in the background, which is used to dry the nails after they are painted.",Beauty Care
7318033407785569569,"The video showcases a red Mercedes-Benz car parked in a parking lot, with a person standing next to it. The person is wearing a light blue shirt and dark pants, and is gesturing with their hands while speaking. The background features a concrete structure with multiple levels. The text on the screen changes throughout the video, providing different information about the car and the person's relationship with it. The video also includes close-up shots of the car's exterior, highlighting the ""V8 BITURBO"" badge on the side.",11. Entertainment & Shows
7361467847190760750,"The video features a person sitting in front of a wall covered with various posters and decorations. The person is wearing a gray hoodie and is engaged in a conversation, as indicated by the text overlaid on the video. The text appears to be a dialogue or monologue, discussing a relationship and the person's feelings towards someone named ""Lovinhim."" The person seems to be expressing their emotions and thoughts about the relationship, mentioning that they are not afraid to admit their feelings and that they are not afraid to confront the other person. The video also includes a text overlay that reads, ""Every time I leave the city, you Been hanging out with him like I don't know Staying away",Entertainment & Shows
7323131799310306590,"The video is a series of interviews with Jeff Bezos, the founder and CEO of Amazon.com, conducted in 2000. The video begins with a man in a blue shirt and gray pants walking down a hallway, followed by another man in a blue shirt and gray pants. The text ""Jeff Bezos interview on Amazon in 2000"" appears at the top of the screen, and the logo ""Everything30"" is visible in the bottom right corner. The video then shows a man in a blue shirt and gray pants sitting in a chair, with the text ""Jeff Bezos interview on Amazon in 2000"" at the",Entertainment & Shows
7353311795374738721,"The video features a person sitting on the floor in a room with a brick wall and a curtain in the background. The individual is wearing a gray hoodie and black pants, and they are holding a phone in their hands. The person appears to be in a state of contemplation or frustration, as indicated by the text overlay on the screen. The text reads: ""Pov: t'es en même temps, tu n'as toujours suivis son carous, mais n'as toujours vu que c'est une façon de faire des choses qui ne sont pas vraiment vraiment vraiment vraiment v",1. News
7329621030023089440,"The video shows a group of people standing in a room, with one person wearing a white hoodie and another wearing a black top. They are posing for a photo together.",1. Entertainment & Shows
7261278269884992795,"The video shows a group of people on stage, with one person in the center wearing a white outfit. The stage is lit with red and blue lights, and there are people in the audience taking pictures and videos. The person in the center is holding a microphone and appears to be speaking or singing. The background is dark, and there are other people on stage, some of whom are also holding microphones. The video ends with a close-up of the person in the center, who is smiling and appears to be enjoying the performance.","Music, Singing, & Dancing"
7397527101143878954,"A man in a suit and tie is speaking at a podium in a formal setting. He is addressing a group of people, likely senators, and is using hand gestures to emphasize his points. The text on the screen is in yellow and white, and it appears to be a conversation or debate. The man is making a point about the number of agents protecting the president, and he is asking for clarification on the number of agents assigned to Donald Trump and Joe Biden.",Politics
7353267784886897952,"Two men are sitting at a counter in a room. One man is wearing a yellow jacket, and the other man is wearing a white hoodie. They are talking to each other.",Entertainment & Shows
7351137146004114693,"The video showcases a thrilling soccer match between two teams, one in yellow and the other in blue. The match is intense, with players from both teams displaying remarkable athleticism and skill. The video captures a series of key moments, including a player in blue being tackled by a player in yellow, a player in yellow attempting to score a goal, and a player in blue attempting to score a goal. The video also highlights the referee's decision to award a goal, which is met with celebration by the players in blue. The video concludes with a player in blue celebrating a goal, followed by a player in yellow celebrating a goal.",5. Sports
7312903813122280746,The video shows a group of farmers in France protesting against the draconian regulations against ethm. Now they are literally spraying cow shit at government officials.,Politics
7357063093962214689,"The video features a person wearing a black jacket with white zippers and a pearl necklace. They are standing in front of a window with blinds and a wall with pictures. The person is speaking German, and the text on the screen reads ""wie ich in die Deutsche abprüfung reiß gehe am."" The person is gesturing with their hands and appears to be explaining something.",1. News
7374800691677629729,"The video features a person standing in front of a large orange truck with the text ""How do you step 4 hours and ovvk15 hours"" displayed at the top. The person is wearing a black shirt and has a microphone clipped to their shirt. The background is a road with trees and a clear sky. The person appears to be speaking or singing, and the video includes multiple instances of the person making hand gestures and moving their arms. The text ""It's in my blood"" is displayed at the bottom of the screen, suggesting a theme of passion or dedication. The video also includes a series of images of the person in different poses, with the text ""MULG",Comedy
7350964297381498154,"A person is rummaging through a trash bin, looking for items. The trash bin is full of various items, including a box of chocolates, a box of macaroons, a box of pizza, and a box of pizza crusts. The person is also looking for a laptop, which is partially visible in the trash bin.",Entertainment & Shows
7405044080729787678,"The video shows a woman standing at a podium, holding a book. She is wearing a blue suit and has long hair. The background is a stage with a blue and white background featuring stars. The text on the screen reads ""DNC speaker briggugugat at copy of Proj:2025"" and ""2025"". The woman is speaking into a microphone. The video also shows a man in a colorful shirt with yellow flowers, sitting in the audience. The text on the screen reads ""DNC speaker briggugugat at copy of Proj:2025"" and ""2025"". The man is clapping. The",Politics
7337416931965685034,"The video features a person standing outdoors, wearing a plaid shirt and a watch. The person is speaking and gesturing with their hands. The background is a natural setting with trees and a wooden bench. The person is discussing the topic of renewable energy and the carbon footprint of Umatilla Electric Cooperative. The video also includes text overlays that provide additional information about the topic.",Science & Technology
7283933352267337002,"The video features a woman in a white t-shirt with the word ""PINK"" on it, wearing a black hair wrap. She is sitting on a couch and talking to the camera. The text ""Mother Gothei but make her Desi"" appears on the screen, suggesting that the woman is a mother who is proud of her daughter's cultural identity. The video then transitions to a woman in a traditional Indian outfit, with intricate jewelry and a headpiece, sitting in a dimly lit room. The video concludes with the woman in the traditional outfit, with the text ""Rapunzel, look at that now. You know what I see? I see a strong, confident,",1. News
7353365116554956074,"A person is standing in front of a disco ball, wearing a colorful jacket. The background is a vibrant, colorful setting with a disco ball and a person in a military uniform. The person in the military uniform is wearing a green shirt and has a beard. The person in the military uniform is standing in front of a framed picture. The person in the military uniform is wearing a green shirt and has a beard. The person in the military uniform is standing in front of a framed picture. The person in the military uniform is wearing a green shirt and has a beard. The person in the military uniform is standing in front of a framed picture. The person in the military uniform is wearing a",1. News
7398943500328242463,A person is making a set of dice with glitter and pink resin. They are using a green mold and pink resin to create the dice. The person is also using a purple mold to create a set of dice with pink resin. They are using a purple liquid to fill the molds and then pouring the resin into the molds. The person is using a purple liquid to fill the molds and then pouring the resin into the molds. They are using a purple liquid to fill the molds and then pouring the resin into the molds. They are using a purple liquid to fill the molds and then pouring the resin into the molds. They are using a purple liquid to fill the molds and then pouring the resin into the,Entertainment & Shows
7386453398792441131,"A person with long braided hair is sitting on a bed with a blue blanket. They are wearing a white t-shirt with the words ""I FEEL GREAT"" written on it. The person is holding a makeup brush and a makeup palette. They are talking about the makeup palette and showing it to the camera.",Beauty Care
7348462120817790240,The video shows a man in a blue jacket shopping in a grocery store. He is looking at a shelf of snacks and picks up a box of Cathedral City cheese. He then picks up a box of Cathedral City cheese sticks and continues to shop. The video ends with the man holding the box of Cathedral City cheese sticks and looking at the camera.,Entertainment & Shows
7360235976494550304,"The video features a series of individuals attempting to jump over a wall in a trampoline park. The first person, wearing a white t-shirt and blue shorts, is seen jumping over the wall. The text ""あなたはないらっち"" (You are not a trampoline) appears on the screen, suggesting a humorous or ironic commentary on the person's attempt. The second person, dressed in black, attempts to jump over the wall but falls short. The third person, also in black, attempts to jump over the wall but falls short. The final person, wearing a white t-shirt and blue shorts, attempts to",bro said sayyaraa
7347591598408043808,"The video starts with a map of the United States, showing all 50 states. The text ""Random City USA"" is overlaid on the map. The map is then zoomed in on a specific state, and the text ""Sterling, CO"" appears, indicating the location of Sterling, Colorado. The scene transitions to a view of a building with the text ""Sterling"" on it, followed by a view of a residential area with a flagpole and a sign that reads ""Sterling, CO."" The video then shows a view of a railroad track in the snow, with a sunset in the background. The final scene is an aerial view of a city",Travel & Events
7310063052341185823,"The video starts with a person in a gray shirt standing in front of a wooden structure, holding a large, transparent, rectangular object. The object is shown to be a panel that can bend light, making it invisible. The text on the screen reads ""has"" and ""are"" in Chinese, indicating that the panel is a real thing. The scene then transitions to a person in a suit standing on a stage, holding a microphone, with the text ""has"" and ""are"" in Chinese. The video then shows a news article from Bilibili, a Chinese video-sharing website, with the headline ""China and the development of science fiction: an invisibility cloak: More science",Science & Technology
7380812058167708960,"The video is a humorous comparison of two football players, Jamal and Jude Bellingham, from Germany and England, respectively. The video is divided into several sections, each highlighting different aspects of the players' careers and personalities.

The first section introduces Jamal, who was born in Germany but moved to Southampton at age seven. It mentions that he scored six goals in the first 10 minutes of his trial and was offered a contract by Chelsea for 180,000 pounds. The video humorously suggests that Jamal's heart is divided between Germany and England, and that he has a clear route to the first team in England.

The second",Sports
7377701670077205803,"The video shows a person with long hair, wearing a black top and a necklace, in a room with a lamp and a mirror. The person is talking about not wanting to dye their hair pink, but the parasites in them want them to. The person then changes their hair color to red, and the text ""AMBER"" appears on the screen.",1. News
7309888375023045931,"The video features a person wearing a blue jacket with the NFL logo on it, standing in front of a garage door. The person is wearing a beanie and has a beard. The background includes a pegboard with various tools hanging on it. The person is speaking, and the text on the screen changes throughout the video. The text includes phrases such as ""don't be fooled by the lies,"" ""republican take,"" ""don't be fooled by the lies,"" ""republican take,"" ""don't be fooled by the lies,"" ""republican take,"" ""don't be fooled by the lies,"" ""republican take,"" ""don't be fool",Politics
7312875354220285215,"The video starts with a man in a dark suit, white shirt, and red tie standing in front of a night cityscape backdrop. He is speaking and gesturing with his hands. The scene transitions to a live broadcast of a man in a dark suit, white shirt, and red tie speaking at a podium with the text ""TRUMP"" and ""Iowa 2023"" on the backdrop. The broadcast includes a ticker with the text ""JACK SMITH ASKS FOR RALLY COVERAGE"" and ""SCORTS TO RALLY SUPPORTERS COVERAGE."" The scene then returns to the man in the dark suit, who continues to",Politics
7283816318883679531,"The video is a series of frames showing a person with long blonde hair wearing a black shirt with the word ""SWA"" on it. The person is standing in front of a white background with a text overlay that reads ""Things you didn't know about teaching in 2023."" The text is in a list format, with bullet points that provide information about teaching in 2023. The person is speaking and gesturing with their hands, and the background remains consistent throughout the video. The video is a mix of text and images, with the person's face and upper body visible in the foreground, while the background remains blurred. The text overlay is in a white font",Science & Technology
7317764806767922475,"A woman and a child are playing in a snowy forest. The woman is standing in a metal container filled with ice, while the child is sitting in a plastic container filled with water. The woman is using a black tool to break the ice, and the child is playing in the water. The woman is wearing a leopard print top and light gray leggings, while the child is wearing a blue and white patterned outfit. The woman is smiling and laughing as she plays with the child.",Entertainment & Shows
7395290316569382174,"The video features a woman wearing a leopard print top and glasses, standing in front of a blurred background. She is speaking, and the text overlay on the screen provides a detailed explanation of a surprise technique. The woman appears to be explaining the steps involved in the surprise, which involves a combination of surprise, surprise, surprise, surprise, surprise, surprise, surprise, surprise, surprise, surprise, surprise, surprise, surprise, surprise, surprise, surprise, surprise, surprise, surprise, surprise, surprise, surprise, surprise, surprise, surprise, surprise, surprise, surprise, surprise, surprise, surprise, surprise, surprise, surprise, surprise, surprise, surprise, surprise, surprise, surprise, surprise",1. News
7358143601869671685,"The video showcases a breathtaking sunset over the ocean, with the sun setting in the horizon and casting a warm glow over the water. The sky is painted with hues of orange, yellow, and pink, creating a stunning visual effect. The waves gently crash against the shore, adding to the serene atmosphere. The video captures the beauty of nature in its most tranquil state, with the sun's rays reflecting off the water and the sky's colors blending together in a mesmerizing display.",Travel & Events
7366140924629470496,"The video shows a woman in a white outfit standing next to another woman in a long, elegant dress with intricate designs and gold accents. The dress has a long train and is worn by a woman with long, dark hair. The background is a red carpet event with people in formal attire. The woman in the white outfit is wearing a white top and has long, wavy blonde hair. She is smiling and appears to be posing for the camera. The video also shows a close-up of the woman in the dress, highlighting the intricate details of her outfit.",Entertainment & Shows
7380810864477130016,"The video is a series of images showing a person in a yellow hoodie with a red and black design, standing in front of a large, red, shiny object. The person appears to be in a state of shock or excitement, as indicated by the text ""Can't stop th power *Stops the power*"" displayed on the screen. The background is dark, and the object appears to be a large, shiny, red sphere. The person is wearing a black cap and has long hair. The video seems to be taken at a concert or event, as there are other people visible in the background.",1. News
7346779567639498026,"A person with long, wavy hair is wearing a black top and has pink hair clips in their hair. They are holding a lip gloss tube and applying it to their lips. The background is plain and light-colored. The person is wearing a black top and has pink hair clips in their hair. They are holding a lip gloss tube and applying it to their lips. The background is plain and light-colored. The person is wearing a black top and has pink hair clips in their hair. They are holding a lip gloss tube and applying it to their lips. The background is plain and light-colored. The person is wearing a black top and has pink hair clips in their hair. They",Beauty Care
7299554274827046187,"The video features a person in a dark blue shirt and red glasses, speaking in front of a plain background. The person discusses the history of Palestine, mentioning that the region was known as Palestine for over 3,000 years before the Ottomans, and that the Ottomans referred to it as the ""Philistines."" The person also discusses the history of the Palestinians, mentioning that they have a long and rich history, and that the British Empire divided up the land and called it Palestine. The person also discusses the current situation of Palestinians, mentioning that they are denied the right to live in Palestine and that their culture is made up of the diverse peoples that inhabited the region for over 3,",1. News
7348934489122327841,"The video is a compilation of various scenes from a large public demonstration, likely a protest or rally, with a focus on political and social issues. The footage shows a diverse group of people, including individuals holding signs and banners, engaging in discussions and interactions with each other. The signs and banners contain messages such as ""VOTE,"" ""VOTE,"" ""VOTE,"" ""VOTE,"" ""VOTE,"" ""VOTE,"" ""VOTE,"" ""VOTE,"" ""VOTE,"" ""VOTE,"" ""VOTE,"" ""VOTE,"" ""VOTE,"" ""VOTE,"" ""VOTE,"" ""VOT",Politics
7282317561864260897,"The video showcases a series of scenes featuring a steam locomotive train, with the text ""Steampunk conversion"" appearing at the bottom of the screen. The train is seen moving through a forested area, emitting smoke from its chimney, and passing by a brick wall with people standing on top. The train is also seen inside a train car, with passengers seated and looking out the windows. The video also features a steampunk-themed chair, a collection of steampunk accessories, and a person dressed in a steampunk costume, including a hat and a birdcage on their back. The video concludes with a person with red hair, wearing a necklace, and a close-up of the train moving through",1. Entertainment & Shows
7343605850105318658,"A person is playing the piano with their hands. The piano is illuminated by a blue light, and the person's hands are visible on the keys.","Music, Singing, & Dancing"
7349023065575083306,"A woman in a red dress is standing on a stage at a conference, speaking to the audience. She is holding a microphone and gesturing with her hands. The audience is watching her and listening to her speech. The woman is wearing a red dress and is standing on a stage at a conference. She is holding a microphone and gesturing with her hands. The audience is watching her and listening to her speech. The woman is wearing a red dress and is standing on a stage at a conference. She is holding a microphone and gesturing with her hands. The audience is watching her and listening to her speech. The woman is wearing a red dress and is standing on a stage at a conference.",Politics
7223384947938053418,"The video shows a person wearing a dark blue shirt with green text on it. The person is standing in a kitchen with a tiled floor. There are two armadillos on the floor, one is light-colored and the other is dark-colored. The text on the screen reads, ""Armadillos have been given a reputation, specifically the nine banded armadillo that is from the American South. And the reason for this is because they are known for being able to carry leprosy. Leprosy is a very ancient disease that is actually in modern times, not only very curable, but it's actually kind of a weak disease. It basically, if it's too",Sports
7386641138611981601,"The video features a person wearing a brown jacket and a blue and white checkered shirt. The person is being painted with makeup by another individual, who is applying makeup to the person's face. The makeup application process is shown in detail, with the person's face being covered in makeup and the makeup artist carefully applying it. The video then transitions to a close-up of the person wearing a black military-style uniform, complete with a hat and gloves. The uniform is detailed with gold accents and a belt. The video concludes with a close-up of the person wearing the black military-style uniform, with the text ""sa kurosaki"" visible on the screen.",1. Entertainment & Shows
7314163714402340102,"The video begins with a close-up of a warp gate, which is a circular structure with a glowing blue light emanating from it. The warp gate is surrounded by a dark background with small white dots, which represent stars. The warp gate is shown in different angles, with the light swirling and changing colors, creating a sense of motion and energy. The warp gate is also shown from a top-down perspective, with the light swirling in a spiral pattern. The video then transitions to a black background with white dots, representing stars, and a white line moving across the screen, creating a sense of motion. The warp gate is shown in a close-up, with the light swirling and changing colors",This is how a warp gate slows a ship down to a hyper lane.
7385499788764040481,A person is holding a Kinder chocolate bar in a white container. The person is then seen cutting the chocolate bar into smaller pieces.,Entertainment & Shows
7276776260431367467,"The video is a montage of a man in a suit and tie speaking into a vintage microphone, with text overlaid on the screen. The text appears to be a list of statements made by the man, which include things like ""Anything I've done in my guise as an SS colonel was sanctioned by the OSS as a necessary evil to establish my cover with the Germans,"" and ""I want my full military pension and benefits under my proper rank."" The man is seen in various settings, including a bar and a room with a bookshelf, and the text changes to reflect different statements. The video does not provide any additional context or information about the man or the statements he is making.",Politics
7372265021042101550,"The video is a series of clips showing a person with long hair, wearing a black shirt, in a room with a window with blinds and a wooden piece of furniture in the background. The person is making various hand gestures and movements, and there is text overlaid on the screen that reads ""Reply to tynesy, ca's comment"" and ""Glasgow."" The person appears to be speaking or reacting to something, and the text suggests that they are discussing their experiences in Glasgow, Scotland. The person also mentions that they would move to Scotland if they had to, and that they love the architecture of Edinburgh.",Travel & Events
7373730224879521056,"The video features a tiger, depicted in a striking color scheme of orange, black, and white, with a blue object in its mouth. The tiger is positioned on a dark background, and the image is presented in a triangular shape, with the tiger's body occupying the majority of the frame. The tiger's eyes are wide open, and its mouth is open, as if it is roaring or growling. The video does not contain any additional text or subtitles.",7. Sports
7326266761773436166,"The video features a person wearing a black sweatshirt with white text on it, sitting in front of a wall adorned with various posters and a guitar. The individual appears to be speaking, as indicated by their mouth movements and hand gestures. The background includes a bed with a blue blanket and a window with blinds. The person's facial expressions and body language suggest they are engaged in a conversation or monologue. The video does not contain any discernible text or captions.",1. News
7371461402030034218,"The video shows a man in a suit and tie standing in an office, holding a card. He is speaking to the camera and the text on the screen reads, ""And if Jewish people are gonna vote for Joe Biden, they have to have their head examined."" The man then says, ""The last person I'm gonna take advice from as a Jewish person is a known anti-Semite who's had dinner with anti-Semites, who said there was good people on both sides after Charlottesville. He's the last person I'm gonna take advice from."" The video ends with the man saying, ""I'm going to take advice from him.""",Politics
7367380929913900320,"The video features a person wearing a black shirt and headphones, standing on a road with trees in the background. The person is wearing a necklace and has long hair. The video is a selfie, and the person is looking at the camera. The text overlay on the video reads, ""PSA I wore shorts on my walk and the only thing that cared was my mom. No one alerted the town elders at that size 12 queen wore shorts summer heat x. Literally wear your own."" The person is wearing a necklace and has long hair. The video is a selfie, and the person is looking at the camera. The text overlay on the video reads, ""PSA I",1. News
7306264195475983622,"The video features a group of dancers performing on stage. The central figure is a woman with long, wavy hair, wearing a black top and a beige skirt with a chain belt. She is adorned with multiple gold necklaces and white gloves. The background is a vibrant, colorful display with various hues of red, green, and purple. The dancers move in sync, executing a choreographed routine that includes spins, arm gestures, and synchronized steps. The video captures the energy and coordination of the performance, with the central figure taking center stage.","3. Music, Singing, & Dancing"
7360919706913525035,"The video is a series of frames showing a puzzle game with a watermelon pattern. The game is set against a black background with a red border. The numbers 00:00 to 00:30 are displayed at the top of the screen, indicating the time. The puzzle pieces are arranged in a grid, and the player is trying to fit them together to complete the pattern. The game is challenging, and the player is making progress, but the puzzle is not yet solved. The video is a call to action, urging viewers to donate and help the player reach his goal.",1. News
7380730540061691178,"The video begins with a black screen that gradually reveals a green and black gradient, followed by the text ""hulu"" in green. The text then changes to ""hulu originals"" in green, indicating the platform and content type. The scene transitions to a silhouette of a person standing against a dark background, with the text ""A Court of Thorns and Roses"" appearing in white letters. The video concludes with a black screen, suggesting a transition or a pause in the narrative.",Entertainment & Shows
7355249683469454634,"The video features a person standing on a beach during sunset, with the ocean waves gently lapping at the shore. The individual is wearing a white hoodie and a baseball cap. The person is seen from the back, with their head slightly tilted to the side, and they are holding a white object in their hand. The background is a serene beach scene with the sun setting in the sky, casting a warm glow over the water. The person appears to be speaking, as indicated by the text overlay on the screen. The text reads: ""the joy of the joy of the joy of jesus, the security of jesus, the peace of jesus, the love of jesus, the","the joy of jesus, the security of jesus, the peace of jesus, the love of jesus, the joy of jesus, the security of jesus, the peace of jesus, the love of jesus, being called through jesus, having the will to live through jesus, having"
7387743887940390177,"The video features a person wearing a white sweater with a zipper, standing in a room with a door and a light fixture in the background. The person is holding their hair up with one hand and appears to be speaking. The text overlay on the video reads, ""Someone in their twenties says they aren't voting."" The person then gestures with their hand, possibly emphasizing a point or making a statement. The video ends with the text, ""You're not really into politics? Okay, fair enough. But what are you into? Transformers? Pokemon, you fucking child?""",1. News
7297354768928853294,"The video is a series of text-based messages from a person discussing their experiences with buying and stocking HEB (Hong Kong Express) products. The person mentions difficulties in keeping store stock, the importance of variety packs and POG (Pure Oatmeal Grits), and the launch of new Buc-ee's test stores. They also express excitement about upcoming events and the availability of new products. The person seems to be sharing their experiences and plans with the community, encouraging others to join their VIP phone number list for updates.",Entertainment & Shows
7374908166175280427,"The video showcases a series of steps in preparing a dish, likely tacos, with a focus on the ingredients and cooking process. It begins with a close-up of a hand holding a taco filled with shrimp, tomatoes, and other ingredients, with a bowl of sauce and a can of soda in the background. The scene transitions to a kitchen setting where shrimp are being seasoned with a red sauce, followed by the preparation of a white sauce and the cooking of shrimp in a pan. The final step involves the assembly of the tacos, topped with the shrimp, tomatoes, and a white sauce, and served on a plate with a bowl of white sauce and a can of soda in the background",Food
7377866805823491371,"The video features a person with curly hair, wearing a dark blue shirt, standing in a room with a painting of a tree on the wall. The person is speaking, and the text overlay on the screen reads, ""You could kiss any woman in the world, feet, who would it be?"" The person then points to themselves and says, ""Megan Fox."" The scene transitions to a close-up of the person, with the text overlay changing to, ""Daenerys."" The video then shows a person sitting on a throne, with the text overlay reading, ""If you can kiss any woman in the world, feet, who would it be?"" The person on the throne is wearing",8. Entertainment & Shows
7149700277782760746,"The video shows a person lying on a bed with a pink blanket. The person has long hair and is wearing a black shirt. The person is lying on their side, with their head resting on the bed. The person is also wearing a necklace. The person is lying on their side, with their head resting on the bed. The person is wearing a black shirt and has long hair. The person is lying on their side, with their head resting on the bed. The person is wearing a black shirt and has long hair. The person is lying on their side, with their head resting on the bed. The person is wearing a black shirt and has long hair. The person is lying on their",Pets & Animals
7384004708165242144,"The video features a person sitting in a chair in a room with wallpaper and framed pictures on the walls. The person is wearing a light blue sweater and is holding a phone. The person is talking about a black and white dog named Mika, who is sitting in a field of tall grass with red flowers. The person describes Mika as a ""live wire"" and a ""fairy godmother"" and talks about her wide paws and potential issues with her back leg. The person also mentions that Mika is a ""adorable"" and ""loved"" dog.",Entertainment & Shows
7314367547862781226,"The video begins with a view of a snowy forest, showcasing tall pine trees covered in snow. The camera pans across the forest, revealing a winding path through the snow-covered ground. The scene is serene, with the forest's trees standing tall against the overcast sky. The camera then focuses on a close-up of a pine tree, highlighting its snow-covered branches and the texture of the snow. The camera pans out to reveal more of the forest, with the path winding through the snow-covered ground. The video continues with a view of a snowy forest, showcasing tall pine trees covered in snow. The camera pans across the forest, revealing a winding path through the snow-covered ground",Science & Technology
7340337384652934446,"The video is a series of images showcasing various individuals with captions providing information about their names and backgrounds. The captions include names such as Malia Obama, Angelina Jolie, and Nicolas Cage, along with their respective birth names and family connections. The images depict people in different settings, including formal events and casual gatherings, and feature text overlays that provide additional context about the individuals. The video appears to be a compilation of information about famous individuals, with each image accompanied by a caption that provides a brief explanation of the person's name and background.",Entertainment & Shows
7333801200875261185,"The video begins with a dark blue background featuring a world map with a digital texture. The text ""An Election Year Guaranteed To Divide Us"" is prominently displayed in white, capital letters. The scene transitions to a split-screen view with a man in a suit and tie on the left and a man in a suit and tie on the right. The man on the right is gesturing with his hands. The text ""A Second Term We Can All Agree On"" appears in white, capital letters. The video then shows a blue background with the text ""THE DAILY SHOW"" in white, capital letters, followed by ""MONDAYS WITH JON STEWART"" in white",8. Entertainment & Shows
7328517572679372078,"A man is sitting at a table in a car dealership, holding a piece of paper with handwritten text. He is talking to the camera, and the text on the paper reads ""POV: The customer never stops negotiating."" The man gestures with his hands while talking, and the camera zooms in on the paper. The man continues to talk, and the camera zooms out to show the man sitting at the table. The man continues to talk, and the camera zooms in on the paper. The man continues to talk, and the camera zooms out to show the man sitting at the table. The man continues to talk, and the camera zooms in on the paper. The",Comedy
7375847354341068065,"The video showcases a large crowd gathered at Hinds Hall in Garmin, watching a concert. The stage is brightly lit with green and red lights, and the crowd is enthusiastic, waving their hands and cheering. The performers on stage are dressed in blue and white, and the crowd is diverse, with people of various ages and ethnicities. The video also includes text overlays with messages such as ""Say Free Free Palestine The crowd:"" and ""The next but never ended to colonize the rise. The students in tents, posted on the lawn. Occupying the quad, really against the law. Ain't no reason to call in the police and their squad. But it's genocide, they a",Politics
7392127900079721761,"The video starts with a person standing outside a building, wearing a black sleeveless top and light blue jeans. They are holding a piece of wood and have tattoos on their arms. The text on the screen reads, ""let me show you around our room here at Estelle Manor. We've got a large stables room because we're here with our small animal. So this is one of the dog-friendly rooms. This is the little foyer bit. And all of this, well, we've got some poo bags and then this little bag that's got a load of dog treats in it, is very sweet we've also been given these snacks and as it's my",Entertainment & Shows
7368121296154086688,"The video shows a table filled with various dishes, including salads, meats, and side dishes. There are also glasses of water and wine on the table. A person is standing in front of the table, talking to the camera. The person is wearing a dark sweater and glasses. The background shows a room with a window and some furniture.",1. News
7378190751211064607,"The video showcases a man demonstrating the features of an expandable camper. He begins by showing the camper's size and the man's size, emphasizing the camper's triple-sized interior. The man then opens the camper's door, revealing its interior, which includes a solar panel, a GoSun power center, and a GoSun cooker. He demonstrates the camper's electrical system, including a seven-way wiring harness and an electric brake controller. The man also shows the camper's compartments, including a storage compartment and a cooking compartment. Throughout the video, the man emphasizes the camper's features, such as its size, electrical system, and storage capabilities.",Science & Technology
7325985650140974382,"The video is a humorous take on the idea that running in the rain is better than running on rainy days. It shows a series of experiments conducted by Jamie and Adam to test this theory. The experiments involve weighing clothes, using artificial rainfall, and comparing the results to other methods of running. The video ends with a humorous note about the potential for the experiments to be rigged.",Science & Technology
7406690692765977887,"The video is a series of clips showing a person sitting in a train or bus, with a stranger sitting in the seat next to them. The person in the seat next to them is talking to the person in the foreground, who is trying to get their attention. The person in the foreground is wearing a white shirt and shorts, while the person in the seat next to them is wearing a black shirt and a bandana. The background shows the interior of the train or bus, with other passengers visible. The person in the foreground is trying to get the attention of the person in the seat next to them, who is talking to them. The person in the foreground is trying to get their attention by",Travel & Events
7309290162540858667,"The video starts with a news broadcast from a news anchor in a studio, discussing an investigation after a massive home explosion in Arlington, Virginia. The anchor is dressed in a dark suit and tie, and the background features a blue-toned graphic with the text ""HOME EXPLOSION ROCKS NEIGHBORHOOD"" and the ""ABC"" logo. The scene transitions to a close-up of the anchor, with the same text and logo. The video then shows a dramatic scene of a house engulfed in flames, with the text ""BREAKING NEWS"" and ""HOME EXPLOSION ROCKS NEIGHBORHOOD"" still visible.",News
7365274404420406571,"The video starts with a person on a sailboat, wearing a black shirt and gray pants, working on the boat's deck. The person is seen cleaning the boat, and the text ""I live on a shrink wrap sailboat in New England"" appears on the screen. The person then takes a break and sits on the boat, with the text ""the first thing I do in the morning is soak up the sun with Phoebe, and then I do some chores"" appearing. The person continues to work on the boat, and the text ""honestly, I hate washing dishes, so this is proof that I do actually wash them"" appears. The person then cooks up some g",Pets & Animals
7392992201837464850,"The video starts with a woman standing in front of a glass door, talking about her daughter's first haircut. She is wearing a floral dress and has long, dark hair. The scene transitions to a hair salon where a woman is getting her hair cut. The video then shows a young girl with long, dark hair sitting in a white cape, getting her hair washed and cut. The next scene shows the girl with short, dark hair, wearing a white dress with a tulle skirt, standing in front of a white wall. The video then shows a woman with long, dark hair, wearing a floral dress, sitting in a chair in a hair salon. The next scene shows",Travel & Events
7395692426888891679,"The video starts with a person wearing a colorful shirt with a rainbow design, standing in front of a microphone. The scene transitions to a close-up of the same person, followed by a view of a cityscape at sunset. The person is then seen in a crowded room, surrounded by people holding signs that read ""KAMALA KAMP"" and ""KAMALA HARIS."" The scene shifts to a close-up of the person in the colorful shirt, with a large image of a person in a suit and red tie in the background. The person is then seen in a crowded room, surrounded by people holding signs that read ""KAMALA KAMP"" and",Politics
7335178711819373867,"The video shows a series of tweets from the ICCJICJ (@CJICJ) about the South African government filing an emergency request with the International Court of Justice for additional provisional measures specific to the imminent invasion of Rafah. The tweets provide information about the case and the legal team involved. The video also includes a screenshot of a document from the International Court of Justice, which discusses the case and the legal arguments being made. The final frame shows a person wearing a brown shirt, with the text ""and I think it's a testament to the dedication of the South African legal team in this case.""",News
7353793317437590827,"The video shows a man and a woman in a room. The man is standing and the woman is bending over. The man is holding a cup of hot coffee and the woman is holding a cup of hot coffee. The man is saying ""Don't prank your employee when they're holding hot coffee"".",1. News
7377799778299579690,"The video features a woman standing outdoors, with an American flag in the background. She is wearing a black top and has tattoos on her arms. The text overlay on the video reads, ""Isn't it weird you're a fan of an American flag, but you know who you're voting for?"" The woman appears to be speaking directly to the camera, and the video seems to be a commentary on the American flag and the voting process.",1. News
7346724921361435937,"Two girls are walking down a sidewalk in a residential area. They are both wearing black jackets and carrying backpacks. The sidewalk is lined with buildings and trees. The girls are walking in a line, with one girl leading the way.",Travel & Events
7384186520351083781,"Якщо ви думаєте, що в мене не йшла мова про викуп цього бренду, ще раніше до цієє конфліктної ситуації. Ось я пишу вище. Я тобі ще куди-то предложила продати свою ча",Entertainment & Shows
7396382918039457041,"A man and a woman are sitting on a bed in a modern room. The man is wearing a white shirt and black shorts, while the woman is wearing a white shirt with red text and blue jeans. The man is holding the woman's leg and they are talking to each other. The text on the screen changes to different messages, such as ""Не видалось просто число"" (I couldn't find a simple number), ""Не видалось просто число"" (I couldn't find a simple number), ""Не в",Entertainment & Shows
7273841367351069998,"The video shows a person wearing gloves and cutting a block of bright yellow soap into smaller pieces. The soap is placed on a marble countertop. The person then holds up a package of the soap, which is labeled ""Ammonia Naturals Turmeric & Kaolin Brightening Soap."" The video concludes with a close-up of the soap package, showing the ingredients listed on the label.",Beauty Care
7277167570946379014,"The video captures the vibrant atmosphere of a large stadium filled with enthusiastic fans. The crowd is predominantly dressed in yellow and blue, with some wearing black and white stripes. The fans are seen raising their hands in the air, waving flags, and cheering enthusiastically. The stadium is well-lit, and the atmosphere is electric. The video also shows a soccer match in progress, with players on the field and the crowd's excitement palpable.",Sports
7365322515998068011,"The video starts with a person standing in front of a podium, with a backdrop of the U.S. Capitol building. The text on the screen reads ""STITCH INCOMING WOKE ENCAMPENTS EXPOSED!!!!"" and ""we're here to discuss the little Gazas that have risen up on campuses across America."" The person is then shown standing in front of a tent, with the text ""I'm literally in so much danger here. Follow me if you want me to continue exposing these encampments for what they really are. And please pray for my safety. I'm literally in so much danger here."" The video then shows a close-up of",1. News
7362319887361903905,"The video begins with a person wearing sunglasses and a gray shirt, standing in front of a black background. The text overlay reads, ""Seeing Rufuski during Uni ski trip trying to see Uni ski trip trying to see Uni ski trip trying to see Uni ski trip trying to see Uni ski trip trying to see Uni ski trip trying to see Uni ski trip trying to see Uni ski trip trying to see Uni ski trip trying to see Uni ski trip trying to see Uni ski trip trying to see Uni ski trip trying to see Uni ski trip trying to see Uni ski trip trying to see Uni ski trip trying to see Uni",1. Entertainment & Shows
7311332422077975840,"The video shows a series of interactions between a woman and a man in a purple jacket and a man in a purple jacket and a pink tie. The woman is seen speaking to the man, who is listening attentively. The man in the purple jacket and pink tie is also seen standing in front of a fence, with a police badge visible on his jacket. The video also includes a small inset image of a man in a white shirt, who appears to be the same man in the purple jacket and pink tie. The video ends with the man in the purple jacket and pink tie being escorted by a police officer, with the woman standing nearby.",Entertainment & Shows
7354415572626509099,"The video starts with a person wearing a maroon beanie and a white t-shirt, sitting in a room with a white wall, a green shelf, and a rack of clothes in the background. The person is speaking, and the text on the screen provides information about earthquakes in the United States, particularly in the eastern part of the country. The text explains that the eastern United States is older and has a higher concentration of earthquakes, and that the energy of earthquakes is more efficiently carried by the Earth's crust in this area. The person then discusses the earthquake that occurred in New Jersey, which was a magnitude of 4.8 and had its epicenter in Lebanon, New Jersey. The",Science & Technology
7378608951975349536,"The video captures a moment of triumph and celebration on a soccer field. The players, dressed in white jerseys, are seen running and embracing each other in a jubilant display of joy. The crowd, a sea of spectators, is seen cheering and waving flags, their faces filled with excitement and relief. The text overlay ""ENGLAND WIN SOCCERAID"" and ""ENGLAND WIN SOCCERAID"" with a smiling face emoji are prominently displayed, emphasizing the victory. The video is a snapshot of a moment of triumph and celebration, capturing the emotions and reactions of the players and the crowd.",Sports
7293239332167617834,"The video features a woman with shoulder-length dark hair, wearing a sleeveless, light-colored top with a leopard print pattern. She is standing in a room with a colorful floral curtain in the background. The room also contains a painting of a deer and a mountain. Throughout the video, the woman is seen gesturing with her hands, possibly emphasizing a point or expressing emotion. The text overlay on the video reads ""some of y'all m"" with a laughing emoji, suggesting a humorous or lighthearted context. The woman's facial expressions and hand movements vary throughout the video, indicating she is speaking or reacting to something off-camera.",1. News
7372186670273137952,"The video showcases a series of food-related experiences in various locations. It begins with a person holding a pizza box, followed by a close-up of a pizza with a slice taken out. The scene transitions to a person eating a vegan pizza, then to a person enjoying a burger and fries at a restaurant. The video continues with a person eating a vegan pizza, followed by a person enjoying a vegan pizza at a restaurant. The video then shows a person eating a vegan pizza at a restaurant, followed by a person eating a vegan pizza at a restaurant. The video then shows a person eating a vegan pizza at a restaurant, followed by a person eating a vegan pizza at a restaurant. The",Food
7379475961139547398,"The video features a woman in a black dress with ruffles, standing in a modern kitchen with white chairs and a dining table. She is wearing black high heels and has long blonde hair. The text on the screen reads ""Мени 60 покир"" (My 60 years old) and ""Ну, чуждый 60 года"" (Well, 60 years old). The woman then demonstrates how to style her dress, showing different ways to wear it. She also shows how to tie the ruffles on the dress. The video ends with the woman standing confidently in the kitchen",3. Entertainment & Shows
7364542326959574314,"The video shows a person lying on a bed, wearing a black shirt. They are holding their hands together and appear to be in a state of relaxation or contemplation. The background includes a bed with pillows and a blanket, as well as a wall with a picture. The person seems to be in a moment of self-reflection or introspection, possibly after finishing a task or achieving a goal. The video does not provide any additional context or information about the person's actions or the setting.",1. News
7309293532467039531,"The video shows a group of people sitting on white couches in a studio, with a cityscape visible through the windows. The group is engaged in a conversation, with one person speaking and the others listening attentively. The scene is set in a studio with a cityscape visible through the windows, and the group is seated on white couches. The background features a cityscape with tall buildings and a busy street, suggesting that the studio is located in a city. The group appears to be engaged in a conversation, with one person speaking and the others listening attentively. The scene is set in a studio with a cityscape visible through the windows, and the group is seated on white couches. The",Politics
7376360928851299590,"The video features a series of individuals discussing various topics related to hair care and hair loss. The first person, with long brown hair, is seen wearing a white shirt and a black watch, and is seated at a table with a glass of water. They are engaged in a conversation, gesturing with their hands and using hand gestures to emphasize their points. The background features a bookshelf filled with books and decorative items.

The second person, with curly hair, is also wearing a white shirt and a black watch, and is seated at a table with a glass of water. They are engaged in a conversation, using hand gestures to emphasize their points. The background features a bookshelf filled with",Lifestyle
7347847920151956779,"The video shows a person standing in a doorway, wearing a hat and holding a leash. They are looking at a small dog that is standing on the floor. The person then bends down and picks up the dog, carrying it into the house. The dog appears to be excited and happy to be reunited with its owner.",7. Pets & Animals
7291696863449763078,"The video features a person wearing a beige shirt and a black headband, speaking directly to the camera in a room with a window and a curtain in the background. The person uses hand gestures to emphasize their points, and the text overlays provide context and commentary on the topics being discussed. The video covers a range of topics, including the Israeli-Palestinian conflict, the use of rockets, and the impact of these events on the people involved. The person's expressions and body language convey a sense of frustration and disbelief, as they express their opinions on the events and their perceived impact on the world.",Politics
7375186781999762721,"A woman in a blue floral dress is standing in front of a table with wine glasses, a bowl of cheese, and a plate of food. She is holding a piece of paper and appears to be talking to someone.",1. News
7309512164870491435,"The video is a compilation of different segments, each with a different person speaking. The first segment features a man in a suit and red tie, with the text ""FOX NEWS"" and ""DAWNEMPT, IOWA DECEMBER 5"" displayed at the top. The text ""HANNITY ASKS TRUMP IF HE WOULD ABUSE POWER"" appears at the bottom. The man is shown speaking, with the text changing to ""TOWN HALWITH HANNITY"" and then to ""TOWN HALWITH HANNITY BREAKING NEWS.""

The next segment shows a man in a suit and",Politics
7325003811632745761,"A person wearing a green shirt is talking to the camera. The text at the top of the screen says ""DEUTSCHE THERAPEUTEN HATTEN RECHT"" (German therapists have the right). The person is gesturing with their hands and pointing to their head.",Entertainment & Shows
7355061931993992480,"The video features a person wearing a blue shirt standing in front of a calendar that reads ""MONDAY"". The person is gesturing with their hands, possibly explaining or emphasizing a point. The background is black, and there is a red dot at the top of the calendar. The text on the calendar reads ""Me mentally preparing myself for work tomorrow"". The person appears to be speaking or singing, as indicated by the audio.",1. News
7330624658686954795,"A person wearing a bright pink shirt is sitting in front of a red shelf with various items on it. The person is making hand gestures and pointing at the screen, which shows a news article about Trump's behavior during a meeting. The text on the screen reads ""That's his supporters Booing him & I ❤️ that 4 min"" and ""Trump booed lording about the American hostages USA! USA! USA! USA! USA! USA! USA! USA! USA! USA! USA! USA! USA! USA! USA! USA! USA! USA! USA! USA! USA! USA! USA! USA! USA! USA! USA! USA",Politics
7397794935199567135,"The video shows a woman tied to a tree in a jungle, with a man in a leopard print shirt standing nearby. The woman is covered in mud and appears to be in distress. The video then shows a close-up of the woman's hand writing on a piece of paper. The text on the paper is in a foreign language, and the woman's hand is dirty and covered in mud. The video then shows a close-up of the woman's face, with mud on her face and neck. The video then shows a close-up of the woman's hand writing on a piece of paper. The text on the paper is in a foreign language, and the woman's hand is dirty",1. News
7397967668248120622,"The video showcases a person with long, wavy hair, wearing a black shirt and green cactus earrings, in a room with a bed, a door, and some framed pictures on the wall. They are holding a red box with a white label and a pink box with a white label. The person is wearing blue nail polish with white designs. They open the red box, revealing a small white object, and then open the pink box, revealing a small pink object. The person examines the objects closely, showing them to the camera. They then open a white box with a blue label, revealing a small white object, and continue to examine it. The person holds up the small white object",Beauty Care
7311858161504423214,"The video showcases a collection of BMX bikes, each with unique features and designs. The first bike, a 1987 GT Performer, is highlighted with its pink and white color scheme and chrome components. The video then transitions to a different bike, the 1990 GT Performer, which is also pink and white but with a more modern design. The video continues to feature the 1990 GT Performer, highlighting its chrome components and pink and white color scheme. The video concludes with a close-up of the 1990 GT Performer, showcasing its chrome components and pink and white color scheme.",1. News
7299582823940312350,"The video begins with a man sitting on a green leather couch in a dimly lit room, wearing a gray shirt and dark pants. He is holding a black object, possibly a phone, and appears to be in a contemplative or pensive state. The background features a wooden wall with a window and some books on a shelf. The scene then transitions to a close-up of a person wearing a hooded jacket, with the hood pulled up over their head, creating a sense of mystery or secrecy. The lighting is dim, with a blue hue, adding to the enigmatic atmosphere.

The video then shifts to a man in a white shirt, standing in a room with a bright, white",1. News
7331551109649059115,"The video features a black cat playing a violin. The cat is positioned in a dark setting, with its body illuminated by the light of the violin. The cat's fur is matted and appears wet, suggesting it has been playing for a while. The cat's eyes are wide open, and it appears focused on the music. The video is a montage of the cat playing the violin, with no other objects or people visible.",Pets & Animals
7293441357169937666,"The video features a series of animated scenes with a character in a school uniform and a blonde ponytail. The character is seen interacting with various cars, each with unique designs and colors. The cars are parked in a parking lot, and the character appears to be performing actions such as jumping onto the cars and running alongside them. The background of the video is a parking lot with other cars and buildings visible. The character's actions and the cars' designs suggest a playful and dynamic interaction between the character and the cars.",1. News
7397793782122564896,"The video features a person lying down on a bed, wearing a white top with lace details and a gold necklace. The person is wearing a gold ring and has their hair tied up. They are seen adjusting their hair and making hand gestures, possibly to emphasize a point or express emotion. The background includes a pillow with a black and white pattern. The person's nails are painted white, and they are wearing earrings. The video includes text overlays that read ""Leute, ich hatte einfach gerade eine Realisation. What the fuck? Ich hoffe es eigentlich auszusprechen, aber mir ist aufgefallen",Entertainment & Shows
7359943972216638736,"A police officer is walking down a street with a group of people. The people are wearing orange vests and holding signs. The signs say things like ""Palestina"" and ""Widerstand ist Völkerrecht!"" The police officer is wearing a blue jacket with the word ""POLIZEI"" on the back.",14. Nonprofits & Activism
7344108969151008001,"The video shows a group of people at a wedding reception. There are tables set up with food and drinks, and people are sitting and standing around. A woman in a red dress is sitting at a table with a man in a black suit. They are holding glasses of champagne and smiling at the camera. The woman is holding a piece of paper with the words ""Damian really likes cookies I guess"" written on it. The man is wearing a black suit and a white shirt. The woman is wearing a red dress and has long hair. The man is wearing a black suit and a white shirt. The woman is holding a piece of paper with the words ""Damian really likes cookies I",Entertainment & Shows
7226368631268019482,"The video features a person with long blonde hair, wearing a black leather jacket, standing in a room with a pink towel hanging on the wall. The person is holding a phone, and the text ""Songs for your Insta Story Crush Edition"" is displayed at the top of the screen. The person is seen adjusting their hair and looking at the camera. The video then transitions to a screen with the text ""EVERY TIME WE TALK, IT JUST HURTS SO BAD"" and shows a close-up of the person's face. The next frame displays ""CAUSE I DON'T EVEN KNOW WHAT WE ARE,"" followed by ""I DON","3. Music, Singing, & Dancing"
7369594137928109345,"The video shows a shelf in a grocery store with various food items, including a box of Mr. Brain's pork faggots. The box is prominently displayed and features an image of the product on the front. The price tag on the shelf indicates that the pork faggots are priced at 1.60. The video also includes a humorous comment from the person recording the video, questioning the price of the pork faggots and expressing surprise at the cost.",7. Food
7330275353325227297,"The video features a person with extensive tattoos, who is seen in various settings, including a bar, a restaurant, and an outdoor setting. The person is wearing different outfits, such as a blue and red striped shirt, a white tank top, and a black tank top. The text overlays on the video provide humorous and exaggerated descriptions of the person's appearance and actions, such as ""DAS LEBEN ZU WIRL"" (Life is a struggle) and ""Ich glauke"" (I believe). The video also includes text in German, such as ""Er behauptet, dass ihm das Amputieren seiner eigenen Finger das G",Entertainment & Shows
7327164126822763808,"The video showcases a series of military parades from different countries, featuring women in uniform marching in formation. The countries represented include China, Russia, Vietnam, South Korea, and North Korea. The women are dressed in various uniforms, including green, black, white, and beige, and are seen marching in unison, with the flags of each country displayed on the screen. The video also includes a person in a military uniform standing in the background, observing the parade.",Entertainment & Shows
7371855904813157664,"The video features two individuals standing side by side in a room, with a white wall and a bed in the background. The person on the left is wearing a white shirt with a pink design and denim shorts, while the person on the right is wearing a white shirt with a pink design and black pants. The video is titled ""pre summer s"" and includes a list of statistics for each person, such as ""Jula"" with a score of 26/10, ""Statue"" with a score of 71, and ""happiness"" with a score of 158. The video also includes emojis and a flower-shaped decoration on the wall",Entertainment & Shows
7354696392129924385,"The video showcases a series of close-up shots of a red sports car at a car show. The car is detailed with a carbon fiber body and black wheels. The video begins with a close-up of the car's side, highlighting its sleek design and the ""Porsche"" logo. The car is then shown from the front, revealing its sharp lines and aerodynamic shape. The video continues with a focus on the car's front wheel, showcasing its intricate design and the ""Porsche"" logo. The final shot captures the car from the side, emphasizing its sporty aesthetic and the ""Porsche"" logo on the side. Throughout the video, the car is surrounded by a",1. News
7293639077671210286,"The video shows a person feeding fish from a white bucket filled with fish food. The person is standing on a wooden dock by a body of water, and the fish are swimming around the bucket. The person is holding the bucket with both hands and pouring the fish food into the water. The fish are swimming around the bucket and then start to swim away from the bucket. The person then walks away from the bucket and continues to feed the fish. The video ends with the person standing on the dock, watching the fish swim around.",1. Pets & Animals
7357227155979275526,"A group of people are standing on a cobblestone street at dusk. The group consists of a man in a beige jacket, a woman in a white jacket, a child in a light blue outfit, and another child in a light blue outfit. The man in the beige jacket is holding a microphone and appears to be interviewing the group. The woman in the white jacket is holding a white bag and appears to be taking a photo. The children are holding orange cups and appear to be enjoying the interview. The background shows a street with buildings and people walking around. The atmosphere is lively and festive.",Entertainment & Shows
7394532218032491808,"The video features a woman in a pink dress and a man in a black shirt standing on a sidewalk. The woman is holding a pink purse and appears to be talking to the man. The man is wearing a black shirt and has a black belt around his waist. The background shows a street with cars parked along the side and a fence. The sky is cloudy, and the sun is setting, casting a warm glow over the scene. The woman and the man are engaged in a conversation, with the woman gesturing with her hands while talking. The man listens attentively, occasionally nodding his head. The video ends with the woman walking away from the man, who remains standing on the sidewalk.",1. Entertainment & Shows
7354508802932133166,"The video starts with a person in a room, wearing a light-colored shirt, with a background of a bookshelf filled with books. The text ""Booktok"" appears at the top of the screen, followed by ""Stitch Incoming"" in red. The scene transitions to a person in a car, wearing a light-colored shirt, with a background of trees and a fence. The text ""That video is two things and it is two things only it's misogyny and it's laziness."" appears at the bottom of the screen. The person in the car continues to speak, with the text ""You're not pinning yourself out of your own Instagram bio also says",Entertainment & Shows
7344855206242389280,A woman in a black blazer and white shirt is sitting in front of a wooden background. She is talking to the camera.,Politics
7377794153071037739,"The video is a series of clips from the TV show ""The Office,"" featuring various characters in an office setting. The characters are engaged in conversations and interactions, with the text overlay providing context and dialogue. The video captures the characters' reactions and emotions, creating a humorous and engaging narrative.",Entertainment & Shows
7349706117166959879,"The video features a person standing in a natural setting, surrounded by trees and foliage. The person is wearing a light-colored shirt and is speaking to the camera. The text overlays on the video include phrases such as ""What's up everyone?"", ""It is Frankie Muniz here and I am officially going into the jungle."", ""I don't know how to feel."", ""I'm excited."", ""I'm nervous."", ""You know, I'm normally a very organized and a planner and a control freak and I don't get to control anything here."", ""So I'm along for the ride and, you know, I hope they go easy on me."", and ""That's for",1. News
7308194891656400170,"The video shows a group of people in a stadium, with a large crowd of fans wearing red and white. The fans are cheering and waving their arms in the air, indicating excitement and support for a team or event. The text ""FUMBLE."" appears at the top of the screen, suggesting that the video is related to a sports event or game. The fans are also holding up signs and cheering, which adds to the atmosphere of excitement and support.",Sports
7375105398946139398,"The video shows a person in a light blue robe standing in a living room, talking to the camera. The person is wearing a checkered shirt and has curly hair. The living room has a large window with orange curtains, a couch, and a coffee table. The person is holding a phone and appears to be talking to the camera. The video also shows the person in the living room, standing in front of a door, talking to the camera. The person is wearing a light blue robe and has curly hair. The living room has a large window with orange curtains, a couch, and a coffee table. The person is holding a phone and appears to be talking to the camera. The",Entertainment & Shows
7387067236218916129,A woman is standing in front of a purple and pink cake box in a store. She is wearing a white shirt and a green and white patterned skirt. She is holding a pink cake box with a heart-shaped cake inside. The cake is decorated with white frosting and red cherries. The woman is smiling and looking at the camera.,Entertainment & Shows
7323395108378840351,"The video shows a person dancing in a hallway. The person is wearing a gray sweatshirt and jeans. The hallway has tiled floors and a Christmas tree decorated with red ornaments and a fan on the right side. The person dances energetically, moving their arms and legs in various directions.",Humor
7378610696390528289,A man in a white lab coat is speaking into a microphone. He is standing in front of a large screen that shows a picture of another man in a suit. The man in the lab coat is talking about Emmanuel Macron and his political movement. He also mentions that Emmanuel Macron will be the new Prime Minister.,Politics
7292568999932529963,"The video shows a woman walking on a sidewalk, holding a green water bottle and a small object in her hand. She is wearing a black crop top with a white logo, black shorts, and black sneakers. Another woman is walking beside her, wearing a black sports bra, black leggings, and black sneakers. They are walking on a paved path surrounded by trees and greenery. The video also shows the two women walking on a dirt path surrounded by tall grass and bushes.",Fitness & Health
7360445995945037088,"The video shows a group of wild boars walking on a paved surface at night. The boars are black and have a shiny coat. They are seen eating food from a person's hand, which is placed on the ground. The person is wearing a light-colored shirt and has a camera in their hand. The boars are curious and approach the person, sniffing and eating the food. The person is seen holding a can of food and a spoon, which they use to feed the boars. The boars are seen eating the food from the ground and from the person's hand. The person is also seen holding a flashlight, which they use to illuminate the area. The boars",Entertainment & Shows
7356329953622822187,"The video features a person wearing a colorful cap and a gray shirt with a logo on it. The person is standing in front of a computer screen displaying a stock chart for Trump Media & Technology Group Corp. The stock price is shown to be falling, with a value of 34.21 USD. The person is seen speaking and gesturing with their hands, and the text on the screen changes to provide commentary on the stock's performance. The video also includes a series of text overlays that provide additional commentary on the stock's performance and the person's thoughts on the stock market.",Sports
7376774039899082027,"The video shows a group of elderly people in wheelchairs in a museum, with some of them holding objects like a drum and a cane. The text on the screen suggests that the artwork is a 2007 installation by Sun Yuan and Peng Yu, which features 13 realistic sculptures of elderly world leaders. The sculptures are displayed in electric wheelchairs, and the video humorously compares them to the real-life elderly world leaders. The video also mentions that the artwork is currently on show at the Borster Commerce Pinot Collections The World As It Goes exhibition in Paris.",Science & Technology
7394396617882799366,"The video features a person with curly red hair, wearing a dark top, holding a large, colorful drink in their hand. The drink is decorated with various colors and patterns, including pink, white, and blue. The person appears to be in a dimly lit room, with a dark background. The text overlay at the top of the video reads ""POV: Your cousin gives you something to do drink,"" suggesting that the person is reacting to a situation where someone has given them a drink. The video does not provide any additional context or information about the situation or the person's reaction.",1. News
7382929842615979296,A person is sitting in a room and talking to the camera. They are wearing a white shirt and have a ring on their finger. The room has white walls and a mirror in the background. The person is talking about how they are feeling tired and have been working on the computer for the last few hours. They are not finding anything useful and are feeling frustrated.,Entertainment & Shows
7283171808595971370,"The video features a woman with long black hair, wearing a gray tank top, standing in a room with a plant in the background. She is holding a phone and appears to be speaking, as indicated by her hand gestures. The text overlay on the video reads, ""NO BECAUSE I'M REAL AORES WHEN THE DUCK DUCK AOKING STAND THE GUY AT THE TEAMKAMAD FOR THEY MAD FAWTFIRS LMAO."" The woman's facial expressions and hand movements suggest she is reacting to something humorous or surprising.",1. News
7299771215755906312,Two women are dancing in a gym. They are wearing black jackets and pants. They are dancing in a room with wooden floors and a gray wall.,Entertainment & Shows
7397523950391086369,"A group of animated fruits, including a green apple, a blueberry, and a pineapple, are gathered together against a black background. The green apple is the centerpiece, adorned with a tiara and a crown, and is surrounded by the other fruits. The blueberry and the pineapple are positioned on either side of the apple, and the pineapple is also adorned with a tiara and a crown. The fruits are all smiling and appear to be in a state of celebration or celebration. The scene is festive and colorful, with confetti falling from the top of the screen. The fruits are all animated and appear to be in a state of celebration or celebration. The scene is festive and colorful,",Film & Animation
7410518813021637930,"The video shows a man in a suit and tie sitting in a room with a woman in the background. The man is speaking, and the text overlay on the screen reads, ""Do you think Americans seriously think that this is an important question?"" The woman in the background is wearing a white blazer and appears to be listening to the man. The setting appears to be a formal or professional environment, possibly a meeting or press conference. The video does not provide any additional context or information about the man's identity or the woman's role.",Politics
