video_id,summary,category
7349900395843472672,"A man in a suit and tie is speaking into a microphone at an outdoor event. He is wearing a blue cap with a Russian flag on it. The event is crowded with people, and there are vehicles in the background. The man is talking to another man who is also holding a microphone. The man in the suit is wearing a tie and a white shirt. The man in the suit is wearing a blue cap with a Russian flag on it. The man in the suit is wearing a tie and a white shirt. The man in the suit is wearing a blue cap with a Russian flag on it. The man in the suit is wearing a tie and a white shirt. The man in the suit",Politics
7326597898358066465,"The video is a humorous comparison between a person's reaction to their cat's behavior and the reaction of a smartphone. The video is divided into two parts, each showing a different reaction.

In the first part, the person is shown in a room with a cat sitting on a bed. The person is holding a smartphone and looking at it with a surprised expression. The text on the screen reads ""Pov: Les appels avec mon chacad qui n'a jamais fait de cela"" (Pov: The calls with my cat who has never done this). The person's reaction is shown in a split-screen format, with the left side showing the",7. Pets & Animals
7302484543691328810,"The video is a series of black screens with white text. The text reads ""EMERGENCY RELIEF DISTRICT OCTOBER 1TH, 2023. Stop the killing. Stop hate. Time to donate."" The text is repeated multiple times throughout the video, with no other visual elements or audio present. The video does not contain any additional information or context beyond the text.",1. News
7339991555408694561,"The video shows a person in a store, wearing a brown hoodie with the word ""BALEA"" on it. The person is holding a blue strap and talking about the most popular beauty products from their store. The video then shows a close-up of the Balea brand products on the shelves, including the Vital Augencreme, Aqua Augen Roll-On, Aqua Aqua Aqua Aqua Aqua Aqua Aqua Aqua Aqua Aqua Aqua Aqua Aqua Aqua Aqua Aqua Aqua Aqua Aqua Aqua Aqua Aqua Aqua Aqua Aqua Aqua Aqua Aqua Aqua Aqua Aqu",Beauty Care
7351403366368546081,"The video showcases a series of events involving a group of humans and aliens in a battle. The humans, who are the main characters, are depicted as being highly trained and equipped with advanced weapons. They are pitted against a group of aliens who are depicted as being weaker and more vulnerable. The humans are shown to be able to defeat the aliens with ease, using their advanced weapons and tactics. The aliens, on the other hand, are shown to be vulnerable to the humans' weapons and are quickly defeated. The video also shows the humans being able to survive and even thrive in the face of overwhelming odds, with the humans being able to adapt and evolve to overcome the challenges they face. The video",1. News
7380379588242804001,A person is lying in bed with a pink pillow. They are wearing a black shirt with blue writing on it. The person is making a peace sign with their hand.,Politics
7291005324717313313,"The video features two women standing in front of a large building with a dome, discussing the rise of the Alternative for Germany (AfD) party in Germany. The woman in the pink coat explains that the AfD is on the rise in Germany, coming in second in the state elections in Hesse and third in Bavaria. She also mentions that the law allowing dual nationality and faster German passport processing is still on track. The woman in the green dress asks if the law can be stopped, and the woman in the pink coat responds that the coalition government still has the majority in the Bundestag, and the Bundesrat cannot block the law. The video concludes with the woman in the pink coat",Politics
7184540937974975786,"The video shows a person in a car, wearing a black tank top and white headphones around their neck. They are demonstrating the use of a brow lift product, which is a clear container with a brush applicator. The person is applying the product to their eyebrows, demonstrating the technique and results. The video also includes text overlays that provide information about the product and the person's experience with it.",Beauty Care
7343334803665603883,"The video features a person with long, wavy hair, wearing a dark gray sweater and a gold necklace with a pendant, sitting in front of a cosmic-themed background. The person is holding a black object, possibly a makeup product, and appears to be speaking or presenting. The background is a vibrant mix of pink, orange, and purple hues, resembling a nebula or galaxy. The person gestures with their hands while speaking, and the video includes text overlays that provide information and context. One of the text overlays reads, ""202-224-3311,"" which could be a phone number or a website address. The video also includes a screenshot",Science & Technology
7343662075299761440,"The video begins with a person wearing a pink sweater with a black bow tie, standing in a room with a white wall and a shelf in the background. The text overlay reads, ""Me (a huge horror freak) thinking no scene could ever affect me."" The scene then transitions to a person in a white shirt and tie, covered in blood, standing in a dimly lit room with a green hue. The text overlay changes to, ""This scene."" The person in the white shirt and tie appears to be in distress, with their hands raised in a defensive or pleading gesture.",1. News
7394913119375527210,A person wearing a camouflage cap and a gray shirt is standing in front of a plain wall. They are holding a small object in their hand and gesturing with their other hand. The person appears to be speaking or explaining something.,Politics
7327439802637307178,"A person is standing next to a white truck, talking about the features of the truck. The person is wearing a camouflage hoodie and is holding a phone. The truck has a black interior and a black front bumper. The person is pointing at the truck and talking about the features of the truck.",Sports
7296461109572275488,"The video features a series of interviews with Trump supporters who express their disagreements with the President's stance on unions. The interviews take place in various outdoor settings, including a parking lot and a street with a building in the background. The participants are wearing red hats with the slogan ""MAKE AMERICA GREAT AGAIN"" and red shirts with the slogan ""MAKE AMERICA GREAT AGAIN"" and the American flag. The video includes text overlays in yellow that provide context to the interviews, such as the participants' names and their statements about unions. The participants express their views on the impact of Trump's policies on unions, with some stating that Trump supports unions and others",Politics
7385384197864557855,"The video features a series of images from a television broadcast, showing two men in suits, one with a red tie and the other with a blue tie, standing at podiums with microphones. The background is blue with the CNN logo. The text overlay reads ""My favorite prt of the debate wasa-wa-shitting whoever wasn't talking."" The images are static, with no movement or action taking place. The video does not contain any additional audio or visual elements.",Politics
7358352976639184146,"The video shows a person driving a car on a rainy day. The car is driving on a highway, and the windshield wipers are on. The person is driving in the rain, and the windshield wipers are moving back and forth. The person is also driving in a rainstorm, and the windshield wipers are moving back and forth. The person is driving in a rainstorm, and the windshield wipers are moving back and forth. The person is driving in a rainstorm, and the windshield wipers are moving back and forth. The person is driving in a rainstorm, and the windshield wipers are moving back and forth. The",Science & Technology
7371030140370963713,"The video is a series of clips from a video game, specifically a first-person shooter game. The game is set in a medieval-style environment with stone buildings and cobblestone streets. The player is using a futuristic weapon with a glowing green and blue design. The player is seen navigating through the environment, taking cover behind walls and using the weapon to shoot at enemies. The player is also seen using a grappling hook to swing across the environment. The player is also seen using a grappling hook to swing across the environment. The player is also seen using a grappling hook to swing across the environment. The player is also seen using a grappling hook to swing across the environment. The player is",Sports
7328941581862473006,"The video showcases a fighter jet in flight, with the text ""HIGH"" appearing in yellow letters. The jet is seen on a runway, with a person in the background. The scene transitions to the jet being loaded onto a cargo plane, with the text ""TARGET"" in purple letters. The jet is then seen flying over the ocean, with the text ""TRIGGERED"" in blue letters. The jet is shown in various stages of flight, including flying through clouds and over the ocean. The video concludes with a black screen displaying the text ""TRIGGERED.COM"" in blue letters.",1. News
7295860137162591519,"The video features a person wearing a plaid shirt, speaking in front of a blue-lit background. The person is seen discussing various topics related to power, justice, and historical events. The text overlays on the screen provide context and commentary on the topics being discussed. The person appears to be making a point about the injustices committed by different groups throughout history, and the video ends with a message about the importance of remembering the feelings of righteousness that can lead to harmful actions.",Politics
7407540452611640606,"The video shows a person in a blue shirt and black gloves sitting at a desk in an office. The person is wearing a black suit and is seated in a black leather chair. The desk has a keyboard, a mouse, and a box. The person is holding a passport and a pen. The person is wearing black gloves and is seated in a black leather chair. The desk has a keyboard, a mouse, and a box. The person is holding a passport and a pen. The person is wearing black gloves and is seated in a black leather chair. The desk has a keyboard, a mouse, and a box. The person is holding a passport and a pen. The person is wearing black",Science & Technology
7372987016914455841,"The video shows a cricket match between Pakistan and England. The players are wearing different colored uniforms, with the Pakistan team in green and the England team in orange. The match is taking place in a large stadium with a crowd of spectators. The players are seen running and playing the game, with the ball being thrown and hit by the batsmen. The video also shows the players celebrating and interacting with each other on the field.",Sports
7366561209996332320,A person with long black hair is sitting in a room with a yellow wall and a white ceiling. They are wearing a white shirt and have a gold watch on their left wrist. They are talking to the camera and gesturing with their hands.,News
7334130841016274222,"The video features a black sports car parked in a parking lot. The car is sleek and shiny, with a low profile and large alloy wheels. The background is a typical suburban setting with trees and a clear sky. The video is overlaid with text that reads, ""I don't reverse park to look cool, a mf ust can't park forward."" This text suggests that the person filming the video is frustrated with their friends' behavior, as they are not able to park their cars properly. The video ends with the text, ""All my friends are dead, leave them in the cold, put them in the tundra I go great charm, second I see her, I make her f",1. News
7380389929790033185,"The video is a series of scenes from a video game, featuring two characters in a romantic dance. The characters are dressed in elaborate costumes, with one in a white dress and the other in a blue outfit. The background is dark, with a spotlight shining on the dancers. The text overlay in the video suggests a romantic or dramatic theme, with phrases like ""the difference was so obvious"" and ""the difference was so obvious."" The video appears to be a montage of scenes from the game, with the dancers moving in sync with each other.",Sports
7343754603927850245,"The video is a series of images that appear to be from a protest or rally, with people holding signs and flags. The images are overlaid with text that reads ""FREE PALESTINE"" and ""PALESTINIAN RIGHTS."" The images also show people wearing headbands with the Palestinian flag on them. The video is likely a call to action for viewers to support the Palestinian cause.",Politics
7357827492289465646,"A person wearing a white t-shirt with a cartoon character on it is standing in a kitchen. The person is making hand gestures and talking to the camera. The text on the screen reads, ""I don't personally think this is a hot take but some people might if I never had to eat again like I could just survive without putting food in my body I would and before everybody in the comments no it's inconvenient grocery shopping inconvenient cooking inconvenient fucking sitting down eating a goddamn meal inconvenient dude I don't want to do it anymore like I don't want to decide, dude. I don't want to decide what to eat. I don't want to cook. I don",Entertainment & Shows
7366736772253977889,"The video starts with an aerial view of a coastal town, surrounded by lush green trees and a body of water. The text overlay reads, ""Is a country still a country if it sinks?"" This sets the stage for the discussion of Tuvalu, a small island nation in the Pacific. The video then transitions to a map of the Pacific, highlighting Tuvalu and its surrounding islands. The text overlay reads, ""Tuvalu is a small country in the Pacific made up of nine coral islands."" The video then shows a group of people walking along a beach, with the text overlay reading, ""The sea level in Tuvalu is now 15 cm higher than it was",Politics
7342750088902511915,"The video shows a person standing in a bathroom, taking a selfie with a phone. The person is wearing a black t-shirt and black shorts. The bathroom has a tiled wall with blue and yellow stripes, and there is a mirror above a sink. The person is also wearing a blue wristband and has colorful nail polish on their nails.",1. News
7325461211653492010,"A person is wearing a purple hoodie with the word ""CRAZY"" written on it. They have long braided hair and are standing in front of a wooden door. The person is talking to the camera and showing their hair to the camera.",Entertainment & Shows
7363144949442825518,"The video features a person with long blonde hair, wearing a black shirt with a graphic design. The person is standing in a room with a door in the background. The person is speaking, and the text overlay on the video reads, ""why is finding a girl friend no im not trying to fall in love with, im trying to fall in love with."" The person appears to be talking about their feelings and intentions regarding finding a romantic partner.",1. Entertainment & Shows
7375972216707484960,"The video is a series of frames showing a man in a white shirt standing in front of a screen with a list of Labour's policy steps for change. The man is gesturing with his hands as he speaks, and the background is a red and white flag. The text on the screen reads ""Thanks for the plug Rishi 👍"" and ""Thanks for the plug Rishi 👍"" with a thumbs up emoji. The man is also seen writing on a piece of paper with a blue pen. The video ends with the man standing in front of a black background, with the text ""Thanks for the plug Rishi 👍"" and a thumbs up emoji.",Politics
7363604482355137799,"A woman is unpacking a large box in her kitchen. She is using a tablet to navigate through the website of a company called ""Aliexpress"" and finds a product she wants to buy. She then uses a knife to cut open the box and takes out a white object, which she places on a table.",Entertainment & Shows
7341253553245408558,"The video features a person in a light blue shirt with white patterns, wearing a necklace and pearl earrings, standing in a room with a beige wall and a window in the background. The person is seen applying makeup, using a brush and a bottle of foundation. They are also seen holding a small object, possibly a makeup brush or a makeup product, and using it to apply makeup to their face. The person is seen talking and gesturing with their hands while applying makeup. The video also includes text overlays that provide context to the person's actions and thoughts. The text overlays include phrases such as ""So we bought a house for my entire family, but who's paying for",Beauty Care
7346960504490937642,"The video starts with a woman lying on a bed, wearing a light-colored tank top. The text overlay reads, ""When you wanted your engagement song to be 'Sun's so low' ok."" The scene transitions to a black and white image of a car driving down a road, with a woman in a white dress and a man in a suit sitting in the back. The car is a classic model with a large trunk. The next scene shows the woman in a white dress standing on the back of the car, with the man in a suit sitting in the front. The car is driving down a road, with trees and a fence in the background. The final scene shows the woman in",Entertainment & Shows
7203774185322188037,"The video begins with a person standing in front of a door with a sign that reads ""A STUDENT'S HOME."" The person is wearing a black shirt and gray pants. The door is open, and the person is holding a piece of paper. The person then walks into the room and sits down at a desk. The desk has a computer on it, and the person begins typing on the keyboard. The video then shows the person standing in front of a door with a sign that reads ""Vor der Abschlussprüfung."" The person is wearing a blue shirt and gray pants. The door is open, and the person is holding a piece of paper. The",1. Entertainment & Shows
7324373228028300577,"The video is a humorous and satirical take on the challenges and realities of working in finance. It starts with a person walking down a street at night, with the text ""things you need to know before getting a job finance"" displayed at the top. The video then transitions to a close-up of a person's hand holding a shirt, with the text ""things you need to know before getting a job finance"" displayed at the top. The video then shows a shelf with various skincare products, with the text ""things you need to know before getting a job finance"" displayed at the top. The video continues with a person walking down a street at night, with the text ""things you need to",Entertainment & Shows
7404376866108312865,"The video starts with a chaotic scene at night, where a group of people, including police officers, are gathered around a bus. The text ""Das sagen lässt sich nur zur Kursk-Offensive"" (The only thing that can be said is the Kursk Offensive) appears at the top of the screen. The scene then shifts to a group of people, including a man in a denim jacket, sitting at a table in an outdoor setting, with a building and a sign that reads ""Nicol"" in the background. The text ""Das sagen lässt sich nur zur Kursk-Off",Politics
7379002112652660014,"The video features a person wearing a white shirt with a graphic design, standing in front of a window with blinds. The person is seen holding a necklace with the name ""RITANA"" written on it. The necklace is displayed on a white card with the text ""Fashion Jewelry"" and a logo. The person appears to be expressing gratitude towards someone named Sarah, as indicated by the text on the card. The video concludes with a close-up of the necklace on the card, emphasizing the name ""RITANA"".",1. News
7394618529569344811,"The video starts with a woman standing in front of a backdrop featuring the American flag and the text ""KAMALA."" She is wearing a black blazer and a light-colored top. The date ""7/22/24"" is displayed in the top left corner. The woman is speaking into a microphone, and the scene transitions to another woman with long blonde hair, wearing a light blue shirt and a necklace, standing in a room with a gold-colored shelf, a vase with greenery, and a window with white blinds. The date ""7/22/24"" is still displayed in the top left corner. The woman in the light blue shirt continues",Politics
7366286242406829345,A man in a grey hoodie is standing in an office and playing a DJ controller. He is wearing a grey hoodie and black shorts. He is playing the DJ controller and there are other people in the office.,"Music, Singing, & Dancing"
7325205573941710111,"A person wearing a black t-shirt with a picture of a man on it is sitting in a room. The room has a dark color scheme with a dark dresser and a white door in the background. The person is talking to the camera and there is text on the screen that says ""I've only recorded during daylight hours so far... 9 hours so far... I've only recorded during daylight hours so far... 9 hours so far... I've only recorded during daylight hours so far... 9 hours so far... I've only recorded during daylight hours so far... 9 hours so far... I've only recorded during daylight hours so far... 9 hours so far... I",Science & Technology
7352304151897951521,"The video starts with a person standing in a living room, wearing a black shirt and red pants. The room has a large window, a chandelier, and a rug on the floor. The person is holding a pair of shoes and talking to the camera. The text on the screen says ""POV: Du chilst bst im 'Ich bin nicht recht' Freud."" The person then walks away from the camera, leaving the room.

The next scene shows the person sitting on a couch in the living room, wearing the same black shirt and red pants. The person is talking to the camera and gesturing with their hands. The text on the screen says",Entertainment & Shows
7365063366907333921,"The video showcases a breathtaking view of a city skyline at sunset. The sky is painted with hues of pink, purple, and orange, creating a stunning backdrop for the illuminated buildings. The city's lights reflect off the water, adding to the beauty of the scene. The video captures the city's skyline from a distance, allowing viewers to appreciate the architectural details and the vibrant colors of the sunset. The video does not contain any text or additional information.",1. News
7346235933882076448,"The video shows a man in a green hoodie and blue jeans using a blue mechanical device to lift a large log. He is standing on a wooden platform and appears to be exerting significant effort to move the log. The background features a grassy field and trees, suggesting an outdoor setting. The man's actions are focused on the task at hand, indicating a sense of determination and physical effort.",1. Sports
7305148019727420718,"The video features a woman wearing a white turtleneck and a beige coat, standing in front of a movie poster for the film ""Watcher."" The poster displays the title ""WATCHER"" in large white letters, with the tagline ""Striking a Sensation"" and the names of the actors, ""Ava Adrien"" and ""Monroe."" The woman appears to be speaking or reacting to the movie poster, as indicated by her hand gestures and facial expressions. The background of the poster is dark and rainy, with a building visible in the distance. The video repeats this scene multiple times, with the woman's gestures and expressions changing slightly with each repetition.",Entertainment & Shows
7395252325104766216,"The video begins with a first-person perspective of a player in a video game, showcasing a virtual environment with buildings and a clear sky. The player's health is at 100%, and the score is 0-0. The scene transitions to a close-up of a cat's face, which is superimposed onto the player's avatar, giving the impression that the player is a cat. The cat's face is then replaced with a sniper rifle, and the player's avatar is shown holding the rifle. The cat's face is then replaced with a green helmet, and the player's avatar is shown wearing the helmet. The video concludes with a close-up of the sn",0:01
7354853011887312160,The video shows a group of people sitting at a table with pizza in front of them. One person is wearing a blue hoodie and is eating a slice of pizza. The other people are watching the person eating the pizza. The person eating the pizza is wearing a blue hoodie and is eating a slice of pizza. The other people are watching the person eating the pizza. The person eating the pizza is wearing a blue hoodie and is eating a slice of pizza. The other people are watching the person eating the pizza. The person eating the pizza is wearing a blue hoodie and is eating a slice of pizza. The other people are watching the person eating the pizza. The person eating the pizza,Entertainment & Shows
7355938811429260550,"A person is sitting in front of a colorful, fluffy blanket and wearing headphones. They are speaking into a microphone and responding to comments on a video. The comments are about a song and the person's feelings about it. The person is also wearing a black top with floral patterns.","Music, Singing, & Dancing"
7363655590524226862,"The video starts with a person sitting at a desk with a keyboard and a mug with a zebra design. The background is a vibrant blue with a neon sign. The person is wearing a dark t-shirt with the words ""LOVE HOPE CUR"" printed on it. The scene transitions to a screen with the text ""Welcome to Spypet"" and a description of the Discord service. The video then shows a list of statistics about Discord, including the number of servers, users, and messages. The person continues to talk about the Discord service, mentioning that it has over 15,000 servers and that it is a popular platform for communication. The",News
7337977691611696417,"The video shows a person driving a car, wearing a white sweater and a gray shirt. The person is driving through a city street, with buildings and cars visible through the windows. The person is seen gesturing with their hands, possibly talking or expressing frustration. The video ends with the person still driving, with the same gestures and expressions.",1. News
7335864619187146016,"The video is a series of maps and graphics that compare the population and geography of Wyoming and Colorado. It starts with a map of the United States, highlighting the states of Wyoming and Colorado, and then zooms in on the Rocky Mountains, showing the border between the two states. The video then provides a detailed comparison of the two states, including their population, geography, and economy. It highlights the differences in population density, climate, and economic development between the two states. The video concludes with a map of the Rocky Mountains, showing the location of Gannett Peak and Yellowstone National Park, and a red box with the text ""WYOMING'S FOUR YEAR UNIVERS",Science & Technology
7356565580603870497,"The video features a conversation between two individuals, one in a dark suit and the other in a light pink outfit, set against a backdrop of a microphone and a laptop with a red sticker. The conversation revolves around the topic of mental health, with the person in the dark suit expressing concern and empathy for the person in the light pink outfit, who is struggling with mental health issues. The person in the light pink outfit shares their personal story, including the challenges they face in accessing mental health services and the impact of the Labour Party's policies on their situation. The conversation highlights the disparities in mental health care between England and Wales, with the person in the dark suit expressing concern about the situation in Wales and",Politics
7407322364309949728,"The video shows a group of people performing on stage. They are dressed in casual clothing and are dancing energetically. The stage is brightly lit with colorful lights, and the background features a large screen with a pink and blue design. The performers are moving in sync with each other, and the audience can be seen in the foreground, watching the performance. The video also includes a text overlay that reads ""I don't wanna die Before we love, we love, this feeling, babe Cause it's enough, enough, can't be this way Before we love, we love, this feeling, babe I love it, I like it, but I don't wanna die Ooh,","Music, Singing, & Dancing"
7395058028594122014,"The video features a series of individuals in various settings, each with a caption overlaid on the screen. The captions suggest that the individuals are discussing the importance of certain issues in the election, with one person standing by their statement in a video. The video also includes scenes of individuals in different locations, such as a car, a beach, and a museum, with captions indicating that they are discussing the impact of certain actions on their lives. The video concludes with a black screen displaying the text ""I want to thank you for joining us,"" suggesting a conclusion or a message from the individuals in the video.",Politics
7357035995667107114,"The video shows a woman in a black t-shirt with the word ""Tropical"" on it, standing in a fast food restaurant. She is holding a drink in her hand and appears to be talking to someone off-camera. The background shows a menu board with various food items and drink options. The woman then takes a drink from the cup and continues to talk to someone off-camera. She then walks away from the counter and is seen sitting at a table with a drink in front of her. The video ends with the woman standing in front of the counter, talking to someone off-camera.",Entertainment & Shows
7322958700291853614,"A man in a suit and red tie is speaking at a podium on a news set. He is surrounded by two other people, one of whom is a woman in a white suit. The man in the suit is gesturing with his hands as he speaks, and the woman in the white suit is listening attentively. The background of the set is blue, and there are signs on the wall that say ""Iowa Town Hall"" and ""Donate to Trump."" The man in the suit is wearing a red tie, and the woman in the white suit is wearing a black and white striped blazer. The man in the suit is speaking into a microphone, and the woman in the white suit",Politics
7333721172363922734,"The video shows a man in a blue shirt and khaki pants standing in front of a black Toyota CUV. He is wearing sunglasses and a name tag. The man is dancing and moving his arms around while talking to the camera. The background includes other cars and palm trees. The text ""Toyota coulver"" is displayed at the top of the screen, and there are emojis of a smiley face and a heart.",1. News
7320342127790148907,"The video depicts a police officer in a black uniform with a badge and a name tag standing in front of a row of blue lockers. The officer is wearing a black beanie and sunglasses on their head. The background includes a window with blinds and a door. The text ""TYRANT COPS MAKE BIG MISTAKE"" appears at the top of the screen, followed by ""silverthorne Colorado - fIslam amendment"" and ""Amaganset Press."" The officer is seen gesturing with their hands, possibly explaining something. The video continues with the officer standing in front of the lockers, still gesturing and speaking. The text ""TYRANT CO",News
7287998089279917345,"The video begins with a person standing outdoors, wearing a dark jacket and a white shirt with a black design. The person is holding a smartphone and appears to be speaking, with text overlaid on the video indicating that they are discussing saving money on Amazon. The scene transitions to a computer screen displaying the Amazon website, showing various products and categories. The text overlay continues to emphasize the benefits of shopping on Amazon, particularly during Prime Day. The video then shifts to a close-up of the computer screen, focusing on the Amazon Outlet section, where discounted items are listed. The text overlay suggests that these discounted items are available for purchase on the regular Amazon site. The video concludes with a message encouraging",13. Entertainment & Shows
7340766599860849926,"The video shows a man in a military uniform standing at a podium with a microphone in front of him. He is wearing a dark blue uniform with various medals and insignia on the left side of his chest. The background features a large building with the words ""The Pentagon"" and ""Washington, D.C."" written on it. The man appears to be giving a speech or statement, as indicated by his hand gestures and the presence of a microphone. The video also includes a text overlay that reads ""Patrick Ryder U.S. Air Force Brigadier General"" and ""Global News,"" suggesting that the video is related to a news broadcast.",News
7324688586807201070,"The video shows a young woman sitting in a classroom, wearing a white sweater and a beige scarf. She is looking at a piece of paper in front of her. The text on the screen reads ""Special Ed teacher trying to figure out whether their student is crying."" The woman appears to be in a classroom setting, with books and other educational materials visible in the background. The video does not provide any additional context or information about the woman or the situation.",1. News
7195058735914519809,"A video showing a tall building being demolished. The building is being demolished by a crane and a bulldozer. The demolition is taking place in a construction site. The video shows the demolition from different angles, including a close-up of the demolition site and a view from a balcony. The demolition is taking place in a city, and the video shows the demolition from different angles, including a close-up of the demolition site and a view from a balcony. The demolition is taking place in a city, and the video shows the demolition from different angles, including a close-up of the demolition site and a view from a balcony. The demolition is taking place in a city, and the video",1. News
7360854136440540459,"The video starts with a man in a light gray polo shirt standing in a doorway, looking out at a lush green landscape. He is joined by another man in a dark jacket with red accents, who is also looking out at the same landscape. The man in the polo shirt then turns to face the man in the dark jacket, and the text ""CAN I HELP YOU?"" appears on the screen. The two men stand facing each other, with the man in the polo shirt speaking to the man in the dark jacket. The man in the dark jacket responds with ""HUELL?"" and the man in the polo shirt continues to speak, with the text ""HUELL",Entertainment & Shows
7408631372044111135,"The video shows a person with tattoos petting a cat. The cat is lying on a white surface with a bowl of food nearby. The person is holding the cat's paw and petting it. The cat appears to be in a state of distress, with its eyes closed and a bandage on its head. The person is also holding a small kitten in a purple outfit. The video ends with a message asking for help to replace medications for the kittens.",Pets & Animals
7383460841204534534,"A person is using a metal file to sharpen a nail on a wooden surface. The video shows the process of filing the nail, with sparks flying as the file makes contact with the nail. The person is using a green file to sharpen the nail, and the background shows a workbench with various tools.",Science & Technology
7340748820130647326,"The video shows two people sitting at a table in an office setting. One person is wearing a dark blue jacket and the other is wearing a black and white striped shirt. They are discussing California's new $20 minimum wage for fast food restaurants. The person in the black and white striped shirt asks why there is a specific exemption for fast food chains that have bakeries. The person in the dark blue jacket responds that they just felt like that was fair. The person in the black and white striped shirt then asks if the sandwich they are eating is from Panera Bread, but the person in the dark blue jacket does not answer.",Politics
7289539647825382698,"The video features a woman in a kitchen, wearing a peach-colored shirt and denim shorts, dancing energetically. She is surrounded by various kitchen items, including a stove and a refrigerator. The text overlay on the video reads, ""Me, with 0% Palestinan blowdown, withstanding the 10 pesetas Palestine -"" indicating that the woman is expressing her support for Palestine despite the economic challenges. The video captures the woman's lively dance moves and her determination to stand strong in the face of adversity.",1. News
7390878944012045598,"The video is a series of clips from a game where a person is competing in a fashion challenge. The person is dressed in various outfits and poses in front of a backdrop that changes throughout the video. The person is also seen interacting with other characters in the game, and the theme of the challenge is ""Cover of Vogue."" The person is trying to win the challenge by getting the most votes. The video also includes text overlays that provide commentary on the person's outfits and the voting process.",Gaming
7390133152670420266,The video shows a person wearing a black shirt with a skull design and a necklace with a cross pendant. The person is standing in a room with a wooden dresser and various items on it. The person is wearing hoop earrings and has long hair. The person is also wearing a necklace with a cross pendant. The person is standing in front of a wall with a black curtain. The person is wearing a necklace with a cross pendant. The person is wearing hoop earrings. The person is wearing a necklace with a cross pendant. The person is wearing hoop earrings. The person is wearing a necklace with a cross pendant. The person is wearing hoop e,1. News
7373916497896377617,"The video showcases the process of making a delicious dessert, starting with a close-up of a partially eaten slice of a cake with a creamy filling. The cake is made with a graham cracker crust, and the filling is a light, creamy mixture with a hint of caramel. The video then shows the ingredients being mixed together, including a creamy white substance, a brown liquid, and a white powder. The graham cracker crust is then placed in a pie dish, and the creamy filling is spread over it. The video continues with the graham cracker crust being placed in a pie dish, and the creamy filling is spread over it. The video then shows the graham cracker",Entertainment & Shows
7303250453079280927,"The video is a promotional video for the Air Tahiti Nui Tiare Pass, which offers four round-trip tickets to Tahiti, Paris, Auckland, and Tokyo in economy class. The pass costs $1,525, and if you do the math, assuming each round-trip ticket costs $750, it's a very good deal. However, there's a catch: you have to fly out of LAX or Seattle for your flights, and there are only 250 passes available, which go on sale on November 25th at 9 a.m. Pacific time. The video also includes a graphic with the Air Tahiti Nui Ti",Travel & Events
7330776298576514347,A man and a woman are sitting at a table with a spinning wheel. The man is wearing a dark blue shirt and the woman is wearing a white shirt. The wheel has different colored sections and a red button in the center. The man and woman are pointing at the wheel and discussing what it will land on. The man is holding a pen and pointing at the wheel. The woman is smiling and looking at the man. The man is smiling and looking at the woman. The woman is pointing at the wheel. The man is smiling and looking at the woman. The woman is smiling and looking at the man. The man is smiling and looking at the woman. The woman is smiling and looking at,Entertainment & Shows
7386716685945900320,"The video begins with a man in a suit and tie walking through a crowd of people, with a green background suggesting a stadium or arena. The man is then seen sitting in a stadium, wearing a suit and tie, with a woman in a white outfit standing next to him. The man is then seen standing in a stadium, wearing a suit and tie, with a woman in a white outfit standing next to him. The man is then seen sitting in a stadium, wearing a suit and tie, with a woman in a white outfit standing next to him. The man is then seen standing in a stadium, wearing a suit and tie, with a woman in a white outfit standing next to him.",Sports
7390820226562084139,"The video shows a group of cartoon characters standing under an umbrella in the rain. One character is wearing a yellow dress and another is wearing a blue shirt. The text on the screen says ""When you're just trying to have a brasummer"" and ""I thought these people were my friends. Little did I know, I was swimming with a pack of thieves. Calm down, DW. Someone probably put it in the lost and found. We'll have to come back Monday. The office is closed. But today's Saturday. That's almost two whole days away. All my important stuff is in that backpack. My glitter, my merry moo cow, and my crazy bus",Film & Animation
7361435694725696810,"The video starts with a person standing on a stage in front of a large audience, surrounded by bright lights and colorful lights. The person is wearing a blue and black outfit and is holding a microphone. The text on the screen reads, ""Every headline show I make my vip pledge to be a friend to anyone who came alone to show that night."" The person then says, ""All day long which I will get into that later, but the only thing that's gonna help right here, right now in this exact moment in time, is if every single person in the room, or I guess we're outside, so whatever the fuck this is, feels like they're safe, and that",Entertainment & Shows
7317028968568343850,"The video is a series of humorous and instructional clips that demonstrate various ways to improve one's social skills, particularly when it comes to talking to girls. The first clip shows a person using a drill to attach a bolt to a wooden block, with the text ""how do I talk to girls I'm shy?"" displayed at the top. The person then uses a drill to attach a bolt to a wooden block, with the text ""I'll give you guys the best advice"" displayed at the top. The person then uses a drill to attach a bolt to a wooden block, with the text ""actually, I'll give you guys the best advice"" displayed at the top. The person then uses a",Science & Technology
7393735339996712225,"The video features a person wearing a white and blue striped shirt with a blue collar, standing in front of a door. The person is holding a phone and appears to be speaking or reacting to something. The background is a plain wall with a door visible. The person is wearing a watch on their left wrist. The video has a humorous tone, as indicated by the text overlay that reads ""QUAND ON A 11 DE VUE LE \""M\"" VENTE E \""MILLION\"" MAISQUAND ON A 1 K DE VUE, SE L'ELLE \""K\"" VIENT DE QUE MOT ?"" (When you see the \""M\"" on",Sports
7286953369133174062,"The video shows a man in a yellow shirt and black pants standing on a sidewalk next to a road. He is holding onto a large, black and white parachute. The parachute is attached to a harness that the man is wearing. The man begins to run towards the road, and as he gets closer, the parachute starts to inflate. The man then jumps off the sidewalk and into the air, with the parachute fully inflated. The parachute is attached to a harness that the man is wearing, and the man is holding onto the parachute with his hands. The parachute is large and black and white, with a large white swan design on it. The man is wearing a yellow shirt and black pants",Sports
7210197949433892142,"The video showcases a picturesque beach scene with a clear blue sky and calm ocean waters. The beach is bustling with people enjoying the sunny weather, with some lounging on beach chairs and others walking along the shore. The beach is lined with umbrellas and beach towels, indicating a popular spot for relaxation and sunbathing. The video is overlaid with text in Italian, providing a list of the beach's favorite attributes, such as its ""iconic and icy"" feel, its ""reasonable"" food options, and its ""delicious"" atmosphere. The text also mentions the presence of ""great peach Bellinis"" and ""Bagni Internazionale Clifton umbrell",Favorite beach in Capri?
7317451980497046826,"The video is a compilation of morbid facts about the Church of Scientology. It starts with a split-screen format, showing two individuals in different settings. The top half of the screen displays the title ""Morbid Scientology Facts"" and the bottom half shows the same title. The background of the top half is black, while the bottom half is white. The video then transitions to a black and white format, showing two individuals in different settings. The top half of the screen displays the title ""Morbid Scientology Facts"" and the bottom half shows the same title. The background of the top half is black, while the bottom half is white. The video continues with a black and white",Science & Technology
7346304747646848288,A group of people are shopping in a grocery store. They are looking at the shelves and picking up items. One of the people is wearing a blue vest and is holding a box of cookies. The other people are also picking up items from the shelves.,Entertainment & Shows
7357381570371603717,"The video shows a group of women dancing in a living room. One of the women is wearing a white dress and the others are in casual clothing. The video then cuts to a man in a white shirt and a beige jacket, who is speaking to the camera. He is gesturing with his hands and pointing to the text on the screen. The text on the screen says ""I want to flirt with finance bros but if you can't use Excel, get them a job at Goldman Sachs, or help them commit large-scale securities fraud, I guarantee they won't be interested.""",1. News
7319635608945675528,"A person is dancing on a stage with a dark background. They are wearing a white sweatshirt with a black design, black and white striped pants, and red sneakers. The person is performing a dance routine, moving their arms and legs in various ways. The audience is watching the performance, and some people are taking photos or videos.",3
7288048371019926814,"The video shows a woman standing outside in front of a house, wearing a white shirt. She is talking to the camera and gesturing with her hands. The background is a porch with a white railing and a window. The woman is wearing a nose ring and has long dark hair. She is holding a piece of paper in her hand. The video also shows a thermometer outside, which is showing a temperature of 60 degrees.",1. News
7302492057975688490,"The video features a person wearing a tie-dye tank top with a watermelon pattern. The person is standing in front of a white wall with a ceiling fan. The person is wearing a pair of sunglasses on their head. The video includes text overlays that read ""From the river to the sea"" and ""From the river to the sea."" The video also includes a logo for the Filter Creator Fund, which is a non-profit organization that supports Palestine.",Entertainment & Shows
7289320054347468078,"The video features a person sitting at a desk with a laptop, wearing a dark shirt. The background includes a painting with a red and orange color scheme. The person is seen gesturing with their hands while speaking, and the text on the screen reads, ""Hobart Archie Burke's head will explode."" The person continues to speak and gesture, emphasizing their points. The video includes a series of frames with the same text, indicating a repetitive message. The person's gestures and the text on the screen suggest a discussion or presentation about a topic related to the person's name and the text on the screen.",News
7346011922946510126,"A person wearing a beige hoodie is standing outdoors, with trees and a building in the background. The person is wearing a backpack and has sunglasses on their face. The person is speaking, and the video shows a news article about RFK Jr.'s VP prospect. The article mentions that Rodgers has shared false SandHook conspiracy theories with the New York Times. The person continues to speak, and the video shows a screenshot of a CNN article about Rodgers' VP prospect. The article mentions that Rodgers has shared false SandHook conspiracy theories with the New York Times. The person continues to speak, and the video shows a screenshot of a CNN article about Rodgers' VP prospect",Politics
7366304208150121774,"The video features a series of individuals making heart shapes with their hands in front of their faces. Each person is dressed in a different style of clothing, and the video is set in a room with various decorations, including a cactus plant, a framed picture, and a chandelier. The text overlay on the video reads ""Millennials try new Gen Z handcart"" and ""Laurana 1998,"" ""Lisa 1993,"" ""Katherine 1992,"" ""Christina 1990,"" and ""Amy 1995."" The video appears to be a humorous take on the fashion choices of different generations, with",Entertainment & Shows
7360733570232552710,"The video features a person standing outdoors, holding a large, intricately designed clock with the text ""КУРАЕНА"" (Ukraine) on it. The clock has Roman numerals and is surrounded by decorative elements, including wheat stalks. The person is dressed in casual attire, and the background consists of greenery and a paved path. Throughout the video, the person is seen holding the clock in various positions, with the camera zooming in on different parts of the clock, highlighting its design and craftsmanship. The video concludes with the person standing still, holding the clock, and the camera capturing the clock from different angles.","1. Music, Singing, & D"
7369576124948548897,"The video shows a dog wearing a red shirt with a logo on it. The dog is standing in a grassy field and appears to be barking or growling. The text in the video is in Russian and appears to be a translation of the dog's actions. The text reads ""Когда он пытается забыть тысячилось с подружками подружками"" which translates to ""When he tries to forget the thousands of times he was kissed by his friends"". The dog's actions are exaggerated and humorous, and the text reinforces the idea",7. Pets & Animals
7393839173922327841,A screenshot of a political polling app showing the results of a poll on the 2020 election.,Politics
7388205937036725537,"The video shows a person wearing a blue and white jacket with the word ""Supacell"" on it. The person is sitting in a car and appears to be trying to activate their Supacell power. The person is holding a phone and looking at it, possibly trying to figure out how to activate the power. The background of the video is a car interior, with a steering wheel and other car features visible. The person is wearing a seatbelt and appears to be focused on the task at hand.",1. News
7362611852360174881,"The video begins with a black screen displaying the text ""4TO ЛОВОВЬ выда ПЕРЕСТРЕЛКИ ЯНКУ"" in white letters, which translates to ""4TO LOVVY will give you a kiss, a kiss of the sun"". The scene then transitions to a dark, nighttime setting with a cityscape in the background. The text ""КОТОРИЙ"" appears, followed by ""КОТОРИЙ �",1. News
7368846954471640362,"A person with long red hair is standing in a kitchen, wearing a black sweatshirt with green text. They are gesturing with their hands while talking. The kitchen has white cabinets and a light fixture on the ceiling.",Entertainment & Shows
7108772250320473349,"The video showcases various activities and attractions in the Greek island of Paros. It begins with a person standing in front of a scenic view of the island, with the text ""Paros 5 out of the box activities!"" displayed at the top. The person is wearing a red and white striped shirt and is seen gesturing and speaking. The video then transitions to a series of numbered activities, each accompanied by a brief description and a scenic view of the island. The activities include:

1. ""Have a meal in the traditional village of Lefkest. From Lefkest you can make a 3.5 kilometer hike on the old Byzantine road which leads to the even more traditional village",Travel & Events
7349908267742743854,"The video features a person wearing a red shirt with a black design, speaking into a microphone. The background is a room with shelves containing various items, including books and decorative objects. The person is seen gesturing with their hands while speaking, and the text on the screen provides commentary on the legal situation involving President Trump and his immunity claim. The text includes phrases such as ""Trump worksagainstin this is legal team in PresidentTrump a legal claim!"", ""Donald Trump completely destroyed his immunity claim."", and ""Donald Trump did all the work for Jack Smith and the prosecution and made the work of his defense team that much harder."" The video also includes a quote from a legal scholar, ""Donald",Politics
7273897683918621994,"The video begins with a person sitting cross-legged on the field, wearing a navy blue sweatshirt with yellow text and white sneakers. The person is wearing headphones and has their hands clasped together. The background shows a football field with yellow and white stripes. The scene transitions to a football player in a white jersey with yellow stripes and a black helmet, running on the field. The player is wearing a white helmet with a yellow logo. The background shows a stadium with red seats and a crowd of people. The player is seen running towards the end zone, with the crowd cheering. The player catches the ball and runs towards the end zone, with the crowd cheering. The player",Sports
7374631394108181806,"The video shows a woman standing in front of a bed in a bedroom. She is wearing denim shorts and a striped shirt. The bed has a tufted headboard and is made with white sheets and pillows. The woman appears to be talking about packing because her spouse was brought to the U.S. at age 4. She mentions that her DREAMER age 19 got married in 2017, and her daughter left the USA for h h in 2022. She also mentions that she has been living in the USA since 2017, and she has been living in the USA since 2017. She talks about",Entertainment & Shows
7285324334934035745,"The video shows a man in a gym, wearing a black shirt, bending over a machine. He is surrounded by people, some of whom are watching him. The man is then seen lying on the machine, with his head on the floor. The video ends with the man standing up and walking away.",1. News
7374137745364602155,"The video features a woman in a pink jacket and a man in a black shirt inside a car. The woman is speaking, and the man is listening attentively. The woman is making a point about dating someone who wants you, not someone who doesn't. The man is wearing a black cap and a black shirt. The video is set in a car, with the woman speaking and the man listening.",1. News
7345205332383108394,"The video shows a group of people gathered around a table in a room with a stone wall in the background. The people are signing documents and appear to be involved in a humanitarian effort. The text on the screen indicates that the U.S. has deployed Marines to Haiti overnight to airlift U.S. embassy staff out of the country, and they have joined security forces to reinforce the embassy. The government has lost all credibility and power, and gangs have nearly overrun Haiti's capital, and the government is on the verge of collapse. The U.S. has ruled out using troops to restore order to the nation, saying they are enabling and encouraging international partners to resolve it themselves. The",1. News
7335427690708651272,A person wearing a white sweater with black trim and blue jeans is standing on a city street. They are being interviewed by someone holding a microphone. The person is talking about the concept of personal space in Korea.,1. News
7366011789085035809,"A man in a suit and tie is standing at a podium on a stage at a conference. He is holding a cane and speaking into a microphone. There is a large screen behind him that displays the text ""antwortung führen. In Verantwortung."" The man is wearing a purple tie and brown shoes.",Politics
7383627859803393313,"The video shows a man sitting at a desk in an office, wearing a white polo shirt and black pants. He is speaking to the camera, and the text on the screen changes as he talks. The text includes phrases like ""A ENCORE,"" ""SON PORTRAT,"" ""LE SUCCESS,"" ""LES ATTENTES,"" ""SEPTEMBRE,"" ""LE SIFFLE,"" ""DU MATCH,"" ""ET PUS,"" ""LACTUALITÉA,"" ""CETAI PUS,"" ""SYNOGOGUES PRÉS,"" ""CHAQUE GOIS,"" ""L'ACTUALITÉ,"" ""APRES,"" ""CHA",Sports
7362157037511396613,A person is unpacking a large box of beauty products from a shipping box. They are holding a pink bottle of body mist and a pink tube of lip balm. The person is also holding a yellow package of hair dye. They are sitting on the floor in a room with a bookshelf and a television in the background.,Beauty Care
7346042702347406638,"The video starts with a person sitting on a rooftop in a city with red-tiled roofs and a church with a clock tower in the background. The person is wearing a black hoodie and white sneakers, and they are holding a phone. The scene transitions to a person sitting on the ground, holding a phone and looking at it. The next scene shows a person sitting on the ground, holding a phone and looking at it. The scene then transitions to a person sitting on a rooftop, holding a phone and looking at it. The next scene shows a person sitting on the ground, holding a phone and looking at it. The scene then transitions to a person sitting on the ground, holding",Travel & Events
7362203819721166123,"The video shows a group of people gathered in a public space, holding signs and protesting. The signs express support for the students of Harvard University and Columbia University, and a message of love and respect for the children in Gaza. The video also shows a woman in a police uniform interacting with a person on the ground, and a tent with a sign that reads ""Thank you, the students of Columbia University."" The video concludes with a child making a heart shape with their hands, expressing love and support for the students of Harvard University.",Education
7389277272009690401,"The video begins with a view of a large white boat with a red stripe on the side, moving through a body of water. The boat is surrounded by a large amount of foam, indicating that it has recently been in contact with the water. The sky is overcast, and the water is calm. The boat is moving towards the camera, and the text ""First migrants ashore since election"" appears on the screen, suggesting that the boat has brought the first migrants ashore since the election.

The scene then transitions to a view of a large white boat with a red stripe on the side, moving through a body of water. The boat is surrounded by a large amount of foam, indicating that",1. News
7315533802409839914,"The video features a person with long, wavy blonde hair, wearing a dark-colored jacket, standing in a room with a light-colored wall and a plant in the background. The person is seen gesturing with their hands while speaking, and the text on the screen provides commentary on various topics related to Islamophobia and the treatment of Christians in Palestine. The video covers a range of topics, including the mass migration of Arab Jews to Israel, the expansion of the Muslim empire through trade, and the dangers of spreading harmful rhetoric about Muslims. The person emphasizes the importance of prioritizing truth over entertainment and warns against the dangers of spreading harmful rhetoric about Muslims. The video concludes with a call to action",News
7355525427160452385,"The video features a woman performing on stage, wearing a black outfit and a hat. The text overlay reads ""When Beyoncé points at you in the crowd."" The woman is seen singing into a microphone, with the audience in the background. The video also includes a series of images showing the woman in different poses, with the text overlay remaining the same. The images depict the woman in various stages of her performance, including standing in front of a crowd, holding a microphone, and interacting with the audience. The video concludes with the woman standing alone on stage, with the text overlay still visible.","3. Music, Singing, & D"
7368383778034601249,"The video shows a computer screen with a 3D model of a room. The room has a desk, a chair, and a trash can. The desk has a computer on it. The trash can is labeled ""Recycle Bin."" The computer screen is showing a 3D model of a room. The room has a desk, a chair, and a trash can. The desk has a computer on it. The trash can is labeled ""Recycle Bin."" The computer screen is showing a 3D model of a room. The room has a desk, a chair, and a trash can. The desk has a computer on it. The trash can is labeled ""Recycle Bin.""",1. News
7386720277557742880,"The video showcases a series of gymnastics performances, featuring a female gymnast in a blue leotard performing on a green and blue gymnastics mat. The gymnast is seen executing a series of flips and jumps, demonstrating her athleticism and skill. The video captures the gymnast's movements in detail, highlighting her strength and control. The background of the video is a gymnasium filled with spectators, adding to the competitive atmosphere. The gymnast's performance is well-received by the audience, with the video ending on a note of applause and admiration.",Sports
7297944147648924961,"The video showcases the process of making Slow Cooker French Onion Soup. It begins with a close-up of a white ceramic pot filled with golden brown, crispy bread slices, followed by a close-up of a white ceramic pot filled with a creamy, brown soup. The video then shows a hand holding a piece of bread above the pot, ready to be dipped into the soup. The final scene features a hand holding a piece of bread above a black ceramic pot filled with the same creamy, brown soup, with the text ""Serves 6"" indicating the serving size. The video emphasizes the ease and convenience of making this soup, with the text ""What is nicer than soup with",17. Food
7400109280008867114,"The video features a person wearing a white t-shirt with blue and red text that reads ""HARRIS FOR PRESIDENT"" and a gold necklace. The person is sitting on a bed with a white blanket and a black headboard in the background. The person is speaking and gesturing with their hands, emphasizing the importance of checking voter registration status. The video also includes text overlays that read ""DEMOCRATS MUST CHECK/VOTER REGISTRATION STATUS"" and ""HARRIS FOR PRESIDENT"" along with a hashtag ""#HARRISFORPRESIDENT"". The person appears to be discussing the importance of",Politics
7331415226442730757,"The video showcases a vibrant and energetic performance by a group of individuals, likely a band or a group of dancers, on a stage with a dynamic and colorful background. The performers are dressed in a variety of outfits, including camouflage jackets, red and white outfits, and white outfits with red accents. They are seen dancing energetically, with some individuals holding microphones and others performing synchronized dance moves. The stage is illuminated with bright lights, creating a lively atmosphere. The video also includes text overlays in Korean, which provide context and commentary on the performance, such as ""아침반칙"" (Morning Breakfast) and ""World is clear, fake, fake","Music, Singing, & Dancing"
7307346522234998049,"The video features a woman sitting on a couch, wearing a dark-colored top. She is speaking to the camera, and the text overlay on the screen reads, ""me when someone asks me why I love to watch The Kardashians."" The woman appears to be in a casual setting, possibly a living room, and is engaged in a conversation about her love for the show. The video does not contain any additional visual elements or context beyond the woman's appearance and the text overlay.",8. Entertainment & Shows
7362216509206236449,"The video showcases a person's shopping trip, starting with a close-up of a hand holding a package of ""Spa Frish"" bath bombs. The person then moves to a shelf stocked with various items, including a box of ""Cien"" bath bombs, a pack of ""Bake & Creme"" soap, and a bag of ""Kakos & Pripschaft"" chips. The person picks up a bag of ""Mercan"" chips and a pack of ""Head & shoulders"" shampoo, with the text ""Mein Mann holmmer 7182992922 ckirdek"" appearing on the screen. The person",1. News
7396760829498002720,"A woman with long, wavy blonde hair is standing in front of a bookshelf filled with books. She is wearing a white tank top and is gesturing with her hands as she speaks. The text on the screen is in German and includes phrases like ""warum ich die Bücher nicht mehr verkaufe"" (why I no longer buy books), ""warum ich nicht einfach in die Bücherei gehe"" (why I no longer go to the bookstore), and ""warum ich nicht einfach in die Bücherei kaufe"" (why I no longer buy books). The woman is making various",Entertainment & Shows
7343145915886193926,"A man and a woman are standing on a cobblestone street at night. The man is wearing a red jacket and blue jeans, while the woman is wearing a black leather jacket and brown pants. They are talking to each other, and the man is holding a microphone.",Entertainment & Shows
7368596585594359083,"The video starts with a person in a studio setting, speaking into a microphone, with a background featuring a neon sign that reads ""POWERED BY FREEDOM."" The person is wearing a white shirt and is surrounded by a blue and red background with the words ""POWERED BY FREEDOM"" and ""POWERED BY PRIMETIME"" visible. The scene transitions to a large crowd of people gathered in a public space, with a large banner reading ""STOP STUPIDEN DEN NAZI"" and a person holding a sign that reads ""STOP STUPIDEN DEN NAZI."" The video then shows a close-up",Politics
7395305751469772075,"The video shows a woman sitting in the driver's seat of a car, wearing a purple top and a necklace. She has long, wavy hair and is looking at the camera. The background is a car interior with a window showing a building outside. The woman is talking about selling her vote and asking for offers on social media.",Politics
7278695690522348843,"The video shows a person wearing a green hoodie with a graphic on it, sitting in an airplane. The person is talking to the camera and gesturing with their hands. The background shows the interior of the airplane, with seats and overhead compartments visible. The person is also seen looking at a screen with a news article about Mr. Beast's net worth. The article states that Mr. Beast has a net worth of $100 million and provides a link to the article. The person continues to talk to the camera, gesturing with their hands. The video ends with the person still talking to the camera.",Entertainment & Shows
7344030729531067680,A man in a suit and tie is interviewing a man in a dark suit. The man in the suit is holding a microphone and talking to the man in the dark suit. The man in the dark suit is also holding a microphone. The man in the suit is wearing a tie and the man in the dark suit is wearing a suit jacket. The man in the dark suit is also wearing a tie. The man in the suit is talking to the man in the dark suit. The man in the dark suit is also talking to the man in the suit. The man in the suit is holding a microphone and talking to the man in the dark suit. The man in the dark suit is also holding,Politics
7395616033127648554,"The video shows a person in a black outfit standing in a room. The person is holding a black bag and appears to be taking a selfie in front of a mirror. The room has a bed with a white blanket and a dresser with a mirror. The person is wearing a black shirt and black pants. The video ends with the person still in the room, holding the bag and taking the selfie.",1. News
7347525697591725355,"A person wearing a green shirt with the text ""THE WORLD IS NOT WHAT IT SEEMS"" is standing in front of a bush with red flowers. The person is talking about how Zionism is sold to non-Israeli Jews.",Politics
7376404436505136416,"The video is a humorous take on the ""London Traffic Warden"" sketch, where a traffic warden is seen interacting with a person in a blue hat and black jacket. The warden is seen talking to the person, who is wearing a black jacket and a blue hat, and later a black jacket and a yellow hat. The warden is seen holding a ticket and talking to the person, who is seen holding a black bag. The warden is also seen talking to a person in a black jacket and a blue hat, and later a person in a black jacket and a yellow hat. The warden is seen talking to a person in a black jacket and a blue hat, and later",Entertainment & Shows
7341059462687509803,"The video is a compilation of various images and text that suggest that Kate Middleton is confined in a tower, possibly deceased, and that Camilla Parker may be responsible for this situation. The text confirms that Kate Middleton is sedated and locked in a tower, with Camilla Parker being held responsible. The video also includes images of Kate Middleton and Camilla Parker, as well as various other people, some of whom are wearing hats and sunglasses. The video suggests that the situation is serious and that there may be a conspiracy behind it.",Politics
7357877605581802795,"A video game scene where a character is being chased by another character. The first character is running through a cityscape, while the second character is following closely behind. The first character is wearing a white shirt and black pants, while the second character is wearing a black outfit with red and white stripes. The first character is also carrying a flashlight. The first character is trying to find a place to hide, but the second character is determined to catch them. The first character eventually finds a hiding spot behind a wall, but the second character is still able to find them. The first character is then seen running away from the second character, who is chasing them. The first character is trying to find a",Gaming
7348220196772990254,"The video starts with a person wearing a black cap and glasses, sitting in front of a laptop. The person is wearing a light blue shirt with a graphic design and a black cap with a logo. The background shows a window with white curtains and a beige wall. The person is holding a pen and pointing at the laptop screen, which displays a website that cannot be reached. The text on the screen reads ""First hand look at censorship inside China"" and ""First hand look at censorship inside China"". The person continues to point at the laptop screen, which now shows a different website that cannot be reached. The text on the screen reads ""First hand look at censorship inside China"" and ""First",Politics
7323547689201765664,"The video showcases a person in a garage, wearing a black shirt with a white logo and a black cap. The person is standing in front of a green sports car and a white sports car, with a garage in the background. The person is talking about the cars and the person's collection. The video also includes text overlays that read ""5 Cars from Country Italian Edition"" and ""Classic"" with a list of cars. The person is also seen pointing at the cars and talking about them. The video ends with the person saying that they need to do another list because they couldn't include cars they own.",Sports
7388973620116180257,"A man in a suit and tie is giving a speech at a podium. The text on the screen reads ""Jordan Brable: 'Vous, je serais, vous, jusqu'à la victoire'"".",Politics
7392691382218935583,"The video starts with a group of people in white shirts with black designs, standing in a room with a red background. They are holding a black bag with a white logo. The scene then shifts to an airport where two people are standing in front of a building with a sign that reads ""Welcome to Terminal 4"". The next scene shows two people sitting in front of a building with a sign that reads ""Welcome to Terminal 4"". The final scene shows a group of people sitting in a room with a large window, with a cityscape visible outside. The video then shows a group of people sitting in a room with a large window, with a cityscape visible outside. The next scene shows",Sports
7323689375043243269,"The video features a white cat standing on a blue couch in a well-lit room with wooden floors and a chandelier. The cat is holding a small object in its paws and appears to be looking at the camera. The text on the screen reads ""Вам покачиваю кабинкикой иконкой"" (I am making a cat icon for you), followed by ""У видомору"" (In the mirror), ""Ви купирую среднего русского, чтобы я",Friends
7383363724628725024,"The video shows a group of people walking down a runway in a large, industrial-looking room. The people are dressed in various outfits, including some in black and others in different colors. The audience is seated on either side of the runway, watching the models as they walk.",1. Entertainment & Shows
7339981163756490030,"The video shows a person's hands with long, bright pink nails, which are being painted with a bright pink polish. The person is using a nail polish brush to apply the polish to their nails. The video also shows a nail dryer in the background, which is used to dry the nails after they are painted.",Beauty Care
7318033407785569569,"The video showcases a red Mercedes-Benz car parked in a parking lot. A person in a light blue shirt and dark pants stands next to the car, gesturing as if explaining something. The background features a concrete structure with multiple levels. The person points to the car, and the text on the screen changes to indicate different aspects of the car, such as ""Brabus,"" ""V8 Turbo,"" and ""S-Class."" The person continues to speak, and the text changes to ""Brabus,"" ""V8 Turbo,"" ""S-Class,"" ""Brabus,"" ""V8 Turbo,"" ""S-Class,"" ""Brabus,"" """,11. Entertainment & Shows
7361467847190760750,"A person is sitting in front of a wall covered with various posters and pictures. They are wearing a gray hoodie and are speaking to the camera. The text on the screen reads, ""I'm not afraid to admit I'm not afraid to admit I'm not afraid to admit I'm not afraid to admit I'm not afraid to admit I'm not afraid to admit I'm not afraid to admit I'm not afraid to admit I'm not afraid to admit I'm not afraid to admit I'm not afraid to admit I'm not afraid to admit I'm not afraid to admit I'm not afraid to admit I'm not afraid to admit I'm not afraid to admit I'm not afraid to admit",Entertainment & Shows
7323131799310306590,"The video is a series of interviews with Jeff Bezos, the founder and CEO of Amazon.com, conducted in various locations including a hallway, a store, and a conference room. Bezos is seen speaking to different individuals, often in a casual and conversational manner. The video includes a mix of humorous and serious topics, such as Bezos' early recognition of the power of the Internet, his role in the creation of Amazon.com, and his plans for the future of the company. The video also includes text overlays that provide additional context and information about Bezos' background and achievements.",Entertainment & Shows
7353311795374738721,"The video features a person sitting on the floor, wearing a gray hoodie and black pants, with their legs crossed. They are in a room with a brick wall and a curtain with a yellow pattern. The person is holding a phone and appears to be in a state of contemplation or frustration, as indicated by the text overlay. The text reads: ""Pov: t'es en même temps, tu n'as vu suit sans avoir suivi, car, mais n'a vu suit sans avoir suivi, car, mais n'a vu suit sans avoir suivi, car, mais n",1. News
7329621030023089440,"The video shows a group of people standing in a room, with one person wearing a white hoodie and another wearing a black top. They are posing for a photo together.",1. Entertainment & Shows
7261278269884992795,"The video shows a group of people on stage, with one person in the center wearing a white top and black pants. The stage is lit with red and blue lights, and there are other people on stage, some of whom are holding drinks. The audience is visible in the foreground, with some people taking photos or clips of the event. The video also shows a person in a white shirt and black pants dancing on stage, and another person in a white top and black pants dancing with a group of people. The stage is decorated with red and blue lights, and there are other people on stage, some of whom are holding drinks. The audience is visible in the foreground, with some people taking photos","Music, Singing, & Dancing"
7397527101143878954,"A man in a suit and tie is speaking at a podium in a formal setting. He is addressing a group of people, likely senators, and is using hand gestures to emphasize his points. The text on the screen is in yellow and white, and it appears to be a question or statement being made by the man. The background is a typical formal setting with a large window and a sign that reads ""July 30, 2024 - 5.7M Views."" The man is wearing a blue suit and tie, and he is standing behind a podium with a nameplate that reads ""RONALD ROE, JUDGE.""",Politics
7353267784886897952,"Two men are sitting at a counter in a room. One man is wearing a yellow jacket, and the other is wearing a white hoodie. They are talking to each other.",Entertainment & Shows
7351137146004114693,"The video showcases a thrilling soccer match between two teams, one in yellow and the other in blue. The match is intense, with players from both teams displaying remarkable athleticism and skill. The video captures a series of key moments, including a player in a blue jersey falling to the ground, a player in a yellow jersey scoring a goal, and a player in a blue jersey being tackled by a player in a yellow jersey. The video also highlights the referee's decision to award a goal, as well as the players' reactions to the game's outcome. The video concludes with a player in a blue jersey celebrating a goal, while the player in a yellow jersey is seen",5. Sports
7312903813122280746,"The video shows a group of farmers protesting against the draconian regulations against ethm. They are using a tractor to spray the area, and the police are present to keep the peace. The protesters are holding signs and chanting slogans, and the police are trying to keep them from getting too close to the buildings. The protesters are angry and frustrated, and they are demanding that the government take action to protect their rights.",Politics
7357063093962214689,"The video features a person wearing a black jacket with white zippers and a pearl necklace. They are standing in front of a window with blinds and a wall with pictures. The person is speaking in German, and the text on the screen reads ""wie ich in die Deutsche abprüfung reiß gehe am."" The person is gesturing with their hands and appears to be explaining something.",1. News
7374800691677629729,"The video features a person standing in front of a large orange truck with the text ""How do you step 4 hours and ovvk15 hours"" displayed at the top. The person is wearing headphones and appears to be speaking or singing. The background is a road with trees, and the truck is parked. The person's actions change throughout the video, with their arms and legs moving in various positions. The text at the top of the video changes to ""It's in my blood"" and then to ""It's in my blood"" again, suggesting a repetitive or emphatic message. The person's facial expressions and body language vary, indicating different emotions or reactions. The video concludes with",Comedy
7350964297381498154,"A person is rummaging through a trash bin, looking for items. The trash bin is full of various items, including a box of chocolates, a box of macaroons, a box of pizza, and a box of pizza crusts. The person is also looking for a laptop, which is partially visible in the trash bin.",Entertainment & Shows
7405044080729787678,"The video shows a woman standing at a podium, holding a book. She is wearing a blue suit and has long hair. The background is a stage with a blue and white background featuring stars. The text on the screen reads ""DNC speaker briggugugat at copy of Proj:2025"" and ""2023"" at the top, and ""MICHAEL"" at the bottom. The woman is speaking into a microphone. The video then shows the woman continuing to speak at the podium, with the text ""2023"" at the bottom. The video then shows the woman continuing to speak at the podium, with the text",Politics
7337416931965685034,"The video features a person standing in front of a tree, wearing a plaid shirt. The person is speaking and gesturing with their hands. The background is a natural setting with trees and a wooden bench. The person is discussing the topic of renewable energy and the carbon footprint of Umatilla Electric Cooperative. They mention that Amazon has built data centers in Boardman and Hermiston, and that the internet company needs a lot of electricity to run its computers and cool the machines. The person also mentions that Amazon plans to build more data centers in eastern Oregon in the coming years. The video concludes with a call to action for viewers to read more at the Oregonian's website, oregonlive.",Science & Technology
7283933352267337002,"The video features a woman wearing a white shirt with the word ""PINK"" on it. She is sitting on a couch and talking to the camera. The text on the screen reads ""Mother Gothei but make her Desi"" with a heart emoji. The woman is wearing a black headscarf and has her hand on her chest. The background is a plain wall. The video then transitions to a woman wearing a red and gold traditional outfit with intricate embroidery. She is also wearing a headscarf and has a large nose ring. The background is purple and the lighting is dim. The video ends with the woman looking at the camera with a serious expression.",1. News
7353365116554956074,"A person wearing a colorful jacket with yellow, green, and blue colors is standing in front of a disco ball. The background is a vibrant, colorful, and reflective surface, possibly a dance floor or a stage. The person is smiling and appears to be enjoying themselves. The text at the top of the screen reads ""YOU ARE MY SUNSHINE BATTLE ROUND OF 16 #4"" and ""2. Chines sunshine."" The person is wearing sunglasses and has a beard. The video is a humorous take on the popular ""I'm your sunshine"" meme, with the person taking on the role of the sun.",1. News
7398943500328242463,A person is making a set of dice with glitter and pink resin. They are using a green mold and pink resin to create the dice. The person is also using a purple mold to create a set of dice with purple resin. They are using a purple liquid to fill the molds and then pouring the resin into the molds. The person is also using a purple liquid to fill the molds and then pouring the resin into the molds. The person is using a purple liquid to fill the molds and then pouring the resin into the molds. The person is using a purple liquid to fill the molds and then pouring the resin into the molds. The person is using a purple liquid to fill the molds and then pouring,Entertainment & Shows
7386453398792441131,"A person with long braided hair is sitting on a bed with a blue blanket. They are wearing a white t-shirt with the words ""I FEEL GREAT"" written on it. The person is holding a makeup brush and a makeup palette. They are applying makeup to their face and talking to the camera. The person is also holding a makeup brush and a makeup palette. They are talking to the camera and showing the makeup palette to the camera. The person is also holding a makeup brush and a makeup palette. They are talking to the camera and showing the makeup palette to the camera. The person is also holding a makeup brush and a makeup palette. They are talking to the camera and",Beauty Care
7348462120817790240,The video shows a man in a blue jacket shopping in a grocery store. He is looking at a shelf of snacks and picks up a box of Cathedral City cheese. He then picks up a box of Cathedral City cheese sticks and continues to shop. The video ends with a close-up of the man holding the box of Cathedral City cheese sticks.,Entertainment & Shows
7360235976494550304,"The video features a series of individuals attempting to jump over a wall in a trampoline park. The first person, wearing a white t-shirt and blue shorts, is seen jumping over the wall. The text ""あなたはないらあ"" (You are not) appears on the screen, suggesting a humorous or ironic comment. The second person, dressed in black, attempts to jump over the wall but falls. The third person, wearing a white t-shirt and blue shorts, is seen jumping over the wall again. The text ""あなたはないらあ"" (You are not)",プレイヤー
7347591598408043808,"A video showcasing various scenes from Sterling, Colorado. The video starts with a map of the United States, highlighting the state of Colorado, and then transitions to a close-up of a building with the word ""Sterling"" written on it. The video then shows a view of a residential area with a flagpole and a sign that reads ""Sterling, CO."" The scene shifts to a picturesque view of a railroad track leading to a snowy landscape, followed by a panoramic view of a city with a green park and a mountain range in the background. The video then shows a street view with a traffic light and a sign that reads ""Sterling, CO."" The video continues",Travel & Events
7310063052341185823,"The video starts with a person in a gray shirt standing in front of a wooden structure, holding a large, transparent, rectangular object. The object is shown to be a panel with a blue and white pattern. The text ""has"" appears at the top of the screen, followed by ""are"" and ""are"" in a different font. The person in the gray shirt is then shown in a different setting, with the text ""has"" and ""are"" still visible. The scene transitions to a person in a suit standing in front of a podium, with the text ""has"" and ""are"" still visible. The video then shows a news article from Bilibili, with the",Science & Technology
7380812058167708960,"The video is a humorous and informative comparison of two football players, Jamal and Jude Bellingham, from Germany and England, respectively. The video is divided into several sections, each highlighting different aspects of the players' careers and personalities.

The first section introduces Jamal, who was born in Germany but moved to Southampton at age seven. It mentions that he scored six goals in his first 10 minutes and was offered a trial by Southampton and then Saints Academy. The video humorously suggests that Jamal was a decent player but was eventually signed by Bayern Munich for 180,000.

The second section focuses on Jude Bellingham,",Sports
7377701670077205803,"The video shows a person with long hair, wearing a black top and a necklace, in a room with a lamp and some pictures on the wall. The person is talking about not wanting to dye their hair pink, but the parasites in them want them to. The person then changes their hair color to red, and the text ""AMBER"" appears on the screen.",1. News
7309888375023045931,"The video features a person wearing a blue jacket with a red and white logo on the left side of the chest, standing in front of a pegboard wall with various tools hanging on it. The person is wearing a beanie and has a beard. The video is divided into several segments, each with different text overlays. The text overlays include phrases such as ""don't escalate,"" ""republican take,"" ""republican take,"" ""republican take,"" ""republican take,"" ""republican take,"" ""republican take,"" ""republican take,"" ""republican take,"" ""republican take,"" ""republican take,"" ""rep",Politics
7312875354220285215,"The video starts with a man in a dark suit, white shirt, and red tie standing in front of a night cityscape backdrop. He is speaking and gesturing with his hands. The scene transitions to a live broadcast of a man in a dark suit, white shirt, and red tie standing at a podium with a backdrop that reads ""Trump 2020"" and ""Iowa 2020."" The man at the podium is speaking and gesturing with his hands. The scene then transitions to a news broadcast with a man in a dark suit, white shirt, and red tie standing in front of a backdrop that reads ""Trump 2020",Politics
7283816318883679531,"The video is a series of frames showing a person with long blonde hair wearing a black shirt with the word ""SWA"" on it. The person is standing in front of a white background with a list of things that you might not know about teaching in 2023. The list includes items such as meetings just to announce the day of, students growing up around technology but they literally don't know how to google, overstimulated classrooms and lab classrooms are the normal gone are the days where students just do work quietly that doesn't exist anymore, overstimulated at all hours of every single day, and out of 25 students, 17 don't turn in work",Education
7317764806767922475,"A woman and a child are playing in a snowy forest. The woman is standing in a metal barrel filled with ice, while the child is sitting in a plastic container filled with ice. The woman is using a black tool to break the ice, and the child is playing with the ice. The woman is wearing a leopard print top and light gray leggings, while the child is wearing a blue and white patterned outfit. The woman is smiling and laughing as she plays with the ice, and the child is also smiling and laughing. The video ends with the woman standing in the ice barrel, and the child sitting in the plastic container, both smiling and laughing.",Entertainment & Shows
7395290316569382174,"The video features a woman wearing a leopard print top and glasses, standing in front of a blurred background. She is speaking, and the text overlay on the screen reads, ""Я давально сделаем приз с лавальным сделами при парте ткальовый обои в тк оставим в комментарии, кидайте разкивишись на подписывающегося.""",1. News
7358143601869671685,"The video showcases a breathtaking sunset over the ocean, with the sun setting in the horizon and casting a warm glow over the water. The sky is painted with hues of orange, yellow, and pink, creating a stunning visual effect. The waves gently crash against the shore, adding to the serene atmosphere. The video captures the beauty of nature and the tranquility of the moment, with the sun's reflection on the water adding a magical touch to the scene.",Travel & Events
7366140924629470496,"The video shows a woman in a white outfit standing in front of a crowd at an event. She is wearing a white outfit and has long blonde hair. The background shows a crowd of people, some of whom are taking pictures. The woman is smiling and appears to be enjoying the event. The video also shows a close-up of the woman in the white outfit, with a picture of a woman in a gold dress with intricate designs and long sleeves. The woman in the gold dress is standing on a red carpet, with a crowd of people in the background. The video also shows a picture of a woman in a white outfit, with a picture of a woman in a gold dress with intricate",Entertainment & Shows
7380810864477130016,"The video is a compilation of images from a concert, featuring a large crowd of people. The crowd is dressed in various outfits, including a person in a yellow hoodie and another in a black jacket. The stage is lit with red and orange lights, and there are several people on stage, including a person in a black outfit and another in a white outfit. The text ""Can't stop the power"" appears on the screen, followed by ""*Stops the power*"". The video also includes a close-up of a person's head, with the text ""Hello? Oh my god! Stop the car!"" appearing on the screen.",1. News
7346779567639498026,"A person with long, wavy hair is wearing a black top and has pink hair clips in their hair. They are holding a lip gloss tube and applying it to their lips. The background is plain and light-colored. The person is wearing a black top and has pink hair clips in their hair. They are holding a lip gloss tube and applying it to their lips. The background is plain and light-colored. The person is wearing a black top and has pink hair clips in their hair. They are holding a lip gloss tube and applying it to their lips. The background is plain and light-colored. The person is wearing a black top and has pink hair clips in their hair. They",Beauty Care
7299554274827046187,"The video features a person in a dark blue shirt with a necklace and a pendant, speaking in front of a plain background. The person is wearing red-framed glasses and has curly hair. The video includes text overlays that provide information about the history of Palestine and the Palestinian people. The person discusses the history of Palestine, including the Ottoman Empire, the British Mandate, and the Palestinian identity. The person also mentions the Palestinian struggle for independence and the historical context of the region. The video includes references to books and authors, such as ""Nur Masila Palestine"" and ""Rasikh Al Khalidi The Construction of Modern Palestinian Identity."" The video concludes with the person",History
7348934489122327841,"The video is a compilation of various scenes from a large public demonstration, likely a protest or rally, with a focus on political and social issues. The footage shows a diverse group of people, including individuals holding signs and banners, engaging in discussions and interactions with each other. The signs and banners contain messages such as ""We want peace,"" ""We want justice,"" ""We want freedom,"" and ""We want democracy."" The participants are dressed in casual clothing, and the setting appears to be an urban area with buildings and trees in the background. The video also includes text overlays with phrases like ""UNTERVEGS auter FRIENDSEMO"" and ""heute Show-Fried",Politics
7282317561864260897,"The video showcases a series of scenes featuring a steam locomotive train, with the text ""Steampunk conversion"" displayed at the bottom of the screen. The train is seen traveling through a forested area, emitting smoke from its chimney, and passing by a brick wall with people standing on top. The train is also seen inside a train car, with passengers seated and looking out the windows. The video also features a steampunk-themed chair, a collection of steampunk accessories, and a person dressed in a steampunk costume, including a hat and a birdcage on their back. The video concludes with a person with red hair, wearing a necklace, and a close-up of the train passing by",1. Entertainment & Shows
7343605850105318658,"A person is playing the piano with their hands. The piano is illuminated by a blue light, and the person's hands are visible on the keys.","Music, Singing, & Dancing"
7349023065575083306,"A woman in a red dress is standing on a stage at a conference, speaking to the audience. She is holding a microphone and gesturing with her hands. The audience is watching her and listening to her speech. The woman is wearing a red dress and is standing on a stage at a conference. She is holding a microphone and gesturing with her hands. The audience is watching her and listening to her speech. The woman is wearing a red dress and is standing on a stage at a conference. She is holding a microphone and gesturing with her hands. The audience is watching her and listening to her speech. The woman is wearing a red dress and is standing on a stage at a conference.",Politics
7223384947938053418,"The video shows a person wearing a dark blue shirt with green text on it. The person is standing in a kitchen with a tiled floor. There are two armadillos on the floor, one is light-colored and the other is dark-colored. The text on the screen reads, ""Armadillos have been given a reputation, specifically the nine banded armadillo that is from the American South. And the reason for this is because they are known for being able to carry leprosy. Leprosy is a very ancient disease that is actually in modern times, not only very curable, but it's actually kind of a weak disease. It basically, if it's too",Science & Technology
7386641138611981601,"The video features a person wearing a brown jacket and a blue and white checkered shirt. The person is being painted with makeup by another individual, who is applying makeup to the person's face. The makeup application process is shown in detail, with the person's face being covered in makeup and the makeup artist carefully applying it. The video then transitions to a close-up of the person wearing a black military-style uniform, complete with a hat and gloves. The uniform is detailed with gold accents and a belt. The video concludes with a close-up of the person wearing the black military-style uniform, with the text ""sa kurosaki"" visible on the screen.",1. Entertainment & Shows
7314163714402340102,"The video begins with a close-up of a warp gate, which is a circular structure with a glowing blue light emanating from it. The warp gate is surrounded by a dark background with small white dots, which represent stars. The warp gate is shown in different angles, with the light swirling and changing colors, creating a sense of motion and energy. The warp gate is also shown from a top-down perspective, with the light swirling in a spiral pattern. The video then transitions to a black background with white dots, representing stars, and a warp gate with a glowing blue light. The warp gate is shown in different angles, with the light swirling and changing colors, creating a sense of motion and",This is how a warp gate slows a ship down
7385499788764040481,A person is holding a Kinder chocolate bar in a white container. They are trying to melt the chocolate by dipping it into a metal container filled with water. The chocolate starts to melt and the person uses a pair of scissors to cut the chocolate into smaller pieces. The melted chocolate is then poured into a metal container and stirred with a spoon. The melted chocolate is then poured into a glass bowl and stirred with a spoon. The melted chocolate is then poured into a glass bowl and stirred with a spoon. The melted chocolate is then poured into a glass bowl and stirred with a spoon. The melted chocolate is then poured into a glass bowl and stirred with a spoon. The melted chocolate is then poured into,Entertainment & Shows
7276776260431367467,"The video is a montage of a man in a suit and tie speaking into a vintage microphone, with text overlaid on the screen. The text appears to be a list of things the man wants, such as a full military pension, Congressional Medal of Honor, full citizenship, property on Nantucket Island, and a reward for saving the National Socialist Party. The man is seen in various settings, including a dark room and a bar, and the text changes to reflect the context of each setting. The video has a serious tone and seems to be a montage of a man's requests for various things.",Politics
7372265021042101550,"The video features a person with long hair, wearing a black shirt, in a room with a window with blinds and a decorative item on the wall. The person is seen making various hand gestures and movements, including pointing, touching their face, and holding their hand up to their face. The text overlay at the top of the screen reads ""Reply to tynesy, ca's comment"" and ""Glasgow,"" indicating that the person is responding to a comment from someone named Tynesy from Glasgow. The person's actions and the text overlay suggest that they are engaged in a conversation or reacting to something mentioned in the comment. The video does not show any other people or objects, and",Travel & Events
7373730224879521056,"The video showcases a detailed and intricate drawing of a tiger, rendered in a variety of colors and textures. The tiger is depicted in a dynamic pose, with its mouth open and teeth bared, as if in the midst of a fierce battle. The background is a dark, textured surface, which contrasts with the vibrant colors of the tiger's fur and the flowing lines of its mane. The drawing is done in a realistic style, with attention to detail in the tiger's facial features and the texture of its fur. The video does not contain any additional information or context beyond the drawing itself.",1. Entertainment & Shows
7326266761773436166,"The video features a person wearing a black sweatshirt with white text on it, sitting in front of a wall adorned with various posters and a guitar. The individual appears to be speaking, as indicated by their mouth movements and hand gestures. The background includes a bed with a blue blanket and a window with blinds. The person's facial expressions and body language suggest they are engaged in a conversation or monologue. The video does not contain any discernible text or captions.",1. News
7371461402030034218,"The video features a man in a suit and tie standing in an office setting. He is holding a piece of paper and appears to be reading or looking at it. The background includes a window with blinds, a desk with some papers, and a flag. The man is seen speaking and gesturing with his hands, and the text overlays on the screen provide commentary on the situation. The video ends with the man continuing to speak, and the text overlay reads, ""I'm going to take advice from.""",Politics
7367380929913900320,"The video features a person wearing a black shirt and headphones, standing on a road with trees and a clear blue sky in the background. The person is wearing a necklace and has long hair. The text overlay on the video reads: ""PSA I wore shorts on my walk and the only thing that cared was my mom. No one alerted the town elders at that size 12 queen wore shorts summer heat x. Literally wear your outfit."" The person appears to be speaking directly to the camera, sharing a personal anecdote about wearing shorts during a summer event.",1. News
7306264195475983622,"The video showcases a group of dancers performing on stage. The central figure is a woman with long, wavy hair, wearing a black top and a beige skirt with a chain belt. She is adorned with multiple gold necklaces and white gloves. The background is a vibrant, colorful display with various hues of red, green, and purple. The dancers move in sync, executing a choreographed routine that includes spins, arm gestures, and synchronized steps. The video captures the energy and coordination of the performance, with the central figure taking center stage.","3. Music, Singing, & D"
7360919706913525035,"The video is a series of frames showing a puzzle game with a timer counting down from 00:00 to 00:01. The game is set against a black background with a blue border. The puzzle pieces are red and white, and the timer is displayed at the top of the screen. The text ""USE THESE FILES"" is shown in red at the top of the screen, and ""even if it's your drats as save the effect and boost videos using them"" is shown in white. The text ""LISTEN"" is shown in red at the top of the screen, and ""even if it's your drats as save the",1. News
7380730540061691178,"The video begins with a black screen that gradually reveals a green and black gradient, followed by the text ""hulu"" in green. The text then changes to ""hulu originals"" in green, indicating the platform and content type. The scene transitions to a silhouette of a person standing against a dark background, with the text ""A Court of Thorns and Roses"" appearing in white letters. The video concludes with a black screen, suggesting a transition or a pause in the narrative.",Entertainment & Shows
7355249683469454634,"The video features a person standing on a beach during sunset, with the ocean waves gently lapping at the shore. The individual is wearing a white hoodie and a baseball cap, and is seen from the back. The person is holding a white object, possibly a phone or a camera, and appears to be looking out at the ocean. The sky is a gradient of orange and pink, indicating the time of day is either sunrise or sunset. The person is standing on the wet sand, with the waves gently lapping at the shore. The video includes text overlays that read, ""the joy of the joy of Jesus, the security of Jesus, the peace of Jesus, the love of Jesus","the joy of jesus, the security of j"
7387743887940390177,"The video features a person wearing a white sweater with a zipper, standing in a room with a door and a light fixture in the background. The person is holding their hair up with one hand and appears to be speaking. The text overlay on the video reads, ""Someone in their twenties says they aren't voting."" The person then gestures with their hand, possibly emphasizing a point or making a statement. The video ends with the text, ""You're not really into politics? Okay, fair enough. But what are you into? Transformers? Pokemon, you fucking child?""",1. News
7297354768928853294,"The video is a series of text-based messages from a person discussing their experiences with buying and stocking HEB (Hong Kong Express) products. The person mentions difficulties in keeping store stock, the importance of variety packs and POG (Pure Oatmeal Grits), and plans to launch new Buc-ee's test stores. They also express excitement about upcoming events and the availability of new products. The person seems to be sharing their experiences and plans with the community, encouraging others to join their VIP phone number list for updates.",Entertainment & Shows
7374908166175280427,"The video showcases a series of steps in preparing a dish, likely tacos, with a focus on the preparation of the shrimp and the final presentation of the dish. The video begins with a close-up of a hand holding a piece of shrimp, which is then placed into a bowl of sauce. The shrimp is coated in the sauce, which appears to be a spicy mixture. The video then shows a hand holding a plate with several tacos, each topped with a generous amount of the spicy sauce and various toppings, including diced tomatoes, onions, and cilantro. The final scene shows the completed dish, with the tacos placed on a plate and a bowl of sauce next to them.",Food
7377866805823491371,"The video features a person with curly hair, wearing a dark blue shirt, standing in a room with a painting of a tree on the wall. The person is speaking, and the text overlay on the screen reads, ""You could kiss any woman in game of thrones who would it be?"" The person then points to themselves and says, ""Megan Fox."" The scene transitions to a close-up of the person, with the text overlay changing to, ""Daenerys."" The final frame shows a person sitting on a throne, with the text overlay reading, ""If you can kiss any woman in the world, feet, who would it be?"" The person on the throne is wearing a",8. Entertainment & Shows
7149700277782760746,"The video shows a person lying on a bed with a pink blanket. The person has long hair and is wearing a black shirt. The background is dark, and there is a cat on the bed. The person is holding a phone and appears to be recording themselves. The text on the screen says ""I like like like like like like like like like like like like like like like like like like like like like like like like like like like like like like like like like like like like like like like like like like like like like like like like like like like like like like like like like like like like like like like like like like like like like like like like like like like like like like like",Pets & Animals
7384004708165242144,"The video features a person sitting in a chair in a room with wallpaper and framed pictures on the walls. The person is wearing a light blue sweater and is holding a phone. The person is talking about a black and white dog named Mika, who is sitting in a field of tall grass with red flowers. The person describes Mika as a ""live wire"" and a ""fairy godmother"" and talks about her wide paws and potential issues with her back leg. The person also mentions that Mika is a ""adorable"" and ""loved"" dog.",Entertainment & Shows
7314367547862781226,"The video begins with a view of a snowy forest, with trees covered in snow and a path leading through the woods. The camera pans across the forest, showing the snow-covered ground and the trees in the background. The scene then shifts to a close-up of a pine tree, with snow covering its branches. The camera then pans to show the forest floor, with snow-covered rocks and trees in the background. The video continues with a view of the snowy forest, with trees covered in snow and a path leading through the woods. The camera pans across the forest, showing the snow-covered ground and the trees in the background. The scene then shifts to a close-up of a",Science & Technology
7340337384652934446,"The video is a series of images showcasing various individuals with captions providing information about their names and connections. The captions include names such as Malia Obama, Angelina Jolie, Redfoo, Sky Blue, Nicolas Cage, and Francis Ford Coppola. The images depict people in different settings, including formal events and casual gatherings. The captions provide context about the individuals' backgrounds and relationships, such as their birth names, family connections, and stage names. The video appears to be a compilation of information about these individuals, possibly for entertainment or educational purposes.",Entertainment & Shows
7333801200875261185,"The video begins with a dark blue background featuring a world map with a digital texture. The text ""An Election Year Guaranteed To Divide Us"" is prominently displayed in white, capitalized letters. The scene transitions to a split-screen view, with the left side showing a man in a suit and tie, and the right side showing a man in a suit and tie with a red tie. The text ""A Second Term We Can All Agree On"" appears in white, capitalized letters. The video then shifts to a blue background with the text ""THE DAILY SHOW"" in white, capitalized letters, followed by ""MONDAYS WITH JON STEWART"" in white",8. Entertainment & Shows
7328517572679372078,"A person is sitting at a table in a car dealership, holding a piece of paper with handwritten text. The text on the paper is in English and Japanese. The person is talking to another person who is not visible in the frame. The person at the table is wearing a gray jacket and a red shirt. The background shows a car dealership with a glass window and a car visible through it. The person at the table is gesturing with their hands while talking. The person at the table is also holding a pen and writing on the paper. The person at the table is talking to the person who is not visible in the frame. The person at the table is also holding a pen and",Comedy
7375847354341068065,"The video showcases a large crowd gathered at Hinds Hall in Garmin, watching a live concert. The stage is brightly lit with green and red lights, and the crowd is enthusiastic, with many people holding up their phones to capture the moment. The text overlay on the video reads ""Hinds Hall in Garmin"" and ""Hinds Hall Problem isn't the protests what they're protesting it goes against what our country is funding White supremacy is finally on blast. Free Palestine to the home and land. The next but never ended to colonize the rise. The students in tents, posted on the lawn. Occupying the quad, really against the law. Ain't no reason to call",Politics
7392127900079721761,"The video showcases a woman's room at Estelle Manor, highlighting the luxurious amenities and the cost of staying in the room. The room is described as a large stable room, which is more expensive than the regular stable room. The woman, who has tattoos on her arms, is seen taking a selfie in the room, which is decorated with a bed, a lamp, and a rug. She is wearing a black sleeveless top and light blue jeans. The video also includes text overlays that provide information about the room and its amenities, such as the cost of staying in the room and the type of room.",Entertainment & Shows
7368121296154086688,"The video shows a table filled with various dishes, including salads, meats, and side dishes. There are also glasses of water and wine on the table. A person is standing in front of the table, talking to the camera. The person is wearing a dark sweater and glasses. The background shows a room with a window and some furniture.",1. Entertainment & Shows
7378190751211064607,"The video showcases a man demonstrating the features of an expandable camper. He begins by showing the camper's size and the man's size, emphasizing the camper's triple-sized interior. The man then opens the camper's door, revealing its interior, which includes a solar panel, a GoSun power center, and a GoSun cooker. He demonstrates the camper's electrical system, including a seven-way wiring harness and an electric brake controller. The man also shows the camper's compartments, including a storage compartment and a cooking compartment. Throughout the video, the man emphasizes the camper's features, such as its size, electrical system, and cooking capabilities.",Science & Technology
7325985650140974382,"The video is a humorous take on the idea that running in the rain is better than running on rainy days. It shows a series of experiments conducted by Jamie and Adam to test this theory. The experiments involve weighing work clothes, using artificial rainfall, and comparing the results to walking. The video concludes with a humorous note about the results of the experiments.",Science & Technology
7406690692765977887,"The video is a series of clips showing a person sitting in a train or bus, with a stranger sitting in the seat next to them. The person in the seat next to them is talking to the person in the seat next to them, and the person in the seat next to them is responding to the person in the seat next to them. The person in the seat next to them is also talking to the person in the seat next to them, and the person in the seat next to them is responding to the person in the seat next to them. The person in the seat next to them is also talking to the person in the seat next to them, and the person in the seat next to",Travel & Events
7309290162540858667,"The video starts with a news broadcast from a news anchor in a studio, discussing an investigation after a massive home explosion in Arlington, Virginia. The anchor is dressed in a dark suit and tie, and the background features a blue-toned graphic with the text ""HOME EXPLOSION ROCKS NEIGHBORHOOD"" and the ABC logo. The scene transitions to a close-up of the anchor, with the same text and logo. The video then shows a dramatic scene of a house engulfed in flames, with the text ""BREAKING NEWS"" and ""HOME EXPLOSION ROCKS NEIGHBORHOOD"" still visible. The anchor",News
7365274404420406571,"The video starts with a person on a sailboat, wearing a black shirt and gray pants, working on the boat. The text ""I live on a shrink wrap sailboat in New England"" appears, indicating the location. The person is seen cleaning the boat, and the text ""the first thing I do in the morning is soak up the sun with Phoebe, and then I do some chores"" appears, suggesting the person's daily routine. The person then cooks lunch, and the text ""honestly, I hate washing dishes, so this is proof that I do actually wash them"" appears, indicating the person's dislike for washing dishes. The person works on the boat, and",Pets & Animals
7392992201837464850,"The video starts with a woman standing in front of a glass door, talking to the camera. She is wearing a floral dress and has long, dark hair. The background shows a room with a wooden floor and a bookshelf. The woman is holding a camera and talking to the camera. The scene then transitions to a woman sitting in a salon chair, getting her hair cut. The woman is wearing a white cape and has long, dark hair. The salon is well-lit and has a modern design. The woman is talking to the camera while getting her hair cut. The scene then transitions to a woman standing in a hallway, holding a white bag. The hallway is",Travel & Events
7395692426888891679,"The video starts with a person wearing a colorful shirt with a rainbow design, standing in front of a microphone. The scene transitions to a close-up of the same person, followed by a view of a cityscape at sunset. The person is then seen in a crowded room, surrounded by people holding signs and cheering. The scene shifts to a close-up of a person wearing a blue suit, followed by a close-up of a person wearing a red hat. The person is then shown in a close-up, followed by a close-up of a person wearing a red hat. The person is then shown in a close-up, followed by a close-up of a person wearing",Politics
7335178711819373867,"The video shows a series of tweets from the ICCJICJ (@CICJ_Africa) about the South African government filing an emergency request with the International Court of Justice for additional provisional measures specific to the imminent invasion of Rafah. The tweets provide information about the case and the legal team involved. The video also includes a screenshot of a document from the International Court of Justice, which discusses the case and the legal arguments being made. The final frame shows a person wearing a brown shirt, with the text ""and I think it's a testament to the dedication of the South African legal team in this case.""",News
7353793317437590827,The video shows a man and a woman standing in a room. The man is wearing a black shirt and the woman is wearing a black shirt and shorts. They are holding a coffee cup. The man is holding a phone and the woman is holding a remote control. The man is talking to the woman and the woman is talking to the man. The man is saying something to the woman and the woman is saying something to the man. The man is saying something to the woman and the woman is saying something to the man. The man is saying something to the woman and the woman is saying something to the man. The man is saying something to the woman and the woman is saying something to the man,1. News
7377799778299579690,"The video features a woman standing in front of an American flag, with a serene background of trees and a clear sky. She is wearing a black top and has tattoos on her arms. The video is accompanied by text overlays that read, ""Isn't it weird you're a fan of an American flag, but you know who you're voting for?"" and ""Isn't it weird you're a fan of an American flag, but you know who you're voting for?"" The woman appears to be speaking directly to the camera, and the text overlays seem to be part of a conversation or monologue.",1. News
7346724921361435937,"Two girls are walking down a sidewalk in a residential area. They are both wearing black jackets and carrying backpacks. The sidewalk is lined with buildings and trees. The girls are walking in a line, with one girl leading the way.",Travel & Events
7384186520351083781,"Якщо ви думаєте, що в мене не йшла мова про викуп цього бренду, ще раніше до цієє конфліктної ситуації. Ось я пишу вище. Я тобі ще куди-то предложила продати свою ча",Entertainment & Shows
7396382918039457041,"A man and a woman are sitting on a bed in a modern room. The man is wearing a white shirt and black shorts, while the woman is wearing a white shirt with red text and blue jeans. The man is holding the woman's leg and they are talking to each other. The text on the screen changes to different messages, such as ""Не видалось чесь"" (I didn't see anything), ""Не видалось чесь"" (I didn't see anything), ""Не видалось чесь"" (I didn",Entertainment & Shows
7273841367351069998,"The video shows a person wearing gloves and cutting a block of bright yellow soap into smaller pieces. The soap is placed on a marble countertop. The person then holds up a package of the soap, which has a label that reads ""Ammonia Naturals Turmeric & Kaolin Brightening Soap."" The video concludes with a close-up of the soap package, showing the ingredients listed on the label.",Beauty Care
7277167570946379014,"The video captures the vibrant atmosphere of a large stadium filled with enthusiastic fans. The crowd is predominantly dressed in yellow and blue, with some wearing black and white stripes. The fans are seen raising their hands in the air, waving flags, and cheering enthusiastically. The stadium is well-lit, and the atmosphere is electric. The video also shows a soccer match in progress, with players on the field and the crowd's excitement palpable.",Sports
7365322515998068011,"The video starts with a person standing in front of a podium, with a backdrop of the U.S. Capitol building. The text on the screen reads ""STITCH INCOMING WOKE ENCAMPENTS EXPOSED!!!!"" and ""we're here to discuss the little Gazas that have risen up on campuses across America."" The person is then shown standing in front of a tent, with the text ""I'm literally in so much danger here. Follow me if you want me to continue exposing these encampments for what they really are. And please pray for my safety. I'm literally in so much danger here."" The video then shows a close-up of",Politics
7362319887361903905,"The video begins with a person wearing sunglasses and a gray shirt, standing in front of a black background. The text overlay reads, ""Seeing Rufuski during Uni ski trip trying to see Uni ski trip trying to see Uni ski trip trying to see Uni ski trip trying to see Uni ski trip trying to see Uni ski trip trying to see Uni ski trip trying to see Uni ski trip trying to see Uni ski trip trying to see Uni ski trip trying to see Uni ski trip trying to see Uni ski trip trying to see Uni ski trip trying to see Uni ski trip trying to see Uni ski trip trying to see Uni",1. Entertainment & Shows
7311332422077975840,"The video shows a series of interactions between a woman and a man in a purple jacket and a man in a purple jacket and a pink tie. The woman is seen speaking to the man, who is listening attentively. The man in the purple jacket and pink tie is also seen standing in front of a fence, with a police badge visible on his jacket. The video also includes a small inset image of a man in a white shirt, who is also seen in the inset image. The video appears to be a compilation of different scenes, with the woman and the man in the purple jacket and pink tie being the main focus.",Entertainment & Shows
7354415572626509099,"The video starts with a person wearing a maroon beanie and a white t-shirt, sitting in a room with a white wall, a green shelf, and a rack of clothes in the background. The person is speaking, and the text on the screen provides information about earthquakes in the United States, particularly in the eastern part of the country. The text explains that the eastern United States is older and has a higher concentration of earthquakes, and that the energy of these earthquakes is more efficiently carried by the Earth's crust. The person then discusses the earthquake that occurred in New Jersey, which was a magnitude of 4.8 and had its epicenter in Lebanon, New Jersey. The person explains",Science & Technology
7378608951975349536,"The video captures a moment of triumph and celebration on a soccer field. The players, dressed in white and blue uniforms, are seen running and embracing each other in a jubilant display of joy. The crowd, dressed in various colors, is seen cheering and waving flags, adding to the festive atmosphere. The text overlay ""ENGLANDWIN SOCCERAID"" is prominently displayed, indicating the victory of England in the soccer match. The video also features a text overlay ""Thank you"" at the end, suggesting a sense of gratitude towards the viewers.",Sports
7293239332167617834,"The video features a person wearing a sleeveless, light-colored top with a pattern, standing in a room with a colorful curtain and a painting of a deer on the wall. The person is seen gesturing with their hands and making various facial expressions, including smiling and looking surprised. The text overlay on the video reads ""some of y'all m'n"" with a laughing emoji, suggesting a humorous or light-hearted context. The person appears to be interacting with the camera, possibly responding to a question or making a joke. The video does not provide additional context or information about the person or the situation depicted.",1. News
7372186670273137952,"The video showcases a series of food-related experiences in various locations. It begins with a person holding a pizza box, followed by a close-up of a pizza with a slice taken out. The scene transitions to a person eating a vegan pizza, then to a person enjoying a burger and fries at a restaurant. The video continues with a person eating a vegan pizza, followed by a person enjoying a dessert. The next scene shows a person eating a vegan pizza, then a person eating a vegan pizza with a side of salad. The video then shows a person eating a vegan pizza with a side of salad, followed by a person eating a vegan pizza with a side of salad. The next scene",Food
7379475961139547398,"The video features a woman in a black dress with ruffles, standing in a modern kitchen with white chairs and a dining table. She is wearing black high heels and has long blonde hair. The text on the screen reads ""Мени 60 покир"" (My 60 years old) and ""Ну, чуждый 60 года"" (Well, 60 years old). The woman demonstrates how to wear the dress, showing different poses and movements. The video ends with the woman standing confidently in the kitchen, with the text ""Активирую �",3. Entertainment & Shows
7364542326959574314,"The video shows a person lying on a bed, holding their hands together and looking at the camera. The person is wearing a black shirt and has long hair. The background includes a bed with pillows and a blanket, as well as a wall with a picture on it. The person appears to be in a relaxed state, possibly after finishing something or feeling content.",1. News
7309293532467039531,"The video shows a group of people sitting on white couches in a studio, with a cityscape visible through the windows. The studio is decorated with Christmas ornaments and lights. The news ticker at the bottom of the screen reads ""HOUSE GOP PUSH FOR VOTE ON BIDEN IMPEACHMENT PROBE."" The video then transitions to a news anchor in a studio, with a cityscape visible through the windows. The news ticker reads ""HOUSE GOP PUSH FOR VOTE ON BIDEN IMPEACHMENT PROBE."" The video then transitions to a woman in a purple dress sitting in a studio, with a cityscape visible through",Politics
7376360928851299590,"The video features a series of individuals discussing various topics related to hair care and hair loss. The first person, with long brown hair, is seen wearing a white shirt and a black watch, and is seated at a table with a glass of water. They are engaged in a conversation about hair loss, discussing the causes and effects of hair loss, and the importance of using hair care products. The video also includes text overlays in Russian, providing additional information and explanations about hair loss and hair care. The individuals are seen gesturing with their hands, emphasizing their points, and discussing the benefits of using hair care products. The video concludes with the individual in the white shirt continuing their discussion, providing further",Lifestyle
7347847920151956779,"The video shows a person standing in a doorway, wearing a hat and holding a leash. They are surrounded by a small dog and a cat. The person is then seen sitting on the floor, holding the leash and looking at the dog. The dog is standing on its hind legs, and the cat is sitting nearby. The person is wearing a hat and a jacket. The dog is brown and white, and the cat is black and white. The person is sitting on the floor, and the dog is standing on its hind legs. The cat is sitting nearby. The person is wearing a hat and a jacket. The dog is brown and white, and the cat is black and white.",7. Pets & Animals
7291696863449763078,"The video features a person wearing a beige shirt and a black headband, speaking directly to the camera in a room with a window and a curtain in the background. The person uses hand gestures to emphasize their points, and the text overlays provide context and commentary on the topics being discussed. The video covers a range of topics, including the Israeli-Palestinian conflict, the use of rockets, and the impact of the conflict on civilians. The person also discusses the psychological impact of the conflict on those involved and the importance of unity and hope in the face of adversity. The video concludes with a message of unity and hope, emphasizing the need for people to work together to overcome challenges.",Politics
7375186781999762721,"A woman in a blue floral dress is standing in front of a table with wine glasses, a bowl of cheese, and a plate of food. She is holding a piece of paper and talking to the camera.",1. News
7309512164870491435,"The video is a compilation of different segments, each with a different person speaking. The first segment features a man in a suit and red tie, with the text ""FOX NEWS"" and ""DAWNEMPT, IOWA DECEMBER 5"" at the top. The text ""HANNITY ASKS TRUMP IF HE WOULD POWER ABUSE POWER"" appears at the bottom. The man is shown in various poses, with the text changing to ""Do you in any way have any plans whatsoever, if re-elected president, to abuse power, to break the law, to use the government to go after people?"" and ""You mean like",Politics
7325003811632745761,"A person wearing a green shirt is talking to the camera. The text at the top of the screen says ""DEUTSCHE THERAPEUTEN HATTEN RECHT"" (German therapists have the right). The person is gesturing with their hands and pointing to their head. The background is a plain wall.",Entertainment & Shows
7355061931993992480,"The video features a person wearing a blue shirt standing in front of a calendar that reads ""MONDAY"" at the top. The person is gesturing with their hands, possibly explaining or emphasizing a point. The background is black, and there are no other objects or people visible in the scene. The person's facial expressions and hand movements suggest they are speaking or explaining something, but the specific content of their speech is not provided in the transcript.",1. News
7330624658686954795,"A person wearing a bright pink shirt is sitting in front of a red shelf with various items on it. The person is making hand gestures and pointing at the screen, which shows a news article about Trump's behavior during a meeting. The text on the screen reads, ""That's his supporters booing him & I love that 4 him."" The person is also wearing sunglasses on their head.",Politics
7397794935199567135,"The video shows a woman tied to a tree in a jungle, with a man in a leopard print shirt standing nearby. The woman is covered in mud and appears to be in distress. The video then shows a close-up of the woman's hand writing on a piece of paper. The text on the paper is in a foreign language, and the woman's hand is dirty and covered in mud. The video also shows a close-up of the woman's face, with mud on her face and neck. The video ends with the woman writing on the paper, with the text still visible.",1. News
7397967668248120622,"The video showcases a person with long, wavy hair, wearing a black shirt and green cactus earrings, in a room with a bed, a door, and some framed pictures on the wall. They are holding a red box with a white label and a pink box with a white label. The person is wearing blue nail polish with white designs. They open the red box, revealing a small white object, and then open the pink box, revealing a small pink object. The person examines the objects closely, showing them to the camera. They then open a white box with a blue label, revealing a small white object, and continue to examine it. The person also opens a pink box with",Beauty Care
7311858161504423214,"The video showcases a collection of BMX bikes, each with unique features and designs. The first bike, a 1987 GT Performer, is highlighted with its pink and white color scheme and chrome components. The video then transitions to a different bike, the 1990 GT Performer, which is also pink and white but with a more modern design. The video continues to feature the 1990 GT Performer, highlighting its chrome components and pink and white color scheme. The video concludes with a close-up of the 1990 GT Performer, showcasing its pink and white color scheme and chrome components.",1. News
7299582823940312350,"The video begins with a man sitting on a green leather couch in a dimly lit room, wearing a gray shirt and dark pants. He is holding a black object, possibly a phone, and appears to be in a contemplative or pensive state. The room has a wooden wall and a bookshelf in the background. The scene then transitions to a close-up of a person wearing a hooded jacket, with the hood pulled up over their head, creating a sense of mystery or secrecy. The lighting is dim, and the person's face is not visible. The next scene shows a man in a white shirt, standing in a room with a blue light shining on him, possibly indicating a sense",1. News
7331551109649059115,"The video features a black cat playing a violin. The cat is positioned against a dark background, with its fur appearing wet and shiny, suggesting it is in a wet environment. The cat's eyes are wide open, and it appears to be focused on the music. The video is in black and white, which emphasizes the cat's fur and the violin. The cat's movements are fluid and graceful, and it seems to be enjoying the music.",Pets & Animals
7293441357169937666,"The video features a series of animated scenes with a character in a school uniform and a blonde ponytail. The character is seen in various poses and settings, including in front of a car, on a car, and in a parking lot. The background varies from a cloudy sky to a cityscape, and the character's actions include running, jumping, and dancing. The video also includes text overlays with phrases like ""Watch my knife and let me go back"" and ""Retro Haowo.""",1. News
7397793782122564896,"The video features a person lying down on a bed, wearing a white top with lace details and a gold necklace. The person is wearing a gold ring and has their hair tied up. They are seen adjusting their hair and making hand gestures, possibly to emphasize a point or express emotion. The background includes a pillow with a black and white pattern. The person's nails are painted white, and they are wearing earrings. The video includes text overlays that read ""Leute, ich hatte einfach gerade eine Realisation. What the fuck? Ich hoffe es eigentlich auszusprechen, aber mir ist aufgefallen",Entertainment & Shows
7359943972216638736,"A police officer is walking down a street with a group of people. The people are wearing orange vests and holding signs. The signs say things like ""Palestina"" and ""Widerstand ist Völkerrecht!"" The police officer is wearing a blue uniform and a hat.",14. Nonprofits & Activism
7344108969151008001,"The video shows a group of people at a wedding reception. There are tables set up with food and drinks, and people are sitting and standing around. A woman in a red dress is sitting at a table with a man in a black suit. They are holding glasses of champagne and smiling at the camera. The woman is holding a piece of paper with the words ""Damian really likes cookies I guess"" written on it. The man is wearing a black suit and a white shirt. The woman is wearing a red dress and has long hair. The man is wearing a black suit and a white shirt. The woman is holding a piece of paper with the words ""Damian really likes cookies I",Entertainment & Shows
7226368631268019482,"The video features a person with long blonde hair, wearing a black leather jacket, standing in a room with a pink towel hanging on the wall. The person is holding a phone, and the text ""Songs for your Insta Story Crush Edition"" is displayed at the top of the screen. The person then takes a selfie, and the text ""EVERY TIME WE TALK, IT JUST HURTS SO BAD"" appears on the screen. The person continues to take selfies, and the text changes to ""CAUSE I DON'T EVEN KNOW WHAT WE ARE"" and ""I DON'T EVEN KNOW WHERE TO START."" The person","3. Music, Singing, & D"
7369594137928109345,"The video shows a shelf in a grocery store with various food items, including a box of Mr. Brain's pork faggots. The box is prominently displayed and features an image of the product on the front. The price tag on the shelf indicates that the pork faggots are priced at 1.60. The video also includes a humorous comment from the person recording the video, questioning the price of the pork faggots and expressing surprise at the cost.",7. Food
7330275353325227297,"The video features a person with extensive tattoos, who is seen in various settings, including a bar, a restaurant, and an outdoor setting. The person is described as having a unique appearance, with tattoos covering their entire body. The video includes text overlays in German that provide humorous and exaggerated descriptions of the person's appearance and actions. The person is seen performing various activities, such as exercising, eating, and interacting with others, all while maintaining their distinctive appearance. The video concludes with the person sitting at a table in a restaurant, holding a glass of wine and a plate of food, with the text ""Restaurants"" displayed on the screen.",Entertainment & Shows
7327164126822763808,"The video showcases a series of military parades from different countries, each with a distinct uniform and flag. The first frame features a group of women in military uniforms, with the text ""women military parades"" displayed at the bottom. The scene transitions to a group of women in military uniforms, with the text ""women military parades"" displayed at the bottom. The next frame shows a group of women in military uniforms, with the text ""women military parades"" displayed at the bottom. The scene then shifts to a group of women in military uniforms, with the text ""women military parades"" displayed at the bottom. The next frame shows a group of women in military uniforms, with the text ""women military parades",Entertainment & Shows
7371855904813157664,"The video features two individuals standing side by side in a room, with a white wall and a bed in the background. The person on the left is wearing a white shirt with a pink design and denim shorts, while the person on the right is wearing a white shirt with a pink design and black pants. The video is titled ""pre summer sets"" and includes a list of statistics for each person, such as ""Jula"" and ""Amelie"" with their respective scores and stats. The video also includes emojis and a flower-shaped decoration on the wall.",Entertainment & Shows
7354696392129924385,"The video showcases a series of close-up shots of a red sports car at a car show. The car is detailed with a carbon fiber body and black wheels. The video begins with a close-up of the car's side, highlighting its sleek design and the ""TORQUE"" badge on the rear. The car is then shown from the front, revealing its aggressive stance and the ""Porsche"" logo on the hood. The video captures the car's movement as it is driven around the show floor, with people observing it from a distance. The car's performance is evident as it accelerates and maneuvers through the show area. The video concludes with a wider shot of the car being driven",1. News
7293639077671210286,"The video shows a person feeding fish from a white bucket filled with fish food. The person is standing on a wooden dock by a body of water, and the fish are seen swimming around the bucket. The person then releases the fish into the water, and the fish swim away. The video ends with the person standing on the dock, watching the fish swim away.",1. Pets & Animals
7357227155979275526,"A group of people are standing on a cobblestone street at dusk. The group consists of a man in a beige jacket, a woman in a white jacket, a child in a light blue outfit, and another child in a light blue outfit. The man in the beige jacket is holding a microphone and appears to be interviewing the group. The woman in the white jacket is holding a microphone and appears to be recording the interview. The children are holding orange cups. The background shows a building with awnings and people walking around. The atmosphere is lively and festive.",Entertainment & Shows
7394532218032491808,"The video features a woman in a pink dress and a man in a black shirt standing on a sidewalk. The woman is holding a pink purse and appears to be talking to the man. The man is wearing a black shirt and has a black belt around his waist. The background shows a street with parked cars and a fence. The sky is cloudy, and the sun is setting. The woman and the man are walking together, and the woman appears to be asking the man a question. The man is then seen standing alone on the sidewalk, looking at the woman. The woman is then seen walking away from the man, and the man is standing alone on the sidewalk. The video ends with the man",1. Entertainment & Shows
7354508802932133166,"The video starts with a person in a room, wearing a light-colored shirt, with a background of a bookshelf filled with books. The text ""Booktok"" appears at the top of the screen, followed by ""Stitch Inning"" and then ""Booktok Stitch Inning."" The person is seen gesturing with their hands, possibly explaining or discussing something. The scene then transitions to a person sitting in a car, wearing a light-colored shirt, with a background of trees and a fence outside the window. The text ""That video is two things and it is two things only it's misogyny and it's laziness. Here we go."" appears at the",Entertainment & Shows
7344855206242389280,A woman in a black blazer and white shirt is sitting in a room with a wooden door in the background. She is talking to the camera.,Politics
7377794153071037739,"The video is a series of clips from the TV show ""The Office,"" featuring various characters in an office setting. The characters are engaged in conversations and interactions, with the text overlay providing context and dialogue. The video captures the characters' reactions and emotions, creating a humorous and light-hearted atmosphere.",Entertainment & Shows
7349706117166959879,"The video features a person standing in a natural setting, surrounded by trees and foliage. The person is wearing a light-colored shirt and is speaking directly to the camera. The text overlays on the video include phrases such as ""What's up everyone?"", ""It is Frankie Muniz here and I am officially going into the jungle."", ""I don't know how to feel."", ""I'm excited."", ""I'm nervous."", ""You know, I'm normally a very organized and a planner and a control freak and I don't get to control anything here."", ""So I'm along for the ride and, you know, I hope they go easy on me."", and ""That's",Entertainment & Shows
7308194891656400170,"The video shows a group of people in a stadium, with a large crowd of fans wearing red and white. The fans are cheering and celebrating, with some holding up signs and others taking photos. The atmosphere is lively and energetic, with the crowd's excitement palpable. The video captures the excitement and energy of the fans as they celebrate a sports victory.",Sports
7375105398946139398,"The video shows a person in a light blue robe standing in a living room, talking to the camera. The person is wearing a checkered shirt and has long, curly hair. The living room has a large window with sheer curtains, a coffee table, and a television. The person is seen adjusting the curtains, opening a door, and sitting on a couch. The person is also seen holding a phone and talking to the camera. The video ends with the person standing in front of a door, talking to the camera.",Entertainment & Shows
7387067236218916129,"A woman is standing in front of a purple and pink cake box in a store. She is wearing a white shirt and a green and white patterned skirt. The store has a sign that says ""Cake Box"" and a display case with various cakes. The woman is holding a cupcake and talking to the camera.",Entertainment & Shows
7323395108378840351,"The video shows a person dancing in a hallway. The person is wearing a gray sweatshirt and jeans. The hallway has tiled floors and a Christmas tree decorated with red ornaments and a fan on the right side. The person dances energetically, moving their arms and legs in various directions.",Humor
7378610696390528289,"A man in a white lab coat is speaking into a microphone in front of a large screen. The screen shows a picture of a man in a suit and tie, and the text ""Hugo Décrypte"" is displayed in the top right corner. The man in the lab coat is talking about Emmanuel Macron's announcement of dissolving the National Assembly. He mentions that the dissolution will end the mandate of the current deputies and that new elections will be held. He also mentions that the announcement was made in front of the National Assembly. The man in the lab coat continues to speak, and the screen shows a picture of two men in suits, one of whom has white hair.",Politics
7292568999932529963,"The video shows a woman walking in a park, wearing a black t-shirt with a logo, black shorts, and a necklace. She is holding a green water bottle and a small object in her hand. Another woman is walking beside her, wearing a black sports bra, black leggings, and black sneakers. They are walking on a path surrounded by trees and grass. The video also shows the two women walking on a dirt path in a park, with one of them holding a green water bottle and the other holding a white water bottle. The video ends with a black screen displaying a red button with the word ""FOLLOW"" on it.",Fitness & Health
7360445995945037088,"The video shows a group of wild boars walking on a sidewalk at night. The boars are eating food from a person's hand, which is placed on the ground. The person is wearing a light-colored jacket and white shoes. The boars are black and brown, and they are eating from a pile of food on the ground. The person is feeding the boars with a piece of food, and the boars are eating it eagerly. The person is also holding a can of soda, which the boars are also eating. The boars are walking around the person, and the person is trying to feed them. The boars are also seen eating from a can of soda.",Entertainment & Shows
7356329953622822187,"The video features a person wearing a colorful cap and a gray shirt with a logo on it. The person is standing in front of a computer screen displaying a stock chart for Trump Media & Technology Group Corp. The stock price is shown to be falling, with a value of 34.21 USD. The person is seen speaking and gesturing with their hands, and the text on the screen changes to provide commentary on the stock's performance. The video also includes a series of text overlays that provide additional commentary on the stock's performance and the person's thoughts on the situation.",Sports
7376774039899082027,"The video shows a group of elderly people in wheelchairs in a museum. They are dressed in various outfits, including suits, military uniforms, and traditional clothing. The video also shows a man in a suit and tie sitting in a wheelchair, holding a cane. The text on the screen reads ""This art installation lets elderly world leaders roam around a museum in electric wheelchairs."" The video also shows a man in a suit and tie sitting in a wheelchair, holding a cane. The text on the screen reads ""Old People's Home is a 2007 artwork by Sun Yuan and Peng Yu, currently on show at the Borster Commerce Pinot Collections The World As It Goes exhibition in Paris",Science & Technology
7394396617882799366,"The video features a person with curly red hair, wearing a dark top, holding a large, colorful drink in their hand. The drink is decorated with various colors and patterns, including pink, white, and blue. The person appears to be in a dimly lit room, with a dark background. The text overlay at the top of the video reads ""POV: Your cousin gives you something to do drink,"" suggesting that the person is reacting to a situation where someone has given them a drink. The video does not provide any additional context or information about the situation or the person's reaction.",1. News
7382929842615979296,A person is sitting in a room and talking to the camera. They are wearing a white shirt and have a ring on their finger. The room has white walls and a mirror in the background. The person is talking about how they are feeling tired and have been working on the computer for the last few hours. They are not finding anything useful and are feeling frustrated.,Entertainment & Shows
7283171808595971370,"The video features a woman with long black hair, wearing a gray tank top, standing in a room with a plant in the background. She is holding a phone and appears to be speaking, as indicated by her hand gestures. The text overlay on the video reads, ""NO BECAUSE I'M REAL AORES WHEN THE DUCK DUCK DUCK AROUND THE STANDING GUY AT THE TEAMKAMADO FOR THE FIRST TIME. THEY MAD FAWTFIRS. I'M FAWTFIRS."" The woman's facial expressions and hand movements suggest she is reacting to something humorous or surprising.",1. News
7299771215755906312,Two women are dancing in a gym. They are wearing black jackets and pants. They are dancing in a room with wooden floors and a gray wall.,Entertainment & Shows
7397523950391086369,"A group of animated fruits, including a green apple, a blueberry, and a pineapple, are gathered together against a black background. The green apple is the centerpiece, adorned with a tiara and a crown, and is surrounded by the other fruits. The blueberry and the pineapple are positioned on either side of the apple, and the pineapple is also adorned with a tiara and a crown. The fruits are animated and appear to be in a state of celebration or celebration, as indicated by the confetti and the overall festive atmosphere.",Film & Animation
7410518813021637930,"The video shows a man in a suit and tie sitting in a room with a woman in the background. The man is speaking, and the text overlay on the screen reads, ""Do you think Americans seriously think that this is an important question?"" The woman in the background is wearing a white blazer and appears to be listening to the man. The setting appears to be a formal event, possibly a press conference or a meeting. The video does not provide any additional context or information about the Vice President's accent.",Politics
