video_id,summary,category
7349900395843472672,A man in a suit and tie is being interviewed by a reporter. The reporter is holding a microphone with the logo of the news channel. The man is wearing a blue cap with a Russian flag on it. The background shows a crowd of people and a building. The reporter is asking the man questions about the situation in Ukraine.,Politics
7326597898358066465,"The video is a humorous comparison between a person's reaction to their cat's behavior and the reaction of a smartphone. The video is divided into two parts, each showing a different reaction.

In the first part, the person is shown in a room with a cat sitting on a bed. The person is holding a smartphone and looking at it with a surprised expression. The text on the screen reads ""Pov: Les appels avec mon chachet qui n'a jamais fait de cela"" (Pov: The calls with my cat who has never done this). The person's reaction is shown in a split-screen format, with the left side showing the",7. Pets & Animals
7302484543691328810,"The video is a series of black screens with white text. The text reads ""EMERGENCY RELIEF DISTRIBUTION OCTOBER 1TH, 2023. Stop the killing. Stop hate. Time to donate."" The text is repeated multiple times throughout the video, with no other visual elements or audio present. The video does not contain any additional information or context beyond the text.",1. News
7339991555408694561,"The video shows a person standing in a store, holding a brown hoodie with the word ""BALEA"" on it. The person is surrounded by shelves filled with various skincare products. The video then focuses on a shelf displaying different skincare products, including a box of Balea Vital Augencreme and a box of Balea Aqua Augen Roll-On. The video continues to show the same shelf, with the person pointing at the products and discussing their prices. The video then shows a shelf with various skincare products, including a box of Balea Aqua Augen Roll-On and a box of Balea Aqua Augen Roll-On. The video",Beauty Care
7351403366368546081,"The video showcases a series of events involving a group of humans and aliens, culminating in a battle where the aliens are defeated and the humans emerge victorious. The aliens, who were previously considered inferior, are shown to be highly trained soldiers from multiple countries, and their defeat is attributed to their own arrogance and lack of preparedness. The video also highlights the use of advanced technology, such as a stun grenade and a grenade, which are used to incapacitate the aliens. The aliens' demise is depicted as a result of their own actions, such as their failure to adapt to the humans' tactics and their lack of self-defense mechanisms. The video concludes with the humans celebrating their victory and",Entertainment & Shows
7380379588242804001,A person is lying in bed with a pink pillow and a white blanket. They are wearing a black shirt with blue writing on it. The person is making a peace sign with their fingers.,Entertainment & Shows
7291005324717313313,"The video features two women standing in front of a large building, discussing the rise of the Alternative for Germany (AfD) party in Germany. The woman in the pink coat explains that the AfD is on the rise in Germany, coming in second in the state elections in Hesse and third in Bavaria. She also mentions that the law allowing dual nationality and faster German passport processing is still on track. The woman in the green dress asks if the law can be stopped, and the woman in the pink coat responds that the coalition government still has the majority in the Bundestag, and the Bundesrat cannot block the law. The video concludes with the woman in the pink coat saying she will",Politics
7184540937974975786,"The video shows a person in a car, wearing a black tank top and white headphones around their neck. They are demonstrating the use of a brow lift product, which is a clear container with a brush applicator. The person applies the product to their eyebrows, demonstrating the technique and results. The video also includes text overlays that provide information about the product and its benefits.",Beauty Care
7343334803665603883,"The video features a person with long, wavy hair, wearing a dark sweater and a gold necklace, sitting in front of a cosmic-themed background. The person is holding a black object, possibly a makeup product, and appears to be speaking or presenting. The background is a vibrant mix of pink, orange, and purple hues, resembling a nebula or a galaxy. The person is seen gesturing with their hands, possibly emphasizing points during their presentation.

Throughout the video, the person is seen holding the black object in their right hand and gesturing with their left hand. The cosmic-themed background remains consistent, providing a visually appealing backdrop to the presentation. The person's attire and",Science & Technology
7343662075299761440,"The video begins with a person wearing a pink sweater with a black bow tie, standing in a room with a white wall and a shelf in the background. The person is looking at the camera with a serious expression. The scene then transitions to a close-up of a person with long blonde hair, wearing a white shirt with a red tie, standing in a dimly lit room with a green hue. The person appears to be in a state of shock or fear. The video then cuts back to the person in the pink sweater, who is now looking at the camera with a more relaxed expression. The final frame shows the person in the pink sweater with a black bow tie,",1. News
7394913119375527210,A person wearing a camouflage cap and a gray shirt is standing in front of a plain wall. They are holding a small object in their hand and gesturing with their other hand. The person appears to be speaking or explaining something.,Politics
7327439802637307178,"A person is standing next to a white truck, talking about the features of the truck. The person is wearing a camouflage hoodie and is holding a phone. The truck has a black interior and a black bumper. The person is pointing at the truck and talking about the features. The person is also pointing at the wheels of the truck.",Sports
7296461109572275488,"The video features a series of interviews with Trump supporters who express their disagreements with the President's stance on unions. The interviews take place in various outdoor settings, including a parking lot and a street, with the participants wearing red hats and jackets with the ""Make America Great Again"" slogan. The participants express their views on the importance of unions, the impact of Trump's policies on unions, and their personal experiences with unions. The video concludes with the participants discussing their support for Trump and their views on unions.",Politics
7385384197864557855,"The video features a series of images from a television broadcast, showing two men in suits, one with a red tie and the other with a blue tie, standing at podiums with microphones. The background is blue with the CNN logo. The text overlay reads ""My favorite prt of the debate wasa-wa-shitting whoever wasn't talking."" The images are static, with no movement or action taking place. The video does not contain any additional audio or visual elements.",Politics
7358352976639184146,"The video shows a person driving a car on a rainy day, with the windshield wipers on. The rain is falling heavily, creating a misty effect on the windshield. The person is driving on a highway, and the traffic lights are visible in the distance. The video captures the changing colors of the sky as the sun sets, with the sun reflecting off the wet road and the car's windshield. The video also shows the person's reflection in the car's windshield, as well as the reflection of the traffic lights in the rain.",Science & Technology
7371030140370963713,"The video is a series of clips from a video game, specifically a first-person shooter game. The game is set in a medieval-style environment with stone buildings and cobblestone streets. The player is using a futuristic weapon with a glowing green and blue design. The player is seen navigating through the environment, taking cover behind walls and using the weapon to shoot at enemies. The player is also seen using a grappling hook to swing across the environment. The player is also seen using a grappling hook to swing across the environment. The player is also seen using a grappling hook to swing across the environment. The player is also seen using a grappling hook to swing across the environment. The player is",Sports
7328941581862473006,"The video showcases a fighter jet in flight, with the text ""HIGH"" appearing in yellow letters. The jet is seen on a runway, with a person in the background. The jet then takes off, and the text ""TARGET"" appears in yellow letters. The jet is seen on an aircraft carrier, with a green truck and a person in the background. The jet is then seen flying in the sky, with the text ""HIGH"" appearing in yellow letters. The jet is seen flying in the sky, with the text ""TARGET"" appearing in yellow letters. The jet is seen flying in the sky, with the text ""HIGH"" appearing in yellow letters. The jet",1. News
7295860137162591519,"The video features a person wearing a plaid shirt, speaking in front of a blue-lit background. The person is seen discussing various topics related to power, justice, and historical events. The text overlays on the screen provide context and commentary on the topics being discussed. The person appears to be making a point about the injustices committed by different groups throughout history, and the video ends with a message about the importance of remembering the feelings of righteousness that can lead to harmful actions.",Politics
7407540452611640606,"The video shows a person in a blue shirt sitting at a desk in an office, wearing black gloves. The person is holding a passport and a pen, and appears to be in the process of checking something on the desk. The background includes a white door, a computer keyboard, and a box. The person is seen writing on a piece of paper, and at one point, they are seen holding a green object, possibly a pen or a marker. The person then places the green object on the desk and continues to write on the paper. The video ends with the person waving their hand, possibly to signal the end of the interaction.",Science & Technology
7372987016914455841,"The video shows a cricket match between Pakistan and England. The players are wearing different colored uniforms, with the Pakistan team in orange and the England team in green. The match is taking place in a large stadium with a crowd of spectators. The players are seen running and playing the game.",Sports
7366561209996332320,A person with long black hair is sitting in a room with a yellow wall and a white ceiling. They are wearing a white shirt and have a gold watch on their left wrist. They are talking to the camera and gesturing with their hands.,News
7334130841016274222,"The video features a black sports car parked in a parking lot. The car is sleek and has a low profile, with a prominent front grille and large alloy wheels. The background of the video is a typical parking lot scene, with trees and a fence visible in the distance. The video is overlaid with text that reads, ""I don't reverse park to look cool, a mf just can't park forward..."" This text suggests that the person filming the video is frustrated with their friends' parking habits. The video does not contain any additional information or context beyond the text and the visual of the car.",1. News
7380389929790033185,"The video features a dramatic dance scene between two characters in a dark, dimly lit setting. The male character is dressed in a blue outfit with a cape, while the female character wears a white dress with a crown. The dance is intense and passionate, with the male character holding the female character in a close embrace. The background is dark, with a few lights visible, adding to the dramatic atmosphere. The video ends with the male character holding the female character in a close embrace, with the text ""You may have my number, you can say my name But you'll never have my heart Let the sky fall, let me crumble We will stand tall, I'll face it all Together",Sports
7343754603927850245,"The video is a series of images that appear to be from a protest or rally, with people holding signs and flags. The images are overlaid with text that reads ""FREE PALESTINE"" and ""Remember, you can post one video each day using this filter and it will still count. So, if you post once every Monday, Tuesday, Wednesday, private or public, it will count as three quotes."" The images show people in various poses, some holding signs and others holding flags. The colors in the images are mostly red, white, and black, with the flags being green, white, and black. The images are overlaid with text that reads ""FREE PALESTINE",Politics
7357827492289465646,"A person wearing a white t-shirt with a cartoon character on it is standing in a kitchen. The person is making hand gestures and talking to the camera. The text on the screen reads, ""I don't personally think this is a hot take but some people might if I never had to eat again like I could just survive without putting food in my body I would and before everybody in the comments no it's inconvenient grocery shopping inconvenient cooking inconvenient fucking sitting down eating a goddamn meal inconvenient dude I don't want to do it anymore like I don't want to decide, dude. I don't want to decide what to eat. I don't want to cook. I don",Entertainment & Shows
7366736772253977889,"The video starts with an aerial view of a coastal town, surrounded by lush green trees and a body of water. The text overlay reads, ""Is a country still a country if it sinks?"" This sets the stage for the discussion of Tuvalu, a small island nation in the Pacific. The video then transitions to a map of the Pacific, highlighting Tuvalu and its surrounding islands. The text overlay reads, ""Is a country still a country if it sinks?"" This question is posed again, emphasizing the vulnerability of Tuvalu to rising sea levels. The video then shows a group of people walking along a beach, with the text overlay reading, ""30 years ago, it was",Politics
7342750088902511915,"The video shows a person standing in a bathroom, taking a selfie with a phone. The person is wearing a black t-shirt, black shorts, and a blue wristband. The bathroom has a tiled wall with blue and yellow stripes, and there is a mirror above a sink. The person is holding the phone in their right hand and appears to be smiling or posing for the selfie.",1. News
7325461211653492010,"A person is wearing a purple hoodie with the word ""CRAZY"" written on it. They have long braids and are standing in front of a wooden door. They are talking to the camera and showing their hair.",Entertainment & Shows
7363144949442825518,"The video features a young woman with long blonde hair, wearing a black top with a graphic design. She is standing in a room with a white door in the background. The text overlay on the video reads, ""why is finding a girl friend no im not trying to fall in love with, im trying to fall in love with her."" The woman appears to be speaking directly to the camera, expressing her thoughts on the subject. The video does not contain any other discernible actions or movements.",1. Entertainment & Shows
7375972216707484960,"The video is a series of frames showing a man in a white shirt standing in front of a screen with a list of Labour's policy steps for change. The man is gesturing with his hands as he speaks, and the background is a red and white flag. The text on the screen reads ""Thanks for the plug Rishi 👍"" and ""Thanks for the plug Rishi 👍"" with a thumbs up emoji. The man is also seen writing on a piece of paper with a blue pen. The video ends with the man standing in front of a black background with the text ""Thanks for the plug Rishi 👍"" and a thumbs up emoji.",Politics
7363604482355137799,A woman is unpacking a large box in her kitchen. She is using a laptop to search for deals on Amazon. She finds a deal for a stainless steel double-walled glass coffee maker for $18.74. She then uses a vacuum sealer to seal the box.,Entertainment & Shows
7341253553245408558,"The video features a person in a light blue shirt with white patterns, wearing a necklace and pearl earrings, standing in a room with a beige wall and a window in the background. The person is seen applying makeup, using a brush and a bottle of foundation. They are also seen holding a small object, possibly a makeup brush or a makeup product, and using it to apply makeup to their face. The person is seen talking and gesturing with their hands while applying makeup. The video also includes text overlays that provide context and information about the person's situation and goals.",Beauty Care
7346960504490937642,"The video starts with a woman lying on a bed, wearing a light-colored tank top. The text overlay reads, ""When you wanted your engagement song to be 'Sun's so low' ok."" The scene transitions to a black and white image of a car driving down a road, with a woman in a white dress and a man in a suit sitting in the back. The car is a classic model with a large trunk. The next scene shows the woman in a white dress standing on the back of the car, with the man in a suit sitting in the front. The car is driving down a road, with trees and a fence in the background. The final scene shows the woman in",Entertainment & Shows
7203774185322188037,"The video begins with a person standing in front of a door with a sign that reads ""A STUDENT'S HOME."" The person is wearing a black shirt and gray pants. The door is open, and the person is holding a piece of paper. The person then walks into a room with a wooden floor and a gray rug. The person is wearing a black shirt and gray pants. The person then walks into a room with a wooden floor and a gray rug. The person is wearing a black shirt and gray pants. The person then walks into a room with a wooden floor and a gray rug. The person is wearing a black shirt and gray pants. The person then walks into a room",1. Entertainment & Shows
7324373228028300577,"The video starts with a person walking down a street at night, with buildings and cars in the background. The person is wearing a dark coat and carrying a bag. The text on the screen reads ""things you need to know before getting a job finance."" The scene transitions to a close-up of a person's hand holding a light bulb, with the text ""things you need to know before getting a job finance"" still visible. The scene then shifts to a shelf with various bottles of skincare products, with the text ""things you need to know before getting a job finance"" still visible. The scene then transitions to a person walking down a street at night, with the text ""things you need",Entertainment & Shows
7404376866108312865,"The video starts with a chaotic scene outside a bus at night, where a group of people, including police officers, are trying to manage a situation involving a person in a wheelchair. The text overlay reads ""Das sagen lässt sich nur zur Kursk-Offensive"" (The situation only allows for the Kursk Offensive). The scene then shifts to an outdoor setting where a man in a denim jacket is speaking to the camera, with the text overlay still present. The background shows a city street with buildings and a sign that reads ""Nicol."" The man appears to be providing commentary or analysis on the situation. The scene then transitions to a",Politics
7379002112652660014,"The video features a person wearing a white shirt with a graphic design, standing in front of a window with blinds. The person is holding a necklace with the name ""RITANA"" written on it. The necklace is displayed on a white card with the text ""Fashion Jewelry"" and a logo. The person appears to be expressing gratitude to someone named Sarah, as indicated by the text on the card. The video concludes with a close-up of the necklace on the card, emphasizing the name ""RITANA"".",1. News
7394618529569344811,"The video starts with a woman standing in front of a backdrop featuring the American flag and the text ""KAMALA."" She is wearing a black blazer and a light-colored top. The date ""7/22/24"" is displayed in the top left corner. The woman is speaking into a microphone, and the scene transitions to another woman with long blonde hair, wearing a light blue shirt and a necklace, standing in a room with a gold-colored shelf and a plant. The date ""7/22/24"" is still displayed in the top left corner. The video then shows a man in a suit and blue tie, with the text ""President",Politics
7366286242406829345,A man in a grey hoodie is standing in an office and playing a DJ controller. He is wearing a grey hoodie and black shorts. He is playing the DJ controller and there are other people in the office.,"Music, Singing, & Dancing"
7325205573941710111,"A person wearing a black t-shirt with a picture of a man on it is sitting in a room. The room has a carpeted floor, a dresser with a mirror on top, and a door in the background. The person is talking to the camera and making hand gestures. The text on the screen says ""I've only recorded during daylight hours so far... 9 hours so far... I've only recorded during daylight hours so far... 9 hours so far... I've only recorded during daylight hours so far... 9 hours so far... I've only recorded during daylight hours so far... 9 hours so far... I've only recorded during daylight hours so far...",Science & Technology
7352304151897951521,"The video starts with a person standing in a living room, wearing a black shirt and red pants. The room is decorated with a chandelier, a rug, and a fireplace. The person is seen walking around the room, and the text ""POV: Du chilst bst im 'Ich bin nicht recht' Freud"" appears on the screen, which translates to ""POV: You're the best in the 'I'm not right' feeling."" The person then sits on the floor, surrounded by shoes, and the text ""POV: Du chilst bst im 'Ich bin nicht recht' Freud"" reappears. The person then",Entertainment & Shows
7365063366907333921,"The video showcases a breathtaking view of a city skyline at sunset. The sky is painted with hues of pink, purple, and orange, creating a stunning backdrop for the city's illuminated buildings. The city's lights reflect off the water, adding to the beauty of the scene. The video captures the city's skyline from a distance, allowing viewers to appreciate the architectural details and the city's layout. The video also includes a voice-over that repeats the phrase ""I'm the way you are, I'm the way you are, I'm the way you are,"" which could be a part of a song or a motivational message.",1. News
7346235933882076448,"The video shows a man in a green hoodie and blue jeans using a blue mechanical device to work on a wooden post in a field. He is seen bending over and using the device to work on the post, which is surrounded by a dirt ground and trees in the background.",1. Sports
7305148019727420718,"The video features a woman wearing a white turtleneck and a beige coat, standing in front of a movie poster for the film ""Watcher."" The poster displays the title ""Watcher"" in large white letters, with the tagline ""Striking a Sensation"" and the names of the actors, ""Alec Baldwin"" and ""Maggie Gyllenhaal,"" at the bottom. The woman appears to be speaking or reacting to the movie poster, as indicated by her hand gestures and facial expressions. The background of the poster is dark and rainy, with a building visible through the rain. The video includes multiple frames of the same scene, with the",Entertainment & Shows
7395252325104766216,"The video begins with a scene from a first-person shooter game, featuring a virtual environment with a sandy, urban setting. The player is holding a sniper rifle, and the scoreboard shows a score of 0-1. The scene then transitions to a close-up of a cat's face, with the cat's eyes and mouth open, as if it is looking at the player. The cat is then shown holding a sniper rifle, with the cat's body and the rifle visible. The cat is wearing a green helmet, and the scene is set in a similar urban environment. The cat is then shown holding a gun, with the cat's body and the gun visible.",01
7354853011887312160,"The video begins with a person sitting at a table with two pizzas in front of them. The person is wearing a dark blue sweater and has their hands clasped together. The text overlay reads ""It's pizza night on @xxthefoxfox But what are our favorites??!"" The person then says ""Pineapple doesn't belong on pizza...."" and the text overlay changes to ""Pineapple doesn't belong on pizza...."" The person continues to say ""Pineapple doesn't belong on pizza...."" and the text overlay changes to ""Pineapple doesn't belong on pizza...."" The person then says ""Pineapple doesn't belong on pizza....",Entertainment & Shows
7355938811429260550,"A person is sitting in front of a colorful, fluffy blanket and wearing headphones. They are speaking into a microphone and responding to comments on a video. The comments are about the song ""I ate a whole bag of chips and my tummy hurts real bad. This is a song about feeling sad because they were damn good. No regrets."" The person is also responding to comments about the song ""Heavy metal. A song. About how... Okay. Let's see what it comes up with. It's the future, Death in Space. This is music AI. This is amazing. What? No regrets? It did say Rickards, this is... This is the best! It","Music, Singing, & Dancing"
7363655590524226862,"The video starts with a person sitting at a desk with a keyboard and a mug with a zebra design. The background is a vibrant blue with a neon sign. The person is wearing a dark t-shirt with the words ""LOVE HOPE CURVE"" written on it. The scene transitions to a screen displaying information about Discord, including the number of servers, users, and messages. The text on the screen reads ""Welcome to Spypet, a Discord data scraping website. Discover Discord's data with over 300 million users and still growing. Missed Discord? Search Discord Users."" The person is then shown again, with the text ""Discover",News
7337977691611696417,"The video shows a person driving a car, wearing a white sweater and a seatbelt. The person is seen gesturing with their hands and talking to the camera. The car is driving through a city street with buildings and other cars visible through the windows. The person appears to be in a conversation with the camera, possibly discussing the driving experience or expressing frustration.",1. News
7335864619187146016,"The video is a series of maps and graphics that compare the population and geography of Wyoming and Colorado. It starts with a map of the United States, highlighting the states of Wyoming and Colorado, and then zooms in on the Rocky Mountains, showing the border between the two states. The video then provides a detailed comparison of the two states, including their population, geography, and economy. It highlights the differences in population density, climate, and economic development between the two states. The video concludes with a map of the Rocky Mountains, showing the location of Gannett Peak and Yellowstone National Park, and a red box highlighting Wyoming's O'Neill Four-Year University.",Science & Technology
7356565580603870497,"The video features a conversation between two individuals, one in a dark suit and the other in a light pink outfit, set against a backdrop of a black and green background with vertical lines. The conversation revolves around the topic of mental health, with the person in the dark suit expressing concern and empathy for the person in the light pink outfit, who is struggling with mental health issues. The person in the light pink outfit shares their personal story, mentioning that they are waiting for a psychotherapist and cannot get one, and that they are waiting for a psychotherapist. The person in the dark suit listens attentively and responds with empathy, acknowledging the person's struggles and expressing concern for their well-being. The conversation",Politics
7407322364309949728,"The video shows a group of people performing on stage. They are dressed in casual clothing and are dancing energetically. The stage is brightly lit with colorful lights, and the background features a large screen with a pink and blue design. The performers are moving in sync with each other, and the audience can be seen in the foreground, watching the performance. The video also includes a text overlay that reads ""I don't wanna die Before we love, we love, this feeling, babe Cause it's enough, enough, can't be this way Before we love, we love, this feeling, babe I love it, I like it, but I don't wanna die Ooh,","Music, Singing, & Dancing"
7395058028594122014,"The video features a series of clips with different individuals, each with their own unique background and setting. The first clip shows a man in a suit and tie speaking in front of a blue background. The second clip features a man in a suit and tie standing at a podium with a microphone, with the text ""John F. Kennedy Presidential Library and Museum"" displayed on the screen. The third clip shows a man in a black shirt and cap standing in front of a rocky coastline, with the text ""Wade's take on RfJkr"" displayed on the screen. The fourth clip shows a man in a black shirt and cap standing in front of a car, with the text ""And",Sports
7357035995667107114,"The video shows a woman in a black t-shirt with the word ""Tropical"" on it, standing in a fast food restaurant. She is holding a drink in her hand and appears to be talking to someone off-camera. The background shows a menu board with various drinks on it, including a drink called ""Real Fruit Water"" and a drink called ""Monster."" The woman is seen drinking from the drink and then placing it back on the counter. She then picks up a drink from the counter and drinks from it. The video also shows a woman in a red shirt standing behind the counter, talking to the woman in the black t-shirt. The video ends with the woman in",Entertainment & Shows
7322958700291853614,"The video is a news broadcast featuring a man in a suit and red tie speaking at a podium. The background is blue with the words ""Iowa Town Hall"" and ""Donal Trump"" visible. The man is speaking to a woman in a white suit and another man in a suit. The broadcast is from Fox News, as indicated by the logo in the bottom left corner. The man is discussing various topics, including the origins of the coronavirus, the impact of the pandemic, and political issues. The video also includes text overlays with questions and answers, such as ""What was Trump asked about?"" and ""What was Trump asked about?"" The man is seen gesturing with his hands",Politics
7333721172363922734,"The video shows a man in a blue shirt and khaki pants standing in front of a black Toyota CUV. He is wearing sunglasses and a name tag. The man is dancing and moving his arms around while talking to the camera. The background includes other cars and palm trees. The text ""Toyota coulver"" is displayed at the top of the screen, and there are emojis of a smiling face with heart eyes.",1. News
7320342127790148907,"The video depicts a police officer in a black uniform with a badge and a name tag standing in front of a row of blue lockers. The officer is wearing a black beanie and a black jacket with a police badge on the left side. The background is a plain wall with a window on the right side. The text ""TYRANT COPS MAKE BIG MISTAKE"" is displayed at the top of the screen, followed by ""silverthorne Colorado - fIslam amendment"" and ""Amaganset Press."" The officer is seen gesturing with their hands, possibly explaining something. The video continues with the officer standing in front of the lockers, still gesturing",News
7287998089279917345,"The video begins with a person standing outdoors, wearing a dark jacket and a white shirt with a black design. The person is holding a smartphone and appears to be speaking, with text overlaid on the video indicating that they are discussing saving money on Amazon. The scene transitions to a close-up of a laptop screen displaying the Amazon website, with the text ""Amazon Fashion Sale"" visible. The video then shows a close-up of a laptop screen displaying the Amazon website, with the text ""Amazon Fashion Sale"" visible. The video continues with a close-up of a laptop screen displaying the Amazon website, with the text ""Amazon Fashion Sale"" visible. The video then shows a close-up",13. Entertainment & Shows
7340766599860849926,"The video shows a man in a military uniform standing at a podium with a microphone. He is wearing a dark blue uniform with various medals and insignia on the left side of his chest. The background features a large building with the words ""The Pentagon"" and ""Washington, D.C."" written on it. The man appears to be giving a speech or statement, as indicated by his hand gestures and the presence of a microphone. The video also includes a text overlay that reads ""Patrick Ryder U.S. Air Force Brigadier General"" and ""Global News.""",News
7324688586807201070,"The video shows a young woman sitting in a classroom, wearing a white sweater and a beige scarf. She is looking at a piece of paper in front of her. The background shows a window with blinds, a bulletin board with papers and a shelf with books and other items. The text overlay on the video reads ""Special Ed teacher trying to figure out whether their student is crying."" The woman appears to be in a classroom setting, possibly a school or a tutoring environment. The video does not provide any additional context or information about the woman or the situation.",1. News
7195058735914519809,A large building is being demolished. A crane is lifting a large piece of the building. The building is being demolished by a crane. A large building is being demolished. A crane is lifting a large piece of the building. A large building is being demolished. A crane is lifting a large piece of the building. A large building is being demolished. A crane is lifting a large piece of the building. A large building is being demolished. A crane is lifting a large piece of the building. A large building is being demolished. A crane is lifting a large piece of the building. A large building is being demolished. A crane is lifting a large piece of the building. A large building is being,1. News
7360854136440540459,"The video starts with a man in a light gray polo shirt standing in a doorway, looking out at a lush green landscape. He is joined by another man in a dark jacket with red accents, who is also looking out at the same landscape. The man in the polo shirt then turns to face the man in the dark jacket, and the text ""CAN I HELP YOU?"" appears on the screen. The two men stand facing each other, with the man in the polo shirt speaking to the man in the dark jacket. The man in the dark jacket responds with ""HUELL?"" and the man in the polo shirt continues to speak. The two men then stand side by",Entertainment & Shows
7408631372044111135,"The video shows a person with tattoos petting a cat. The cat is lying on a white surface with a bowl of food nearby. The person is holding the cat's paw and petting it. The cat appears to be in a state of distress, possibly due to the loss of medications. The person is also shown holding a kitten with a bandage on its leg. The kitten is being petted by the person with tattoos. The person is also shown holding a kitten with a bandage on its leg. The kitten appears to be in a state of distress, possibly due to the loss of medications. The person is also shown holding a kitten with a bandage on its leg. The kitten appears to be",Pets & Animals
7383460841204534534,"A person is using a metal file to sharpen a nail on a wooden surface. The video shows the process of filing the nail, with sparks flying as the file makes contact with the nail. The person is using a green file to sharpen the nail, and the background shows a workbench with various tools.",Science & Technology
7340748820130647326,The video shows two people sitting at a table in an office setting. One person is wearing a dark jacket and the other is wearing a striped shirt. They are discussing California's new $20 minimum wage for fast food restaurants. The person in the dark jacket is holding a sandwich and the person in the striped shirt is holding a phone. The video also includes text overlays that provide information about the new minimum wage and a specific exemption for fast food chains with bakeries.,Politics
7289539647825382698,"The video features a woman in a kitchen, wearing a peach-colored shirt with a floral pattern and dark blue shorts. She is dancing energetically, moving her arms and body in various directions. The kitchen is well-lit, with a white countertop and cabinets in the background. The woman's movements are lively and expressive, with her arms raised and her body swaying to the rhythm of the music. The video does not contain any text or subtitles.",1. News
7390878944012045598,"The video is a humorous and engaging commentary on the fashion industry, featuring a person in a virtual environment. The person is seen in various outfits, including a black outfit with a yellow headpiece, a red outfit, and a green outfit, and is interacting with other virtual characters. The person is also seen in a real-life setting, wearing a black hoodie and headphones, and is engaged in a conversation with another person. The video includes text overlays that provide commentary on the fashion choices and the competitive nature of the virtual environment. The video also includes a countdown timer and a list of fashion items, which adds to the humorous and engaging nature of the commentary.",Gaming
7390133152670420266,"The video features a person wearing a black off-the-shoulder top with a graphic design and a necklace with a pendant. The person is standing in a room with a wooden dresser and various items on it, including a lamp and some bottles. The lighting in the room is dim, and there is a red laser pointer visible in the foreground. The person appears to be speaking or singing, as indicated by the audio in the caption.",1. News
7373916497896377617,"The video showcases the process of making a delicious dessert, starting with a close-up of a partially eaten slice of a cake with a creamy, caramel-like filling. The cake is made with a graham cracker crust, and the filling is smooth and rich. The video then shows the ingredients being mixed together, including a creamy white substance, a brown liquid, and a white powder. The graham cracker crust is then placed in a pie dish, and the creamy filling is poured over it. The video continues with the graham cracker crust being placed in a pie dish, and the creamy filling is poured over it. The video then shows the graham cracker crust being placed",Entertainment & Shows
7303250453079280927,"The video is a promotional video for the Air Tahiti Nui Tiare Pass, which offers four round-trip tickets to Tahiti, Paris, Auckland, and Tokyo in economy class. The pass costs $1,525, and if you do the math, assuming each round-trip ticket costs $750, it's a very good deal. However, there's a catch: you have to fly out of LAX or Seattle for your flights, and there are only 250 passes available, which go on sale on November 25th at 9 a.m. Pacific time. The video also includes a graphic with the Air Tahiti Nui Ti",Travel & Events
7330776298576514347,"A man and a woman are sitting at a table with a spinning wheel in front of them. The wheel has different colored sections and a red button in the center. The man is wearing a dark blue shirt and the woman is wearing a white shirt. The man is spinning the wheel and the woman is pointing at different sections of the wheel. The text on the screen says ""The Eagles"" and ""Onomatopoeia."" The man and the woman are smiling and laughing as they spin the wheel.",Entertainment & Shows
7386716685945900320,"The video begins with a man in a suit and tie walking through a stadium, with a crowd of people in the background. The man is then seen sitting in a stadium, with a woman in a white jacket standing next to him. The man is then seen standing in the stadium, with a woman in a white jacket standing next to him. The man is then seen sitting in the stadium, with a woman in a white jacket standing next to him. The man is then seen standing in the stadium, with a woman in a white jacket standing next to him. The man is then seen sitting in the stadium, with a woman in a white jacket standing next to him. The man is then seen",Sports
7390820226562084139,"The video shows a group of cartoon characters standing under a rain shower. One character is holding a purple umbrella, while another character is holding a blue umbrella. The background is a fence, and it is raining. The text on the screen reads, ""When you're just trying to have a brasummer."" The characters appear to be talking to each other, and the text suggests that they are discussing the weather and their plans for the day.",Film & Animation
7361435694725696810,"The video starts with a person standing on a stage in front of a crowd, with the text ""Every headline show I make my vip pledge to be a friend to anyone who came alone to show that night."" The person is wearing a blue jacket and a pink skirt. The scene then transitions to a poster for the ""Heavy Moves 2024"" event, with the text ""NOMINEE: BEST SCENE OF THE YEAR"" and ""MY LIVE SET GOT ME NOMINATED FOR AN HMA GO VOTE NOW!!!"" The video then shows a close-up of the poster, with the text ""NOMINE",Entertainment & Shows
7317028968568343850,"The video is a series of humorous and instructional clips that demonstrate various ways to improve one's social skills, particularly when it comes to talking to girls. The first clip shows a person using a drill to attach a bolt to a wooden block, with the text ""how do I talk to girls I'm shy?"" displayed at the top. The person then uses a drill to attach a bolt to a wooden block, with the text ""I'll give you guys the best advice"" displayed at the top. The person then uses a drill to attach a bolt to a wooden block, with the text ""actually, I'll give you guys the best advice"" displayed at the top. The person then uses a",Science & Technology
7393735339996712225,"The video features a person wearing a white and blue striped shirt with a blue collar, standing in front of a door. The person is holding a phone and appears to be speaking or reacting to something. The background is a plain wall with a door visible. The person is wearing a watch on their left wrist. The video has a humorous tone, as indicated by the text overlay that reads ""QUAND ON A 11 DE VUE LE \""M\"" VENTE E \""MILLION\"" MAISQUAND ON A 1 K DE VUE, SE L'ELLE \""K\"" VIENT DE QUE MOT ?"" which translates to ""When you see \""M",Sports
7286953369133174062,"The video shows a man in a yellow shirt and black pants standing on a sidewalk next to a road. He is holding onto a large, black and white parachute. The background features a mountainous landscape with trees and buildings. The man begins to run towards the camera, and as he gets closer, the parachute starts to inflate. The man then jumps off the sidewalk and into the air, with the parachute fully inflated. He floats in the air, and the parachute billows out behind him. The video ends with the man still floating in the air, with the parachute still billowing out behind him.",Sports
7210197949433892142,"The video showcases a picturesque beach scene with a clear blue sky and calm ocean waters. The beach is bustling with people enjoying the sunny weather, with some lounging on beach chairs and others walking along the shore. The beach is lined with umbrellas and beach towels, indicating a popular spot for relaxation and sunbathing. The video is overlaid with text in Italian, providing a list of the beach's favorite attributes, such as its ""iconic and icy"" nature, its ""reasonable"" food options, and its ""delicious"" umbrellas. The text also mentions the beach's ""great peachy bellies"" and its ""reasonable"" prices. The video concludes",Favorite beach in Capri
7317451980497046826,"The video is a compilation of morbid facts about the Church of Scientology. It starts with a split-screen format, showing two individuals in different settings. The top half of the screen displays the title ""Morbid Scientology Facts"" and the bottom half shows the same title. The background of the top half is black, while the bottom half is white. The video then transitions to a black and white format, showing two individuals in different settings. The top half of the screen displays the title ""Morbid Scientology Facts"" and the bottom half shows the same title. The background of the top half is black, while the bottom half is white. The video continues with a black and white",Science & Technology
7346304747646848288,A group of people are shopping in a grocery store. They are looking at the shelves and picking up items. One of the people is wearing a blue vest and is holding a box of cookies. The other people are also picking up items from the shelves.,Entertainment & Shows
7357381570371603717,"The video shows a group of women dancing in a living room, followed by a man in a beige jacket and white shirt speaking to the camera. The man is making hand gestures and pointing to his chest. The video then shows a close-up of the man with the text ""they won't be interested"" on the screen.",1. Entertainment & Shows
7319635608945675528,"A person is dancing on a stage with a dark background. They are wearing a white sweatshirt with a black design, black and white striped pants, and red shoes. The person is performing a dance routine, moving their arms and legs in various ways. The audience is watching the performance, and some people are taking photos or videos.",3
7288048371019926814,"The video shows a person standing outside in front of a house, wearing a white shirt. The person is holding a thermometer and pointing it at the ground. The thermometer is showing a temperature of 65 degrees Fahrenheit. The person is also wearing a nose ring and has multiple rings on their fingers. The person is talking about the temperature being 65 degrees Fahrenheit and how it's cold outside.",1. News
7302492057975688490,"The video features a person wearing a tie-dye tank top with a watermelon pattern. The person is standing in front of a white wall with a ceiling fan. The person is wearing a pair of sunglasses on their head. The video includes text overlays that read ""From the river to the sea"" and ""From the river to the sea."" The video also includes a logo for the Filter Creator Fund, which is a non-profit organization that supports Palestine.",1. News
7289320054347468078,"The video features a person sitting at a desk with a laptop, wearing a dark shirt. The background includes a painting with a red and orange color scheme. The person is seen gesturing with their hands while speaking, and the text on the screen reads, ""Hobart Archie Burke's head will explode."" The person continues to speak and gesture, emphasizing their points. The video repeats this pattern several times, with the text changing to ""Hobart Archie Burke's head will explode"" and the person continuing to speak and gesture. The video concludes with the person still at the desk, with the text ""Hobart Archie Burke's head will explode"" on the screen.",Entertainment & Shows
7346011922946510126,"A person wearing a beige hoodie is standing outdoors, with trees and a building in the background. The person is wearing a backpack and has sunglasses on their face. The person is talking to the camera. The scene then transitions to a news article from CNN about RFK Jr.'s VP prospect. The article mentions that Rodgers has shared false SandHook conspiracy theories with the New York Times. The article also mentions that Rodgers has been speaking continuously with Rogers for the last month or so. The article also mentions that Rogers has no governing experience of any kind and is a genuine conspiracy theorist. The article also mentions that Kennedy has said he believes a number of conspiracy theories himself.",Politics
7366304208150121774,"The video features a series of individuals making heart shapes with their hands in front of them, with the text ""Millennials try new Gen Z handcart"" appearing at the top of the screen. The individuals are dressed in various outfits, including a red shirt with white text, a red jacket with ""Los Angeles"" written on it, a beige plaid jacket, a yellow jacket, and a blue plaid shirt. The background of each frame is different, with some showing a wall with a cactus plant and others showing a wall with a framed picture. The video also includes text at the bottom of the screen that reads ""Amy 1995"" and ""Laura",Entertainment & Shows
7360733570232552710,"The video features a person standing outdoors, holding a large, intricately designed clock with the word ""КУРАЕНА"" (Ukraine) written on it. The clock has Roman numerals and is surrounded by decorative elements, including wheat stalks. The person is dressed in casual attire, and the background consists of greenery and a paved path. Throughout the video, the person appears to be speaking, as indicated by the text overlay. The text provides contact information, including a phone number and email address, suggesting that the person is promoting the clock or related products. The video does not contain any other discernible actions or movements.","1. Music, Singing, & D"
7369576124948548897,"The video shows a dog wearing a red shirt with a logo on it. The dog is standing in a grassy field and appears to be barking or growling. The text in the video is in Russian and appears to be a translation of the dog's actions. The text reads ""Когда он пытается забрать тубики с подругок"" which translates to ""When he tries to grab the girl's hair with a friend"". The dog is shown in various stages of barking and growling, with the text changing to reflect the dog's actions. The video appears to be a humorous take",7. Pets & Animals
7393839173922327841,A screenshot of a political map showing the results of a poll.,Politics
7388205937036725537,"The video shows a person wearing a blue and white jacket with the word ""Supacell"" on it. The person is driving a car and appears to be trying to activate their Supacell power. The person is seen looking at the dashboard and the steering wheel, and they are wearing a seatbelt. The background of the video is a dark interior of the car.",1. News
7362611852360174881,"The video begins with a black screen displaying the text ""4TO ЛОВОВЬ выда ПЕРЕСТРЕЛКИ ЯНКУ"" in white letters, which translates to ""4TO LOVVY will give you a kiss, a kiss of the sun"". The scene then transitions to a dark, nighttime setting with a cityscape in the background. The text ""КОТОРИЙ"" appears, followed by ""КАЗАШИЙ"",",1. News
7368846954471640362,"A person with long red hair is standing in a kitchen, wearing a black sweatshirt with green text that reads ""BALL BALL BALL BALL BALL BALL BALL BALL BALL BALL BALL BALL BALL BALL BALL BALL BALL BALL BALL BALL BALL BALL BALL BALL BALL BALL BALL BALL BALL BALL BALL BALL BALL BALL BALL BALL BALL BALL BALL BALL BALL BALL BALL BALL BALL BALL BALL BALL BALL BALL BALL BALL BALL BALL BALL BALL BALL BALL",Entertainment & Shows
7108772250320473349,"The video showcases various activities and attractions in the Greek island of Paros. It begins with a person standing in front of a scenic view of the island, with the text ""Paros 5 out of the box activities!"" displayed at the top. The person is wearing a red and white striped shirt and is seen gesturing and speaking. The video then transitions to a series of numbered activities, each accompanied by a brief description and a scenic view of the island. The activities include:

1. ""Have a meal in the traditional village of Lefkest. From Lefkest you can make a 3.5 kilometer hike on the old Byzantine road which leads to the even more traditional village",Travel & Events
7349908267742743854,"The video features a person wearing a red shirt with a black design, speaking into a microphone. The background is a room with shelves containing various items, including books and decorative objects. The person is discussing the legal implications of President Trump's actions, specifically his immunity claim. The video includes text overlays that provide commentary on the topic, with phrases such as ""Trump worksagainstin this is legal team in PresidentTrump a legal claim!"" and ""Donald Trump completely destroyed his immunity claim."" The person is seen gesturing with their hands while speaking, emphasizing their points. The video also includes a quote from a legal scholar, ""Donald Trump has long since crossed over that very sacred threshold, un",Politics
7273897683918621994,"The video begins with a person sitting cross-legged on the field, wearing a navy blue sweatshirt with yellow text and white sneakers. The person is wearing headphones and appears to be meditating or practicing yoga. The background shows a football field with yellow and white stripes, and a stadium with red seats. The person then stands up and walks towards the camera, still wearing the same outfit. The scene transitions to a football game where a player in a white jersey with yellow stripes is being tackled by a player in a red jersey. The player in the white jersey is wearing a helmet with a yellow design. The player in the white jersey is wearing a number 9 jersey",Sports
7374631394108181806,"The video shows a woman standing in front of a bed in a bedroom. She is wearing denim shorts and a striped shirt. The bed has a tufted headboard and is made up with white sheets and pillows. The woman appears to be talking to the camera, possibly narrating a story or giving instructions. The background is a plain wall with a window. The video does not contain any other people or objects, and the woman's actions are the main focus.",Entertainment & Shows
7285324334934035745,"The video shows a man in a gym, wearing a black shirt, bending over a machine. He is surrounded by people, some of whom are watching him. The man is then seen lying on the machine, with his head on the floor. The video ends with the man standing up and walking away.",1. News
7374137745364602155,"The video features a woman in a pink jacket and a man in a black shirt inside a car. The woman is speaking, and the man is listening. The text overlay reads ""Mom - Date someone who wants you... Not my type."" The woman then gestures with her hand, possibly emphasizing her point. The man continues to listen attentively. The video does not show any other significant actions or movements.",1. News
7345205332383108394,"The video shows a group of people gathered around a table in a room with a stone wall in the background. The people are signing documents and appear to be involved in a humanitarian effort. The text on the screen indicates that the U.S. has deployed Marines to Haiti overnight to airlift U.S. embassy staff out of the country, and they have joined security forces to reinforce the embassy. The government has lost all credibility and power, and gangs have nearly overrun Haiti's capital, and the government is on the verge of collapse. The U.S. has ruled out using troops to restore order to the nation, saying they are enabling and encouraging international partners to resolve it themselves. The",1. News
7335427690708651272,"A person is standing on a city street, talking to someone holding a microphone.",1. News
7366011789085035809,"A man in a suit and tie is standing at a podium on a stage. He is holding a cane and speaking into a microphone. There is a large screen behind him that displays the text ""antwortung führen. In Verantwortung."" The man is wearing a purple tie and brown shoes.",Politics
7383627859803393313,"The video shows a man sitting at a desk in an office, wearing a white polo shirt and black pants. He is speaking and gesturing with his hands. The background shows a computer monitor and some papers on the desk. The text on the screen changes throughout the video, indicating different topics being discussed. The man appears to be giving an interview or commentary on various issues.",Sports
7362157037511396613,"A person is unpacking a large box in a living room. The box contains various items, including a bottle of lotion, a tube of body mist, and several other beauty products. The person is unboxing the products and discussing their prices.",Beauty Care
7346042702347406638,"The video starts with a person sitting on a rooftop in a city with red-tiled roofs and a church with a clock tower in the background. The person is wearing a black hoodie and shorts, and they are holding a phone. The scene transitions to a person sitting on the ground, holding a phone and looking at it. The next scene shows a person sitting on the ground, holding a phone and looking at it. The scene then transitions to a person sitting on a rooftop, holding a phone and looking at it. The next scene shows a person sitting on the ground, holding a phone and looking at it. The scene then transitions to a person sitting on the ground, holding a phone",Travel & Events
7362203819721166123,"The video shows a group of children holding signs and protesting in front of a building. The signs read ""Thank you,"" ""Pro-Palestinian protests spread to even more college campuses,"" ""The protesters now getting a message of support from the people they're fighting for, the children in Gaza,"" ""We love the students of Harvard University,"" ""We hear the students of Harvard University,"" ""We respect the students of your university,"" and ""Thank you, the students of Columbia University."" The children are wearing different colored shirts, and some of them are holding up their hands in the air. The background shows a building with a sign that reads ""Reach Education Fund.""",Education
7389277272009690401,"The video begins with a view of a large white boat with a red and black design, moving through a body of water. The boat is surrounded by a large amount of foam, indicating that it has recently been in contact with the water. The sky is overcast, and the water is calm. The boat is moving towards the camera, and the text ""First migrants ashore since election"" appears on the screen, suggesting that the boat has brought the first migrants ashore since the election.

The scene then transitions to a view of a large white boat with a red and black design, moving through a body of water. The boat is surrounded by a large amount of foam, indicating that it has",News
7315533802409839914,"The video features a person with long, wavy blonde hair, wearing a dark-colored jacket, standing in a room with a light-colored wall and a plant in the background. The person is seen gesturing with their hands while speaking, and the text on the screen provides commentary on various topics related to Islamophobia and the treatment of Christians in Palestine. The video covers a range of topics, including the mass migration of Arab Jews to Israel, the expansion of the Muslim empire, and the impact of Western civilization on the liberties enjoyed by people today. The person's commentary is critical of the misinformation and harmful rhetoric spread by individuals like Bill Maher, who they argue are more interested in promoting",News
7355525427160452385,"The video features a woman performing on stage, wearing a black hat and a black outfit. She is holding a microphone and singing into it. The background is a large crowd of people, some of whom are taking pictures or videos with their phones. The text ""When Beyoncé points at you in the crowd"" appears at the top of the screen, suggesting that the woman is being recognized or admired by the crowd. The video captures the woman's performance and the reactions of the crowd, with some people taking photos or videos of her.","3. Music, Singing, & D"
7368383778034601249,"The video shows a computer screen with a 3D model of a room. The room has a desk, a chair, and a bin. The desk has a computer on it. The bin is labeled ""Recycle Bin"". The computer screen is showing a 3D model of a room. The room has a desk, a chair, and a bin. The desk has a computer on it. The bin is labeled ""Recycle Bin"". The computer screen is showing a 3D model of a room. The room has a desk, a chair, and a bin. The desk has a computer on it. The bin is labeled ""Recycle Bin"". The computer screen is showing a",1. News
7386720277557742880,"The video showcases a series of gymnastics performances, featuring a female gymnast in a blue leotard performing on a green and blue mat. She begins by standing on the mat, then proceeds to perform a series of gymnastic moves, including a handstand and a flip. The gymnast's movements are captured in detail, showcasing her athleticism and skill. The video also includes a close-up of the gymnast's feet as she performs a flip, highlighting her precision and control. The background of the video is a gymnasium with a red floor and a green and blue mat, and the gymnast is wearing a blue leotard. The video concludes with the gymnast standing on",Sports
7297944147648924961,"The video showcases the process of making Slow Cooker French Onion Soup. It begins with a close-up of a white ceramic pot filled with golden-brown, crispy bread slices, followed by a close-up of a white ceramic pot filled with a creamy, brown soup. The video then shows a hand holding a piece of bread above the pot, followed by a hand placing the bread slices into the pot. The video concludes with a close-up of a hand holding a piece of bread above the pot, with the text ""Serves 6"" displayed at the bottom of the screen.",Food
7400109280008867114,"The video features a person wearing a white t-shirt with blue and red text that reads ""HARRIS FOR PRESIDENT"" and a gold necklace. The person is sitting on a bed with a white blanket and a black headboard in the background. The person is speaking and gesturing with their hands, emphasizing the importance of checking voter registration status. The video also includes text overlays that read ""DEMOCRATS MUST CHECK/VOTER REGISTRATION STATUS"" and ""HARRIS FOR PRESIDENT"" with a star symbol. The person appears to be discussing the importance of voter registration and the need for Democrats to check their status",Politics
7331415226442730757,"The video showcases a vibrant and energetic performance by a group of individuals, likely a band or a group of dancers, on a stage with a dynamic and colorful background. The performers are dressed in a variety of outfits, including camouflage jackets, red and white outfits, and black jackets with white accents. They are seen dancing energetically, with some individuals holding microphones and others performing synchronized dance moves. The stage is illuminated with bright lights, creating a lively atmosphere. The video also includes text overlays in Korean, which provide context and commentary on the performance, such as ""아침반칙"" (morning snack) and ""성남 �","Music, Singing, & Dancing"
7307346522234998049,"The video features a woman sitting on a white couch in a living room. She is wearing a dark blue shirt and has long dark hair. The background is a simple, neutral color with a white wall and a white chair. The woman is speaking, and the text overlay on the screen reads, ""me when someone asks why I love to watch The Kardashians."" The woman appears to be talking about her love for the show, and the text overlay suggests that she is sharing her thoughts on why she enjoys watching it.",8. Entertainment & Shows
7362216509206236449,"The video showcases a person's shopping trip, starting with a close-up of a hand holding a package of ""Spa Fresh"" bath bombs. The person then moves to a shelf stocked with various items, including a box of ""Cien"" bath bombs, a pack of ""Bake & Creme"" soap, and a bag of ""Kakos & Pripsfisch"" chips. The person picks up a bag of ""Mercan"" chips and a pack of ""Head & Shoulders"" shampoo, with the text ""Mein Mann holmmer 7182992922 ckirdek"" appearing on the screen. The person",1. News
7396760829498002720,"A woman with long, wavy blonde hair is standing in front of a bookshelf filled with books. She is wearing a white tank top and is gesturing with her hands as she speaks. The text on the screen is in German and includes phrases like ""warum ich die Bücher nicht mehr verkaufe"" (why I no longer buy books), ""warum ich nicht einfach in die Bücherei gehe"" (why I no longer go to the bookstore), and ""warum ich nicht einfach in die Bücherei kaufe"" (why I no longer buy books). The woman is making various",Entertainment & Shows
7343145915886193926,"A man and a woman are standing on a cobblestone street at night. The man is wearing a red jacket and blue jeans, while the woman is wearing a black leather jacket and brown pants. They are talking to each other, and the man is holding a microphone. The background shows a building with a sign that reads ""Зазвичай, коли до мене підходять і кажуть, можна вам розказати залог? На наступний день мені пишу",Entertainment & Shows
7368596585594359083,"The video starts with a person in a studio setting, speaking into a microphone, with a background featuring a neon sign and a large screen displaying the text ""POWERED BY FREEDOM."" The person is wearing a white shirt and is gesturing with their hands while speaking. The scene transitions to a large crowd gathered in a public space, with the text ""IN BG"" displayed at the top of the screen. The crowd is holding signs and banners, and the text ""POWERED BY FREEDOM"" is still visible in the top left corner. The scene then shifts to a large crowd gathered in a public space, with the text ""INTERNATIONAL""",Politics
7395305751469772075,"The video shows a woman sitting in the driver's seat of a car, wearing a purple top and a necklace. She is talking to the camera and appears to be making a humorous or sarcastic comment about voting. The video ends with the woman saying ""Yeah, so actually I decided to put my vote up for sale. So if anybody wants to purchase my vote, DM me on Instagram with your best offer and yeah.""",Politics
7278695690522348843,"The video features a person wearing a green hoodie with a graphic on it, sitting in an airplane. The person is speaking and gesturing with their hands. The background shows the interior of the airplane, with seats and overhead compartments visible. The person is also seen wearing a ring on their left hand. The video includes a series of images and text overlays that provide information about Mr. Beast's net worth and his contributions to the entertainment industry. The person in the video is seen making various hand gestures, including pointing and holding up their index finger. The video also includes a series of images and text overlays that provide information about Mr. Beast's net worth and his contributions to the",Entertainment & Shows
7344030729531067680,A man in a suit and tie is talking to another man in a suit and tie. They are in a room with a lot of people in the background. The man in the suit and tie is holding a microphone. The man in the suit and tie is talking to the man in the suit and tie. The man in the suit and tie is talking to the man in the suit and tie. The man in the suit and tie is talking to the man in the suit and tie. The man in the suit and tie is talking to the man in the suit and tie. The man in the suit and tie is talking to the man in the suit and tie. The man in the suit and,Politics
7395616033127648554,The video shows a woman in a black outfit standing in a room. She is holding a black bag and appears to be taking a selfie in front of a mirror. The room has a bed and a dresser in the background. The woman is wearing a black shirt and black pants.,13. Drama
7347525697591725355,"A person wearing a green shirt with the text ""THEY'RE NOT THEY'RE NOT THEY'RE NOT THEY'RE NOT THEY'RE NOT THEY'RE NOT THEY'RE NOT THEY'RE NOT THEY'RE NOT THEY'RE NOT THEY'RE NOT THEY'RE NOT THEY'RE NOT THEY'RE NOT THEY'RE NOT THEY'RE NOT THEY'RE NOT THEY'RE NOT THEY'RE NOT THEY'RE NOT THEY'RE NOT THEY'RE NOT THEY'RE NOT THEY'RE NOT THEY'RE NOT THEY'RE NOT",Politics
7376404436505136416,"The video is a humorous take on the ""London Traffic Warden"" sketch, where a traffic warden is seen interacting with a person in a blue hat and black jacket. The warden is seen talking to the person, who is wearing a black jacket and a blue hat. The warden is seen holding a ticket and talking to the person, who is seen holding a phone. The warden is seen talking to the person, who is seen holding a phone. The warden is seen talking to the person, who is seen holding a phone. The warden is seen talking to the person, who is seen holding a phone. The warden is seen talking to the person, who is",Entertainment & Shows
7341059462687509803,"The video is a compilation of various images and text that suggest that Kate Middleton is confined in a tower, possibly deceased, and that Camilla Parker may be responsible for this situation. The text confirms that Kate Middleton is sedated and locked in a tower, with Camilla Parker being held responsible. The video also includes images of Kate Middleton and Camilla Parker, as well as various other people, some of whom are wearing hats and glasses. The video suggests that the situation is serious and that there may be a conspiracy behind it.",News
7357877605581802795,"A video game scene where a character is being chased by another character. The first character is running through a cityscape, while the second character is following closely behind. The first character is wearing a white shirt and brown pants, while the second character is wearing a black outfit with red and black accents. The first character is also carrying a flashlight. The first character is trying to find a place to hide, but the second character is determined to catch them. The first character eventually finds a hiding spot behind a wall, but the second character is still able to find them. The first character is then seen running away from the second character, who is chasing them. The first character is trying to find a",Gaming
7348220196772990254,"The video starts with a person wearing a black cap and glasses, sitting in front of a laptop. The person is wearing a light blue shirt with a graphic design and a black cap with a logo. The person is holding a pen and pointing at the laptop screen, which displays a website that cannot be reached. The website is trying to reach a site that is blocked by the Great Firewall of China. The person is talking about the censorship and the lack of access to information in China. The video then shows a view of a park with white birds on the grass, and the text ""law enforcement, of course, is everywhere"" is displayed. The video then shows a person in a light blue",Politics
7323547689201765664,"The video showcases a person in a garage, wearing a black shirt with a white logo and a black cap. The person is speaking and gesturing with their hands, likely discussing the cars shown in the video. The background features a green sports car and various garage equipment. The text ""5 Cars from Country Italian Edition"" appears at the top of the screen, indicating the theme of the video. The video transitions between different cars, including a red sports car, a white sports car, a red and black sports car, a red and white sports car, a red and black sports car, a red and white sports car, a red and black sports car, a red and white sports car, a",Sports
7388973620116180257,"A man in a suit and tie is giving a speech at a podium. The text on the screen reads ""Jordan Bordea: 'vous seraiez, vous jusqu'à la victoire'"". The man is standing in front of a microphone and is speaking to the audience.",Politics
7392691382218935583,"The video starts with a group of people in white shirts with black dragon designs, standing in a room with a red background. They are holding a black bag with a white logo. The scene then transitions to an airport where two people are standing in front of a sign that reads ""Welcome to Terminal 4"". The next scene shows two people sitting in front of a building with a sign that reads ""Welcome to Terminal 4"". The final scene shows a group of people sitting in a room with a large window, with one person holding a microphone. The video then shows a group of people playing ping pong in a room with a green wall. The final scene shows a group of people sitting in",Sports
7323689375043243269,"The video features a white cat standing on a blue couch in a well-lit room with wooden floors and a chandelier. The cat is holding a small object in its paws and appears to be looking at the camera. The text on the screen reads ""Вам покачиваю карьинкой иконкой"" (I'm making a cat icon for you), followed by ""У видомору"" (In your face), ""Ви купирую среднеставную рубль, аккулу",Friends
7383363724628725024,"The video showcases a fashion show featuring a group of models dressed in black and white clothing. The models are walking down a runway, with the audience seated on either side. The audience members are taking photos and videos of the show, and some are wearing backpacks. The runway is set in a large, industrial space with high ceilings and exposed pipes. The lighting is bright, and the floor is made of concrete. The models are wearing various outfits, including hooded jackets, pants, and boots. Some models are also wearing hats and sunglasses. The audience is diverse, with some people wearing backpacks and others taking photos and videos. The overall atmosphere is one of excitement and anticipation as the models walk",1. Entertainment & Shows
7339981163756490030,"The video shows a person's hands with long, bright pink nails, which are being painted with a bright pink polish. The person is using a nail polish brush to apply the polish to their nails. The video also shows a nail dryer in the background, which is used to dry the nails after they are painted.",Beauty Care
7318033407785569569,"The video showcases a red Mercedes-Benz car parked in a parking lot, with a person standing next to it. The person is wearing a light blue shirt and dark pants, and is gesturing with their hands while speaking. The background features a concrete structure with multiple levels. The text on the screen changes throughout the video, providing different information about the car and the person's relationship with it. The video also includes close-ups of the car's front grille and a carbon fiber badge, as well as a wider shot of the person standing next to the car.",11. Entertainment & Shows
7361467847190760750,"The video features a person sitting in front of a wall covered with various posters and decorations. The person is wearing a gray hoodie and is engaged in a conversation, as indicated by the text overlaid on the video. The text appears to be a dialogue or monologue, with the person expressing their thoughts and feelings about a particular situation. The video does not contain any other objects or people, and the focus remains on the person and their interaction with the wall and the text.",Entertainment & Shows
7323131799310306590,"The video is a series of interviews with Jeff Bezos on Amazon in 2000. The video starts with a man in a blue shirt and gray pants walking down a hallway, followed by a man in a blue shirt and gray pants sitting in a chair. The text on the screen reads ""Jeff Bezos interview on Amazon in 2000."" The man in the blue shirt and gray pants is then seen sitting in a chair, talking to another man in a blue shirt and gray pants. The text on the screen reads ""Jeff Bezos interview on Amazon in 2000."" The man in the blue shirt and gray pants is then seen sitting",Entertainment & Shows
7353311795374738721,"The video features a person sitting on the floor in a room with a gray wall and a wooden shelf in the background. The individual is wearing a gray hoodie and black pants, and they are holding a white object in their hands. The person appears to be in a state of contemplation or deep thought, as indicated by the text overlay on the screen. The text reads: ""Pov: t'es en mairte, tu n'as toujours suivis son carous, tu n'as toujours suivis son carous, tu n'as toujours suivis son carous, tu n'as toujours suivis son",1. News
7329621030023089440,"The video shows a group of people standing in a room, with one person wearing a white hoodie and another wearing a black top. They are posing for a photo together.",1. Entertainment & Shows
7261278269884992795,"The video shows a group of people on stage, with one person in the center wearing a white top and black pants. The stage is lit with red and blue lights, and there are other people on stage, some of whom are holding drinks. The person in the center is holding a drink and appears to be dancing or performing. The background is dark, and there are other people in the audience, some of whom are taking pictures or videos. The video ends with the person in the center still holding the drink and dancing.","Music, Singing, & Dancing"
7397527101143878954,"A man in a suit and tie is speaking at a podium in a formal setting. He is addressing a group of people, likely in a congressional hearing or a similar formal event. The man is wearing a blue suit and a light blue tie, and he is standing behind a podium with a nameplate that reads ""RONALD REYER, JUDGE."" The background is a formal setting with a wooden panel and a banner that reads ""July 30, 2024 - 5.7M Views."" The man is speaking into a microphone, and there is a glass of water on the podium in front of him. The text on the screen is",Politics
7353267784886897952,"Two men are sitting at a counter in a room. One man is wearing a yellow jacket, and the other is wearing a white hoodie. They are talking to each other.",Entertainment & Shows
7351137146004114693,"The video showcases a thrilling soccer match between two teams, one in yellow and the other in blue. The match is intense, with players from both teams displaying remarkable athleticism and skill. The video captures a series of key moments, including a player in blue being tackled by a player in yellow, a player in yellow attempting to score a goal, and a player in blue attempting to score a goal. The video also highlights the referee's decision to award a goal, which is met with celebration by the players in blue. The video concludes with a player in blue celebrating a goal, followed by a player in yellow celebrating a goal.",5. Sports
7312903813122280746,The video shows a group of farmers protesting against the draconian regulations against ethm. Now they are literally spraying cow shit at government officials.,Politics
7357063093962214689,"The video features a person wearing a black jacket with white zippers and a pearl necklace. They are standing in front of a window with blinds and a wall with pictures. The person is speaking German, and the text on the screen reads ""wie ich in die Deutsche abprüfung reiß gehe am."" The person is gesturing with their hands and appears to be explaining something.",1. News
7374800691677629729,"The video features a person standing in front of a large orange truck with the text ""How do you step 4 hours and ovvk15 hours"" displayed at the top. The person is wearing headphones and appears to be speaking or singing. The background is a road with trees, and the truck is parked. The person then makes a gesture with their hand, and the text changes to ""It's in my blood."" The person continues to gesture and make hand movements, and the text remains the same. The video concludes with the person still gesturing and the text ""It's in my blood"" still displayed.",Comedy
7350964297381498154,"A person is rummaging through a trash bin, looking for items. The trash bin is full of various items, including a box of chocolates, a box of macaroons, a box of pizza, and a box of pizza crusts. The person is also looking for a laptop, which is partially visible in the trash bin.",Entertainment & Shows
7405044080729787678,"The video shows a woman standing at a podium, holding a book. She is wearing a blue suit and has long hair. The background is a stage with a blue and white background featuring stars. The text on the screen reads ""DNC speaker briggugugat at copy of Proj:2025"" and ""2025"". The woman is speaking into a microphone. The video also shows the woman speaking at a podium with the text ""2023"" and ""2024"" on the screen. The woman is also seen speaking at a podium with the text ""2025"" and ""2026"" on the",Politics
7337416931965685034,"The video features a person standing in front of a tree, wearing a plaid shirt. The person is speaking and gesturing with their hands. The background is a natural setting with trees and a wooden bench. The person is discussing the topic of renewable energy and the carbon footprint of Umatilla Electric Cooperative. They mention that Amazon has built data centers in Boardman and Hermiston, and that the internet company needs a lot of electricity to run its computers and cool the machines. The person also mentions that Amazon plans to build more data centers in eastern Oregon in the coming years. The video concludes with a call to action for viewers to read more at the Oregonian's website, oregonlive.",Science & Technology
7283933352267337002,"The video features a woman in a white t-shirt with the word ""PINK"" on it, wearing a black hair wrap. She is sitting on a couch and talking to the camera. The text ""Mother Gothei but make her Desi"" appears on the screen, suggesting that the woman is a mother who is proud of her daughter's cultural identity. The video then transitions to a woman in a traditional Indian outfit, wearing a red and gold sari with intricate embroidery and jewelry. She is standing in front of a purple background, and the text ""Rapunzel, look at that now. You know what I see? I see a strong, confident, beautiful young lady.",1. News
7353365116554956074,"A person is standing in front of a disco ball, wearing a colorful jacket. The background is a vibrant, colorful setting with a disco ball and a person in a military uniform. The person in the military uniform is wearing a green shirt and has a beard. The person in the military uniform is standing in front of a framed picture. The person in the military uniform is wearing a green shirt and has a beard. The person in the military uniform is standing in front of a framed picture. The person in the military uniform is wearing a green shirt and has a beard. The person in the military uniform is standing in front of a framed picture. The person in the military uniform is wearing a",1. News
7398943500328242463,A person is making a set of dice with glitter and pink resin. They are using a green mold and pink resin to create the dice. The person is also using a purple mold to create a set of dice with pink resin. They are using a purple liquid to fill the molds and then pouring the resin into the molds. The person is using a purple liquid to fill the molds and then pouring the resin into the molds. They are using a purple liquid to fill the molds and then pouring the resin into the molds. They are using a purple liquid to fill the molds and then pouring the resin into the molds. They are using a purple liquid to fill the molds and then pouring the resin into the,Entertainment & Shows
7386453398792441131,"A person with long braided hair is sitting on a bed with a blue blanket. They are wearing a white t-shirt with the words ""I FEEL GREAT"" written on it. The person is holding a makeup brush and a makeup palette. They are applying makeup to their face and talking to the camera. The person is also holding a makeup brush and a makeup palette. They are talking to the camera and showing the makeup palette to the camera. The person is also holding a makeup brush and a makeup palette. They are talking to the camera and showing the makeup palette to the camera. The person is also holding a makeup brush and a makeup palette. They are talking to the camera and",Beauty Care
7348462120817790240,The video shows a man in a blue jacket shopping in a grocery store. He is looking at a shelf of snacks and picks up a box of Cathedral City cheese. He then picks up a box of Cathedral City cheese sticks and continues to shop. The video ends with the man holding a box of Cathedral City cheese sticks in his hand.,Entertainment & Shows
7360235976494550304,"The video features a series of individuals attempting to jump over a wall in a trampoline park. The first person, wearing a white t-shirt and blue shorts, is seen jumping over the wall. The text ""あなたはないらっち"" (You are not a trampoline) appears on the screen, suggesting a humorous or ironic commentary on the person's attempt. The second person, dressed in black, attempts to jump over the wall but falls short. The third person, wearing a white t-shirt and blue shorts, is seen jumping over the wall again, with the text ""あなたは",プレイヤー
7347591598408043808,"The video starts with a map of the United States, showing all 50 states. The text ""Random City USA"" is overlaid on the map. The map is then zoomed in on a specific state, and the text ""Sterling, CO"" appears, indicating the location of Sterling, Colorado. The scene transitions to a view of a large building with the text ""Sterling"" on it, followed by a view of a residential area with a flagpole and a sign that reads ""Sterling, CO."" The video then shows a view of a railroad track leading to a snowy landscape, with the sun setting in the background. The video continues with a view",Travel & Events
7310063052341185823,"The video starts with a person in a gray shirt standing in front of a wooden structure, holding a large, transparent, rectangular object. The object is shown to be a panel that can bend light, making it invisible. The text on the screen reads ""has"" and ""is"" as the person rotates the panel. The scene then shifts to a person in a suit standing on a stage, holding a microphone, with the text ""has"" and ""is"" still visible. The video then shows a news article from Bilibili, titled ""China and the development of science fiction than magic,"" dated November 28, 2020, with the text ""has"" and """,Science & Technology
7380812058167708960,"The video is a humorous comparison of two football players, Jamal and Jude Bellingham, who are both German and English. The video is divided into several sections, each highlighting different aspects of the players' careers and personalities.

The first section of the video shows a comparison of Jamal and Jude's performance in the English Premier League. It highlights their different playing styles and the challenges they faced in the English system.

The second section of the video focuses on Jude Bellingham's career in the English Premier League. It highlights his success in the league and his ability to play in different positions.

The third section of the video focuses on Jamal's",Sports
7377701670077205803,"The video shows a person with long hair, wearing a black top and a necklace, in a room with a lamp and some pictures on the wall. The person is talking about not wanting to dye their hair pink, but the parasites in them want them to. The person then changes their hair color to red, and the text ""AMBER"" appears on the screen.",1. News
7309888375023045931,"The video features a person wearing a blue jacket with a red and white logo on the left side of the chest, standing in front of a pegboard wall with various tools hanging on it. The person is wearing a beanie and has a beard. The video is divided into several segments, each with different text overlays. The text overlays include phrases such as ""don't escalate,"" ""republican take,"" ""republican take,"" ""republican take,"" ""republican take,"" ""republican take,"" ""republican take,"" ""republican take,"" ""republican take,"" ""republican take,"" ""republican take,"" ""rep",Politics
7312875354220285215,"The video starts with a man in a dark suit, white shirt, and red tie standing in front of a night cityscape backdrop. He is speaking and gesturing with his hands. The scene transitions to a live broadcast of a man in a dark suit, white shirt, and red tie standing at a podium with a backdrop that reads ""Trump 2020"" and ""Iowa 2020."" The man at the podium is speaking into a microphone. The scene then transitions to a news broadcast with a man in a dark suit, white shirt, and red tie standing in front of a backdrop that reads ""Trump 2020"" and """,Politics
7283816318883679531,"The video is a series of frames showing a person with long blonde hair wearing a black shirt with the word ""NAKED"" on it. The person is standing in front of a white background with a list of things that you might not know about teaching in 2023. The list includes items such as meetings just to announce the day of, students growing up around technology but they literally don't know how to google, overstimulated classrooms and lab classrooms are the normal gone are the days where students just do work quietly that doesn't exist anymore, overstimulated at all hours of every single day, and out of 25 students, 17 don't turn in",Science & Technology
7317764806767922475,"A woman and a child are playing in a snowy forest. The woman is standing in a metal barrel filled with ice, while the child is sitting in a plastic container filled with ice. The woman is using a black tool to break the ice, and the child is playing in the water. The woman is wearing a leopard print top and light gray leggings, while the child is wearing a blue and white patterned outfit. The woman is smiling and laughing as she plays with the child.",Entertainment & Shows
7395290316569382174,"The video features a woman wearing a leopard print top and glasses, standing in front of a blurred background. She is speaking, and the text overlay on the screen reads, ""Я давально сделаем приз с лавальным сделами при парте ткальовый обои в тк оставим в комментарии, кидайте разкивишися по получивающейся."" The",1. News
7358143601869671685,"The video showcases a breathtaking sunset over the ocean, with the sun setting in the horizon and casting a warm glow over the water. The sky is painted with hues of orange, yellow, and pink, creating a stunning visual effect. The waves gently crash against the shore, adding to the serene atmosphere. The video captures the beauty of nature in its most tranquil state, with the sun's rays reflecting off the water and the sky's vibrant colors.",Travel & Events
7366140924629470496,"The video shows a woman in a white outfit standing next to a woman in a long, elegant dress with intricate designs and gold accents. The woman in the white outfit is wearing a white jacket and has long blonde hair. The woman in the dress is posing for the camera, and the background shows a crowd of people and a photographer. The video also shows a close-up of the woman in the dress, with the text ""Dunni Adepitan"" and ""Please who is this queen???!!!?"" appearing on the screen. The video also shows a woman in a white outfit standing next to a woman in a long, elegant dress with intricate designs and gold accents. The woman",Entertainment & Shows
7380810864477130016,"The video is a compilation of images from a concert, with the text ""Can't stop the power"" and ""*Stops the power*"" appearing on the screen. The images show a person in a yellow hoodie, a person in a black hoodie, and a person in a black shirt with a red and white design. The background is a stage with red lighting and a large red object, possibly a speaker or a prop. The images are taken from different angles, showing the person in the yellow hoodie from the back, the person in the black hoodie from the side, and the person in the black shirt from the front. The person in the black hoodie is wearing a",1. News
7346779567639498026,"A person with long, wavy hair is wearing a black top and has pink hair clips in their hair. They are holding a lip gloss tube and applying it to their lips. The background is plain and light-colored. The person is wearing a black top and has pink hair clips in their hair. They are holding a lip gloss tube and applying it to their lips. The background is plain and light-colored. The person is wearing a black top and has pink hair clips in their hair. They are holding a lip gloss tube and applying it to their lips. The background is plain and light-colored. The person is wearing a black top and has pink hair clips in their hair. They",Beauty Care
7299554274827046187,"The video features a person in a dark blue shirt with a necklace and a pendant, speaking in front of a plain background. The person is wearing red-framed glasses and has curly hair. The video includes text overlays that provide information about the history of Palestine and the Palestinian people. The person discusses the history of Palestine, including the Ottoman Empire, the British Mandate, and the Palestinian identity. The person also mentions the Palestinian struggle for independence and self-determination. The video includes references to books and authors, such as ""Nur Masila Palestine"" and ""Rasikh Al Khalidi."" The person also discusses the Palestinian identity and the history of Palestine, including the",History
7348934489122327841,"The video features a man in a dark coat interviewing a woman in a green jacket with a sign that reads ""Wir sind Völker"" (We are citizens). The woman is holding a sign that says ""We are citizens"" and is standing in front of a crowd of people. The man is holding a microphone and appears to be asking questions to the woman. The video also shows the woman being escorted by police officers and other people in the crowd. The woman is wearing a green jacket and a scarf, and the man is wearing a dark coat. The background shows a busy street with people walking around and a police car visible. The video also includes text overlays with",Politics
7282317561864260897,"The video showcases a steam train journeying through a picturesque landscape, with the text ""Steampunk conversion"" and various emojis indicating a playful or humorous tone. The train, with its vintage design, is seen moving along a track surrounded by lush greenery and a clear sky. The video transitions to a close-up of the train's interior, revealing plush blue seats and a vintage aesthetic. The scene then shifts to a steampunk-inspired throne, adorned with intricate details and a dragon motif, set against a brick wall backdrop. The video continues with a display of steampunk-themed items, including a steampunk-inspired chair and various accessories, all arranged on a table. The final",1. Entertainment & Shows
7343605850105318658,"A person is playing the piano with their hands. The piano is illuminated by a blue light, and the person's hands are visible on the keys.","Music, Singing, & Dancing"
7349023065575083306,"A woman in a red dress is standing on a stage at a conference, speaking to the audience. She is holding a microphone and gesturing with her hands. The audience is watching her and listening to her speech. The woman is wearing a red dress and is standing on a stage at a conference. She is holding a microphone and gesturing with her hands. The audience is watching her and listening to her speech. The woman is wearing a red dress and is standing on a stage at a conference. She is holding a microphone and gesturing with her hands. The audience is watching her and listening to her speech. The woman is wearing a red dress and is standing on a stage at a conference.",Politics
7223384947938053418,"The video shows a person wearing a dark blue shirt with green text on it. The person is standing in a kitchen with a tiled floor. There are two armadillos on the floor, one is light-colored and the other is dark-colored. The text on the screen reads, ""Armadillos have been given a reputation, specifically the nine banded armadillo that is from the American South. And the reason for this is because they are known for being able to carry leprosy. Leprosy is a very ancient disease that is actually in modern times, not only very curable, but it's actually kind of a weak disease. It basically, if it's too",Sports
7386641138611981601,"The video features a person wearing a brown jacket and a blue and white checkered shirt. The person is being painted with makeup by another individual, who is applying makeup to the person's face. The makeup application process is shown in detail, with the person's face being covered in makeup and the makeup artist carefully applying it. The video then transitions to a different scene where the person is wearing a black military-style uniform with a hat and gloves. The person is standing against a plain background, and the video ends with the person wearing a black and white striped shirt with a hat and gloves.",1. Entertainment & Shows
7314163714402340102,"The video begins with a close-up of a warp gate, which is a circular structure with a glowing blue light emanating from it. The gate is surrounded by a dark background with small white dots, representing stars. The gate is shown in different angles, with the light swirling and changing colors, creating a sense of motion and energy. The text overlay reads, ""This is How A Warp Gate slows down a ship as it exits a hyper lane."" The video then transitions to a scene from a movie or TV show, where a spaceship is seen entering the warp gate. The spaceship is shown in a close-up, with the warp gate in the background. The text overlay reads, ""scene",This is how a warp gate slows a ship down
7385499788764040481,A person is holding a Kinder chocolate bar in a white container. They are trying to melt the chocolate by dipping it into a metal container filled with water. The chocolate starts to melt and the person uses a pair of scissors to cut the chocolate into smaller pieces. The melted chocolate is then poured into a metal container and stirred with a spoon. The melted chocolate is then poured into a glass bowl and stirred with a spoon. The melted chocolate is then poured into a glass bowl and stirred with a spoon. The melted chocolate is then poured into a glass bowl and stirred with a spoon. The melted chocolate is then poured into a glass bowl and stirred with a spoon. The melted chocolate is then poured into,Entertainment & Shows
7276776260431367467,"The video is a montage of a man in a suit and tie speaking into a vintage microphone, with text overlaid on the screen. The text appears to be a series of statements made by the man, which are not fully visible in the video. The man is seen in various settings, including a dark room and a bar, and he is wearing different outfits throughout the video. The video does not provide any additional context or information about the man or the statements he is making.",1. News
7372265021042101550,"The video is a series of clips showing a person with long hair, wearing a black shirt, in a room with a window with blinds and a wooden piece of furniture in the background. The person is making various hand gestures and movements, and the text overlay at the top of the screen reads ""Reply to tynesy, ca's comment"" and ""Glasgow."" The person appears to be engaged in a conversation or reacting to something, as indicated by their hand movements and facial expressions. The video also includes a text overlay at the bottom of the screen that reads ""What did I think about Glasgow, Scotland? Well, let me tell you, Glasgow probably got the most tens out of",Travel & Events
7373730224879521056,"The video showcases a detailed and intricate drawing of a tiger, rendered in a variety of colors including orange, black, white, and blue. The tiger is depicted in a dynamic pose, with its mouth open and teeth bared, as if it is roaring or growling. The background of the drawing is a dark, textured surface, which contrasts with the vibrant colors of the tiger. The drawing is done in a realistic style, with attention to detail in the tiger's fur and facial features. The tiger appears to be in a state of aggression or dominance, as indicated by its open mouth and bared teeth. The video does not contain any additional information or context beyond the drawing itself.",7. Sports
7326266761773436166,"The video features a person wearing a black sweatshirt with white text on it, sitting in front of a wall adorned with various posters and a guitar. The individual appears to be speaking, as indicated by their mouth movements and hand gestures. The background includes a bed with a blue blanket and a window with blinds. The person's facial expressions and body language suggest they are engaged in a conversation or monologue. The video does not contain any discernible text or captions.",1. News
7371461402030034218,"The video shows a man in a suit and tie standing in an office, holding a piece of paper. He is speaking to the camera and the text on the screen reads, ""And if Jewish people are gonna vote for Joe Biden, they have to have their head examined."" The man then says, ""The last person I'm gonna take advice from as a Jewish person is a known anti-Semite who's had dinner with anti-Semites, who said there was good people on both sides after Charlottesville."" He continues, ""He's the last person I'm gonna take advice from."" The video ends with the man saying, ""I'm going to take advice from him.""",Politics
7367380929913900320,"The video shows a person wearing a black shirt and headphones, standing on a road with trees in the background. The person is wearing a necklace and has long hair. The video is a selfie, and the person is talking about their experience with wearing shorts in the summer. The person mentions that they were wearing shorts on their walk and that they didn't care about the size of the shorts, but they did care about the heat. The person also mentions that they wear a necklace and have long hair.",1. News
7306264195475983622,"The video features a group of dancers performing on stage. The central figure is a woman with long, wavy hair, wearing a black top and a beige skirt with a chain belt. She is adorned with multiple gold necklaces and white gloves. The background is a vibrant, colorful display with various hues of red, green, and purple. The dancers move in sync, executing a choreographed routine. The woman in the center is the focal point, with her movements and expressions conveying a sense of energy and passion. The video captures the dancers' synchronization and the overall atmosphere of the performance.","3. Music, Singing, & D"
7360919706913525035,"The video is a series of frames showing a puzzle game with a watermelon pattern. The game is set against a black background with a red border. The numbers 00:00 to 00:30 are displayed at the top of the screen, indicating the time. The puzzle pieces are arranged in a grid, and the player is trying to solve the puzzle by moving the pieces around. The game is challenging, and the player is making progress, but the puzzle is still not solved. The video is a call to action, urging viewers to donate and help the player reach his goal.",1. News
7380730540061691178,"The video begins with a black screen that gradually reveals a green and black gradient, followed by the text ""hulu"" in green. The text then changes to ""hulu originals"" in green, indicating the platform and content type. The scene transitions to a silhouette of a person standing against a dark background, with the text ""A Court of Thorns and Roses"" appearing in white letters. The video concludes with a black screen, suggesting a transition or a pause in the narrative.",Entertainment & Shows
7355249683469454634,"The video features a person standing on a beach during sunset, with the ocean waves gently lapping at the shore. The individual is wearing a white hoodie and a baseball cap. The person is seen from the back, with their head slightly tilted to the side, and they are holding a white object in their hand. The background is a serene beach scene with the sun setting in the sky, casting a warm glow over the water. The person appears to be speaking, as indicated by the text overlay on the video. The text reads: ""the joy of the joy of the joy of jesus, the security of jesus, the peace of jesus, the love of jesus, the","the joy of jesus, the security of j"
7387743887940390177,"The video features a person wearing a white sweater with a zipper, standing in a room with a door and a light fixture in the background. The person is holding their hair up with one hand and appears to be speaking. The text overlay on the video reads, ""Someone in their twenties says they aren't voting."" The person then gestures with their hand, possibly emphasizing a point or making a statement. The video ends with the text, ""You're not really into politics? Okay, fair enough. But what are you into? Transformers? Pokemon, you fucking child?""",1. News
7297354768928853294,"The video is a series of text-based messages from a person discussing their experiences with buying and stocking HEB (Hong Kong Express) products. The person mentions difficulties in keeping store stock, the importance of variety packs and POG (Pure Oatmeal Grits), and the launch of new Buc-ee's test stores. They also express excitement about upcoming events and the availability of new products. The messages are displayed in a comic-style format with speech bubbles and text boxes, and the person is seen gesturing with their hands to emphasize their points.",Entertainment & Shows
7374908166175280427,"The video starts with a close-up of a plate of tacos, showcasing the ingredients and the preparation process. The tacos are filled with shrimp, tomatoes, onions, and cilantro, and are topped with a creamy sauce. The video then transitions to a kitchen setting where the shrimp is being cooked in a pan. The shrimp is seasoned with spices and oil, and is cooked until it turns pink and crispy. The video then shows the shrimp being placed on a tortilla, topped with the creamy sauce, and finally, the tacos are served on a plate with a side of sour cream. The video concludes with a close-up of the tacos, highlighting the vibrant colors and textures of",Food
7377866805823491371,"The video features a person with curly hair, wearing a dark blue shirt, standing in a room with a painting of a tree on the wall. The person is speaking, and the text overlay on the screen reads, ""You could kiss any woman in game of thrones who would it be?"" The person then points to themselves and says, ""Megan Fox."" The scene transitions to a close-up of the person, with the text overlay changing to, ""Daenerys."" The final frame shows a person sitting on a throne, with the text overlay reading, ""If you can kiss any woman in the world, feet, who would it be?"" The person on the throne is wearing a",8. Entertainment & Shows
7149700277782760746,"The video shows a person lying on a bed with a pink blanket. The person has long hair and is wearing a black shirt. The background is dark, and there is a cat on the bed. The person is holding a phone and appears to be recording themselves. The text on the screen says ""I like paul's dreams... are like this.""",Pets & Animals
7384004708165242144,"The video features a person sitting in a chair in a room with gold wallpaper and framed pictures on the walls. The person is wearing a light blue sweater and is holding a phone. The video alternates between two images: one of a black and white dog sitting in a field of tall grass with red flowers, and the other of the person in the chair. The person is speaking and gesturing with their hands, and the text on the screen changes to reflect their speech. The text includes phrases such as ""I'm just looking at a wonderful photograph of a little Jack Russell, black and white Jack Russell, called Mika, M-I-K-A. What a lovely name.",Entertainment & Shows
7314367547862781226,"The video begins with a view of a snowy forest, with trees covered in snow and a path leading through the woods. The camera pans across the forest, showing the snow-covered ground and the trees in the background. The scene then shifts to a close-up of a pine tree, with snow covering its branches. The camera then pans to show the forest floor, with snow-covered rocks and trees in the background. The video continues with a view of the snowy forest, with trees covered in snow and a path leading through the woods. The camera pans across the forest, showing the snow-covered ground and the trees in the background. The scene then shifts to a close-up of a",Science & Technology
7340337384652934446,"The video is a series of images showcasing various individuals with captions providing information about their names and connections to notable figures. The captions include names such as Malia Obama, Angelina Jolie, Redfoo, Sky Blue, Nicolas Cage, and Francis Ford Coppola. The images depict people in different settings, including formal events and casual gatherings. The captions provide context about the individuals' relationships to each other and to famous people, such as being the daughter of an Academy Award-winning actor, the founder of Motown Records, and the nephew of a famous director. The images are accompanied by text overlays that provide additional information about the individuals and their connections. The video appears to be",Entertainment & Shows
7333801200875261185,"The video begins with a dark blue background featuring a world map with a digital texture. The text ""An Election Year Guaranteed To Divide Us"" is prominently displayed in white, capital letters. The scene transitions to a split-screen view, with the left side showing a man in a suit and tie, and the right side showing a man in a suit and tie with a red tie. The text ""A Second Term We Can All Agree On"" appears in white, capital letters. The video then shifts to a blue background with the text ""THE DAILY SHOW"" in white, capital letters, followed by ""MONDAYS WITH JON STEWART"" in white, capital letters",8. Entertainment & Shows
7328517572679372078,"A person is sitting at a table in a car dealership, holding a piece of paper with handwritten text. The person is wearing a gray jacket and a red shirt. The text on the paper reads ""POV: The customer never stops negotiating."" The person is talking to another person who is not visible in the frame. The person at the table is gesturing with their hands while talking. The background shows a car dealership with a glass window and a car visible through it.",Comedy
7375847354341068065,"The video showcases a large crowd gathered at Hinds Hall in Garmin, watching a concert. The stage is brightly lit with green and red lights, and the crowd is enthusiastic, waving their hands and cheering. The performers on stage are dressed in blue and white, and the crowd is diverse, with people of various ages and ethnicities. The text overlay on the video reads ""Hinds Hall in Garmin"" and ""Hinds Hall Problem isn't the protests what they're protesting it goes against what our country is funding White supremacy is finally on blast. Free Palestine to the home and land. The next but never ended to colonize the rise. The students in tents, posted on the lawn",Politics
7392127900079721761,"The video showcases a woman's room at Estelle Manor, highlighting the luxurious amenities and the cost of staying in the room. The room is decorated in a modern style with pink walls and a white bed. The woman, who is wearing a black sleeveless top and light blue jeans, is seen taking a selfie in the mirror. The text on the screen provides information about the room, including the cost of staying in the room and the amenities provided. The video also includes a humorous text that suggests the woman is not interested in staying in the room because she has a dog.",Entertainment & Shows
7368121296154086688,"The video shows a table filled with various dishes, including salads, meats, and side dishes. There are also glasses of water and wine on the table. A person is standing in front of the table, talking to the camera. The person is wearing a dark sweater and glasses. The background shows a room with a window and some furniture.",1. News
7378190751211064607,"The video showcases a man demonstrating the features of an expandable camper. He begins by showing the camper's size and the man's size, emphasizing the camper's triple-sized interior. The man then opens the camper's door, revealing its interior, which includes a solar panel, a table, and a portable solar table. He explains the features of the camper, including its seven-way wiring harness, electric brakes, and safety chains. The man also highlights the camper's compartments, which are lockable and have stainless steel hinges. He demonstrates the camper's GoSun power center and the solar cooker, which can be used to cook food. The video concludes with",Science & Technology
7325985650140974382,"The video is a humorous take on the idea that running in the rain is better than running on rainy days, as suggested by the text overlay. The video shows various scenes of people running and walking in different conditions, with the text overlay providing commentary on the effectiveness of each activity. The video also includes text overlays that provide additional information about the experiments being conducted, such as the weight of the work clothes and the amount of water absorbed by the clothes. The video concludes with a humorous comment about the rigor of the experiments.",Science & Technology
7406690692765977887,"The video is a series of clips showing a person sitting in a train or bus, with the person in the seat being disrespected by others. The person in the seat is wearing a white shirt and shorts, and the person in the seat next to them is wearing a black shirt and a bandana. The person in the seat next to them is talking to the person in the seat, and the person in the seat is responding to the person in the seat next to them. The person in the seat next to them is also wearing a black shirt and a chain necklace. The person in the seat next to them is also wearing a black shirt and a bandana. The person in the seat",Travel & Events
7309290162540858667,"The video starts with a news broadcast from a news anchor in a studio, discussing an investigation after a massive home explosion in Arlington, Virginia. The anchor is dressed in a dark suit and tie, and the background features a blue-toned graphic with the text ""HOME EXPLOSION ROCKS NEIGHBORHOOD"" and the ""ABC"" logo. The scene transitions to a close-up of the anchor, with the same text and logo. The video then shows a dramatic scene of a house engulfed in flames, with the text ""BREAKING NEWS"" and ""HOME EXPLOSION ROCKS NEIGHBORHOOD"" still visible.",News
7365274404420406571,"The video starts with a person on a sailboat, wearing a black shirt and gray pants, working on the boat's deck. The person is seen cleaning the boat, and the text ""I live on a shrink wrap sailboat in New England"" appears on the screen. The person then takes a break and sits on the boat's deck, with the text ""the first thing I do in the morning is soak up the sun with Phoebe, and then I do some chores"" appearing. The person continues to work on the boat, and the text ""honestly, I hate washing dishes, so this is proof that I do actually wash them"" appears. The person then cooks up",Pets & Animals
7392992201837464850,"The video starts with a woman standing in front of a glass door, talking about her daughter's first haircut. She is wearing a floral dress and has long, dark hair. The scene transitions to a hair salon where the woman is getting her hair cut by a stylist. The stylist is using scissors to cut the woman's hair, which is long and dark. The woman is sitting in a white cape, and the stylist is holding a pair of scissors. The scene then shifts to the woman standing in front of a white wall, with her hair now cut short and styled in a ponytail. The stylist is holding the ponytail, and the woman is smiling",Travel & Events
7395692426888891679,"The video starts with a person wearing a colorful shirt with a rainbow design, standing in front of a microphone. The scene transitions to a close-up of the same person, followed by a view of a cityscape at sunset. The person is then seen in a crowded room, surrounded by people holding signs that read ""KAMALA KAMP"" and ""KAMALA HARIS."" The scene shifts to a close-up of the person in the colorful shirt, with a large image of a person in a suit and red tie in the background. The person is then seen in a crowded room, surrounded by people holding signs that read ""KAMALA KAMP"" and",Politics
7335178711819373867,"The video shows a series of tweets from the ICCJICJ (@CICJ_Africa) about the South African government filing an emergency request with the International Court of Justice for additional provisional measures specific to the imminent invasion of Rafah. The tweets provide information about the case and the legal team involved. The video also includes a screenshot of a document from the International Court of Justice, which discusses the case and the legal arguments being made. The final frame shows a person in a brown shirt speaking, with the text ""and I think it's a testament to the dedication of the South African legal team in this case.""",News
7353793317437590827,"The video shows a man and a woman standing in a room. The man is wearing a black shirt and the woman is wearing a black shirt and shorts. They are holding a coffee cup. The man is holding a phone and the woman is holding a remote control. The man is talking to the woman and the woman is talking to the man. The man is saying something to the woman and the woman is saying something to the man. The man is saying ""Don't prank your employee when they're holding hot coffee"" and the woman is saying ""Oh! Oh! Oh! Oh! Oh!"" The man is saying ""Oh! Oh! Oh! Oh! Oh!"" and the woman is",1. News
7377799778299579690,"The video features a woman standing outdoors, with an American flag in the background. She is wearing a black top and has tattoos on her arms. The text overlay on the video reads, ""Isn't it weird you're a fan of an American flag, but you know who you're voting for?"" The woman appears to be speaking directly to the camera, and the video seems to be a commentary on the political climate.",1. News
7346724921361435937,"A video shows two girls walking down a sidewalk, one with a backpack. The text on the screen reads, ""А в Украине, я являюсь чуждой человеком, так что я не могу послушать твоего тела, я не могу думать твоего тела, я не могу узнать твоего тела, я не м",Travel & Events
7384186520351083781,"Якщо ви думаєте, що в мене не йшла мова про викуп цього бренду, ще раніше до цієє конфліктної ситуації. Ось я пишу вище. Я тобі ще куди-то предложила продати свою ча",Entertainment & Shows
7396382918039457041,"A man and a woman are sitting on a bed in a modern room. The man is wearing a white shirt and black shorts, while the woman is wearing a white shirt with red text and blue jeans. The man is holding the woman's leg and they are talking to each other. The text on the screen changes to different messages, such as ""Не видалось чесь"" (I didn't see anything), ""Не видалось чесь"" (I didn't see anything), ""Не видалось чесь"" (I didn",Entertainment & Shows
7273841367351069998,"The video shows a person wearing gloves and cutting a block of bright yellow soap into smaller pieces. The soap is placed on a marble countertop. The person then holds up a piece of the soap, which has a label on it. The label reads ""AMINO NATURA Turmeric & Kaolin Acid Brightening Soap"".",Beauty Care
7277167570946379014,"The video captures the vibrant atmosphere of a large stadium filled with enthusiastic fans. The crowd is predominantly dressed in yellow and blue, with some wearing black and white stripes. The fans are seen raising their hands in the air, waving flags, and cheering enthusiastically. The stadium is well-lit, and the atmosphere is electric. The video also shows a soccer match in progress, with players on the field and the crowd's excitement palpable.",Sports
7365322515998068011,"The video starts with a person standing in front of a podium, with a backdrop of the U.S. Capitol building. The text on the screen reads ""STITCH INCOMING WOKE ENCAMPFENTS EXPOSED!!!!"" and ""we're here to discuss the little Gazas that have risen up on campuses across America."" The person is then shown standing in front of a tent, with the text ""I'm literally in so much danger here. Follow me if you want me to continue exposing these encampments for what they really are. And please pray for my safety. I'm literally in so much danger here."" The video then shows a close-",1. News
7362319887361903905,"The video begins with a person wearing sunglasses and a gray shirt, standing in front of a black background. The text overlay reads, ""Seeing Rufuski during Uni ski trip trying to see Uni ski trip trying to see Uni ski trip trying to see Uni ski trip trying to see Uni ski trip trying to see Uni ski trip trying to see Uni ski trip trying to see Uni ski trip trying to see Uni ski trip trying to see Uni ski trip trying to see Uni ski trip trying to see Uni ski trip trying to see Uni ski trip trying to see Uni ski trip trying to see Uni ski trip trying to see Uni",1. Entertainment & Shows
7311332422077975840,"The video shows a series of interactions between a woman and a man in a purple jacket and a man in a purple jacket and a pink tie. The woman is seen speaking to the man, who is listening attentively. The man in the purple jacket and pink tie is also seen standing in front of a fence, with a police badge visible on his jacket. The video also includes a small inset image of a man in a white shirt, who appears to be the same man in the purple jacket and pink tie. The video ends with the man in the purple jacket and pink tie being escorted by a police officer, with the woman standing nearby.",Entertainment & Shows
7354415572626509099,"The video starts with a person wearing a maroon beanie and a white t-shirt, sitting in a room with a white wall, a green shelf, and a rack of clothes in the background. The person is speaking, and the text on the screen provides information about earthquakes in the United States, particularly in the eastern part of the country. The text explains that the eastern United States is older and has a higher concentration of earthquakes, and that the energy of earthquakes is more efficiently carried by the Earth's crust in this area. The person then discusses the earthquake that occurred in New Jersey, which was a magnitude of 4.8 and had its epicenter in Lebanon, New Jersey. The",Science & Technology
7378608951975349536,"The video captures a moment of triumph and celebration on a soccer field. The players, dressed in white jerseys, are seen running and embracing each other in a jubilant display of joy. The crowd, a sea of spectators, is seen cheering and waving flags, their faces filled with excitement and relief. The text overlay ""ENGLANDWIN SOCCERAID"" is prominently displayed, indicating the significance of the moment. The video is a snapshot of a victorious moment, capturing the emotions and reactions of the players and the crowd.",Sports
7293239332167617834,"The video features a woman with shoulder-length dark hair, wearing a sleeveless, light-colored top with a pattern, standing in a room with a colorful floral curtain and a painting of a deer on the wall. She is seen gesturing with her hands and talking, with the text ""some of y'all"" and a laughing emoji appearing on the screen. The woman appears to be expressing a humorous or sarcastic statement, possibly related to the context of the video. The video does not provide additional context or information about the specific situation or event being referenced.",1. News
7372186670273137952,"The video showcases a series of food-related experiences in various locations. It begins with a person holding a pizza box, followed by a close-up of a pizza with a slice taken out. The scene transitions to a person eating a vegan pizza, with the text ""VEGAN IN MÜNCHEN"" appearing on the screen. The video then moves to a street view of a building with a sign that reads ""Hans's BURGER COLLECTION,"" indicating a restaurant. The next scene shows a person sitting at a table in a restaurant, looking at a menu. The video continues with a close-up of a person's hand holding a menu, followed by a",Food
7379475961139547398,"The video features a woman in a black dress with ruffles, standing in a modern kitchen with white chairs and a dining table. She is wearing black high heels and has long blonde hair. The text on the screen reads ""Мени 60 поки"" (My 60 years) and ""Ну, чуждый 60 годин"" (Well, 60 years old). The woman then demonstrates how to wear the dress, showing different poses and movements. The video ends with the woman standing confidently in the kitchen, with the text ""Мени 60 поки",3. Entertainment & Shows
7364542326959574314,"The video shows a person lying on a bed, holding their hands up to their face. The person is wearing a black shirt and has long hair. The background includes a bed with a white blanket and a stuffed animal. The person appears to be in a state of relaxation or contemplation.",1. News
7309293532467039531,"The video shows a group of people sitting on white couches in a studio, with a cityscape visible through the windows. The studio is decorated with Christmas ornaments and lights. The news ticker at the bottom of the screen reads ""HOUSE GOP PUSH FOR VOTE ON BIDEN IMPEACHMENT PROBE."" The video then transitions to a news anchor in a studio, with a cityscape visible through the windows. The news ticker reads ""HOUSE GOP PUSH FOR VOTE ON BIDEN IMPEACHMENT PROBE."" The video then transitions to a woman in a purple dress sitting in a studio, with a cityscape visible through",Politics
7376360928851299590,"The video features a series of individuals discussing various topics related to hair care and hair loss. The first person, with long brown hair, is seen wearing a white shirt and a black watch, and is seated at a table with a glass of water. They are engaged in a conversation, gesturing with their hands and using hand gestures to emphasize their points. The background features a bookshelf filled with books and decorative items, including a vase with flowers.

The second person, with curly hair, is also wearing a white shirt and a black watch, and is seated at a table with a glass of water. They are engaged in a conversation, using hand gestures to emphasize their points. The background",Lifestyle
7347847920151956779,"The video shows a person standing in a doorway, wearing a hat and holding a leash. They are looking at a small dog that is standing on the floor. The person then bends down and picks up the dog, carrying it into the house. The dog appears to be excited and happy, wagging its tail. The person then puts the dog down and walks away, leaving the dog on the floor. The dog looks up at the person, seemingly happy and content.",7. Pets & Animals
7291696863449763078,"The video features a person wearing a beige shirt and a black headband, speaking directly to the camera in a room with a window and a curtain in the background. The person uses hand gestures to emphasize their points, and the text on the screen provides context and commentary on the events being discussed. The video covers various topics, including the Israeli-Palestinian conflict, the use of rockets, and the impact of these events on the people involved. The person's expressions and body language convey frustration, disbelief, and frustration, as they express their opinions on the situation. The video also includes images and text overlays that provide additional context and commentary on the events being discussed.",Politics
7375186781999762721,"A woman in a blue floral dress is standing in front of a table with wine glasses, a bowl of cheese, and a plate of bread. She is holding a bottle of wine and a glass.",1. News
7309512164870491435,"The video is a compilation of various news segments and commentary pieces discussing Donald Trump's potential use of government power and abuse of authority. It features a mix of formal and informal settings, with different individuals providing their perspectives on the topic. The video includes text overlays with quotes and statements attributed to various individuals, including a Fox News host, a CNN reporter, and a woman identified as Alayna Trene. The video also includes images of Donald Trump and other individuals, as well as a graphic with the text ""TOWN HALWITH HANNITY"" and ""BREAKING NEWS."" The overall tone of the video is serious and focused on the topic of government power and abuse",Politics
7325003811632745761,"A person wearing a green shirt is talking to the camera. The text at the top of the screen says ""DEUTSCHE THERAPEUTEN HATTE RECHT"" (German therapists have been right). The person is gesturing with their hands and pointing to their head.",Entertainment & Shows
7355061931993992480,"The video features a person wearing a blue shirt standing in front of a calendar with the word ""MONDAY"" at the top. The person is gesturing with their hands, possibly explaining or emphasizing a point. The background is black, and the calendar is white with black text. The person's hands are visible, and they are making various hand gestures, including pointing and spreading their fingers apart. The video does not contain any additional text or graphics.",1. News
7330624658686954795,"A person wearing a bright pink shirt is sitting in front of a red shelf with various items on it. The person is making hand gestures and pointing to their head, possibly indicating confusion or frustration. The video is overlaid with text that reads ""That's his supporters Booing m & I ❤️ that 4 min"" and ""Trump booed loring about the American hostage USA! USA! USA! USA! USA! USA! USA! USA! USA! USA! USA! USA! USA! USA! USA! USA! USA! USA! USA! USA! USA! USA! USA! USA! USA! USA! USA! USA! USA! USA!",Politics
7397794935199567135,"The video shows a woman tied to a tree in a jungle, with a man in a leopard print shirt standing nearby. The woman is covered in mud and appears to be in distress. The video then shows a close-up of the woman's hand writing on a piece of paper. The text on the paper is in a foreign language, and the woman's hand is dirty and covered in mud. The video then shows a close-up of the woman's face, with mud on her face and neck. The video then shows a close-up of the woman's hand writing on a piece of paper. The text on the paper is in a foreign language, and the woman's hand is dirty",1. News
7397967668248120622,"The video showcases a person with long, wavy hair, wearing a black shirt and green cactus earrings, in a room with a bed, a door, and some framed pictures on the wall. They are holding a red box with a white label and a pink box with a white label. The person is wearing blue nail polish with white designs. They open the red box, revealing a small white object, and then open the pink box, revealing a small pink object. They show the small white object to the camera and then the small pink object. The person then opens the red box again, revealing a small white object, and shows it to the camera. They then open the pink box",Beauty Care
7311858161504423214,"The video showcases a collection of BMX bikes, each with distinct features and designs. The first bike, a 1987 GT Performer, is highlighted with its pink and white color scheme and chrome components. The video then transitions to a different bike, the 1990 GT Performer, which is also pink and white but with a more modern design. The video continues to feature the 1990 GT Performer, focusing on its pink and white color scheme and chrome components. The video then transitions to a different bike, the 1995 GT Performer, which is also pink and white but with a more modern design. The video continues",1. News
7299582823940312350,"The video begins with a man sitting on a green leather couch in a dimly lit room, wearing a gray shirt and dark pants. He is holding a black object, possibly a phone, and appears to be in a contemplative or pensive state. The room has a wooden wall and a bookshelf in the background. The scene then transitions to a close-up of a person wearing a hooded jacket, with the hood pulled up over their head, creating a sense of mystery or secrecy. The lighting is dim, and the person's face is not visible. The next scene shows a man in a white shirt, standing in a room with a blue light shining on him, possibly indicating a change",1. News
7331551109649059115,"The video features a black cat playing a violin. The cat is positioned against a dark background, with its fur appearing wet and shiny. The cat's eyes are wide open, and it appears to be focused on the music. The video is in black and white, which adds to the dramatic effect.",Pets & Animals
7293441357169937666,"The video features a series of animated scenes with a character in a school uniform and a blonde ponytail. The character is seen interacting with various cars, each with unique designs and colors. The cars are parked in a parking lot, and the character appears to be performing actions such as jumping onto the cars and interacting with them. The background of the video is a parking lot with other cars and buildings visible. The character's actions and the cars' designs suggest a playful and dynamic interaction between the character and the cars.",1. News
7397793782122564896,"The video features a person lying down on a bed, wearing a white top with lace details and a gold necklace. The person is wearing a gold ring and has their hair tied up. They are seen adjusting their hair and making hand gestures, possibly to emphasize a point or express emotion. The background includes a pillow with a black and white pattern. The person's nails are painted white, and they are wearing earrings. The video includes text overlays that read ""Leute, ich hatte einfach gerade eine Realisation. What the fuck? Ich hoffe es eigentlich auszusprechen, aber mir ist aufgefallen",Entertainment & Shows
7359943972216638736,"A police officer is walking down a street with a group of people. The people are wearing orange vests and holding signs. The signs say things like ""Palestina"" and ""Widerstand ist Völkerrecht!"" The police officer is wearing a blue uniform and a hat.",14. Nonprofits & Activism
7344108969151008001,"The video shows a group of people at a wedding reception. There are tables set up with food and drinks, and people are sitting and standing around. A woman in a red dress is sitting at a table with a man in a black suit. The woman is holding a glass of water and smiling. The man is also smiling and holding a glass of water. The woman then stands up and walks away from the table. The man follows her and they walk towards the front of the room. The woman then walks up to a man in a dark suit who is standing at the front of the room. The man in the dark suit is holding a microphone and appears to be speaking to the woman. The",Entertainment & Shows
7226368631268019482,"The video features a person with long blonde hair, wearing a black leather jacket, standing in a room with a pink towel hanging on the wall. The person is holding a phone and appears to be recording a video. The video is a series of clips showing the person's face with different captions overlaid on the screen. The captions include phrases like ""EVERY TIME WE TALK, IT JUST HURTS SO BAD,"" ""CAUSE I DON'T EVEN KNOW WHAT WE ARE,"" ""BUT I CAN PLAY THE PART,"" ""WE SAY WE'RE FRIENDS, BUT I'M CATCHING YOU,"" and ""IT MAKES","3. Music, Singing, & D"
7369594137928109345,"The video shows a shelf in a grocery store with various food items, including a box of Mr. Brain's pork faggots. The box is prominently displayed and features an image of the product on the front. The price tag on the shelf indicates that the pork faggots are priced at 1.60. The video also includes a humorous comment from the person recording the video, questioning the price of the pork faggots.",7. Food
7330275353325227297,"The video features a person with extensive tattoos, who is seen in various settings, including a bar, a restaurant, and an outdoor setting. The person is described as having a unique appearance and is often seen with a tattooed face and a black bandana. The video includes text in German that appears on the screen, providing humorous and exaggerated descriptions of the person's appearance and actions. The text includes phrases like ""DAS LEBEN ZU WIRKEN,"" ""ERHÄLTERT,"" ""SELBSTER SCHÄT,"" and ""ICH GLUBKES,"" among others. The video also includes images of the person in different settings, such as",Entertainment & Shows
7327164126822763808,"The video showcases a series of military parades from different countries, each with a distinct uniform and flag. The first frame features a group of women in military uniforms, with the text ""women military parades"" displayed at the bottom. The scene transitions to a group of women in military uniforms, with the text ""women military parades"" displayed at the bottom. The next frame shows a group of women in military uniforms, with the text ""women military parades"" displayed at the bottom. The scene then transitions to a group of women in military uniforms, with the text ""women military parades"" displayed at the bottom. The next frame shows a group of women in military uniforms, with the text ""women military parades",Entertainment & Shows
7371855904813157664,"The video features two individuals standing side by side in a room, with a white wall and a bed in the background. The person on the left is wearing a white shirt with a pink design and denim shorts, while the person on the right is wearing a white shirt with a pink design and black pants. The video is titled ""pre summer s"" and includes a list of statistics for each person, such as ""Jula"" with a score of 26/10, ""Statue"" with a score of 71, and ""happiness"" with a score of 158. The video also includes emojis and a flower-shaped decoration on the wall",Entertainment & Shows
7354696392129924385,"The video showcases a series of close-up shots of a red sports car at a car show. The car is detailed with a carbon fiber body and black wheels. The video begins with a close-up of the car's side, highlighting its sleek design and the ""Porsche"" logo. The car is then shown from the front, revealing its sharp lines and aerodynamic shape. The video continues with a focus on the car's front wheel, showcasing its intricate design and the ""Porsche"" logo. The final shot captures the car from the side, emphasizing its sporty aesthetic and the ""Porsche"" logo on the side. Throughout the video, the car is surrounded by a",1. News
7293639077671210286,"The video shows a person feeding fish from a white bucket filled with fish food. The person is standing on a wooden dock by a body of water, and the fish are swimming around the bucket. The person is holding the bucket with one hand and feeding the fish with the other. The fish are of various sizes and colors, and they are swimming around the bucket. The person is wearing a white shirt and blue jeans. The water is clear and reflects the green trees and grass around the dock. The person is feeding the fish from the bucket, and the fish are swimming around the bucket. The person is holding the bucket with one hand and feeding the fish with the other. The fish are of various",1. Pets & Animals
7357227155979275526,"A group of people are standing on a cobblestone street at dusk. The group consists of a man in a beige jacket, a woman in a white jacket, a child in a light blue outfit, and another child in a light blue outfit. The man in the beige jacket is holding a microphone and appears to be interviewing the group. The woman in the white jacket is holding a microphone and appears to be recording the interview. The children are holding orange cups. The background shows a building with awnings and people walking around. The atmosphere is lively and festive.",Entertainment & Shows
7394532218032491808,"The video features a woman in a pink dress and a man in a black shirt standing on a sidewalk. The woman is holding a pink purse and appears to be talking to the man. The man is wearing a black shirt and has a black belt around his waist. The background shows a street with cars parked along the side and a fence. The sky is cloudy, and the sun is setting, casting a warm glow over the scene. The woman and the man are engaged in a conversation, with the woman gesturing with her hands while talking. The man listens attentively, occasionally nodding his head. The video ends with the woman walking away from the man, who is still standing on the sidewalk.",1. Entertainment & Shows
7354508802932133166,"The video starts with a person in a room, wearing a light-colored shirt, with a background of a bookshelf filled with books. The text ""Booktok"" appears at the top of the screen, followed by ""Stitch Inning"" and then ""Booktok Stitch Inning."" The person is seen gesturing with their hands, possibly explaining or discussing something. The scene then transitions to a person sitting in a car, wearing a light-colored shirt, with a background of trees and a fence outside the window. The text ""That video is two things and it is two things only it's misogyny and it's laziness."" appears at the bottom of the screen",Entertainment & Shows
7344855206242389280,A woman in a black blazer and white shirt is sitting in a room with a wooden door in the background. She is talking to the camera.,Politics
7377794153071037739,"The video is a series of clips from the TV show ""The Office,"" featuring various characters in an office setting. The characters are engaged in conversations and interactions, with the text overlay providing context and dialogue. The video includes scenes of people in formal attire, such as a man in a tuxedo and a woman in a pink striped shirt, as well as a man in a white shirt and tie. The text overlay provides humorous commentary on the characters' actions and dialogue, adding a comedic element to the scenes. The video concludes with a man in a tuxedo looking surprised and confused, with the text overlay reading ""Oh my god. You can't be serious. That's ridiculous.",Entertainment & Shows
7349706117166959879,"The video features a person standing in a natural setting, surrounded by trees and foliage. The person is wearing a light-colored shirt and is speaking to the camera. The text overlays on the video include phrases such as ""What's up everyone?"", ""It is Frankie Muniz here and I am officially going into the jungle."", ""I don't know how to feel."", ""I'm excited."", ""I'm nervous."", ""You know, I'm normally a very organized and a planner and a control freak and I don't get to control anything here."", ""So I'm along for the ride and, you know, I hope they go easy on me."", and ""That's for",1. News
7308194891656400170,"The video shows a group of people in a stadium, with a large crowd of fans wearing red and white. The fans are cheering and waving their arms in the air, indicating excitement and support for a team or event. The text ""FUMBLE."" appears at the top of the screen, suggesting that the video is related to a sports event or game. The fans are also holding up signs and cheering, which adds to the atmosphere of excitement and support.",Sports
7375105398946139398,"The video shows a person in a light blue robe standing in a living room, talking to the camera. The person is wearing a checkered shirt and has curly hair. The living room has a large window with orange curtains, a couch, and a coffee table. The person is holding a phone and appears to be talking to the camera. The video also shows the person in the living room, standing in front of a door, talking to the camera. The person is wearing a light blue robe and has curly hair. The living room has a large window with orange curtains, a couch, and a coffee table. The person is holding a phone and appears to be talking to the camera. The",Entertainment & Shows
7387067236218916129,A woman is standing in front of a purple and pink cake box in a store. She is wearing a white shirt and a green and white patterned skirt. She is holding a pink cake box with a heart-shaped cake inside. The cake is decorated with white frosting and red cherries. The woman is smiling and looking at the camera.,Entertainment & Shows
7323395108378840351,"The video shows a person dancing in a hallway. The person is wearing a gray sweatshirt and jeans. The hallway has tiled floors and a Christmas tree decorated with red ornaments and a fan on the right side. The person dances energetically, moving their arms and legs in various directions.","3. Music, Singing, & D"
7378610696390528289,"A man in a white lab coat is speaking into a microphone in front of a large screen. The screen shows a man in a suit and tie, and the text ""Hugo Décrypte"" is displayed in the top right corner. The man in the lab coat is talking about Emmanuel Macron's announcement of the dissolution of the National Assembly. He mentions that the announcement was made on June 30 and July 7, and that it was a decision made by President of France in accordance with Article 12 of the Constitution. He also mentions that the dissolution of the National Assembly was a decision made in 1997 under the presidency of Jacques Chirac.",Politics
7292568999932529963,"The video shows a woman walking on a sidewalk, holding a green water bottle and a small object. She is wearing a black t-shirt with a logo, black shorts, and black sneakers. Another woman is walking beside her, wearing a black sports bra, black leggings, and black sneakers. They are walking on a paved path surrounded by trees and grass. The video also shows the two women walking on a dirt path surrounded by tall grass and trees.",Fitness & Health
7360445995945037088,"The video shows a group of wild boars walking on a paved surface at night. The boars are black and have a shiny, wet appearance. They are seen eating from a pile of food, which includes pieces of bread and other food items. The boars are interacting with a person who is feeding them, and the person is seen holding a piece of bread and a can of soda. The boars are also seen eating from a can of soda. The video captures the boars' movements and interactions with the person feeding them, as well as their behavior and appearance.",Entertainment & Shows
7356329953622822187,"The video features a person wearing a colorful cap and a gray shirt with a logo on it. The person is standing in front of a computer screen displaying a stock chart for Trump Media & Technology Group Corp. The stock price is shown to be falling, with a value of 34.21 USD. The person is seen speaking and gesturing with their hands, and the text on the screen changes to provide commentary on the stock's performance. The video also includes a series of text overlays that provide additional commentary on the stock's performance and the person's thoughts on the stock market.",Sports
7376774039899082027,"The video shows a group of elderly people in wheelchairs in a museum, with some of them holding objects like a drum and a cane. The text on the screen suggests that the artwork is a 2007 installation by Sun Yuan and Peng Yu, which features 13 realistic sculptures of elderly world leaders. The sculptures are displayed in electric wheelchairs, and the video humorously compares them to the real-life elderly world leaders. The video also mentions that the artwork is currently on show at the Borster Commerce Pinot Collections The World As It Goes exhibition in Paris.",Science & Technology
7394396617882799366,"The video features a person with curly red hair, wearing a dark top, holding a large, colorful drink with a straw. The drink is decorated with pastel-colored candies and a pink lid. The person is seen drinking from the cup, with the text ""POV: Your cousin gives you something to do drink"" displayed at the top of the screen. The background is dimly lit, and the person appears to be in a casual setting, possibly a home. The video does not contain any additional information or context beyond the text displayed at the top of the screen.",1. News
7382929842615979296,A person is sitting in a room and talking to the camera. They are wearing a white shirt and have a ring on their finger. The room has white walls and a mirror in the background. The person is talking about how they are feeling tired and have been working on the computer for the last few hours. They are not finding anything useful and are feeling frustrated.,Entertainment & Shows
7283171808595971370,"The video features a woman with long black hair, wearing a gray tank top, standing in a room with a plant in the background. She is wearing blue nail polish and has tattoos on her arms. The woman is speaking, and the text overlay on the video reads, ""NO BECAUSE I'M REAL AORES WHEN THE DUCK DUCK DUCK AROUND THE STANDING GUY AT THE TEAM RANO FOR THE FEMMAJUA."" The woman appears to be talking about a situation where someone is annoying her by repeatedly saying ""duck"" in a playful manner. The video seems to be a humorous take on",1. News
7299771215755906312,Two women are dancing in a gym. They are wearing black jackets and pants. They are dancing in a room with wooden floors and a gray wall.,Entertainment & Shows
7397523950391086369,"A group of animated fruits, including a green apple, a blueberry, and a pineapple, are gathered together against a black background. The green apple is the centerpiece, adorned with a tiara and a crown, and is surrounded by the other fruits. The blueberry and the pineapple are positioned on either side of the apple, and the pineapple is also adorned with a tiara and a crown. The fruits are animated and appear to be in a state of celebration or celebration, as indicated by the confetti and the overall festive atmosphere.",Film & Animation
7410518813021637930,"The video shows a man in a suit and tie sitting in a room with a woman in the background. The man is speaking, and the text overlay on the screen reads, ""Do you think Americans seriously think that this is an important question?"" The woman in the background is wearing a white blazer and appears to be listening to the man. The setting appears to be a formal or professional environment, possibly a meeting or press conference. The video does not provide any additional context or information about the man's identity or the woman's role.",Politics
