video_id,summary,category
7349900395843472672,"A man in a suit and tie is standing in front of a crowd, holding a microphone. He is talking to another man who is also holding a microphone. The man in the suit is wearing a cap with a Russian flag on it. The man in the suit is talking about the situation in Ukraine and how Russia is involved.",Politics
7326597898358066465,"The video is a humorous comparison between a person's reaction to their cat's behavior and the reaction of a smartphone. The video is divided into two parts, each showing a different reaction.

In the first part, the person is shown in a room with a cat sitting on a bed. The person is holding a smartphone and looking at it with a surprised expression. The text on the screen reads ""Pov: Les appels avec mon chachet qui n'a jamais fait de cela"" (Pov: The calls with my cat who has never done this). The person's reaction is shown in a split-screen format, with the left side showing the",7. Pets & Animals
7302484543691328810,"The video is a series of black screens with white text. The text reads ""EMERGENCY RELIEF DISTRICT OCTOBER 1TH, 2023. Stop the killing. Stop hate. Time to donate."" The text is repeated multiple times throughout the video, with no other visual elements or audio present. The video does not contain any additional context or information.",1. News
7339991555408694561,"The video shows a person standing in a store, holding a brown hoodie with the word ""BALEA"" on it. The person is surrounded by shelves filled with various skincare products. The video then focuses on a shelf displaying different skincare products, including a box of Balea Vital Augencreme and a box of Balea Aqua Augen Roll-On. The video continues to show the same shelf, with the person pointing at the products and discussing their prices. The video then shows a shelf with various skincare products, including a box of Balea Aqua Augen Roll-On and a box of Balea Aqua Augen Roll-On. The video",Beauty Care
7351403366368546081,"The video showcases a series of events involving a group of humans and aliens, culminating in a battle where the aliens are defeated and the humans emerge victorious. The aliens, who were previously considered inferior, are shown to be highly trained soldiers from multiple countries, and their defeat is attributed to the humans' superior weaponry and tactics. The video also highlights the aliens' lack of self-awareness and their eventual demise, as well as the psychological impact of the battle on the humans.",Entertainment & Shows
7380379588242804001,A person is lying in bed with a pink pillow. They are wearing a black shirt with blue writing on it. The person is making a peace sign with their fingers.,Entertainment & Shows
7291005324717313313,"The video features two women standing in front of a large building with a dome, discussing the rise of the Alternative for Germany (AfD) party in Germany. The woman in the pink coat explains that the AfD is on the rise in Germany and has come in second in the state elections in Hesse and third in Bavaria. She also mentions that the law allowing dual nationality and faster German passport processing is still on track. The woman in the green dress asks if the law can be stopped, and the woman in the pink coat responds that the coalition government still has the majority in the Bundestag, and the Bundesrat cannot block the law. The video concludes with the woman in the pink",Politics
7184540937974975786,"The video shows a person in a car, wearing a black tank top and white headphones around their neck. They are demonstrating the use of a brow lift product, which is a clear container with a brush applicator. The person applies the product to their eyebrows, demonstrating the technique and results. The video also includes text overlays that provide information about the product and the person's experience with it.",Beauty Care
7343334803665603883,"The video features a person with long, wavy hair wearing a dark gray sweater and a gold necklace with a pendant. They are sitting in front of a backdrop that resembles a starry night sky. The person is holding a black object, possibly a makeup product, and appears to be speaking or presenting something. The background is a vibrant mix of pink, orange, and purple hues, with a nebula-like pattern.

Throughout the video, the person is seen gesturing with their hands, possibly emphasizing points or explaining something. The person also uses hand gestures to emphasize their points, such as pointing upwards and making a circular motion with their hand.

The video includes text overl",Science & Technology
7343662075299761440,"The video begins with a person wearing a pink sweater with a black bow tie, standing in a room with a white wall and a shelf in the background. The person is looking at the camera with a serious expression. The scene then transitions to a close-up of a person with long blonde hair, wearing a white shirt with a red tie, standing in a dimly lit room with a green hue. The person appears to be in a state of shock or fear. The video then cuts back to the person in the pink sweater, who is now looking at the camera with a more relaxed expression. The final scene shows the person in the pink sweater standing in the same room,",1. News
7394913119375527210,A person wearing a camouflage cap and a gray shirt is standing in front of a plain wall. They are holding a small object in their hand and gesturing with their other hand. The person appears to be speaking or explaining something.,Politics
7327439802637307178,"A person is standing next to a white truck, talking about the features of the truck. The person is wearing a camouflage hoodie and is holding a phone. The truck has a black interior and a black front bumper. The person is pointing at the truck and talking about the features of the truck.",Sports
7296461109572275488,"The video features a series of interviews with Trump supporters who express their disagreements with the President's stance on unions. The interviews take place in various outdoor settings, including a metal building, a park, and a street. The participants are dressed in red and white clothing, often wearing red hats with the ""Make America Great Again"" slogan. They express their views on the importance of unions, the impact of Trump's policies on unions, and their personal experiences with unions. The video concludes with the participants discussing their support for Trump and their views on unions.",Politics
7385384197864557855,"The video features a series of images from a television broadcast, showing two men in suits, one with a red tie and the other with a blue tie, standing at podiums with microphones. The background is blue with the CNN logo. The text overlay reads ""My favorite prt of the debate wasa-wa-shitting whoever wasn't talking."" The images are static, with no movement or action taking place. The video does not contain any additional audio or visual elements.",Politics
7358352976639184146,"The video shows a person driving a car on a rainy day, with the windshield wipers on. The rain is falling heavily, creating a misty effect on the windshield. The person is driving on a highway, and the traffic lights are visible in the distance. The video captures the changing colors of the sky as the sun sets, with the sky turning a deep orange and then a deep blue. The video also shows the person's reflection in the windshield, as well as the reflection of the traffic lights in the rain.",Science & Technology
7371030140370963713,"The video is a series of clips from a video game, specifically a first-person shooter game. The game is set in a virtual environment with a medieval theme, featuring stone buildings, stairs, and a cobblestone street. The player is using a futuristic weapon with a glowing green and blue design. The player is seen navigating through the environment, taking cover behind walls, and engaging in combat with enemies. The player's health and ammo are displayed on the screen, and the player's name and team are visible. The player is also seen using a ""SPITZ"" ability, which is a special ability that allows the player to spit a projectile at enemies. The player's actions",Sports
7328941581862473006,"The video showcases a fighter jet in flight, with the text ""HIGH"" appearing in yellow letters. The jet is seen on a runway, with a person in the background. The jet then takes off, with the text ""TARGET"" appearing in yellow letters. The jet is seen on an aircraft carrier, with a green truck and a person in the background. The jet is then seen flying through the sky, with the text ""HIGH"" appearing in yellow letters. The jet is seen flying through the sky, with the text ""TARGET"" appearing in yellow letters. The jet is seen flying through the sky, with the text ""HIGH"" appearing in yellow letters. The jet",1. News
7295860137162591519,"The video features a person wearing a plaid shirt, speaking in front of a blue-lit background. The person is seen discussing various topics related to politics and social justice, including the treatment of indigenous people, the justification of violence, and the impact of power imbalances in society. The person expresses frustration with the way people justify violence and the unaliving of children, and emphasizes the importance of remembering the feelings of righteousness that can lead to harmful actions. The video concludes with the person reiterating the importance of remembering the feelings of righteousness and the potential for these feelings to lead to harmful actions.",Politics
7407540452611640606,"The video shows a person in a blue shirt sitting at a desk in an office, wearing black gloves. The person is holding a passport and a pen, and appears to be in the process of checking something on the desk. The background includes a white door, a computer keyboard, and a box. The person is seen writing on a piece of paper, and at one point, they are holding a green object, possibly a pen or a marker. The person then places the green object on the desk and continues to write on the paper. The video ends with a black screen displaying the text ""Next.""",Science & Technology
7372987016914455841,"The video shows a cricket match between Pakistan and England. The players are wearing different colored uniforms, with the Pakistan team in orange and the England team in green. The match is taking place in a large stadium with a crowd of spectators. The players are seen running and playing the game.",Sports
7366561209996332320,A person with long black hair is sitting in a room with a yellow wall and a white ceiling. They are wearing a white shirt and have a gold watch on their left wrist. They are talking to the camera and gesturing with their hands.,News
7334130841016274222,"The video features a black sports car parked in a parking lot. The car is sleek and has a low profile, with a prominent front grille and large alloy wheels. The background of the video is a typical parking lot with trees and a clear sky. The video is overlaid with text that reads, ""I don't reverse park to look cool, a mu jt st can't park forward."" This text suggests that the person filming the video is frustrated with their friends' behavior, as they are not reversing to park properly. The video also includes a meme with the text, ""All my friends are dead, leave them in the cold, put them in the tundra I go great charm",1. News
7380389929790033185,"The video features a dramatic dance scene between two characters in a dark, dimly lit setting. The male character is dressed in a blue outfit with a cape, while the female character wears a white dress with a crown. The dance is intense and passionate, with the male character holding the female character in a close embrace. The background is dark, with a few lights visible, adding to the dramatic atmosphere. The video ends with the male character holding the female character in a close embrace, with the text ""You may have my number, you can say my name But you'll never have my heart Let the sky fall, let me crumble We will stand tall, I'll face it all Together",Sports
7343754603927850245,"The video is a series of images that appear to be from a protest or rally, with people holding signs and flags. The images are overlaid with text that reads ""FREE PALESTINE"" and ""Remember, you can post one video each day using this filter and it will still count. So, if you post once every Monday, Tuesday, Wednesday, private or public, it will count as three quotes."" The images show people in various poses, some holding signs and others holding flags. The colors in the images are mostly red, white, and black, with the flags being green, white, and black. The images are overlaid with a filter that makes them appear to be in",Politics
7357827492289465646,"A person wearing a white t-shirt with a cartoon character on it is standing in a kitchen. The person is making hand gestures and talking to the camera. The text on the screen reads, ""I don't personally think this is a hot take but some people might if I never had to eat again like I could just survive without putting food in my body I would and before everybody in the comments no it's inconvenient grocery shopping inconvenient cooking inconvenient fucking sitting down eating a goddamn meal inconvenient dude I don't want to do it anymore like I don't want to decide, dude. I don't want to decide what to eat. I don't want to cook. I don",Entertainment & Shows
7366736772253977889,"The video starts with an aerial view of a coastal area, showing a road, buildings, and a body of water. The text ""Is a country still a country if it sinks?"" appears, followed by ""Is a country still a country if it sinks?"" and ""Is a country still a country if it sinks?"" The video then shows a person in a white shirt and black shorts standing on a concrete structure in the water, with the text ""Is a country still a country if it sinks?"" appearing again. The scene transitions to a map of the Pacific Ocean, with the text ""Tuvalu"" and ""Fiji"" appearing. The video then shows a person in a white shirt",Politics
7342750088902511915,"The video shows a person standing in a bathroom, taking a selfie with a phone. The person is wearing a black t-shirt and black shorts. The bathroom has a tiled wall with blue and yellow stripes, and there is a mirror above a sink. The person is holding the phone in their right hand and has their left hand on their hip.",1. News
7325461211653492010,"A person is wearing a purple hoodie with the word ""Champion"" written on it. They have long braided hair and are standing in front of a wooden door. The person is talking to the camera and gesturing with their hands.",Entertainment & Shows
7363144949442825518,"The video features a young woman with long blonde hair, wearing a black top with a graphic design. She is standing in a room with a white door in the background. The text overlay on the video reads, ""why is finding a girl friend no im not trying to fall in love with, im trying to fall in love with her."" The woman appears to be speaking directly to the camera, expressing her thoughts on finding a romantic partner. The video does not contain any additional visual elements or actions beyond the woman's speech and the text overlay.",1. Entertainment & Shows
7375972216707484960,"The video is a series of frames showing a man in a white shirt standing in front of a screen with a list of Labour's policy steps for change. The man is gesturing with his hands as he speaks, and the background is a red and white flag. The text on the screen reads ""Thanks for the plug Rishi 👍"" and ""Thanks for the plug Rishi 👍"" with a thumbs up emoji. The man is also seen writing on a piece of paper with a pen. The video ends with the man standing in front of a black background with the text ""Thanks for the plug Rishi 👍"" and a thumbs up emoji.",Politics
7363604482355137799,A woman is unpacking a large box in her kitchen. She is using a laptop to search for deals on Amazon. She finds a deal for a stainless steel double-walled glass coffee maker for $18.74. She then uses a vacuum sealer to seal the box.,Entertainment & Shows
7341253553245408558,"The video features a person in a light blue shirt with white patterns, wearing a necklace and pearl earrings, standing in a room with a beige wall and a window in the background. The person is seen applying makeup, using a brush and a bottle of foundation. They are also seen holding a small object, possibly a makeup brush or a makeup product, and using it to apply makeup to their face. The person is seen talking and gesturing with their hands while applying makeup. The video also includes text overlays that provide context and information about the person's situation and goals.",Beauty Care
7346960504490937642,"The video starts with a woman lying on a bed, wearing a light gray tank top. The text on the screen reads, ""When you wanted your engagement song to be 'Sun's so low' ok."" The woman then holds up her hand, and the text changes to, ""When you wanted your engagement song to be 'Sun's so low' ok."" The scene transitions to a black and white image of a car driving down a road, with a woman in a white dress and a man in a suit sitting in the back seat. The car drives past a fence and trees, and the woman stands up and walks towards the camera. The scene then shows a close-up of a woman",Entertainment & Shows
7203774185322188037,"The video begins with a person standing in front of a door with a sign that reads ""A STUDENT'S HOME."" The person is wearing a dark blue shirt and gray pants. The door is open, and the person is holding a piece of paper. The scene then transitions to the person standing in front of a different door with a sign that reads ""A STUDENT'S HOME."" The person is wearing a dark blue shirt and gray pants. The door is open, and the person is holding a piece of paper. The scene then transitions to the person standing in front of a different door with a sign that reads ""A STUDENT'S HOME."" The person is wearing",1. Entertainment & Shows
7324373228028300577,"The video starts with a person walking down a street at night, with buildings and cars in the background. The person is wearing a dark coat and carrying a bag. The text on the screen reads ""things you need to know before getting a job finance."" The scene transitions to a close-up of a person's hand holding a light blue shirt, with the text ""things you need to know before getting a job finance."" The scene then shifts to a shelf with various bottles of skincare products, with the text ""things you need to know before getting a job finance."" The scene continues with a close-up of a shelf with various skincare products, with the text ""things you need to know before",Entertainment & Shows
7404376866108312865,"The video starts with a chaotic scene at night, where a group of people, including police officers, are gathered around a bus. The text ""Das sagen lässt sich nur zur Kursk-Offensive"" (The only thing that can be said is the Kursk Offensive) appears at the top of the screen. The scene transitions to a group of people, including a man in a wheelchair, being escorted by police officers. The text ""Kursk-Offensive"" (Kursk Offensive) appears at the top of the screen. The video then shows a man in a denim jacket sitting outdoors, talking to the camera",Politics
7379002112652660014,"The video features a person wearing a white shirt with a graphic design, standing in front of a window with blinds. The person is holding a necklace with the name ""RITANA"" written on it. The necklace is displayed on a white card with the text ""Fashion Jewelry"" and a logo. The person appears to be expressing gratitude to someone named Sarah, as indicated by the text on the card. The video concludes with a close-up of the necklace on the card, emphasizing the name ""RITANA"".",1. News
7394618529569344811,"The video starts with a woman standing in front of a backdrop featuring the American flag and the text ""KAMALA."" She is wearing a black blazer and a light-colored top. The date ""7/22/24"" is displayed in the top left corner. The woman is speaking into a microphone, and the scene transitions to another woman with long blonde hair, wearing a light blue shirt and a necklace, standing in a room with a gold-colored shelf and a plant. The date ""7/22/24"" is still displayed in the top left corner. The video then shows a close-up of the woman with long blonde hair, with",Politics
7366286242406829345,A man in a grey hoodie is DJing in an office. He is using a DJ controller with a turntable. He is playing music and dancing.,"Music, Singing, & Dancing"
7325205573941710111,"A person wearing a black t-shirt with a picture of a man on it is sitting in a room. The room has a dark color scheme with a dark dresser and a white door in the background. The person is talking to the camera and there is text on the screen that says ""did you catch that?"" and ""let me slow it down."" The person is also wearing a headset and there is a plant in the background.",Science & Technology
7352304151897951521,"The video starts with a person standing in a living room, wearing a black shirt and red pants. The room has a large window, a chandelier, and a rug on the floor. The person is holding a pair of shoes and talking to the camera. The text on the screen says ""POV: Du chilst bst im 'Ich bin nicht recht' Freud."" The person then walks into another room, which has a fireplace, a couch, and a rug on the floor. The person is wearing a black shirt and red pants. The text on the screen says ""POV: Du chilst bst im 'Ich bin nicht recht",Entertainment & Shows
7365063366907333921,"The video showcases a breathtaking view of a city skyline during sunset. The sky is painted with hues of pink, purple, and orange, creating a stunning backdrop for the city's illuminated buildings. The cityscape is visible through a body of water, possibly a river or lake, reflecting the vibrant colors of the sky. The video captures the city's lights twinkling against the colorful sky, adding to the overall beauty of the scene. The video does not provide any additional information or context beyond the visual content.",1. News
7346235933882076448,"The video shows a man in a green hoodie and blue jeans using a blue mechanical device to work on a wooden post in a field. He is seen bending over and using the device to work on the post, which is surrounded by a dirt ground and some trees in the background.",1. Sports
7305148019727420718,"The video features a woman wearing a white turtleneck and a beige coat, standing in front of a movie poster for the film ""Watcher."" The poster displays the title ""Watcher"" in large white letters, with the tagline ""Striking a Sensation"" and the names of the actors, ""Alec Baldwin"" and ""Jennifer Connelly,"" at the bottom. The woman appears to be speaking or reacting to the movie poster, as indicated by her hand gestures and facial expressions. The background of the poster is dark and rainy, with a building visible through the rain. The video includes multiple frames of the same scene, with the woman's",Entertainment & Shows
7395252325104766216,"The video begins with a scene from a first-person shooter game, featuring a virtual environment with a sandy, urban setting. The player is holding a sniper rifle, and the scoreboard shows a score of 0-1. The scene then transitions to a close-up of a cat's face, with the cat's eyes and mouth open, as if it is looking at something. The cat's face is superimposed onto the sniper rifle, creating a humorous effect. The cat's face is then replaced with a green helmet, and the sniper rifle is shown again, with the cat's face superimposed onto the rifle. The cat's face is then replaced with a green",01
7354853011887312160,"The video begins with a person sitting at a table with two pizzas in front of them. The person is wearing a dark blue shirt and has their hands clasped together. The text overlay reads ""It's pizza night on @xxthefoxfox But what are our favorites??!"" The person then says ""Pineapple doesn't belong on pizza...."" and the text overlay changes to ""Pineapple doesn't belong on pizza...."" The person continues to say ""Pineapple doesn't belong on pizza...."" and the text overlay changes to ""Pineapple doesn't belong on pizza...."" The person then says ""Pineapple doesn't belong on pizza....""",Entertainment & Shows
7355938811429260550,"A person is sitting in front of a colorful, fluffy, multicolored blanket. They are wearing headphones and appear to be speaking or singing. The background is dimly lit with a purple hue. The person is wearing a black top with floral patterns. The text overlay at the bottom of the screen reads, ""I ate a whole bag of chips and my tummy hurts real bad. This is a song about feeling sad because they were damn good. No regerts."" The person is also wearing a microphone attached to their top. The video is a commentary on the song ""I ate a whole bag of chips and my tummy hurts real bad"" by Death in Space.","Music, Singing, & Dancing"
7363655590524226862,"The video starts with a person sitting at a desk with a keyboard and a mug with a zebra design. The background is a vibrant blue with a neon sign. The person is wearing a dark t-shirt with the words ""LOVE HOPE CURVE"" written on it. The video then transitions to a screen with the text ""Welcome to Spypet"" and a description of the Discord service. The video then shows a list of statistics about Discord, including the number of servers, users, and messages. The video then shows a screenshot of a Discord chat window with a message from a user named ""Spy.pet"" that says ""I'm sorry, but",News
7337977691611696417,"The video shows a person driving a car, wearing a white sweater and a seatbelt. The person is seen gesturing with their hands and talking to the camera. The car is driving through a city street with buildings and trees in the background. The person appears to be in a conversation with the camera, possibly expressing frustration or frustration with the situation.",1. News
7335864619187146016,"The video is a series of maps and graphics that compare the population and geography of Wyoming and Colorado. It starts with a map of the United States, highlighting the states of Wyoming and Colorado, and then zooms in on the Rocky Mountains, showing the border between the two states. The video then provides a detailed comparison of the two states, including their population, geography, and economy. It highlights the differences in population density, climate, and economic development between the two states. The video concludes with a map of the Rocky Mountains, showing the location of Gannett Peak and Yellowstone National Park, and a red box highlighting Wyoming's O'Neill Four-Year University.",Science & Technology
7356565580603870497,"The video features a conversation between two individuals, one in a dark suit and the other in a light pink outfit, set against a backdrop of a black and green background. The conversation revolves around the topic of mental health, with the person in the dark suit expressing concern and empathy for the person in the light pink outfit, who is struggling with mental health issues. The person in the light pink outfit shares their personal struggles with mental health, including the challenges of finding a therapist and the emotional toll of their situation. The conversation also touches on the political context, with the person in the dark suit expressing concern about the Labour Party's role in the Welsh NHS and the need for better support for mental health services",Politics
7407322364309949728,"The video shows a group of people performing on stage. They are dressed in casual clothing and are dancing energetically. The stage is brightly lit with colorful lights, and the background features a large screen with a pink and blue design. The performers are moving in sync with each other, and the audience can be seen in the foreground, watching the performance. The video also includes a text overlay that reads ""I don't wanna die Before we love, we love, this feeling, babe Cause it's enough, enough, can't be this way Before we love, we love, this feeling, babe I love it, I like it, but I don't wanna die Ooh,","Music, Singing, & Dancing"
7395058028594122014,"The video features a series of clips with different individuals, each with their own unique setting and attire. The first clip shows a man in a suit and tie speaking in front of a blue background. The second clip features a man in a suit and tie standing at a podium with a microphone, with the text ""John F. Kennedy Presidential Library and Museum"" displayed on the screen. The third clip shows a man in a black shirt and cap standing in front of a rocky coastline, with the text ""Wade's take on RfJkr"" displayed on the screen. The fourth clip shows a man in a black shirt and cap standing in front of a car, with the text ""And",Sports
7357035995667107114,"The video shows a woman in a black t-shirt with the word ""Tropical"" on it, standing in a fast food restaurant. She is holding a drink in her hand and appears to be talking to someone off-camera. The background shows a menu board with various drink options, including a drink called ""Real Fruit Water"" priced at $2.99. The woman then takes a drink from the cup and continues to talk to someone off-camera. She then walks away from the counter and is seen holding a drink in her hand. She then walks towards a table where another woman is sitting, and they appear to be having a conversation. The woman in the black t-shirt",Entertainment & Shows
7322958700291853614,"The video is a news broadcast featuring a man in a suit and red tie speaking at a podium. The background is blue with the words ""Iowa Town Hall"" and ""Donal Trump"" visible. The man is speaking to a woman in a white suit and another man in a suit. The broadcast is from Fox News, as indicated by the logo in the bottom left corner. The man is discussing various topics, including the origins of the coronavirus, the potential for retribution, and the impact of the pandemic on the economy. The video also includes text overlays with questions and answers, such as ""What was Trump asked about?"" and ""What was Trump asked about?"" The man is also",Politics
7333721172363922734,"The video shows a man in a blue shirt and khaki pants standing in front of a black Toyota CUV. He is wearing sunglasses and a name tag. The man is dancing and moving his arms and legs around. The background is a parking lot with other cars and palm trees. The text ""Toyota coulver"" is displayed at the top of the screen, and there are emojis of a smiley face with sunglasses. The man continues to dance and move his arms and legs around.",1. News
7320342127790148907,"The video depicts a police officer in a black uniform with a badge and a name tag standing in front of a row of blue lockers. The officer is wearing a black beanie and a black jacket with a police badge on the left side. The background is a plain wall with a window on the right side. The text ""TYRANT COPS MAKE BIG MISTAKE"" is displayed at the top of the screen, followed by ""silverthorne Colorado - fIslam amendment"" and ""Amaganset Press."" The officer is seen gesturing with their hands, possibly explaining something. The video continues with the officer standing in front of the lockers, still gesturing",News
7287998089279917345,"The video begins with a person standing outdoors, wearing a dark jacket and a white shirt with a black design. The person is holding a smartphone and appears to be speaking, with text overlaid on the video suggesting that they are discussing the benefits of shopping on Amazon. The scene transitions to a computer screen displaying the Amazon website, showing various products and categories. The text overlay continues to emphasize the discounted prices and the ease of finding discounted items on Amazon. The video then shows a close-up of the computer screen, with the text overlay still visible. The video concludes with a message encouraging viewers to check out the Amazon Outlet for discounted items, with the text ""so check it out for yourself and",13. Entertainment & Shows
7340766599860849926,"The video shows a man in a military uniform standing at a podium with a microphone. He is wearing a dark blue uniform with various medals and insignia on the left side of his chest. The background features a large building with the words ""The Pentagon"" and ""Washington, D.C."" written on it. The man appears to be giving a speech or statement, as indicated by his hand gestures and the presence of a microphone. The video also includes a text overlay that reads ""Patrick Ryder U.S. Air Force Brigadier General"" and ""Global News.""",News
7324688586807201070,"The video shows a young woman sitting in a classroom, wearing a white sweater and a beige scarf. She is looking at a piece of paper in front of her. The text on the screen reads ""Special Ed teacher trying to figure out whether their student is crying."" The woman appears to be in a classroom setting, with books and other educational materials visible in the background. The video does not provide any additional context or information about the woman or the situation she is in.",1. News
7195058735914519809,A large building is being demolished. A crane is lifting a large piece of the building. The building is being demolished by a crane. A large building is being demolished. A crane is lifting a large piece of the building. A large building is being demolished. A crane is lifting a large piece of the building. A large building is being demolished. A crane is lifting a large piece of the building. A large building is being demolished. A crane is lifting a large piece of the building. A large building is being demolished. A crane is lifting a large piece of the building. A large building is being demolished. A crane is lifting a large piece of the building. A large building is being,1. News
7360854136440540459,"The video starts with a man in a light gray polo shirt standing in a doorway, looking out at a lush green landscape. He is joined by another man in a dark jacket with red accents, who is also looking out at the same landscape. The man in the polo shirt then turns to face the man in the dark jacket, and the text ""CAN I HELP YOU?"" appears on the screen. The two men stand facing each other, with the man in the polo shirt speaking to the man in the dark jacket. The man in the dark jacket responds with ""HUELL?"" and the man in the polo shirt continues to speak. The two men then stand facing each",Entertainment & Shows
7408631372044111135,"The video shows a person with tattoos petting a cat. The cat is lying on a white surface with a bowl of food nearby. The person is holding the cat's paw and petting it. The cat appears to be in a state of distress, possibly due to the loss of medications. The person is also shown holding a kitten with a bandage on its leg. The kitten is being petted by the person with tattoos. The person is also shown holding a kitten with a bandage on its leg. The kitten is being petted by the person with tattoos. The person is also shown holding a kitten with a bandage on its leg. The kitten is being petted by the person with tattoos.",Pets & Animals
7383460841204534534,A person is using a power tool to cut a piece of wood. The wood is being held in place by a clamp. The person is using a chisel to make a precise cut in the wood. The wood is being held in place by a clamp. The person is using a power tool to cut a piece of wood. The wood is being held in place by a clamp. The person is using a power tool to cut a piece of wood. The wood is being held in place by a clamp. The person is using a power tool to cut a piece of wood. The wood is being held in place by a clamp. The person is using a power tool to cut a piece of wood,Science & Technology
7340748820130647326,"The video shows two people sitting at a table in an office setting. One person is wearing a dark blue jacket and the other is wearing a black and white striped shirt. They are discussing California's new $20 minimum wage for fast food restaurants. The person in the dark blue jacket is holding a sandwich and talking about the exemption for fast food chains that have bakeries. The person in the striped shirt is also holding a sandwich and is asking questions about the exemption. The video ends with the person in the striped shirt asking, ""Is that sandwich from Panera?""",Politics
7289539647825382698,"The video features a woman in a kitchen, wearing a peach-colored shirt with a floral pattern and dark blue shorts. She is dancing energetically, moving her arms and body in various directions. The kitchen is well-lit, with a white countertop and cabinets in the background. The woman's movements are lively and expressive, with her arms raised and her body swaying to the rhythm of the music. The video does not contain any text or subtitles.",1. News
7390878944012045598,"The video is a series of clips from a game where a person is competing in a fashion challenge. The person is dressed in various outfits and poses in front of a backdrop that changes throughout the video. The person is also seen interacting with other characters in the game, and the theme of the challenge is ""Cover of Vogue."" The person is trying to win the challenge by getting the most votes. The video also includes text overlays that provide commentary on the person's outfits and the voting process.",Gaming
7390133152670420266,The video shows a person wearing a black shirt with a skull design and a necklace with a cross pendant. The person is standing in a room with a wooden dresser and various items on it. The person is wearing hoop earrings and has long hair. The person is also wearing a necklace with a cross pendant. The person is standing in front of a wall with a black curtain. The person is wearing a necklace with a cross pendant. The person is wearing hoop earrings. The person is wearing a necklace with a cross pendant. The person is wearing hoop earrings. The person is wearing a necklace with a cross pendant. The person is wearing hoop e,1. News
7373916497896377617,"The video starts with a close-up of a chocolate cake with a creamy white filling, placed on a white plate with a floral design. The cake is surrounded by a border of rectangular cookies with the word ""Biscoff"" written on them. A hand holding a knife slices into the cake, revealing the creamy filling inside. The scene transitions to a close-up of a bowl filled with a brown mixture, which is being stirred with a wooden spoon. The mixture is then poured into a baking pan lined with parchment paper. The next scene shows a white bowl containing a white mixture, which is being stirred with a whisk. The mixture is then poured into a baking pan lined with parchment paper.",Entertainment & Shows
7303250453079280927,"The video is a promotional video for the Air Tahiti Nui Tiare Pass, which offers four round-trip tickets to Tahiti, Paris, Auckland, and Tokyo in economy class. The pass costs $1,525, and if you do the math, assuming each round-trip ticket costs $750, it's a very good deal. However, there's a catch: you have to fly out of LAX or Seattle for your flights, and there are only 250 passes available, which go on sale on November 25th at 9 a.m. Pacific time. The video also includes a graphic with the Air Tahiti Nui Ti",Travel & Events
7330776298576514347,"A man and a woman are sitting at a table with a spinning wheel in front of them. The wheel has different colored sections and a red button in the center. The man is wearing a dark blue shirt, and the woman is wearing a white shirt. They are both smiling and pointing at the wheel. The man is holding a piece of paper with the word ""Eyes"" written on it. The woman is holding a piece of paper with the word ""Eyes"" written on it. The man and the woman are both smiling and pointing at the wheel. The man is holding a piece of paper with the word ""Eyes"" written on it. The woman is holding a piece of paper",Entertainment & Shows
7386716685945900320,"The video begins with a man in a suit and tie walking through a crowd of people, with a green background suggesting a stadium or arena. The man is then seen sitting in a stadium, wearing a suit and tie, with a woman in a white outfit standing next to him. The man is then seen standing in a stadium, wearing a suit and tie, with a woman in a white outfit standing next to him. The man is then seen sitting in a stadium, wearing a suit and tie, with a woman in a white outfit standing next to him. The man is then seen standing in a stadium, wearing a suit and tie, with a woman in a white outfit standing next to him.",Sports
7390820226562084139,"The video shows a group of cartoon characters standing under a rain shower. One character is holding a purple umbrella, while another character is holding a blue umbrella. The background is a fence, and it is raining. The text on the screen reads, ""When you're just trying to have a brasummer."" The characters appear to be talking to each other, and the text suggests that they are discussing the weather and their plans for the day.",Film & Animation
7361435694725696810,"The video starts with a person standing on a stage in front of a crowd, with the text ""Every headline show I make my vip pledge to be a friend to anyone who came alone to show that night."" The person is wearing a blue jacket and a pink skirt. The scene then transitions to a poster for the ""Heavy Moves 2024"" event, with the text ""NOMINEE: BEST SCENE OF THE YEAR"" and ""MY LIVE SET GOT ME NOMINATED FOR AN HMA GO VOTE NOW!!!"" The poster also features a woman in a pink bikini and a black cap, with the",Entertainment & Shows
7317028968568343850,"The video is a series of humorous and instructional clips that demonstrate various ways to improve one's social skills, particularly when it comes to talking to girls. The first clip shows a person using a drill to attach a bolt to a wooden block, with the text ""how do I talk to girls I'm shy?"" displayed at the top. The person then uses a drill to attach a bolt to a wooden block, with the text ""I'll give you guys the best advice"" displayed at the top. The person then uses a drill to attach a bolt to a wooden block, with the text ""actually, I'll give you guys the best advice"" displayed at the top. The person then uses a",Science & Technology
7393735339996712225,"The video features a person wearing a white and blue striped shirt with a blue collar, standing in front of a door. The person is holding a phone and appears to be speaking or reacting to something. The background is a plain wall with a door visible. The person's facial expressions and body language change throughout the video, suggesting they are reacting to something off-camera. The video ends with the person looking at the camera with a surprised or confused expression.",Sports
7286953369133174062,"The video shows a man in a yellow shirt and black pants standing on a sidewalk next to a road. He is holding onto a large, black and white parachute. The background features a mountainous landscape with trees and buildings. The man begins to run towards the camera, and as he gets closer, the parachute starts to inflate. The man then jumps off the sidewalk and into the air, with the parachute fully inflated. He floats in the air, and the parachute billows out behind him. The video ends with the man still floating in the air, with the parachute still billowing out behind him.",Sports
7210197949433892142,"The video showcases a picturesque beach scene with a clear blue sky and calm ocean waters. The beach is bustling with people enjoying the sunny weather, with some lounging on beach chairs and others walking along the shore. The beach is lined with umbrellas and beach towels, indicating a popular spot for relaxation and sunbathing. The video is overlaid with text in Italian, providing a list of the beach's favorite attributes, such as its ""iconic and icy"" nature, its ""reasonable"" food options, and its ""delicious"" umbrellas. The text also mentions the beach's ""great peachy bellies"" and its ""reasonable"" prices. The video concludes",Favorite beach in Capri
7317451980497046826,"The video is a compilation of morbid facts about the Church of Scientology. It starts with a split-screen format, showing two individuals in different settings. The top half of the screen displays the title ""Morbid Scientology Facts"" and the bottom half shows the same title. The background of the top half is black, while the bottom half is white. The video then transitions to a black and white format, showing two individuals in different settings. The top half of the screen displays the title ""Morbid Scientology Facts"" and the bottom half shows the same title. The background of the top half is black, while the bottom half is white. The video continues with a black and white",Science & Technology
7346304747646848288,A group of people are shopping in a grocery store. They are looking at the shelves and picking up items. One of the people is wearing a blue vest and is holding a box of cookies. The other people are also picking up items from the shelves.,Entertainment & Shows
7357381570371603717,"The video shows a group of women dancing in a living room, followed by a man in a beige jacket and white shirt speaking to the camera. The man is making hand gestures and pointing to his chest. The text on the screen reads, ""I want to flirt with finance bros, but if you can't use Excel, get them a job at Goldman Sachs, or help them commit large-scale securities fraud, I guarantee they won't be interested.""",1. News
7319635608945675528,"A person is dancing on a stage with a dark background. They are wearing a white sweatshirt with a black design, black and white striped pants, and red shoes. The person is performing a dance routine, moving their arms and legs in various ways. The audience is watching the performance, and some people are taking photos or videos.",3
7288048371019926814,"The video shows a woman standing outside in front of a house, wearing a white shirt. She is talking to the camera and gesturing with her hands. The background is a porch with a white railing and a window. The woman is wearing a nose ring and has long dark hair. She is holding a piece of paper in her hand. The video also shows a thermometer outside, which is showing a temperature of 60 degrees.",1. News
7302492057975688490,The video features a person wearing a tie-dye tank top with a watermelon pattern. The person is standing in front of a white wall with a ceiling fan. The person is wearing a pair of sunglasses on their head. The video has a filter applied to it that makes the person appear to be wearing a watermelon slice on their head. The filter also adds a watermelon slice to the person's tank top. The video ends with a message encouraging viewers to help Palestine.,1. News
7289320054347468078,"The video features a person sitting at a desk with a laptop in front of them. The person is wearing a dark shirt and has their hands clasped together on the desk. The background is a room with a painting of a sunset and a lamp on a table. The person is speaking and gesturing with their hands, and the text on the screen changes to indicate different points being made. The text includes phrases like ""Hobart Archie Burke's head will explode,"" ""Hobart Archie Burke's head will explode,"" and ""Hobart Archie Burke's head will explode."" The person continues to speak and gesture, and the text on the screen changes to indicate different points",Entertainment & Shows
7346011922946510126,"A person wearing a beige hoodie is standing outdoors, with trees and a building in the background. The person is wearing a backpack and has sunglasses on their face. The person is talking to the camera. The scene then transitions to a news article from CNN about RFK Jr.'s VP prospect. The article mentions that Rodgers has shared false SandHook conspiracy theories with the New York Times. The article also mentions that Rodgers has been speaking continuously with Rogers for the last month or so. The article also mentions that Rogers has no governing experience of any kind and is a genuine conspiracy theorist. The article also mentions that Kennedy has said he believes a number of conspiracy theories himself.",Politics
7366304208150121774,"The video features a series of individuals making heart shapes with their hands in front of them, with the text ""Millennials try new Gen Z handcart"" appearing at the top of the screen. The individuals are dressed in various outfits, including a red shirt with white text, a red jacket with ""Los Angeles"" written on it, a beige plaid jacket, a yellow jacket, and a blue plaid shirt. The background of each frame is different, with some showing a wall with a cactus plant and others showing a wall with a framed picture. The video also includes text at the bottom of the screen that reads ""Amy 1995"" and ""Laura",Entertainment & Shows
7360733570232552710,"The video features a person standing outdoors, holding a large, intricately designed clock with the text ""КУРАЕНКА"" (Ukraine) on it. The clock has Roman numerals and is surrounded by decorative elements, including wheat stalks. The person is dressed in casual attire, and the background consists of greenery and a paved path. Throughout the video, the person appears to be speaking, as indicated by the text overlay. The video also includes contact information, such as a phone number and email address, which is displayed at the bottom of the screen.","1. Music, Singing, & D"
7369576124948548897,"The video shows a dog wearing a red shirt with a logo on it. The dog is standing in a grassy field and appears to be barking or growling. The text in the video is in Russian and appears to be a translation of the dog's actions. The dog's actions are described as ""подвигаться"" (to dive), ""забыть туда моими подружками"" (to forget my friends), and ""подружками"" (friends). The dog's actions are also described as ""подружками"" (friends).",7. Pets & Animals
7393839173922327841,"A screenshot of a political map showing the results of a poll. The map is divided into states, with each state colored in blue or red to indicate the results of the poll. The blue states are those that voted for Joe Biden, while the red states are those that voted for Donald Trump. The map also shows the number of votes for each candidate, with the number of votes for each candidate displayed in the top right corner of the map.",Politics
7388205937036725537,"The video shows a person wearing a blue and white jacket with the word ""Supacell"" on it. The person is driving a car and appears to be trying to activate their Supacell power. The person is seen looking at the dashboard and the steering wheel, and they are wearing a seatbelt. The background of the video is a dark interior of the car.",1. News
7362611852360174881,"The video begins with a black screen displaying the text ""4TO ЛОВОВЬ выда ПЕРЕСТРЕЛКИ ЯНА"" in white letters, which translates to ""4TO LOVVY will give you a kiss, a kiss of the sun"". The scene then transitions to a dark, nighttime setting with a cityscape in the background. The text ""КОТОРИЙ"" appears, followed by ""КОТОРИЙ Я �",1. News
7368846954471640362,"A person with long red hair is standing in a kitchen, wearing a black sweatshirt with green text. They are gesturing with their hands while talking. The kitchen has white cabinets and a light fixture on the ceiling.",Entertainment & Shows
7108772250320473349,"The video showcases various activities and attractions in the Greek island of Paros. It begins with a person standing in front of a scenic view of the island, with the text ""Paros 5 out of the box activities!"" displayed at the top. The person is wearing a red and white striped shirt and is seen gesturing and speaking. The video then transitions to a series of numbered activities, each accompanied by a brief description and a scenic view of the island. The activities include:

1. ""Have a meal in the traditional village of Lefkest. From Lefkest you can make a 3.5 kilometer hike on the old Byzantine road which leads to the even more traditional village",Travel & Events
7349908267742743854,"The video features a person wearing a red shirt with a black design, speaking into a microphone. The background is a room with shelves containing various items, including books and decorative objects. The person is discussing the legal team of President Donald Trump and their immunity claim. The video includes text overlays with different statements about the legal team's claims and the person's arguments. The text overlays are in different languages, including English, and discuss topics such as the legal team's work, the president's immunity claim, and the person's arguments against the legal team's claims. The video also includes a quote from a legal scholar, which is not fully visible in the video.",Politics
7273897683918621994,"The video begins with a person sitting cross-legged on the field, wearing a navy blue sweatshirt with yellow text and white sneakers. The person is wearing headphones and appears to be meditating or practicing yoga. The background shows a football field with yellow and white stripes, and a stadium with red seats. The person then stands up and walks towards the camera, still wearing the same outfit. The scene transitions to a football game where a player in a white jersey with yellow stripes is being tackled by a player in a red jersey. The player in the white jersey is wearing a helmet with a yellow design. The player in the white jersey is wearing a number 9 jersey",Sports
7374631394108181806,"The video shows a woman standing in front of a bed in a bedroom. She is wearing denim shorts and a striped shirt. The bed has a tufted headboard and is made up with white sheets and pillows. The woman appears to be talking to the camera, possibly narrating a story or giving instructions. The background is a plain wall with a window. The video does not contain any other people or objects, and the woman's actions are focused on the bed.",Entertainment & Shows
7285324334934035745,"The video shows a man in a gym, wearing a black shirt, bending over a machine. He is surrounded by people, some of whom are watching him. The man is then seen lying on the machine, with his head on the floor. The video ends with the man standing up and walking away.",1. News
7374137745364602155,"The video features a woman in a pink jacket and a man in a black shirt inside a car. The woman is speaking, and the man is listening attentively. The text overlay on the video reads, ""Mom: Date someone who wants you... Not my type."" The woman then gestures with her hand, possibly emphasizing her point. The man continues to listen, and the video ends with the man looking out the window, possibly contemplating the advice given.",1. News
7345205332383108394,"The video shows a group of people gathered around a table in a room with a stone wall in the background. The people are signing documents and there are pamphlets and other papers spread out on the table. The people are wearing casual clothing, and some of them are wearing yellow shirts. The people are signing the documents with pens, and there are several people standing around the table, watching the signing process. The people are signing the documents in a serious and focused manner, indicating that they are taking the signing process seriously. The people are signing the documents in a serious and focused manner, indicating that they are taking the signing process seriously.",1. News
7335427690708651272,A person is standing on a city street and talking to someone.,1. News
7366011789085035809,"A man in a suit and tie is standing at a podium on a stage at a conference. He is holding a cane and speaking into a microphone. There is a large screen behind him that displays the text ""antwortung führen. In Verantwortung."" The man is also holding a piece of paper and appears to be reading from it.",Politics
7383627859803393313,"The video shows a man sitting at a desk in an office, wearing a white polo shirt and black pants. He is speaking and gesturing with his hands. The background shows a computer monitor and some papers on the desk. The text on the screen changes throughout the video, indicating different topics being discussed. The man appears to be giving an interview or commentary on various issues.",Sports
7362157037511396613,A person is unpacking a large box of beauty products from a shipping box. They are holding a bottle of body mist and a tube of body cream. The person is also holding a box of hair dye and a box of hair dye remover. They are talking about the products and how to use them.,Beauty Care
7346042702347406638,"The video starts with a person sitting on a rooftop in a city with red-tiled roofs and a church with a clock tower in the background. The person is wearing a black hoodie and white sneakers. The scene transitions to a person sitting on the ground in front of a building with a red roof, holding a phone. The text ""That's Anya"" appears on the screen. The person then jumps off the roof and lands on a wooden platform. The scene shifts to a person sitting on a bench in a room with a window, holding a phone. The text ""I met a girl at the airport and we got to spend a day together in New York City. She was",Travel & Events
7362203819721166123,"The video shows a group of people protesting in front of a building, with some holding signs. The signs read ""Thank you,"" ""Pro-Palestinian protests spread to even more college campuses,"" and ""We love the students of Harvard University."" The protesters are also seen holding up their hands in the air, possibly in a gesture of solidarity or protest. The video also shows a group of children holding signs that read ""Thank you,"" ""We love you,"" and ""We hear you."" The children are standing in front of a tent, and the signs are held up in front of them. The video also shows a group of people standing in front of a building, with some holding signs that",Education
7389277272009690401,"The video begins with a view of a large white boat with a red stripe on the side, moving slowly across a body of water. The boat is surrounded by a large cloud of white smoke, indicating that it is either burning or producing some sort of vapor. The water is calm, and the sky is overcast, suggesting that the weather is cloudy. The boat is moving towards the camera, and the text ""sky news"" is visible in the top left corner of the frame.

The scene then transitions to a view of a large white boat with a red stripe on the side, moving slowly across a body of water. The boat is surrounded by a large cloud of white smoke, indicating",News
7315533802409839914,"The video features a person with long, wavy blonde hair, wearing a dark-colored jacket, standing in a room with a light-colored wall and a plant in the background. The person is seen gesturing with their hands while speaking, and the text on the screen provides commentary on various topics related to Islamophobia and the treatment of Christians in Palestine. The video covers a range of topics, including the mass migration of Arab Jews to Israel, the expansion of the Muslim empire through trade, and the dangers of spreading harmful rhetoric about Muslims. The person emphasizes the importance of prioritizing truth over entertainment and warns against the dangers of spreading harmful misinformation.",News
7355525427160452385,"The video features a woman performing on stage, wearing a black outfit and a black hat. She is holding a microphone and singing into it. The background is a large crowd of people, some of whom are taking photos or clips with their phones. The text ""When Beyoncé points at you in the crowd"" appears at the top of the screen, suggesting that the woman is being recognized or admired by the audience. The video captures the woman's performance and the reactions of the crowd, with some people taking photos or clips with their phones.","3. Music, Singing, & D"
7368383778034601249,"The video shows a computer screen with a 3D model of a room. The room has a desk, a chair, and a bin. The desk has a computer on it. The bin is labeled ""Recycle Bin"". The computer screen is showing a 3D model of a room. The room has a desk, a chair, and a bin. The desk has a computer on it. The bin is labeled ""Recycle Bin"". The computer screen is showing a 3D model of a room. The room has a desk, a chair, and a bin. The desk has a computer on it. The bin is labeled ""Recycle Bin"". The computer screen is showing a",1. News
7386720277557742880,"The video showcases a series of gymnastics performances, featuring a gymnast in a blue leotard performing on a green and blue mat. The gymnast is seen executing a series of flips and jumps, demonstrating her athleticism and skill. The gymnasium is filled with spectators, and the gymnast's movements are captured in detail, highlighting her strength and precision. The video concludes with the gymnast standing on the mat, having completed her routine, and the audience applauding her performance.",Sports
7297944147648924961,"The video showcases the process of making Slow Cooker French Onion Soup. It begins with a close-up of a white ceramic pot filled with French onion soup, featuring a golden-brown crusted top. The text ""Slow Cooker French Onion Soup"" is prominently displayed at the top of the frame. The video then transitions to a close-up of a hand holding a piece of bread, with the text ""10 Onions Or 1/2 lb"" indicating the amount of onions used. The next scene shows a hand pouring sliced onions into a white ceramic pot, with the text ""Salt & pepper Garlic & Bay leaf"" suggesting the seasonings used. The video then shows a",Food
7400109280008867114,"The video features a person wearing a white t-shirt with blue and red text that reads ""HARRIS FOR PRESIDENT"" and a gold necklace. The person is sitting on a bed with a white blanket and a black headboard in the background. The person is speaking and gesturing with their hands, emphasizing the importance of checking voter registration status. The video also includes text overlays that provide additional information and encouragement for Democrats in red or purple states to check their voter registration status.",Politics
7331415226442730757,"The video showcases a vibrant and energetic performance by a group of individuals, likely a musical group, on a stage with a dynamic and colorful background. The performers are dressed in a variety of outfits, including camouflage jackets, red and white outfits, and black and white outfits, and are seen dancing energetically, with some individuals holding microphones and others engaging in synchronized movements. The stage is illuminated with bright lights, creating a lively atmosphere. The video also includes text overlays in Korean, which provide context and commentary on the performance, such as ""아침반칙"" (morning snack) and ""성남 동서","Music, Singing, & Dancing"
7307346522234998049,"The video features a woman sitting on a couch, wearing a dark-colored top. She is speaking to the camera, and the text overlay on the screen reads, ""me when someone asks me why I love to watch The Kardashians."" The woman appears to be in a casual setting, possibly a living room, and is engaged in a conversation about her love for the show. The video does not contain any additional visual elements or actions beyond the woman speaking and the text overlay.",8. Entertainment & Shows
7362216509206236449,"The video showcases a person's shopping trip, starting with a close-up of a hand holding a package of ""Spa Fresh"" bath bombs. The person then moves to a shelf stocked with various items, including a box of ""Cien"" bath bombs, a pack of ""Bake & Creme"" soap, and a bag of ""Kakos & Pripsfisch"" chips. The person picks up a bag of ""Mercan"" chips and a pack of ""Head & Shoulders"" shampoo, with the text ""Mein Mann holmmer 7182992922 ckirdek"" appearing on the screen. The person",1. News
7396760829498002720,"A woman with long, wavy blonde hair is standing in front of a bookshelf filled with books. She is wearing a white tank top and is gesturing with her hands as she speaks. The text on the screen is in German and includes phrases like ""warum ich die Bücher nicht mehr verkaufe"" (why I no longer buy books), ""warum ich nicht einfach in die Bücherei gehe"" (why I no longer go to the bookstore), and ""warum ich nicht einfach in die Bücherei kaufe"" (why I no longer buy books). The woman is making various",Entertainment & Shows
7343145915886193926,"A man and a woman are standing on a cobblestone street at night. The man is wearing a red jacket and blue jeans, while the woman is wearing a black leather jacket and brown pants. They are talking to each other, and the man is holding a microphone. The background shows a building with a sign that reads ""Зазвичай, коли до мене підходять і кажуть, можна вам розказати залог? На наступний день мені пишу",Entertainment & Shows
7368596585594359083,"The video starts with a person in a studio setting, speaking into a microphone, with a background featuring a neon sign that reads ""POWERED BY FREEDOM."" The person is wearing a white shirt and is surrounded by a blue and red background with the words ""POWERED BY FREEDOM"" and ""POWERED BY PRIMETIME"" visible. The scene transitions to a large crowd of people gathered in a public space, with a large banner reading ""STOP STUPIDEN DEN NAZI"" and a red flag with a white swastika symbol. The text ""EXTREMIST"" appears on the screen, followed by ""SP",Politics
7395305751469772075,The video shows a woman with long hair sitting in the driver's seat of a car. She is wearing a purple top and a necklace. The video is captioned with a comment from someone who is not visible in the video. The woman is talking to the camera and appears to be making a humorous or sarcastic comment about voting.,Politics
7278695690522348843,"The video features a person wearing a green hoodie with a graphic on it, sitting in an airplane. The person is speaking and gesturing with their hands. The background shows the interior of the airplane, with seats and overhead compartments visible. The person is also seen looking at a screen displaying a news article about Mr. Beast's net worth. The article states that Mr. Beast has a net worth of $100 million, and the person is making a point about the disparity in wealth between Mr. Beast and other individuals. The person continues to speak and gesture, emphasizing their point.",Entertainment & Shows
7344030729531067680,A man in a suit and tie is talking to another man in a suit and tie. They are in a room with a lot of people in the background. The man in the suit and tie is holding a microphone. The man in the suit and tie is talking to the man in the suit and tie. The man in the suit and tie is talking to the man in the suit and tie. The man in the suit and tie is talking to the man in the suit and tie. The man in the suit and tie is talking to the man in the suit and tie. The man in the suit and tie is talking to the man in the suit and tie. The man in the suit and,Politics
7395616033127648554,The video shows a woman in a black outfit standing in a room. She is holding a black bag and appears to be taking a selfie in front of a mirror. The room has a bed and a dresser in the background. The woman is wearing a black shirt and black pants.,13. Drama
7347525697591725355,"A person wearing a green shirt with the text ""The Truth Is In This"" is standing in front of a bush with red flowers. The person is talking about how Zionism is sold to non-Israeli Jews.",Politics
7376404436505136416,"The video is a humorous take on the ""London Traffic Warden"" sketch, where a traffic warden is seen interacting with a person in a blue hat and black jacket. The warden is seen talking to the person, who is wearing a black jacket and a blue hat, and later a black jacket and a yellow hat. The warden is seen holding a ticket and talking to the person, who is seen holding a black bag. The warden is also seen talking to a person in a black jacket and a blue hat, and later a person in a black jacket and a yellow hat. The warden is seen talking to a person in a black jacket and a blue hat, and later",Entertainment & Shows
7341059462687509803,"The video is a compilation of various images and text that suggest that Kate Middleton is confined in a tower, possibly deceased, and that Camilla Parker may be responsible for this situation. The text confirms that Kate Middleton is sedated and locked in a tower, with Camilla Parker being held responsible. The video also includes images of Kate Middleton and Camilla Parker, as well as various other people, suggesting that they are all involved in the situation. The video also includes text that suggests that the situation is ambiguous and that Kate Middleton is under scrutiny.",News
7357877605581802795,"A video game scene where a character is being chased by another character. The first character is running through a cityscape, while the second character is following closely behind. The first character is wearing a white shirt and black pants, while the second character is wearing a black outfit with red and white stripes. The first character is also carrying a flashlight. The first character eventually reaches a building and hides behind it, while the second character continues to search for the first character.",Gaming
7348220196772990254,"The video starts with a person wearing a black cap and glasses, sitting in front of a laptop. The person is wearing a light blue shirt with a graphic design and a black cap with a logo. The background shows a window with white curtains and a beige wall. The person is holding a pen and pointing at the laptop screen, which displays a website that cannot be reached. The text on the screen reads ""First hand look at censorship inside China"" and ""First hand look at censorship inside China"". The person continues to point at the screen, and the text changes to ""I'm in mainland China right now. Check it out, view of Shanghai. Anyway, I just want to show you",Politics
7323547689201765664,"The video showcases a person in a garage, wearing a black shirt with a white logo and a black cap, discussing the five cars from Italy that they own. The person points to the cars in the garage, which include a green sports car, a red sports car, a blue sports car, a white sports car, and a red sports car. The person also mentions that they have a daily car, a Ferrari Pro Sangue, and a supercar, a Lamborghini Centenario. The video ends with the person expressing their desire to include more Italian cars in their collection.",Sports
7388973620116180257,"A man in a suit and tie is giving a speech at a podium. The text on the screen reads ""Jordan Bordea: 'vous seraiez, vous jusqu'à la victoire'"". The man is standing in front of a microphone and is speaking to the audience.",Politics
7392691382218935583,"The video starts with a group of people in white shirts with black designs, standing in a room with a red background. They are holding a black bag with a white logo. The scene then transitions to an airport where two people are standing in front of a building with a sign that reads ""Welcome to Terminal 4"". The next scene shows two people sitting in front of a building with a sign that reads ""Welcome to Terminal 4"". The final scene shows a group of people sitting in a room with a large window, with a cityscape visible outside. The video then shows a group of people playing ping pong in a room with a green wall. The final scene shows a group of people",Sports
7323689375043243269,"The video features a white cat standing on a blue couch in a well-lit room with wooden floors and a chandelier. The cat is holding a small object in its paws and appears to be looking at the camera. The text on the screen reads ""Вам покачиваю карьерикикой у людей, что у купирующих сосредни, аккули выбравте любую домашнюю другу"" (I am",Friends
7383363724628725024,"The video shows a group of people walking down a runway in a large, industrial-style room. The people are dressed in various outfits, including some wearing black leather jackets and others in black and white clothing. The audience is seated on either side of the runway, watching the models as they walk.",1. Entertainment & Shows
7339981163756490030,"The video shows a person's hands with long, bright pink nails, which are being painted with a bright pink polish. The person is using a nail dryer to dry the nails after painting them. The video also shows the person's hands with long, bright pink nails, which are being painted with a bright pink polish. The person is using a nail dryer to dry the nails after painting them. The video also shows the person's hands with long, bright pink nails, which are being painted with a bright pink polish. The person is using a nail dryer to dry the nails after painting them. The video also shows the person's hands with long, bright pink nails, which are being painted with a",Beauty Care
7318033407785569569,"The video showcases a red Mercedes-Benz car parked in a parking lot, with a person standing next to it. The person is wearing a light blue shirt and dark pants, and is gesturing with their hands while speaking. The background features a concrete structure with multiple levels. The video also includes text overlays that provide information about the car and the person, such as ""Brabus"" and ""BUSCHMANN,"" as well as phrases like ""he didn't like the way how his parents treated him"" and ""he started tuning it and then people noticed it asked him if you can tune the same car for him for those people and so came Brabus to life",11. Entertainment & Shows
7361467847190760750,"The video features a person sitting in front of a wall covered with various posters and decorations. The person is wearing a gray hoodie and is speaking to the camera. The text overlay on the video reads: ""I'm not afraid to admit I'm not afraid to admit I'm not afraid to admit I'm not afraid to admit I'm not afraid to admit I'm not afraid to admit I'm not afraid to admit I'm not afraid to admit I'm not afraid to admit I'm not afraid to admit I'm not afraid to admit I'm not afraid to admit I'm not afraid to admit I'm not afraid to admit I'm not afraid to admit I'm not afraid to admit I'm",Entertainment & Shows
7323131799310306590,"The video is a series of interviews with Jeff Bezos, the founder and CEO of Amazon.com, conducted in 2000. The video starts with Bezos being interviewed in a hallway, followed by a series of scenes where he is seen in various settings, including a gym, a car, and a store. The interviews cover topics such as Bezos' early days, his vision for Amazon.com, and his personal life. The video also includes humorous moments, such as Bezos' reaction to a joke about his parents' investment in the company. The video ends with Bezos speaking to a group of people in a room with a pink background",Entertainment & Shows
7353311795374738721,"The video features a person sitting on the floor in a room with a gray wall and a wooden shelf in the background. The individual is wearing a gray hoodie and black pants, and they are holding a white object in their hands. The person appears to be in a state of contemplation or deep thought, as indicated by the text overlay on the screen. The text reads: ""Pov: t'es en mairte, tu n'as toujours suivis son carous, tu n'as toujours suivis son carous, tu n'as toujours suivis son carous, tu n'as toujours suivis son",1. News
7329621030023089440,"The video shows a group of people standing in a room, with one person wearing a white hoodie and another wearing a black top. They are posing for a photo together.",1. Entertainment & Shows
7261278269884992795,"The video shows a group of people on stage, with one person in the center wearing a white top and black pants. The stage is lit with red and blue lights, and there are other people on stage, some of whom are holding drinks. The person in the center is holding a drink and appears to be dancing or performing. The background is dark, and there are other people in the audience, some of whom are taking pictures or videos. The video ends with the person in the center still holding the drink and dancing.","Music, Singing, & Dancing"
7397527101143878954,"A man in a suit and tie is speaking at a podium. He is in a room with a wooden wall and a window in the background. The man is speaking into a microphone. The text on the screen reads, ""Is it your testimony that in Butler, Pennsylvania, Donald Trump had the same number of agents protecting him that Joe Biden has at a comparable event? I'm telling you the shift, the close protection shift surrounding. That's what you asked me, Senator, and I'm trying to answer it. You are not answering it. Is it the same number of agents or not? Senator, there is a difference between the sitting president of the United States. Then what's the",Politics
7353267784886897952,"Two men are sitting at a counter in a room. One man is wearing a yellow jacket, and the other is wearing a white hoodie. They are talking to each other.",Entertainment & Shows
7351137146004114693,"The video showcases a thrilling soccer match between two teams, one in yellow and the other in blue. The match is intense, with players from both teams displaying remarkable athleticism and skill. The video captures a series of key moments, including a player in blue being tackled by a player in yellow, a player in yellow attempting to score a goal, and a player in blue attempting to score a goal. The video also highlights the referee's decision to award a goal, as well as the players' reactions to the game's outcome. The video concludes with a player in blue celebrating a goal, while the player in yellow is seen lying on the ground, possibly injured.",5. Sports
7312903813122280746,The video shows a group of farmers protesting against the draconian regulations against ethm. Now they are literally spraying cow shit at government officials.,Politics
7357063093962214689,"The video features a person wearing a black jacket with white zippers and a pearl necklace. They are standing in front of a window with blinds and a wall with pictures. The person is speaking German, and the text on the screen reads ""wie ich in die Deutsche abprüfung rei gehe am."" The person is gesturing with their hands and appears to be explaining something.",1. News
7374800691677629729,"The video features a person standing in front of a large orange truck with the text ""How do you step 4 hours and ovvk15 hours"" displayed at the top. The person is wearing a black shirt and has a microphone clipped to their shirt. The background is a road with trees and a clear sky. The person appears to be speaking or singing, and the video includes multiple instances of the person making hand gestures and moving their arms. The text ""It's in my blood"" is displayed at the bottom of the screen, suggesting a theme of passion or dedication. The video also includes a series of images of the person in different poses, with the text ""MULG",Comedy
7350964297381498154,"A person is rummaging through a trash bin, looking for items. The trash bin is full of various items, including a box of chocolates, a box of macaroons, a box of pizza, and a box of pizza crusts. The person is also looking for a laptop, which is partially visible in the trash bin.",Entertainment & Shows
7405044080729787678,"The video is a series of clips from a political event, likely a debate or a speech, where a woman in a blue suit is speaking at a podium. The background is a blue and red backdrop with stars, and the text at the top of the screen reads ""DNC speaker briggugot at copy of Proj:2025."" The woman is holding a book titled ""2020 Michigan State Senate Report"" and is speaking into a microphone. The text at the bottom of the screen changes throughout the video, indicating different topics or points being made by the speaker. The video also includes a text overlay that reads ""EXTREME"" and ""THAT'",Politics
7337416931965685034,"The video features a person standing in front of a tree, wearing a plaid shirt. The person is speaking and gesturing with their hands. The background is a natural setting with trees and a wooden bench. The person is discussing the topic of renewable energy and the carbon footprint of Umatilla Electric Cooperative. They mention that Amazon has built data centers in Boardman and Hermiston, and that the internet company needs a lot of electricity to run its computers and cool the machines. The person also mentions that Amazon plans to build more data centers in eastern Oregon in the coming years. The video concludes with a call to action for viewers to read more at the Oregonian's website, oregonlive.",Science & Technology
7283933352267337002,"The video features a woman in a white t-shirt with the word ""PINK"" on it, wearing a black hair wrap. She is sitting on a couch and talking to the camera. The text ""Mother Gothei but make her Desi"" appears on the screen, suggesting that the woman is a mother who is proud of her daughter's cultural identity. The video then transitions to a woman in a traditional Indian outfit, wearing a red and gold sari with intricate embroidery and jewelry. She is standing in front of a purple background, and the text ""Rapunzel, look at that now. You know what I see? I see a strong, confident, beautiful young lady.",1. News
7353365116554956074,"A person is standing in front of a disco ball, wearing a colorful jacket. The background is a vibrant, colorful setting with a disco ball and a person in a military uniform. The person in the military uniform is wearing a green shirt and has a beard. The person in the military uniform is standing in front of a framed picture. The person in the military uniform is wearing a green shirt and has a beard. The person in the military uniform is standing in front of a framed picture. The person in the military uniform is wearing a green shirt and has a beard. The person in the military uniform is standing in front of a framed picture. The person in the military uniform is wearing a",1. News
7398943500328242463,A person is making a set of dice with glitter and pink resin. They are using a green mold and pink resin to create the dice. The person is also using a purple mold to create a set of dice with pink resin. They are using a purple liquid to fill the molds and then pouring the resin into the molds. The person is using a purple liquid to fill the molds and then pouring the resin into the molds. They are using a purple liquid to fill the molds and then pouring the resin into the molds. They are using a purple liquid to fill the molds and then pouring the resin into the molds. They are using a purple liquid to fill the molds and then pouring the resin into the,Entertainment & Shows
7386453398792441131,"A person with long braided hair is sitting on a bed with a blue blanket. They are wearing a white t-shirt with the words ""I FEEL GREAT"" written on it. The person is holding a makeup brush and a makeup palette. They are applying makeup to their face and talking to the camera. The person is also holding a makeup brush and a makeup palette. They are talking to the camera and showing the makeup palette to the camera. The person is also holding a makeup brush and a makeup palette. They are talking to the camera and showing the makeup palette to the camera. The person is also holding a makeup brush and a makeup palette. They are talking to the camera and",Beauty Care
7348462120817790240,The video shows a man in a blue jacket shopping in a grocery store. He is looking at a shelf of snacks and picks up a box of Cathedral City cheese. He then picks up a box of Cathedral City cheese sticks and continues to shop. The video ends with the man holding the box of Cathedral City cheese sticks and looking at the camera.,Entertainment & Shows
7360235976494550304,"The video features a series of individuals attempting to jump over a wall in a trampoline park. The first person, wearing a white t-shirt and blue shorts, is seen jumping over the wall. The text ""あなたはないらっち"" (You are not a trampoline) appears on the screen, suggesting a humorous or ironic commentary on the person's attempt. The second person, dressed in black, attempts to jump over the wall but falls short. The third person, also in black, attempts to jump over the wall but falls short. The final person, wearing a white t-shirt and blue shorts, attempts to",プレイヤー
7347591598408043808,"The video starts with a map of the United States, showing all 50 states. The text ""Random City USA"" is overlaid on the map. The map is then zoomed in on a specific state, and the text ""Sterling, CO"" appears, indicating the name of the city. The city's name is then displayed on a sign, followed by a view of a large building with the name ""Sterling"" on it. The video then shows a view of a residential area with a flagpole, a street with a yellow line, and a large building with a sign that reads ""Sterling."" The video then shows a view of a rural area with",Travel & Events
7310063052341185823,"The video starts with a person in a gray shirt standing in front of a wooden structure, holding a large, transparent, rectangular object. The object is shown to be a panel that can bend light, making it invisible. The text on the screen reads ""has been announced"" and ""China and the development of science fiction than magic."" The scene transitions to a news article from Bilibili, a Chinese video-sharing website, titled ""China and the development of science fiction than magic."" The article discusses the development of an invisibility cloak by a physicist named Chu. The video then shows a person in a suit and tie speaking at a podium, with the text ""with"" and """,Science & Technology
7380812058167708960,"The video is a humorous comparison of two football players, Jamal and Jude Bellingham, who are both German and English. The video is divided into several sections, each highlighting different aspects of the players' careers and personalities.

The first section of the video shows a comparison of Jamal and Jude's performance in the English Premier League. It highlights their different playing styles and the challenges they faced in the English system.

The second section of the video focuses on Jude Bellingham's career in the English Premier League. It highlights his success in the league and his ability to play in different positions.

The third section of the video focuses on Jamal's",Sports
7377701670077205803,"The video shows a person with long hair, wearing a black top and a necklace, in a room with a lamp and a mirror. The person is talking about not wanting to dye their hair pink, but the parasites in them want them to dye their hair pink. The person then changes their hair color to red.",1. News
7309888375023045931,"The video features a person wearing a blue jacket with a red and white logo on the front, standing in front of a wall with various tools hanging on it. The person is wearing a beanie and has a beard. The video is divided into several segments, each with different text overlays. The text overlays include phrases such as ""don't escalate,"" ""republican take,"" ""republican take,"" ""republican take,"" ""republican take,"" ""republican take,"" ""republican take,"" ""republican take,"" ""republican take,"" ""republican take,"" ""republican take,"" ""republican take,"" ""rep",Politics
7312875354220285215,"The video starts with a man in a dark suit, white shirt, and red tie standing in front of a night cityscape backdrop. He is speaking and gesturing with his hands. The scene transitions to a live broadcast of a man in a dark suit, white shirt, and red tie speaking at a podium with the text ""TRUMP"" and ""Iowa 2023"" on the backdrop. The broadcast includes a ticker with the text ""JACK SMITH ASKS FOR RALLY COVERAGE"" and ""SCORTS TO RALLY SUPPORTERS COVERAGE."" The scene then returns to the man in the dark suit, who continues to",Politics
7283816318883679531,"The video is a series of frames showing a person with long blonde hair wearing a black shirt with the word ""NAKED"" on it. The person is standing in front of a white background with a list of things that you might not know about teaching in 2023. The list includes items such as meetings just to announce the day of, students growing up around technology but they literally don't know how to google, overstimulated classrooms and lab classrooms are the normal gone are the days where students just do work quietly that doesn't exist anymore, overstimulated at all hours of every single day, and out of 25 students, 17 don't turn in",Science & Technology
7317764806767922475,"A woman and a child are playing in a snowy forest. The woman is standing in a metal barrel filled with ice, while the child is sitting in a plastic container filled with ice. The woman is using a black tool to break the ice, and the child is playing in the water. The woman is wearing a leopard print top and light gray leggings, while the child is wearing a blue and white patterned outfit. The woman is smiling and laughing as she plays with the child.",Entertainment & Shows
7395290316569382174,"The video features a woman wearing a leopard print top and glasses, standing in front of a blurred background. She is speaking, and the text overlay on the screen provides a detailed explanation of a surprise technique. The woman appears to be explaining the steps involved in the surprise, which involves a combination of surprise, surprise, surprise, surprise, surprise, surprise, surprise, surprise, surprise, surprise, surprise, surprise, surprise, surprise, surprise, surprise, surprise, surprise, surprise, surprise, surprise, surprise, surprise, surprise, surprise, surprise, surprise, surprise, surprise, surprise, surprise, surprise, surprise, surprise, surprise, surprise, surprise, surprise, surprise, surprise, surprise",1. News
7358143601869671685,"The video showcases a breathtaking sunset over the ocean, with the sun setting in the horizon and casting a warm glow over the water. The sky is painted with hues of orange, yellow, and pink, creating a stunning visual effect. The waves gently crash against the shore, adding to the serene atmosphere. The video captures the beauty of nature in its most tranquil state, with the sun's rays reflecting off the water and the sky's vibrant colors.",Travel & Events
7366140924629470496,"The video showcases a woman in a stunning, intricate, and elaborate dress at various events, including a red carpet event and a formal gathering. The dress features intricate designs, including floral patterns and a long train, and is complemented by a pair of earrings. The woman is seen posing for photos and interacting with others, with the background consistently showing a formal event setting. The video also includes text overlays and captions that provide context and information about the woman and the events she is attending.",Entertainment & Shows
7380810864477130016,"The video is a series of images showing a person in a yellow hoodie standing in front of a large, red, glowing object. The person appears to be in a state of shock or awe, as indicated by the text ""Can't stop th power *Stops the power*"" displayed on the screen. The background is dark, and the object is surrounded by flames, suggesting a dramatic or intense scene. The person's hair is visible, and they are wearing a yellow hoodie. The video does not provide any additional context or information about the scene or the person's actions.",1. News
7346779567639498026,"A person with long, wavy hair is wearing a black top and has pink hair clips in their hair. They are holding a lip gloss tube and applying it to their lips. The background is plain and light-colored. The person is wearing a black top and has pink hair clips in their hair. They are holding a lip gloss tube and applying it to their lips. The background is plain and light-colored. The person is wearing a black top and has pink hair clips in their hair. They are holding a lip gloss tube and applying it to their lips. The background is plain and light-colored. The person is wearing a black top and has pink hair clips in their hair. They",Beauty Care
7299554274827046187,"The video features a person in a dark blue shirt with a necklace and a pendant, speaking in front of a plain background. The person is seen gesturing with their hands while speaking, and the text on the screen provides context and information about the history of Palestine. The video covers various topics related to the history of Palestine, including the Ottoman Empire, the British Mandate, and the Palestinian identity. The person also discusses the Palestinian struggle for independence and self-determination, and the impact of the British Empire on the region. The video concludes with a list of books recommended for further reading on the topic.",History
7348934489122327841,"The video shows a man in a dark coat interviewing a woman in a green jacket with a sign that reads ""Wir sind Völker"" (We are citizens). The woman is holding a sign that says ""We are citizens"" and ""We are citizens"" in red letters. The man is holding a microphone and appears to be asking her questions. The background shows a crowd of people, some holding signs, and a police car. The text at the top of the screen reads ""UNTERVEGS auter FRIEDENSDEMO"" and ""heute Show-Friedensbotschafter"" (today Show-Peaceful Peaceful). The woman is also",Politics
7282317561864260897,"The video showcases a steam train journeying through a lush, green landscape. The train, adorned with a black smokestack and a red and white striped buffer beam, is seen moving along a track surrounded by trees and bushes. The sky is partly cloudy, and the train's smoke billows into the air, adding to the vintage charm of the scene.

As the train continues its journey, the camera captures the train from different angles, providing a comprehensive view of the steam locomotive and its surroundings. The train's journey is further highlighted by the presence of people standing on the side of the track, observing the train's movement.

The video then transitions to an indoor setting, where",1. Entertainment & Shows
7343605850105318658,"A person is playing the piano with their hands. The piano is illuminated by a blue light, and the person's hands are visible on the keys.","Music, Singing, & Dancing"
7349023065575083306,"A woman in a red dress is standing on a stage at a conference, speaking to the audience. She is holding a microphone and gesturing with her hands. The audience is watching her and listening to her speech. The woman is wearing a red dress and is standing on a stage at a conference. She is holding a microphone and gesturing with her hands. The audience is watching her and listening to her speech. The woman is wearing a red dress and is standing on a stage at a conference. She is holding a microphone and gesturing with her hands. The audience is watching her and listening to her speech. The woman is wearing a red dress and is standing on a stage at a conference.",Politics
7223384947938053418,"The video shows a person wearing a dark blue shirt with green text on it. The person is standing in a kitchen with a tiled floor. There are two armadillos on the floor, one is light-colored and the other is dark-colored. The text on the screen reads, ""Armadillos have been given a reputation, specifically the nine banded armadillo that is from the American South. And the reason for this is because they are known for being able to carry leprosy. Leprosy is a very ancient disease that is actually in modern times, not only very curable, but it's actually kind of a weak disease. It basically, if it's too",Sports
7386641138611981601,"The video features a person wearing a brown jacket and a blue and white checkered shirt. The person is being painted with makeup by another individual, who is applying makeup to the person's face. The makeup application process is shown in detail, with the person's face being covered in makeup and the makeup artist carefully applying it. The video then transitions to a close-up of the person wearing a black military-style uniform, complete with a hat and gloves. The uniform is detailed with gold accents and a belt. The video concludes with a close-up of the person wearing the black military-style uniform, with the text ""sa kurosaki"" visible on the screen.",1. Entertainment & Shows
7314163714402340102,"The video begins with a close-up of a warp gate, which is a circular structure with a glowing blue light emanating from it. The gate is surrounded by a dark background with small white dots, representing stars. The gate is shown in different angles, with the light swirling and changing colors, indicating its active state. The text overlay reads, ""This is How A Warp Gate slows down a ship as it exits a hyper lane."" The video then transitions to a scene from a movie or TV show, where a spaceship is seen entering the warp gate. The spaceship is shown in a close-up, with the warp gate in the background. The text overlay reads, ""scene from r/",This is how a warp gate slows a ship down
7385499788764040481,A person is holding a Kinder chocolate bar in a white container. The person is then seen cutting the chocolate bar into smaller pieces. The video shows the person's hands as they cut the chocolate bar into smaller pieces.,Entertainment & Shows
7276776260431367467,"The video is a montage of a man in a suit and tie speaking into a vintage microphone, with text overlaid on the screen. The text appears to be a series of statements made by the man, which are not fully visible in the video. The man is seen in various settings, including a dark room and a bar, and he is wearing different outfits throughout the video. The video does not provide any additional context or information about the man or the statements he is making.",1. News
7372265021042101550,"The video features a person with long hair, wearing a black shirt, in a room with a window with blinds and a decorative item on the wall. The person is seen making various hand gestures and movements, including pointing, touching their face, and holding their hand up to their face. The text overlay at the top of the screen reads ""Reply to tynesy, ca's comment"" and ""Glasgow,"" indicating that the person is responding to a comment from someone named Tynesy from Glasgow. The person's actions and the text overlay suggest that they are engaged in a conversation or reacting to something mentioned in the comment. The video does not contain any additional information or context beyond the",Travel & Events
7373730224879521056,"The video features a tiger, depicted in a striking color scheme of orange, black, and white, with a blue object in its mouth. The tiger is positioned on a dark background, and the image is presented in a triangular shape, with the tiger's body occupying the majority of the frame. The tiger's eyes are wide open, and its mouth is open, as if it is roaring or growling. The video does not contain any additional text or subtitles.",7. Sports
7326266761773436166,"The video features a person wearing a black sweatshirt with white text on it, sitting in a room with a guitar hanging on the wall behind them. The person is speaking, and the text on the screen reads ""Saitorda Nösaptanın konuşanlarını kullanarak döşümeyecekler de söylemeyecekler."" This translates to ""They will not use the knowledge of those who have not spoken about it."" The person appears to be engaged in a conversation or monologue, as they gesture with their hands and occasionally look to the side. The background includes a poster with a picture",1. News
7371461402030034218,"The video shows a man in a suit and tie standing in an office, holding a card. He is speaking to the camera and the text on the screen reads, ""And if Jewish people are gonna vote for Joe Biden, they have to have their head examined."" The man then says, ""The last person I'm gonna take advice from as a Jewish person is a known anti-Semite who's had dinner with anti-Semites, who said there was good people on both sides after Charlottesville. He's the last person I'm gonna take advice from."" The video ends with the man saying, ""I'm going to take advice from him.""",Politics
7367380929913900320,"The video shows a person wearing a black shirt and headphones, standing on a road with trees in the background. The person is wearing a necklace and has long hair. The video is a selfie, and the person is talking to the camera. The text on the video says ""PSA I wore shorts on my walk and the only thing that cared was my mom. No one alerted the town elders at that size 12 queen wore shorts summer heat x. Literally wear your own."" The person is likely talking about the heat and the shorts they wore during the summer.",1. News
7306264195475983622,"The video features a group of dancers performing on stage. The central figure is a woman with long, wavy hair, wearing a black top and a beige skirt with a chain belt. She is adorned with multiple gold necklaces and white gloves. The background is a vibrant, colorful display with various hues of red, green, and purple. The dancers move in sync, executing a choreographed routine. The woman in the center is the focal point, with her movements and expressions conveying a sense of energy and passion. The video captures the dancers' synchronization and the overall atmosphere of the performance.","3. Music, Singing, & D"
7360919706913525035,"The video is a series of frames showing a puzzle game with a watermelon pattern. The game is set against a black background with a red border. The numbers 00:00 to 00:30 are displayed at the top of the screen, indicating the time. The puzzle pieces are arranged in a grid, and the player is trying to fit them together to complete the pattern. The game is challenging, and the player is making progress, but the puzzle is not yet solved. The video is a call to action, urging viewers to donate and help the player reach his goal.",1. News
7380730540061691178,"The video begins with a black screen that gradually reveals a green and black gradient, followed by the text ""hulu"" in green. The text then changes to ""hulu originals"" in green, indicating the platform and content type. The scene transitions to a silhouette of a person standing against a dark background, with the text ""A Court of Thorns and Roses"" in white, suggesting the title of a book or series. The video concludes with a black screen, indicating the end of the video.",Entertainment & Shows
7355249683469454634,"The video features a person standing on a beach during sunset, with the ocean waves gently lapping at the shore. The individual is wearing a white hoodie and a baseball cap. The person is seen from the back, with their head slightly tilted to the side, and they are holding a white object in their hand. The background is a serene beach scene with the sun setting in the sky, casting a warm glow over the water. The person appears to be speaking, as indicated by the text overlay on the video. The text reads: ""the joy of the joy of the joy of jesus, the security of jesus, the peace of jesus, the love of jesus, the","the joy of jesus, the security of j"
7387743887940390177,"The video features a person wearing a white sweater with a zipper, standing in a room with a door and a light fixture in the background. The person is holding their hair up with one hand and appears to be speaking. The text overlay on the video reads, ""Someone in their twenties says they aren't voting."" The person then gestures with their hand, possibly emphasizing a point or making a statement. The video ends with the text, ""You're not really into politics? Okay, fair enough. But what are you into? Transformers? Pokemon, you fucking child?""",1. News
7297354768928853294,"The video is a series of text-based messages from a person discussing their experiences with buying and stocking HEB (Hong Kong Express) products. The person mentions that it has been difficult to keep store stock of the variety pack and POG (Pomegranate Juice) products, and that they have been consistently buying these items. They also mention that they have launched seven new Buc-ee's test stores and that if the product sells well, they will open more stores. Additionally, they plan to return to Texas at the top of the year to bring new products and flavors. The person encourages viewers to join their VIP phone number list to get the latest information and to attend the opening of",Entertainment & Shows
7374908166175280427,"The video showcases a series of steps in preparing a dish, likely tacos, with a focus on the ingredients and cooking process. It begins with a close-up of a hand holding a taco filled with shrimp, tomatoes, and other ingredients, with a bowl of sauce and a can of soda in the background. The scene transitions to a kitchen setting where shrimp are being coated in a red sauce, followed by the preparation of a white sauce and the cooking of shrimp in a pan. The final step involves the assembly of the tacos, with a plate of tacos topped with the shrimp, tomatoes, and other ingredients, accompanied by a bowl of white sauce and a can of soda. The",Food
7377866805823491371,"The video features a person with curly hair, wearing a dark blue shirt, standing in a room with a painting of a tree on the wall. The person is speaking, and the text overlay on the screen reads, ""You could kiss any woman in the world, feet, who would it be?"" The person then says, ""My beautiful girlfriend, Kaylee. She don't count. You'll do that anyway. Megan Fox."" The video then transitions to a different scene, showing a person sitting on a throne-like chair with swords around them. The text overlay on the screen reads, ""Daenerys.""",8. Entertainment & Shows
7149700277782760746,"The video shows a person lying on a bed with a pink blanket. The person has long hair and is wearing a black shirt. The person is lying on their side, with their head resting on the bed. The person is also wearing a necklace. The person is lying on their side, with their head resting on the bed. The person is wearing a black shirt and has long hair. The person is lying on their side, with their head resting on the bed. The person is wearing a black shirt and has long hair. The person is lying on their side, with their head resting on the bed. The person is wearing a black shirt and has long hair. The person is lying on their",Pets & Animals
7384004708165242144,"The video features a person sitting in a chair in a room with gold wallpaper and framed pictures on the walls. The person is wearing a light blue sweater and is holding a phone. The person is talking about a black and white dog named Mika, who is sitting in a field of tall grass with red flowers. The person describes Mika as a ""live wire"" and a ""fairy godmother"" and talks about her ""separated"" hips and her ""hunts"" for rabbits. The person also mentions that Mika has a ""left back leg"" that is ""slightly lifted"" and that she ""can sense out spirit."" The person concludes by saying that Mika",Entertainment & Shows
7314367547862781226,"The video begins with a serene view of a snowy forest, where a path winds through the trees, covered in a blanket of snow. The trees, tall and green, stand in the background, their branches heavy with snow. The sky is overcast, casting a soft light over the scene. As the camera moves forward, it reveals more of the forest, with the path becoming more visible. The snow-covered ground is visible, with patches of brown grass peeking through. The trees continue to stand tall, their branches heavy with snow. The camera then pans to the right, revealing more of the forest, with the path becoming more visible. The snow-covered ground is visible, with patches",Science & Technology
7340337384652934446,"The video is a series of images showcasing various individuals with captions providing information about their names and connections to notable figures. The captions include names such as Malia Obama, Angelina Jolie, Redfoo, Sky Blue, Nicolas Cage, and Francis Ford Coppola. The images depict people in different settings, including formal events and casual gatherings. The captions provide context about the individuals' relationships to each other and to famous people, such as being the daughter of an Academy Award-winning actor, the founder of Motown Records, and the nephew of a famous director. The images are accompanied by text overlays that provide additional information about the individuals and their connections. The video appears to be",Entertainment & Shows
7333801200875261185,"The video begins with a dark blue background featuring a world map with a digital texture. The text ""An Election Year Guaranteed To Divide Us"" is prominently displayed in white, capital letters. The scene transitions to a split-screen view with a man in a suit and tie on the left and a man in a suit and tie on the right. The man on the right is gesturing with his hands. The text ""A Second Term We Can All Agree On"" appears in white, capital letters. The video then shows a blue background with the text ""THE DAILY SHOW"" in white, capital letters, followed by ""MONDAYS WITH JON STEWART"" in white",8. Entertainment & Shows
7328517572679372078,"A man in a gray jacket is sitting at a table in a car dealership. He is holding a piece of paper with a handwritten note on it. The note says ""POV: The customer never stops negotiating."" The man is talking to the camera and gesturing with his hands. He is also holding a pen and writing on the paper. The background shows a car dealership with other people and cars visible.",Comedy
7375847354341068065,"The video showcases a large crowd gathered at Hinds Hall in Garmin, watching a concert. The stage is brightly lit with green and red lights, and the crowd is enthusiastic, waving their hands and cheering. The performers on stage are dressed in blue and white, and the crowd is diverse, with people of various ages and ethnicities. The text overlay on the video reads ""Hinds Hall in Garmin"" and ""Hinds Hall Problem isn't the protests what they're protesting it goes against what our country is funding White supremacy is finally on blast. Free Palestine to the home and land. The next but never ended to colonize the rise. The students in tents, posted on the lawn",Politics
7392127900079721761,"The video starts with a person standing in front of a building with large glass doors, wearing a black sleeveless top and light blue jeans. They are holding a piece of wood and talking about their room. The scene transitions to a room with a bed, a rug, and a fireplace. The person shows a brown paper bag with a tag that reads ""HOT SHOES"" and a small brown bag with black paw prints. They open the bag and show a pair of beige shoes, then place the shoes on the rug. The person continues to talk about the room and the shoes, and then shows a glass bowl with a small dog treat inside. The video then shows a close",Entertainment & Shows
7368121296154086688,"The video shows a table filled with various dishes, including salads, meats, and side dishes. There are also glasses of water and wine on the table. A person is standing in front of the table, talking to the camera. The person is wearing a dark sweater and glasses. The background shows a room with a window and some furniture.",1. News
7378190751211064607,"The video showcases a man demonstrating the features of an expandable camper. He begins by showing the camper's size and the man's size, emphasizing the camper's triple-sized interior. The man then opens the camper's door to reveal its interior, which includes a solar panel, a table, and a portable solar table. He demonstrates the camper's electrical system, including a GoSun power center and a 12-volt power socket. The man also shows the camper's storage compartment and the GoSun little cooker, which can be used to cook food. The video highlights the camper's design and features, including its aluminum or stainless steel underbelly and",Science & Technology
7325985650140974382,"The video is a humorous take on the idea that running in the rain is better than running on rainy days. It shows a series of experiments conducted by Jamie and Adam to test this theory. The experiments involve weighing clothes, using artificial rainfall, and comparing the results to other methods of running. The video ends with a humorous note about the potential for the experiments to be rigged.",Science & Technology
7406690692765977887,"The video is a series of clips showing a person sitting in a train or bus, with a stranger sitting in the seat next to them. The stranger is talking to the person in the seat, and the person in the seat is responding to the stranger. The person in the seat is wearing a black shirt and a bandana, and the stranger is wearing a white shirt and shorts. The person in the seat is trying to be polite and respectful, but the stranger is being loud and disrespectful. The person in the seat is trying to be quiet and respectful, but the stranger is not listening. The person in the seat is trying to be polite and respectful, but the stranger is not listening.",Travel & Events
7309290162540858667,"The video starts with a news broadcast from a news anchor in a studio, discussing an investigation after a massive home explosion in Arlington, Virginia. The anchor is dressed in a dark suit and tie, and the background features a blue-toned graphic with the text ""HOME EXPLOSION ROCKS NEIGHBORHOOD"" and the ""ABC"" logo. The scene transitions to a close-up of the anchor, with the same text and logo. The video then shows a dramatic scene of a house engulfed in flames, with the text ""BREAKING NEWS"" and ""HOME EXPLOSION ROCKS NEIGHBORHOOD"" still visible.",News
7365274404420406571,"The video starts with a person on a sailboat, wearing a black shirt and gray pants, working on the boat's deck. The person is seen cleaning the boat, and the text ""I live on a shrink wrap sailboat in New England"" appears on the screen. The person then takes a break and sits on the boat, with the text ""the first thing I do in the morning is soak up the sun with Phoebe, and then I do some chores."" The person continues to work on the boat, and the text ""honestly, I hate washing dishes, so this is proof that I do actually wash them"" appears. The person then cooks up some grub,",Pets & Animals
7392992201837464850,"The video starts with a woman standing in front of a glass door, talking about her daughter's first haircut. She is wearing a floral dress and has long, dark hair. The scene transitions to a hair salon where the woman is getting her hair cut by a stylist. The stylist is using scissors to cut the woman's hair, which is long and dark. The woman is sitting in a white cape, and the stylist is holding a pair of scissors. The scene then shifts to the woman standing in front of a white wall, with her hair now cut short and styled in a ponytail. The stylist is holding the ponytail, and the woman is smiling",Travel & Events
7395692426888891679,"The video starts with a person wearing a colorful shirt with a rainbow design, standing in front of a microphone. The text ""Gay News"" appears at the top of the screen. The scene transitions to a person in a blue shirt, followed by a person in a white shirt with a rainbow design. The text ""In this election, we each face a question"" appears on the screen. The video then shows a person in a white shirt with a rainbow design, standing in front of a crowd of people holding signs. The text ""What kind of country do we want to live in?"" appears on the screen. The video continues with a person in a white shirt with a rainbow design, standing",Politics
7335178711819373867,"The video begins with a news article from the ICCJICJ, which reports that South Africa has submitted an ""urgent request"" to the International Court of Justice for additional measures to prevent and punish the use of force in the case of South Africa v. Israel. The article includes a screenshot of the ICCJICJ website and a quote from the South African government's legal team, who are seeking emergency measures to protect the Palestinian people living in Rafah. The video then transitions to a close-up of a document from the International Court of Justice, which outlines the legal basis for the South African government's request. The document includes a quote from the Court's Chief Justice, who states that",News
7353793317437590827,The video shows a man and a woman standing in a room. The man is wearing a black shirt and the woman is wearing a black shirt and shorts. They are holding a coffee cup and a phone. The man is holding the phone and the woman is holding the coffee cup. The man is talking to the woman and the woman is looking at the phone. The man is standing in front of a door and the woman is standing in front of a table. The man is talking to the woman and the woman is looking at the phone. The man is standing in front of a door and the woman is standing in front of a table. The man is talking to the woman and the woman is looking,1. News
7377799778299579690,"The video features a woman standing outdoors, with an American flag in the background. She is wearing a black top and has tattoos on her arms. The text overlay on the video reads, ""Isn't it weird you're a fan of an American flag, but you know who you're voting for?"" The woman appears to be speaking directly to the camera, and the video seems to be a commentary on the political climate.",1. News
7346724921361435937,"A video shows two girls walking down a sidewalk, one of them wearing a black jacket. The video is in Russian and the text on the screen reads, ""А в Украине, я являюсь чуждой человеком, так что я не могу послушать твоего тела, так что я не могу послушать твоего тела, так что я",Travel & Events
7384186520351083781,"Якщо ви думаєте, що в мене не йшла мова про викуп цього бренду, ще раніше до цієє конфліктної ситуації. Ось я пишу вище. Я тобі ще куди-то предложила продати свою ча",Entertainment & Shows
7396382918039457041,"A man and a woman are sitting on a bed in a modern room. The man is wearing a white shirt and black shorts, while the woman is wearing a white shirt with red text and blue jeans. The man is holding the woman's leg and they are talking to each other. The text on the screen changes to different messages, such as ""Не видалось просто число"" (I couldn't find a simple number), ""Не видалось просто число"" (I couldn't find a simple number), ""Не в",Entertainment & Shows
7273841367351069998,"The video shows a person wearing gloves and cutting a block of bright yellow soap into smaller pieces. The soap is placed on a marble countertop. The person then holds up a piece of the soap, showing it to the camera. The soap is labeled ""Ammonia Naturals Turmeric & Kaolin Acid Brightening Soap.""",Beauty Care
7277167570946379014,"The video captures the vibrant atmosphere of a large stadium filled with enthusiastic fans. The crowd is predominantly dressed in yellow and blue, with some wearing black and white stripes. The fans are seen raising their hands in the air, waving flags, and cheering enthusiastically. The stadium is well-lit, and the atmosphere is electric. The video also shows a soccer match in progress, with players on the field and the crowd's excitement palpable.",Sports
7365322515998068011,"The video starts with a person standing in front of a podium, with a backdrop of the U.S. Capitol building. The text on the screen reads ""STITCH INCOMING WOKE ENCAMPENTS EXPOSED!!!!"" and ""we're here to discuss the little Gazas that have risen up on campuses across America."" The person is then shown standing in front of a tent, with the text ""I'm literally in so much danger here. Follow me if you want me to continue exposing these encampments for what they really are. And please pray for my safety. I'm literally in so much danger here."" The video then shows a close-up of",1. News
7362319887361903905,"The video begins with a person wearing sunglasses and a gray shirt, standing in front of a black background. The text overlay reads, ""Seeing Rufuski during Uni ski trip trying to see Uni ski trip trying to see Uni ski trip trying to see Uni ski trip trying to see Uni ski trip trying to see Uni ski trip trying to see Uni ski trip trying to see Uni ski trip trying to see Uni ski trip trying to see Uni ski trip trying to see Uni ski trip trying to see Uni ski trip trying to see Uni ski trip trying to see Uni ski trip trying to see Uni ski trip trying to see Uni",1. Entertainment & Shows
7311332422077975840,"The video shows a series of interactions between a woman and a man in a purple jacket and a man in a purple jacket and a pink tie. The woman is seen speaking to the man, who is listening attentively. The man in the purple jacket and pink tie is also seen standing in front of a fence, with a police badge visible on his jacket. The video also shows a man in a purple jacket and a pink tie, with a police badge visible on his jacket, standing in front of a fence. The man in the purple jacket and pink tie is also seen standing in front of a fence, with a police badge visible on his jacket. The video also shows a man in a purple jacket",Entertainment & Shows
7354415572626509099,"The video starts with a person wearing a maroon beanie and a white t-shirt, sitting in a room with a white wall, a green shelf, and a rack of clothes in the background. The person is speaking, and the text on the screen provides information about earthquakes in the United States, particularly in the eastern part of the country. The text explains that the eastern United States is older and has a higher concentration of earthquakes, and that the energy of earthquakes is more efficiently carried by the Earth's crust in this area. The person then discusses the earthquake that occurred in New Jersey, which was a magnitude of 4.8 and had its epicenter in Lebanon, New Jersey. The",Science & Technology
7378608951975349536,"The video captures a moment of triumph and celebration on a soccer field. The players, dressed in white jerseys, are seen running and embracing each other in a jubilant display of joy. The crowd, a sea of spectators, is seen cheering and waving flags, their faces filled with excitement and relief. The text overlay ""ENGLANDWIN SOCCERAID"" is prominently displayed, indicating the significance of the moment. The video is a snapshot of a victorious moment, capturing the emotions and reactions of the players and the crowd.",Sports
7293239332167617834,"The video features a woman with shoulder-length dark hair, wearing a sleeveless, light-colored top with a pattern, standing in a room with a colorful floral curtain and a painting of a deer on the wall. She is seen gesturing with her hands and talking, with the text ""some of y'all"" and a laughing emoji appearing on the screen. The woman appears to be expressing a humorous or relatable sentiment, possibly related to the Starbucks boycott mentioned in the audio transcript.",1. News
7372186670273137952,"The video showcases a series of food-related experiences in various locations. It begins with a person holding a pizza box, followed by a close-up of a pizza with a slice taken out. The scene transitions to a person eating a vegan pizza, then to a person enjoying a burger and fries, and finally to a person eating a dessert. The video continues with a person eating a vegan pizza, followed by a person eating a vegan pizza with a side of salad, and then a person eating a vegan pizza with a side of salad and a side of pasta. The video ends with a person eating a vegan pizza with a side of salad and a side of pasta, followed by a person eating",Food
7379475961139547398,"The video features a woman in a black dress with ruffles, standing in a modern kitchen with white chairs and a dining table. She is wearing black high heels and has long blonde hair. The text on the screen reads ""Мени 60 поки"" (My 60 years) and ""Ну, чуждый 60 годин"" (Well, 60 years old). The woman then demonstrates how to wear the dress, showing different poses and movements. The video ends with the woman standing confidently in the kitchen, with the text ""Мени 60 поки",3. Entertainment & Shows
7364542326959574314,"The video shows a person lying on a bed, wearing a black shirt. They are holding their hands up to their face and appear to be in a state of distress or frustration. The background includes a bed with a white blanket and a stuffed animal. The person seems to be reacting to something, possibly a comment or message, as indicated by the text overlay.",1. News
7309293532467039531,"The video shows a group of people sitting on white couches in a studio, with a cityscape visible through the windows. The studio is decorated with Christmas ornaments and lights. The news ticker at the bottom of the screen reads ""HOUSE GOP PUSH FOR VOTE ON BIDEN IMPEACHMENT PROBE."" The video then transitions to a news anchor in a studio, with a cityscape visible through the windows. The news ticker reads ""HOUSE GOP PUSH FOR VOTE ON BIDEN IMPEACHMENT PROBE."" The video then transitions to a woman in a purple dress sitting in a studio, with a cityscape visible through",Politics
7376360928851299590,"The video features a series of individuals discussing various topics related to hair care and hair loss. The first person, with long brown hair, is seen wearing a white shirt and a black watch, and is seated at a table with a glass of water. They are engaged in a conversation, gesturing with their hands and using hand gestures to emphasize their points. The background features a bookshelf filled with books and decorative items, including a vase with flowers.

The second person, with curly hair, is also wearing a white shirt and a black watch, and is seated at a table with a glass of water. They are engaged in a conversation, using hand gestures to emphasize their points. The background",Lifestyle
7347847920151956779,"The video shows a person standing in a doorway, wearing a hat and holding a leash. They are looking at a small dog that is standing on the floor. The person then bends down and picks up the dog, carrying it into the house. The dog appears to be happy and excited, wagging its tail. The person then puts the dog down and walks away, leaving the dog on the floor.",7. Pets & Animals
7291696863449763078,"The video features a person wearing a beige shirt and a black headband, speaking directly to the camera in a room with a window and a curtain in the background. The person uses hand gestures to emphasize their points, and the text overlays provide context and commentary on the topics being discussed. The video covers various topics, including the Israeli-Palestinian conflict, the use of rockets, and the impact of the conflict on civilians. The person also discusses the psychological impact of the conflict on those involved and the importance of unity and hope in the face of adversity. The video concludes with a message of unity and hope, emphasizing that the strength of the people is not in their ability to be victims",Politics
7375186781999762721,"A woman in a blue floral dress is standing in front of a table with wine glasses, a bowl of cheese, and a plate of bread. She is holding a bottle of wine and a glass.",1. News
7309512164870491435,"The video is a compilation of various news segments and commentary pieces discussing Donald Trump's potential use of government power and abuse of authority. It features a mix of formal and informal settings, with different individuals providing their perspectives on the topic. The video includes text overlays with quotes and statements attributed to various individuals, including a Fox News host, a CNN reporter, and a woman identified as Alayna Trene. The video also includes a graphic with the text ""TOWN HALWITH HANNITY"" and ""BREAKING NEWS,"" suggesting that the content is related to a breaking news story. The overall tone of the video is serious and focused on the topic of government power and",Politics
7325003811632745761,"A person wearing a green shirt is talking to the camera. The text at the top of the screen says ""DEUTSCHE THERAPEUTEN HATTEN RECHT"" (German therapists have the right). The person is gesturing with their hands and pointing to their head. The background is a plain wall.",Entertainment & Shows
7355061931993992480,"The video features a person wearing a blue shirt standing in front of a calendar with the word ""MONDAY"" at the top. The person is gesturing with their hands, possibly explaining or emphasizing a point. The background is black, and there are white lines forming a circular pattern around the person. The text ""Me mentally preparing myself for work tomorrow"" appears at the top of the screen, suggesting that the person is mentally preparing for work. The person's facial expressions and hand movements convey a sense of determination and focus.",1. News
7330624658686954795,"A person wearing a bright pink shirt is sitting in front of a red shelf with various items on it. The person is making hand gestures and pointing at the screen, which shows a news article about Trump's behavior during a meeting. The text on the screen reads ""That's his supporters Booing him & I ❤️ that 4 min"" and ""Trump booed lording about the American hostages USA! USA! USA! USA! USA! USA! USA! USA! USA! USA! USA! USA! USA! USA! USA! USA! USA! USA! USA! USA! USA! USA! USA! USA! USA! USA! USA! USA",Politics
7397794935199567135,"The video shows a woman tied to a tree in a jungle, with a man in a leopard print shirt standing nearby. The woman is covered in mud and appears to be in distress. The video then shows a close-up of the woman's hand writing on a piece of paper. The text on the paper is in a foreign language, and the woman's hand is dirty and covered in mud. The video then shows a close-up of the woman's face, with mud on her face and neck. The video then shows a close-up of the woman's hand writing on a piece of paper. The text on the paper is in a foreign language, and the woman's hand is dirty",1. News
7397967668248120622,"The video showcases a person with long, wavy hair, wearing a black shirt and green cactus earrings, in a room with a bed, a door, and some framed pictures on the wall. They are holding a red box with a white label and a pink box with a white label. The person is wearing blue nail polish with white designs. They open the red box, revealing a small white object, and then open the pink box, revealing a small pink object. They show the small white object to the camera and then the small pink object. The person then opens the red box again, revealing a small white object, and shows it to the camera. They then open the pink box",Beauty Care
7311858161504423214,"The video showcases a collection of BMX bikes, each with unique features and designs. The first bike, a 1987 GT Performer, is highlighted with its pink and white color scheme and chrome components. The video then transitions to a different bike, the 1990 GT Performer, which is also pink and white but with a more modern design. The video continues to feature the 1990 GT Performer, highlighting its chrome components and pink and white color scheme. The video concludes with a close-up of the 1990 GT Performer, showcasing its pink and white color scheme and chrome components.",1. News
7299582823940312350,"The video begins with a man sitting on a green leather couch in a dimly lit room, wearing a gray shirt and dark pants. He is holding a black object, possibly a phone, and appears to be in a contemplative or pensive state. The background features a wooden wall with a window and some books on a shelf. The scene then transitions to a close-up of a person wearing a hooded jacket, with the hood pulled up over their head, creating a sense of mystery or secrecy. The lighting is dim, with a blue hue, adding to the dramatic effect. The next scene shows a man in a white shirt, standing in a room with a bright light source, possibly a",1. News
7331551109649059115,"The video features a black cat playing a violin. The cat is positioned in a dark setting, with its body illuminated by the light of the violin. The cat's fur is matted and appears wet, suggesting it has been playing for a while. The cat's eyes are wide open, and it appears to be focused on the music. The video is a montage of the cat playing the violin, with no other objects or people visible.",Pets & Animals
7293441357169937666,"The video features a series of animated scenes with a character in a school uniform and a blonde ponytail. The character is seen interacting with various cars, each with unique designs and colors. The cars are parked in a parking lot, and the character appears to be performing actions such as jumping onto the cars and interacting with them. The background of the video is a parking lot with other cars and buildings visible. The character's actions and the cars' designs suggest a playful and dynamic interaction between the character and the cars.",1. News
7397793782122564896,"The video features a person lying down on a bed, wearing a white top with lace details and a gold necklace. The person is wearing a gold ring and has their hair tied up. They are seen adjusting their hair and making hand gestures, possibly to emphasize a point or express emotion. The background includes a pillow with a black and white pattern. The person's nails are painted white, and they are wearing earrings. The video includes text overlays that read ""Leute, ich hatte einfach gerade eine Realisation. What the fuck? Ich hoffe es eigentlich auszusprechen, aber mir ist aufgefallen",Entertainment & Shows
7359943972216638736,"A police officer is walking down a street with a group of people. The people are wearing orange vests and holding signs. The signs say things like ""Palestina"" and ""Widerstand ist Völkerrecht!"" The police officer is wearing a blue uniform and a hat.",14. Nonprofits & Activism
7344108969151008001,"The video shows a group of people at a wedding reception. There are tables set up with food and drinks, and people are sitting and standing around. A woman in a red dress is sitting at a table with a man in a black suit. The woman is holding a glass of water and smiling. The man is also smiling and holding a glass of water. The woman then stands up and walks away from the table. The man follows her and they walk towards the front of the room. The woman then walks up to a man in a dark suit who is standing in front of a table with a white tablecloth. The man in the dark suit is holding a microphone and appears to be speaking to",Entertainment & Shows
7226368631268019482,"The video features a person with long blonde hair, wearing a black leather jacket, standing in a room with a pink towel hanging on the wall. The person is holding a phone, and the text ""Songs for your Insta Story Crush Edition"" is displayed at the top of the screen. The person is seen adjusting their hair and looking at the camera. The video then transitions to a screen with the text ""EVERY TIME WE TALK, IT JUST HURTS SO BAD"" and shows a close-up of the person's face. The next frame reads ""CAUSE I DON'T EVEN KNOW WHAT WE ARE,"" followed by ""BUT I CAN","3. Music, Singing, & D"
7369594137928109345,"The video shows a shelf in a grocery store with various food items, including a box of Mr. Brain's pork faggots. The box is prominently displayed and features an image of the product on the front. The price tag on the shelf indicates that the pork faggots are priced at 1.60. The video also includes a humorous comment from the person recording the video, questioning the price of the pork faggots.",7. Food
7330275353325227297,"The video features a person with extensive tattoos, who is seen in various settings, including a bar, a restaurant, and an outdoor setting. The person is wearing different outfits, such as a blue and red striped shirt, a white tank top, and a black tank top. The text overlays on the video provide humorous and exaggerated descriptions of the person's appearance and actions, such as ""DAS LEBEN ZU WIRL"" (Life is a struggle) and ""Ich glauke"" (I believe). The video also includes text in different languages, such as ""ER BEHÄUPTET, DAS AMBUPIERTEN SEINER F",Entertainment & Shows
7327164126822763808,"The video showcases a series of military parades from different countries, featuring women in uniform marching in formation. The countries represented include China, Russia, Vietnam, South Korea, and North Korea. The women are dressed in various uniforms, including green, black, white, and beige, and are seen marching in unison, with the flags of their respective countries displayed prominently. The video also includes a person in a military uniform standing in the background, observing the parade. The text ""women military parades as a phonksong part 1"" appears at the bottom of the screen, indicating that this is the first part of a series of videos showcasing women in military uniforms marching in unison.",Entertainment & Shows
7371855904813157664,"The video features two individuals standing side by side in a room, with a white wall and a bed in the background. The person on the left is wearing a white shirt with a pink design and denim shorts, while the person on the right is wearing a white shirt with a pink design and black pants. The video is titled ""pre summer s"" and includes a list of statistics for each person, such as ""Jula"" with a score of 26/10, ""Statue"" with a score of 71, and ""happiness"" with a score of 158. The video also includes emojis and a flower-shaped decoration on the wall",Entertainment & Shows
7354696392129924385,"The video showcases a series of close-up shots of a red sports car at a car show. The car is detailed with a carbon fiber body and black wheels. The video begins with a close-up of the car's side, highlighting its sleek design and the ""Porsche"" logo. The car is then shown from the front, revealing its sharp lines and aerodynamic shape. The video captures the car's movement as it is driven around the show floor, with people in the background observing the vehicle. The car's performance is evident as it accelerates and maneuvers through the show area. The video concludes with a wider shot of the car being driven around the show floor, with people in the background",1. News
7293639077671210286,"The video shows a person feeding fish from a white bucket filled with fish food. The person is standing on a wooden dock by a body of water, and the fish are swimming around the bucket. The person is holding the bucket with both hands and pouring the fish food into the water. The fish are swimming around the bucket and then start to swim away from the bucket. The person then puts the bucket down and walks away.",1. Pets & Animals
7357227155979275526,"A group of people are standing on a cobblestone street at dusk. The group consists of a man in a beige jacket, a woman in a white jacket, a child in a light blue outfit, and another child in a light blue outfit. The man in the beige jacket is holding a microphone and appears to be interviewing the group. The woman in the white jacket is holding a microphone and appears to be recording the interview. The children are holding orange cups and appear to be enjoying the interview. The background shows a street with buildings and people walking around. The atmosphere is lively and festive, with people dressed in casual summer clothing.",Entertainment & Shows
7394532218032491808,"The video features a woman in a pink dress and a man in a black shirt standing on a sidewalk. The woman is holding a pink purse and appears to be talking to the man. The man is wearing a black shirt and has a black belt around his waist. The background shows a street with parked cars and a fence. The sky is cloudy, and the sun is setting. The woman and the man are walking together, and the woman appears to be asking the man a question. The man is then seen standing alone on the sidewalk, looking at the woman. The woman is then seen walking away from the man, and the man is standing alone on the sidewalk. The video ends with the woman",1. Entertainment & Shows
7354508802932133166,"The video starts with a person in a room, wearing a light-colored shirt, with a background of a bookshelf filled with books. The text ""Booktok"" appears at the top of the screen, followed by ""Stitch Inning"" and then ""Booktok Stitch Inning."" The person is seen gesturing with their hands, possibly explaining or discussing something. The scene then transitions to a person sitting in a car, wearing a light-colored shirt, with a background of trees and a fence outside the window. The text ""That video is two things and it is two things only it's misogyny and it's laziness."" appears at the bottom of the screen",Entertainment & Shows
7344855206242389280,A woman in a black blazer and white shirt is sitting in a room with a wooden door in the background. She is talking to the camera.,Politics
7377794153071037739,"The video is a series of clips from the TV show ""The Office,"" featuring various characters in an office setting. The characters are engaged in conversations and interactions, with the text overlay providing context and dialogue. The video includes scenes of people in formal attire, such as a man in a tuxedo and a woman in a pink striped shirt, as well as a man in a white shirt and tie. The text overlay provides humorous commentary on the characters' actions and dialogue, adding a comedic element to the scenes. The video concludes with a man in a tuxedo looking surprised and confused, with the text overlay reading ""Oh my god. You can't be serious. That's ridiculous.",Entertainment & Shows
7349706117166959879,"The video features a person standing in a natural setting, surrounded by trees and foliage. The person is wearing a light-colored shirt and is speaking to the camera. The text overlays on the video include phrases such as ""What's up everyone?"", ""It is Frankie Muniz here and I am officially going into the jungle."", ""I don't know how to feel."", ""I'm excited."", ""I'm nervous."", ""You know, I'm normally a very organized and a planner and a control freak and I don't get to control anything here."", ""So I'm along for the ride and, you know, I hope they go easy on me."", ""That's for sure",1. News
7308194891656400170,"The video shows a group of people in a stadium, with a large crowd of fans wearing red and white. The fans are cheering and waving their arms in the air, indicating excitement and support for a team or event. The text ""FUMBLE."" appears at the top of the screen, suggesting that the video is related to a sports event or game. The fans are dressed in various colors, including red, white, and blue, and are holding up signs and cheering. The atmosphere is lively and energetic, with the fans showing their enthusiasm for the event.",Sports
7375105398946139398,"The video shows a person in a light blue robe standing in a living room, talking to the camera. The person is wearing a checkered shirt and has long, curly hair. The living room has a large window with sheer curtains, a beige couch, and a coffee table. The person is seen adjusting the curtains, opening a door, and sitting on a chair. The person is also seen holding a phone and talking to the camera. The video ends with the person standing in front of a door, talking to the camera.",Entertainment & Shows
7387067236218916129,A woman is standing in front of a purple and pink cake box. She is wearing a white shirt and a green and white patterned skirt. She is holding a pink cake box with a heart-shaped cake inside. The cake is decorated with white frosting and red cherries. The woman is smiling and looking at the camera.,Entertainment & Shows
7323395108378840351,"The video shows a person dancing in a hallway. The person is wearing a gray sweatshirt and jeans. The hallway has tiled floors and a Christmas tree decorated with red ornaments and a fan on the right side. The person dances energetically, moving their arms and legs in various directions.","3. Music, Singing, & D"
7378610696390528289,"A man in a white lab coat is speaking into a microphone in front of a large screen. The screen shows a picture of a man in a suit and tie, and the text ""Hugo Décrypte"" is displayed in the top right corner. The man in the lab coat is talking about Emmanuel Macron's announcement of the dissolution of the National Assembly. He mentions that the announcement was made on June 30 and July 7, and that it will lead to new elections in France. He also mentions that the announcement was made in response to the election results of the National Assembly. The man in the lab coat continues to speak, and the text on the screen changes",Politics
7292568999932529963,"The video shows a woman walking on a sidewalk, holding a green water bottle and a small object in her hand. She is wearing a black crop top with a white logo, black shorts, and black sneakers. Another woman is walking beside her, wearing a black sports bra, black leggings, and black sneakers. They are walking on a paved path surrounded by greenery. The video then shows the two women walking on a dirt path surrounded by tall grass and trees. The woman in the black sports bra and black leggings is holding a green water bottle and a small object in her hand. The woman in the black crop top and black shorts is also holding a green water bottle and",Fitness & Health
7360445995945037088,"The video shows a group of wild boars walking on a paved surface at night. The boars are black and have a shiny coat. They are seen eating food from a person's hand, which is placed on the ground. The person is wearing a light-colored shirt and has a camera in their hand. The boars are curious and approach the person, sniffing and eating the food. The person is seen holding a can of soda and a spoon, which they use to feed the boars. The boars are seen eating the food from the ground and from the person's hand. The person is also seen holding a flashlight, which they use to illuminate the area. The boars",Entertainment & Shows
7356329953622822187,"The video features a person wearing a colorful cap and a gray shirt with a logo on it. The person is standing in front of a computer screen displaying a stock chart for Trump Media & Technology Group Corp. The stock price is shown to be falling, with a value of 34.21 USD. The person is seen speaking and gesturing with their hands, and the text on the screen changes to provide commentary on the stock's performance. The video also includes a series of text overlays that provide additional commentary on the stock's performance and the person's thoughts on the situation.",Sports
7376774039899082027,"The video shows a group of elderly people in wheelchairs in a museum, with some of them holding objects like a drum and a cane. The text on the screen suggests that the artwork is a 2007 installation by Sun Yuan and Peng Yu, which features 13 realistic sculptures of elderly world leaders. The sculptures are displayed in electric wheelchairs, and the video humorously compares them to world leaders, dictators, politicians, and religious and military figures from recent history. The video also mentions that the artwork is currently on show at the Borster Commerce Pinot Collections The World As It Goes exhibition in Paris.",Science & Technology
7394396617882799366,"The video features a person with curly red hair, wearing a dark top, holding a large, colorful drink in their hand. The drink is decorated with various colors and patterns, including pink, white, and blue. The person appears to be in a dimly lit room, with a dark background. The text overlay at the top of the video reads ""POV: Your cousin gives you something to do drink,"" suggesting that the person is reacting to a situation where someone has given them a drink. The video does not provide any additional context or information about the situation or the person's reaction.",1. News
7382929842615979296,A person is sitting in a room and talking to the camera. They are wearing a white shirt and have a ring on their finger. The room has white walls and a mirror in the background. The person is talking about how they are feeling tired and have been working on the computer for the last few hours. They are not finding anything useful and are feeling frustrated.,Entertainment & Shows
7283171808595971370,"The video features a woman with long black hair, wearing a gray tank top, standing in a room with a plant in the background. She is wearing blue nail polish and has tattoos on her arms. The woman is speaking, and the text overlay on the video reads, ""NO BECAUSE I'M REAL AORES WHEN THE DUCK DUCK GOOSE AROES WHEN THE DUCK DUCK GOOSE AROES WHEN THE DUCK DUCK GOOSE AROES WHEN THE DUCK DUCK GOOSE AROES WHEN THE DUCK DUCK GOOSE AROES WHEN",1. News
7299771215755906312,Two women are dancing in a gym. They are wearing black jackets and pants. They are dancing in a room with wooden floors and a gray wall.,Entertainment & Shows
7397523950391086369,"A group of animated fruits, including a green apple, a blueberry, and a pineapple, are gathered together against a black background. The green apple is the centerpiece, adorned with a tiara and a crown, and is surrounded by the other fruits. The blueberry and the pineapple are positioned on either side of the apple, and the pineapple is also adorned with a tiara and a crown. The fruits are animated and appear to be in a state of celebration or celebration, as they are surrounded by colorful confetti and streamers. The video ends with a close-up of the green apple, which is now wearing a party hat and surrounded by colorful confetti.",Film & Animation
7410518813021637930,"The video shows a man in a suit and tie sitting in a room with a woman in the background. The man is speaking, and the text overlay on the screen reads, ""Do you think Americans seriously think that this is an important question?"" The woman in the background is wearing a white blazer and appears to be listening to the man. The setting appears to be a formal or professional environment, possibly a meeting or press conference. The video does not provide any additional context or information about the man's identity or the woman's role.",Politics
