video_id,summary,category
7349900395843472672,"A man in a suit and tie is being interviewed by another man in a suit and tie. The man in the suit and tie is holding a microphone with the logo of the channel ""heute SH3W"" on it. The man being interviewed is wearing a cap with a Russian flag on it. The background shows a crowd of people and a building.",Politics
7326597898358066465,"The video is a humorous comparison between a person's reaction to their cat's behavior and the reaction of a smartphone. The video is divided into two parts, each showing a different reaction.

In the first part, the person is shown in a room with a cat sitting on a bed. The person is holding a smartphone and looking at it with a surprised expression. The text on the screen reads ""Pov: Les appels avec mon chachet qui n'a jamais fait de cela"" (Pov: The calls with my cat who has never done this). The person's reaction is shown in a split-screen format, with the left side showing the",7. Pets & Animals
7302484543691328810,"The video is a series of black screens with white text. The text reads ""EMERGENCY RELIEF DISTRICT OCTOBER 1TH, 2023 STOP THE KILLING STOP HATE. TIME TO DONATE."" The text is repeated multiple times throughout the video. The video does not contain any other visual elements or audio.",1. News
7339991555408694561,"The video shows a person in a store, wearing a brown hoodie with the word ""Balea"" on it. The person is pointing at different products on the shelves, which are labeled with prices and product names. The products are various types of skin care products, including creams and gels. The person is holding up a box of Balea Vital Augencreme, which is priced at 3,85 Euro. The video also shows other products from Balea, such as the Aqua Augen Roll-On, the belebende Augenpflege, and the Vital Plus straffende Augencreme. The person is seen pointing at these products",Beauty Care
7351403366368546081,"The video showcases a series of events where humans are being hunted by aliens. The aliens are depicted as being superior in technology and strength, and they are using various weapons to hunt the humans. The humans, on the other hand, are shown to be using their own weapons and tactics to try and survive. The video ends with the humans being defeated and the aliens taking over the planet.",1. Entertainment & Shows
7380379588242804001,A person is lying in bed with a pink pillow behind them. They are wearing a black shirt with blue writing on it. The person is making a peace sign with their fingers.,Entertainment & Shows
7291005324717313313,"The video features two women standing in front of a large building with a body of water in the foreground. The woman in the pink coat is speaking, while the woman in the green dress is listening. The video includes text overlays that provide information about the rise of the anti-immigration party AfD in Germany and its impact on the new citizenship rules. The video also discusses the Bundesrat, the German upper house of parliament, and its role in blocking the law. The video concludes with a call to action for viewers to follow the creator on social media.",Politics
7184540937974975786,"The video shows a person in a car, wearing a black tank top and white headphones around their neck. They are holding a small container of a brow lift product and a spoolie brush. The person demonstrates the product by applying it to their eyebrows and using the spoolie brush to shape them. The video also includes text overlays that read ""e.l.f brow lift review"" and ""I've literally been seeing this all over TikTok so I had to try it."" The person appears to be explaining the benefits of the product and its ease of use.",Beauty Care
7343334803665603883,"The video features a woman with long, wavy hair, wearing a dark sweater and multiple necklaces, sitting in front of a cosmic-themed background. She is holding a makeup brush and appears to be speaking or presenting something. The text ""TikTok BAN TOMORROW"" is displayed at the top of the screen, indicating that the video is related to a potential ban on TikTok. The woman is seen gesturing with her hands and holding the makeup brush, suggesting she is explaining or demonstrating something related to makeup or beauty. The video also includes text overlays that provide additional information about the potential ban on TikTok and the importance of the issue. The",Science & Technology
7343662075299761440,"The video begins with a person wearing a pink sweater with a black bow tie, standing in a room with a white wall and a shelf in the background. The text ""Me (a huge horror freak) thinking no scene could ever affect me"" appears at the top of the screen. The scene then transitions to a person in a white shirt and tie, with blood on their face, standing in a dimly lit room with a green hue. The text ""This scene"" appears at the top of the screen. The video then shows a close-up of the person in the white shirt and tie, with the text ""And they were both found dead"" appearing at the top of the",1. News
7394913119375527210,"A person wearing a camouflage cap and a gray shirt is speaking in front of a plain wall. They are making hand gestures and pointing to their chest. The person is also wearing a green and red shirt with a bird on it. The person is talking about war criminals and how people with 350,000 followers can praise them without receiving pushback. The person is also talking about the number of people killed by Saddam Hussein and Vladimir Putin.",Politics
7327439802637307178,"The video features a person in a camouflage hoodie standing next to a white Chevrolet Silverado truck. The person is pointing at the truck and talking about its features. The video also includes text overlays that read ""This is The CHEPAEST Brand New Truck You Can Buy Today *2024 Chevy W/T* part 2"" and ""This is the cheapest new truck you can buy today because in the comments you guys definitely defended that this is what you want out of a truck so let's take a a look. First of all, you get a remote. You don't get remote start, you don't get remote tailgate opening, you don",Sports
7296461109572275488,"The video features a series of interviews with Trump supporters who express their disagreements with the Democratic Party and its stance on unions. The interviews take place in various outdoor settings, including a parking lot and a street with a clear sky and power lines in the background. The participants are wearing red hats with the ""Make America Great Again"" slogan and red shirts with the ""Trump"" logo. They discuss their views on unions, with one participant stating that they support unions because they believe Trump brings jobs to America. Another participant mentions that Trump's policies are pro-American and that unions are bad for business. The participants also express their frustration with the Democratic Party's stance on unions, with one participant saying that",Politics
7385384197864557855,"The video features a series of images from a debate between two men, one in a suit and the other in a suit with a blue tie. The background is blue with the CNN logo. The text overlay reads ""My favorite prt of the debate wasa-hitting whoever wasn't talking."" The images show the men speaking at a podium, with the man in the suit with a blue tie gesturing with his hands. The man in the suit with a red tie is seen speaking into a microphone. The video appears to be a compilation of clips from a debate, with the text overlay suggesting a humorous or critical take on the debate format.",Politics
7358352976639184146,"The video shows a view from inside a car driving on a wet road during a rainstorm in Dubai. The camera captures the raindrops on the windshield and the reflections of the red taillights of the cars ahead. The scene is dark and gloomy, with the rain making the road slick and the visibility low. The video ends with a close-up of the wet road, showing the reflections of the red taillights of the cars ahead.",1. News
7371030140370963713,"The video is a series of gameplay clips from the game Overwatch, showing various characters and their abilities. The first clip shows a character with blue and green glowing hands, with the text ""overwatch is so broken"" and ""very good"" appearing on the screen. The second clip shows a character with a blue and black suit, with the text ""I'm stuck"" and ""hello?"" appearing on the screen. The third clip shows a character with a blue and black suit, with the text ""I'm stuck"" and ""hello?"" appearing on the screen. The fourth clip shows a character with a blue and black suit, with the text ""I'm stuck"" and ""hello?"" appearing",Sports
7328941581862473006,"The video begins with a close-up of a fighter jet on a runway, with the word ""HIGH"" in bright yellow letters superimposed over the image. The jet is stationary, and the background is a cloudy sky. The scene then transitions to a different angle, showing the jet in flight with a cargo plane in the background. The jet is seen from a distance, with the cargo plane in the foreground. The jet is then shown in flight, with the word ""HIGH"" still visible. The jet is seen from a low angle, with the sky and clouds in the background. The jet is then shown in flight, with the word ""HIGH"" still visible. The jet",1. News
7295860137162591519,"The video features a person wearing a plaid shirt, sitting in front of a blue background. The person is speaking and the text overlays the video with various statements about the history of violence and injustice. The text mentions the obliteration of indigenous people by colonizers, the use of the ""kernel of truth"" to justify violence, and the power imbalance in society. The person also discusses the injustices faced by Palestinians and Hamas, and the importance of holding those with power accountable. The video ends with a statement about the dangers of unchecked righteousness.",Politics
7407540452611640606,"The video shows a man in a blue shirt and black gloves sitting at a desk in an office. He is working on a computer and appears to be in the process of checking his passport. The man is wearing a black glove on his right hand and a black glove on his left hand. The desk has a keyboard, a mouse, and a few other items on it. The man is looking at a passport and appears to be searching for something. The video ends with the man looking at the camera and saying ""Next.""",Travel & Events
7372987016914455841,"The video shows a cricket match between Pakistan and England. The players are wearing different colored uniforms, with the Pakistan team in orange and the England team in green. The match is taking place in a large stadium with a crowd of spectators. The players are seen running and playing the game.",Sports
7366561209996332320,The video shows a person with long black hair wearing a white shirt. The person is sitting in a room with a yellow wall and a black TV in the background. The person is holding a hairbrush and appears to be brushing their hair. The person is also wearing a gold watch and has a gold bracelet on their wrist. The person is making hand gestures and talking to the camera. The video ends with the person continuing to talk and gesture.,Entertainment & Shows
7334130841016274222,"The video features a black sports car parked in a parking lot. The car is sleek and has a low profile, with a prominent front grille and large alloy wheels. The background of the video is a typical parking lot with trees and a building in the distance. The video is overlaid with text that reads, ""I don't reverse park to look cool, a mufti can't park forward..."" This text suggests that the person filming the video is frustrated with their own parking skills and is trying to convey that they are not as skilled as others. The video does not provide any additional context or information about the person filming or the location.",1. News
7380389929790033185,"The video features a romantic dance between two characters in a dimly lit room with a dramatic atmosphere. The male character, dressed in a blue and brown outfit, is holding the female character, who is wearing a white dress, in a close embrace. The female character appears to be in distress, with her arms raised and her head tilted back in a gesture of surrender or surrender. The male character's expression is one of concern and determination as he holds her close. The background is dark and shadowy, with a hint of a building structure visible. The dance is slow and intimate, with the male character's movements being more fluid and graceful than the female character's. The video ends with the male",Sports
7343754603927850245,"The video is a series of images that appear to be from a protest or rally, with people holding signs and flags. The images are overlaid with text that reads ""FREE PALESTINE"" and ""Remember, you can post one video each day using this filter and it will still count. So, if you post once every Monday, Tuesday, Wednesday, private or public, it will count as three quotes."" The images show people in different poses, some holding signs and others holding flags. The colors in the images are mostly red, white, and black, with the flags being green, white, and black.",Politics
7357827492289465646,"The video features a person wearing a white t-shirt with a cartoon character on it. The person is standing in a room with shelves and a refrigerator in the background. The person is making various hand gestures and movements, possibly expressing frustration or frustration with the idea of eating. The text on the screen changes throughout the video, indicating different thoughts and emotions. The person seems to be talking about the inconvenience of grocery shopping, cooking, and eating, and how they would prefer not to do any of these things. The person also mentions that they have ADHD and that feeding themselves is hard for them. The video ends with the person saying they are over it and don't want to do any of these things",Entertainment & Shows
7366736772253977889,"The video is a series of clips that discuss the potential impact of rising sea levels on Tuvalu, a small island nation in the Pacific. The video begins with an aerial view of Tuvalu, showing its coral islands and the surrounding ocean. It then shows footage of the sea level rising, with the text ""The sea level in Tuvalu is now 15 cm higher than it was 30 years ago."" The video also shows footage of Tuvalu's government, including a man in a suit speaking at a podium and a woman in a blue dress. The video also shows footage of Tuvalu's government creating a virtual country, with the text ""As well",Politics
7342750088902511915,"The video shows a person standing in a bathroom, taking a selfie with a phone. The person is wearing a black t-shirt and black shorts. The bathroom has a tiled wall with blue and yellow stripes, and there is a mirror above a sink. The person is holding a colorful phone case with a floral design.",1. News
7325461211653492010,"The video shows a person wearing a purple hoodie with the word ""Champion"" written on it. The person is standing in front of a white wall and a wooden door. They are talking to the camera and gesturing with their hands. The person is also seen adjusting their hair and talking to the camera. The video ends with the person still talking to the camera, with the same background and setting.",Entertainment & Shows
7363144949442825518,"The video features a person with long blonde hair, wearing a black shirt with a graphic design, standing in a room with a door in the background. The person is speaking, and the text overlay on the video reads, ""why is finding a girl friend no im not trying to fall in love with, im trying to fall in love with."" The person appears to be talking about their feelings and intentions regarding finding a romantic partner.",1. Entertainment & Shows
7375972216707484960,"The video is a series of frames showing a man in a white shirt standing in front of a screen with a list of Labour's policy steps for change. The man is holding a pen and pointing at the screen, which displays a list of policy steps. The list includes:
1. Deliver economic stability
2. Cut NHS waiting times
3. Launch a new Border Security Command
4. Set up Great British Energy
5. Crave down on alcohol
6. Recruit 6,500 new workers
The man is seen speaking and gesturing as he points at the screen, and the text on the screen changes to indicate the policy steps. The video ends with",Politics
7363604482355137799,"A woman is standing in a kitchen, holding a large box. She is talking to the camera and showing the box to the viewer. The box is filled with various items, including a bottle of water and a bottle of oil. The woman is then seen packing the items into a plastic bag. She is using a tablet to search for a product on a website. The video shows the woman packing the items into a plastic bag and then placing them into a box. The woman is then seen standing in front of a mirror, holding the box. She is talking to the camera and showing the box to the viewer. The video shows the woman packing the items into a plastic bag and then placing them into",Entertainment & Shows
7341253553245408558,"The video features a woman in a light blue shirt with a floral pattern, speaking directly to the camera. She is in a well-lit room with a window in the background. The woman discusses her family's financial situation, mentioning that she bought a house for her entire family, but who's paying for it. She expresses her frustration with her brothers not moving out when she and her husband want to have babies. The woman also shares her family's immigration story and her goal to take care of her family. She mentions that she expects her family to pay rent, but she will be the one to take care of them. The video ends with the woman expressing her gratitude for being able to take care",1. News
7346960504490937642,"The video starts with a woman lying on a bed, wearing a white tank top and a necklace. She is holding a phone and looking at it. The scene transitions to a black and white image of a car driving down a road, with a woman in a white dress sitting in the back seat. The car is a classic model with a large trunk. The video then shows a close-up of a woman's hand with a ring on it, followed by a man and a woman sitting in a convertible car, with the woman in a white dress and the man in a suit. The video then shows a couple dancing on a boat, with the woman in a white dress and the man in",1. Entertainment & Shows
7203774185322188037,"The video begins with a person standing in front of a door with a sign that reads ""A BESTE HOUSE"" and a phone number below it. The person is wearing a dark blue shirt and gray pants. The door is open, and the person is holding a piece of paper. The scene then transitions to the same person standing in front of a different door with a sign that reads ""Vor der Abschlussprüfung"" (Before the final exam). The person is wearing a dark blue shirt and gray pants. The video then shows the person sitting at a desk in a room with a wooden floor and a window in the background. The person is wearing a dark",1. Entertainment & Shows
7324373228028300577,"The video is a series of humorous and relatable scenarios that highlight the challenges and frustrations of working in finance. It starts with a man walking down a street at night, followed by a close-up of a shelf filled with skincare products, suggesting the importance of skincare in the finance industry. The video then transitions to a man in a subway, followed by a man in a restaurant, and ends with a man in a bed, all of whom are struggling with the monotony and lack of personal fulfillment in their jobs. The video also touches on the challenges of working with models, the stress of working with high-achieving individuals, and the difficulty of having a dating life in the finance industry. The",Entertainment & Shows
7404376866108312865,"The video is a compilation of various scenes showing the aftermath of a military operation in Kursk, Russia. It begins with a chaotic scene of people running and being escorted by police officers, indicating a recent conflict. The footage then transitions to a more serene setting where a man in a denim jacket is speaking to the camera, suggesting a shift in perspective from the chaos to a more reflective tone. The narrative continues with a woman in a white shirt standing in front of a building, possibly a government or public building, indicating a return to a more formal setting. The video then shows a woman in a patterned jacket speaking to the camera, followed by a scene of a military vehicle in a parking",Politics
7379002112652660014,"The video features a person wearing a white shirt with a graphic design, standing in front of a window with blinds. The person is seen holding a necklace with the name ""RITANA"" written on it. The necklace is displayed on a white card with the text ""Fashion Jewelry"" and a logo. The person appears to be expressing gratitude towards someone named Sarah, as indicated by the text on the card. The video concludes with a close-up of the necklace on the card, emphasizing the name ""RITANA"".",1. News
7394618529569344811,"The video features a series of scenes showing different individuals, including a woman in a suit and a man in a suit, speaking at podiums. The woman is identified as Vice President Kamala Harris, and the man is identified as President Joe Biden. The video also includes text overlays and graphics that provide context and information about the events being depicted. The video is set against a backdrop of American flags and other political symbols, suggesting a political context. The video concludes with a message from President Biden, expressing his support for Vice President Harris and his commitment to working towards a better future for all Americans.",Politics
7366286242406829345,A man in a grey hoodie is playing a DJ controller in an office. He is wearing headphones and has a microphone. He is standing in front of a computer.,"Music, Singing, & Dancing"
7325205573941710111,A person is sitting in a room with a black dresser and a mirror in the background. The person is wearing a black t-shirt with a picture of a man on it. The person is talking to the camera and making hand gestures. The person is also holding a phone and showing it to the camera. The person is talking about a ghost hunting experience and how they decided to take two days to get ready for it. The person is also talking about how they have only recorded during daylight hours and how they will be out of the frame for the majority of the video. The person is also talking about how they have only recorded during daylight hours and how they will be out of the frame for,Science & Technology
7352304151897951521,"The video begins with a person standing in a living room, wearing a black shirt and red pants. The room is decorated with a chandelier, a fireplace, and a rug. The person is holding a pair of shoes and appears to be talking to the camera. The scene then transitions to the same person sitting on the floor, surrounded by a collection of shoes. The person is wearing a black shirt and red pants, and is surrounded by various pairs of shoes, including sneakers and boots. The video then shows the person standing in a different room, wearing a black shirt and red pants, and talking to the camera. The room is decorated with a fireplace, a rug, and a painting",Entertainment & Shows
7365063366907333921,"The video showcases a breathtaking view of a city skyline at sunset. The sky is painted with hues of pink, purple, and orange, creating a stunning backdrop for the city's illuminated buildings. The city's lights reflect off the water, adding to the beauty of the scene. The video captures the city from a distance, allowing viewers to appreciate the architectural details and the vibrant colors of the sunset. The video does not contain any text or additional information.",1. News
7346235933882076448,"The video shows a man in a green hoodie and blue jeans using a blue mechanical device to work on a wooden post in a field. He is seen bending over and using the device to work on the post, which is surrounded by a dirt ground and some trees in the background.",1. Sports
7305148019727420718,"The video features a woman with long black hair wearing a white turtleneck and a brown and white fur coat. She is standing in front of a movie poster for the film ""Watcher."" The poster shows a woman with long blonde hair in a dark room. The woman in the video is gesturing with her hands and appears to be talking or explaining something. The background of the video is dark and moody, with a blue light source visible in the upper left corner. The text on the poster reads ""WATCHER"" and ""EVIL WANTS TO BE SEEN."" The video also includes a scene from the movie where a man is seen walking down a dark street",8. Entertainment & Shows
7395252325104766216,"The video begins with a first-person perspective of a player in a video game, showcasing a virtual environment with buildings and a clear sky. The player's health is at 100%, and the score is 0-0. The scene then transitions to a close-up of a cat's face, which is superimposed onto the player's avatar, giving the impression that the player is a cat. The cat's face is white with orange patches, and it is wearing a green helmet. The cat is holding a sniper rifle, and the scene is set in a virtual environment with buildings and a clear sky. The cat's face is superimposed onto the player's avatar, giving",0:01
7354853011887312160,"The video is a humorous take on a pizza night, featuring a group of people sitting around a table with pizza in front of them. The text overlay on the video reads, ""It's pizza night on @xxthefovox But what are our favorites???!"" and ""Pineapple doesn't belong on pizza.... ABSOLUTELY!"" The video then shows a person in a blue hoodie eating a pizza with pineapple on it, with the text overlay saying, ""Why did you eat the whole pineapple pizza."" The person then eats the pizza, with the text overlay saying, ""Looks like you do like it...."" The video ends with the person still eating the",Entertainment & Shows
7355938811429260550,"The video shows a person wearing headphones and singing along to a song. The lyrics of the song are displayed on the screen, and the person is reacting to the lyrics with various facial expressions and hand gestures. The background is colorful and has a bokeh effect, with a pink and blue color scheme. The person is wearing a black top with floral patterns. The video also includes comments from viewers, which are displayed at the bottom of the screen.","Music, Singing, & Dancing"
7363655590524226862,"The video is a series of frames showing a person sitting at a desk with a computer and a cup on it. The person is wearing a dark shirt with the words ""LOVE HOPE CUR"" on it. The background is a blue and purple neon light. The person is talking about Discord, a messaging app, and how it has been affected by a website that has been scraping the data of over 114 million Discord users. The person also mentions that Discord has changed its terms of services, making it so that users cannot sue them in the case of a class action lawsuit. The person is also talking about a website called spy.pet that has been posting",News
7337977691611696417,"The video shows a person driving a car, wearing a white sweater and a gray shirt. The person is driving through a city street, with buildings and cars visible through the windows. The person is seen gesturing with their hands, possibly talking or expressing frustration. The video ends with the person still driving, with the same gestures and expressions.",1. News
7335864619187146016,"The video is a series of maps and images that compare the population and geography of Wyoming and Colorado. It starts with a map of the United States highlighting the states of Wyoming and Colorado, with the text ""Why Wyoming Is 'Epiypt' And Colorado Is Not"" at the top. The video then shows a map of the Rocky Mountains, with the text ""ROCKY MOUNTAINS"" in a red box. It then shows a map of the Yellowstone Plateau, with the text ""Yellowstone's Four Year Une"" in a red box. The video then shows a map of the Rocky Mountains, with the text ""ROCKY MOUNTAINS"" in",Science & Technology
7356565580603870497,"The video features a series of conversations between different individuals, each with their own unique background and context. The first person, dressed in a dark suit, is seen speaking into a microphone, with the text overlay suggesting a discussion about mental health and the Prime Minister's response. The second person, wearing headphones, is also engaged in a conversation, with the text overlay indicating a discussion about the Prime Minister's reaction to the situation. The third person, wearing a pink outfit, is seen speaking into a microphone, with the text overlay suggesting a discussion about the Prime Minister's response to the situation. The fourth person, dressed in a dark suit, is seen speaking into a microphone, with the text overlay suggesting",Politics
7407322364309949728,"The video shows a group of people performing on stage. They are dressed in casual clothing and are dancing energetically. The stage is brightly lit with colorful lights, and the background features a large screen with a pink and blue design. The performers are moving in sync with each other, and the audience can be seen in the foreground, watching the performance. The video also includes a text overlay that reads ""I don't wanna die Before we love, we love, this feeling, babe Cause it's enough, enough, can't be this way Before we love, we love, this feeling, babe I love it, I like it, but I don't wanna die Ooh,","Music, Singing, & Dancing"
7395058028594122014,"The video features a series of individuals in various settings, each with a caption that references a political figure or event. The first individual is wearing a suit and tie, with the caption ""and I think this election is way too important for any of us to be distracted, so I stand by what I said in my video."" The second individual is wearing a suit and tie, with the caption ""So I stand by what I said in my video."" The third individual is wearing a suit and tie, with the caption ""And why lives in that Brooklyn out of that yo."" The fourth individual is shirtless, with the caption ""you cannot take that Brooklyn out of that yo."" The fifth",Politics
7357035995667107114,"The video shows a woman in a black shirt with a colorful design and a red shirt with a white collar standing in a brightly lit, modern-looking restaurant. She is holding a drink in her hand and appears to be talking to someone off-camera. The background features a counter with various items on it, including a drink dispenser and a menu board. The woman is seen drinking from the drink and then placing it down on the counter. She then stands up and walks away from the counter, passing by other people in the restaurant. The video ends with the woman standing in front of a counter with a drink in front of her, and she appears to be talking to someone off-camera.",Entertainment & Shows
7322958700291853614,"The video is a compilation of various segments from a news broadcast, featuring different individuals and topics. The segments are presented in a way that suggests a discussion or debate format, with the news anchors and guests providing commentary on the topics at hand. The video includes a mix of political commentary, questions about the origins of the coronavirus, and discussions about the potential impact of a second term of a Donald Trump presidency. The segments are presented in a way that suggests a debate or discussion format, with the news anchors and guests providing commentary on the topics at hand. The video includes a mix of political commentary, questions about the origins of the coronavirus, and discussions about the potential impact of a second term of a Donald",Politics
7333721172363922734,The video shows a man in a blue shirt and khaki pants standing in front of a black Toyota Camry. He is wearing a blue jacket and sunglasses. The man is dancing and moving his arms and legs in various ways. He is also making different facial expressions and gestures. The background includes other cars and palm trees. The video ends with the man still dancing in front of the black Toyota Camry.,1. News
7320342127790148907,"The video depicts a series of interactions between a police officer and a group of individuals in a room with blue lockers. The officer, dressed in a police uniform, is seen making various gestures and movements, including pointing, holding a gun, and gesturing with his hands. The text overlay throughout the video reads ""TYRANT COPS MAKE BIG MISTAKE - Silverthorne Colorado - FBI Amaganset Press,"" indicating that the video is part of a series of reports or articles from the FBI Amaganset Press. The interactions between the officer and the individuals in the room appear to be tense and confrontational, with the officer making assertive gestures and the individuals responding with def",News
7287998089279917345,"The video begins with a person standing outdoors, wearing a dark jacket and a white shirt with a black logo. The person is holding a smartphone and appears to be speaking. The background shows a park with trees and a path. The scene transitions to a close-up of a laptop screen displaying the Amazon website. The text on the screen reads, ""Hallo, amelie,"" and then changes to ""Amazon Outlet."" The person is seen scrolling through the Amazon Outlet section, which features discounted items in various categories. The video then shows a close-up of the laptop screen again, with the text ""Amazon Outlet"" still visible. The person continues to scroll through the Amazon Out",1. News
7340766599860849926,"The video shows a man in a military uniform standing at a podium, speaking into a microphone. He is wearing a dark blue uniform with various medals and insignia on the left side of his chest. The background features a large building with the words ""The Pentagon"" and ""Washington"" visible. The man is addressing the audience, likely providing information or updates on a military-related topic. The video also includes text overlays that provide context and information about the event, such as the date and location of the event, as well as the name of the man speaking.",News
7324688586807201070,"The video shows a young woman sitting in a classroom, wearing a white sweater and a beige scarf. She is looking at a piece of paper in front of her. The text on the screen reads ""Special Ed teacher trying to figure out whether their student is crying."" The woman appears to be in a classroom setting, with books and other educational materials visible in the background. The video does not provide any additional context or information about the woman or the situation she is in.",1. News
7195058735914519809,"The video begins with a view of a construction site where a tall building is being demolished. A crane is seen lifting a large piece of the building, which then falls to the ground, causing a massive explosion. The scene shifts to a wider view of the demolition site, showing the partially demolished building and the surrounding area. The video then transitions to an aerial view of the demolition site, where the building is being completely demolished. The debris is seen flying through the air, and the surrounding area is covered in dust and smoke. The video concludes with a view of a tall building in the distance, surrounded by smoke and dust.",1. News
7360854136440540459,"The video is a series of scenes from a movie or TV show, featuring a man in a gray shirt and a man in a black leather jacket. The man in the gray shirt is seen in various settings, including a room with a door, a hallway, and an outdoor area. The man in the black leather jacket is seen in different settings as well, including a room with a staircase and a hallway. The video also includes text overlays with dialogue and captions, such as ""Can I help you?"" and ""HUELL? WHO'S HUELL?"" The video ends with a black screen displaying the word ""HUELL"" in white letters.",1. News
7408631372044111135,The video shows a person with tattoos petting a kitten on a white surface. The kitten is small and has a black and white coat. The person is holding the kitten gently. The video also shows a group of kittens huddled together on a white surface. The kittens are small and have different coat colors. The person is petting the kittens gently. The video also shows a person with tattoos petting a kitten on a white surface. The kitten is small and has a black and white coat. The person is holding the kitten gently. The video also shows a group of kittens huddled together on a white surface. The kittens are small and have different coat colors. The person is petting the,Pets & Animals
7383460841204534534,"The video begins with a close-up of a wooden surface, where a small metal object is placed. A pair of pliers is then used to grip the object, and a hammer is used to strike it, causing it to break. The video then shows a close-up of a metal object being sharpened on a grinding wheel, with sparks flying as the metal is being sharpened. Finally, the video shows a close-up of a metal object being sharpened on a grinding wheel, with sparks flying as the metal is being sharpened.",Science & Technology
7340748820130647326,"The video shows a group of people sitting at a table in an office setting, discussing the new $20 minimum wage law in California. One person is holding a sandwich and appears to be asking questions about the exemption for fast food chains that have bakeries. The video also includes text overlays that provide additional information about the law and the people involved.",Politics
7289539647825382698,"The video features a woman in a kitchen, wearing a peach-colored shirt with a floral pattern and dark blue shorts. She is dancing energetically, moving her arms and body in various directions. The kitchen is well-lit, with a white countertop and cabinets in the background. The woman's movements are lively and expressive, with her arms raised and her body swaying to the rhythm of the music. The video does not contain any text or subtitles.",1. News
7390878944012045598,"The video is a series of clips from a gaming session where a person is playing a game called ""Roblox."" The person is dressed in various outfits and is interacting with other players in the game. The game features a virtual environment with a pool, palm trees, and a building. The person is seen walking around the pool area, interacting with other players, and trying to win the game. The person is also seen in a different outfit in the game, which is a black outfit with a red bow. The person is also seen in a different outfit in the game, which is a black outfit with a red bow. The person is also seen in a different outfit in the game, which",Sports
7390133152670420266,The video shows a person wearing a black shirt with a skull design and a necklace with a cross pendant. The person is standing in a room with a wooden dresser and various items on it. The person is wearing hoop earrings and has long hair. The person is also wearing a necklace with a cross pendant. The person is standing in front of a wall with a black curtain. The person is wearing a necklace with a cross pendant. The person is wearing a necklace with a cross pendant. The person is wearing a necklace with a cross pendant. The person is wearing a necklace with a cross pendant. The person is wearing a necklace with a cross pendant.,1. News
7373916497896377617,"A person is making a cake. They start by mixing ingredients in a bowl. Then, they pour the batter into a cake pan and place it in the oven. After baking, the cake is decorated with a layer of caramel and a border of biscuits.",Food
7303250453079280927,"The video is a promotional video for an airline pass that allows for four round-trip tickets to various destinations, including Tahiti, Paris, Auckland, and Tokyo. The pass costs $1,525 and is available for purchase through a reservation center. The video emphasizes the value of the pass, stating that it is a ""very good deal"" and that the pass is only available for purchase on November 25th at 9 a.m. Pacific time. The video also highlights the requirement to fly out of LAX or Seattle for the flights and the limited number of passes available, with only 250 passes available for purchase. The video concludes with a person holding an",Travel & Events
7330776298576514347,"The video features two individuals sitting at a table with a large, colorful, and interactive game board in front of them. The game board has a large wheel with different colored sections, each labeled with a word or phrase. The individuals are engaged in a game where they spin the wheel and choose a word or phrase from the board. The video alternates between different words and phrases, such as ""Onomatopoeia,"" ""Eyes,"" ""Invention of the telephone,"" and ""The Eagles."" The individuals appear to be enjoying the game and are smiling and laughing as they spin the wheel and choose their answers.",Science & Technology
7386716685945900320,The video shows a man in a suit and tie standing in front of a crowd of people. He is then seen sitting down and talking to someone. The video ends with a man in a suit and tie standing in front of a crowd of people.,Sports
7390820226562084139,"The video is a humorous take on a rainy day scenario where a group of anthropomorphic animal characters are trying to find a lost item. The video starts with a group of characters standing under an umbrella, trying to stay dry in the rain. One of the characters, a brown bear, is holding a purple umbrella and talking to the others. The text on the screen reads ""When you're just trying to have a brasummer."" The bear then says, ""Little did I know, I was swimming with a pack of thieves."" The other characters look at the bear with concern. The bear then says, ""Calm down, DW. Someone probably put it in the lost and found. We",Film & Animation
7361435694725696810,"The video is a series of tweets from a person who is addressing the audience at a live show. The tweets are written in a conversational style and express the person's thoughts and feelings about the show and the audience. The tweets are set against the backdrop of a live show, with the audience visible in the background. The tweets discuss the importance of inclusivity and safety in the show, and the person expresses their desire to include more people in the show. The tweets also mention the person's VIP experience and their desire to induct more people into the show. The final tweet includes a photo of a ticket for the show, with the text ""NOMINEE: MY LIVE SET GOT ME",Entertainment & Shows
7317028968568343850,"The video is a series of humorous and instructional clips demonstrating various ways to talk to girls. The first clip shows a person using a tool to cut a piece of wood, with the text ""how do I talk to girls I'm shy?"" displayed at the top. The person then uses a different tool to cut a piece of wood, with the text ""I'll give you guys the best advice"" at the top. The next clip shows a person using a pair of pliers to cut a piece of wood, with the text ""if you wanna"" at the top. The person then uses a different tool to cut a piece of wood, with the text ""to girls"" at the top",Comedy
7393735339996712225,"The video features a person wearing a white and blue striped shirt with a blue collar, standing in front of a door. The person is holding a phone and appears to be speaking or reacting to something. The background is a plain wall with a door visible. The person is wearing a watch on their left wrist. The video has a humorous tone, as indicated by the text overlay that reads ""QUAND ON A 11 DE VUE LE \""M\"" VENTE E \""MILLION\"" MAISQUAND ON A 1 K DE VUE, SE L'ELLE \""K\"" VIENT DE QUE MOT ?"" which translates to ""When you see \""M",Sports
7286953369133174062,"The video shows a man in a yellow shirt and black pants standing on a sidewalk next to a road. He is holding onto a large, black and white parachute. The background features a mountainous landscape with trees and buildings. The man begins to run towards the camera, and as he gets closer, the parachute starts to inflate. The man then jumps off the sidewalk and into the air, with the parachute fully inflated. He floats in the air, and the parachute billows out behind him. The video ends with the man still floating in the air, with the parachute still billowing out behind him.",Sports
7210197949433892142,"The video showcases a picturesque beach scene with a clear blue sky and calm ocean waters. The beach is bustling with people enjoying the sunny weather, with some lounging on beach chairs and others walking along the shore. The beach is lined with umbrellas and beach towels, indicating a popular spot for relaxation and sunbathing. The video is overlaid with text in Italian, providing a list of the beach's favorite attributes, such as its ""iconic and icy"" nature, its ""reasonable"" food options, and its ""delicious"" umbrellas. The text also mentions the beach's ""great peachy-beige"" sand and its ""reasonable"" prices. The",Favorite beach in Capri
7317451980497046826,"The video is a compilation of morbid facts about the Church of Scientology. It features various images of people associated with the church, including the wife of Scientology leader David Miscavige, Lisa McPherson, and Charles Manson. The video also includes quotes from former Scientologists and the founder of Scientology, L. Ron Hubbard. The quotes suggest that the church has a history of violence, death, and criticism. The video is presented in a collage format, with each image accompanied by a caption. The captions provide context and information about the individuals and events depicted in the images. The video does not contain any audio or video content other than the captions.",Science & Technology
7346304747646848288,A group of people are shopping in a grocery store. They are looking at the shelves and picking out items. One person is holding a box of cookies. The video shows a person in a blue jacket and red hoodie looking at the shelves.,Entertainment & Shows
7357381570371603717,"The video shows a group of women dancing in a living room, followed by a man in a beige jacket and white shirt speaking to the camera. The man is making hand gestures and pointing to his chest. The video then shows a close-up of the man with the text ""they won't be interested"" on the screen.",1. Entertainment & Shows
7319635608945675528,"The video features a young man performing a dance routine on a stage. He is dressed in a white sweatshirt with a graphic design, black and white striped pants, and red sneakers. The stage is dimly lit with purple lighting, and there is a small audience seated in the background. The dancer's movements are fluid and energetic, with a variety of poses and steps that showcase his skill and coordination. The video captures the dancer's performance from different angles, highlighting his movements and the stage environment.",Dance
7288048371019926814,"The video shows a woman standing outside in a cold environment, wearing a white shirt. She is holding a thermometer and appears to be measuring the temperature. The background is a wooden deck with a white railing. The woman is wearing a nose ring and has long, dark hair. She is looking at the thermometer and appears to be talking to the camera. The video also includes text overlays that read ""Ready to the cow your mom's comment"" and ""I feel like she's her and is just in a freezing room.""",1. News
7302492057975688490,"The video features a person wearing a tie-dye tank top with a watermelon pattern. The person is standing in front of a white wall with a ceiling fan. The person is wearing a pair of sunglasses on their head. The video includes text overlays that read ""From the river to the sea"" and ""From the river to the sea."" The video also includes a logo for the Filter Creator Fund, which is a non-profit organization that supports Palestine.",Entertainment & Shows
7289320054347468078,"The video features a person sitting at a desk, typing on a laptop. The background includes a painting with a sunset-like color scheme. The person is wearing a dark shirt and has short, light-colored hair. Throughout the video, the text on the screen changes to provide different information. Initially, the text reads, ""Hakeem Jeffries will expel the head of the Republican Party."" Later, the text changes to, ""Hakeem Jeffries will expel the head of the Republican Party and then he will be replaced by a Democrat."" The person continues typing on the laptop, and the text on the screen remains the same. The video does not show any significant changes in the person",Entertainment & Shows
7346011922946510126,"The video begins with a person wearing a beige hoodie and a backpack, standing outdoors with trees and a street in the background. The person is wearing sunglasses and has a backpack on their back. The scene transitions to a news article from NBC News, which discusses RFK Jr.'s consideration of Aaron Rodgers as his vice presidential running mate. The article mentions that Rodgers has no governing experience and is a former professional athlete. The video then shows a screenshot of a CNN article about RFK Jr.'s VP prospect, mentioning Rodgers' involvement in conspiracy theories. The video concludes with a person wearing a beige hoodie and a backpack, standing indoors with a plain background.",Politics
7366304208150121774,"The video features a series of individuals making heart shapes with their hands in front of their faces, with the text ""Millennials try new Gen Z handcart"" appearing at the top of the screen. The individuals are dressed in various outfits, including a red shirt, a red jacket with ""Los Angeles"" written on it, a beige jacket over a graphic t-shirt, and a yellow jacket. The background of each scene is different, with some featuring a plant and others a shelf with books. The video appears to be a humorous take on the fashion and style of different generations.",Entertainment & Shows
7360733570232552710,"The video features a person standing outdoors, holding a large, ornate clock with a black background and gold accents. The clock has Roman numerals and is labeled ""Украина"" (Ukraine). The person is dressed in a black shirt and light blue jeans. The background is a park with trees and a paved path. The video includes text overlays with contact information, including a phone number and email address. The person appears to be showcasing the clock, possibly for sale or as a decorative piece. The video does not contain any audio, as indicated by the audio transcript.","1. Music, Singing, & D"
7369576124948548897,"The video shows a person holding a small dog in a field. The dog is wearing a red shirt with a logo on it. The person is speaking Russian, and the text on the screen reads ""Когда он пытается забрать тубики с подругок"" (When he tries to take the toys from his girlfriend). The dog appears to be barking and growling at the person, and the person is trying to hold the dog's mouth closed. The dog's fur is brown and fluffy, and it has a long tail. The background is a grassy field with trees in the distance",7. Pets & Animals
7393839173922327841,"A map of the United States is shown with a blue and red color scheme. The blue color represents the states where Joe Biden is the winner, while the red color represents the states where Donald Trump is the winner. The map is divided into states, with each state colored according to the winner of the election. The map also shows the number of votes each candidate received in each state. The video also shows a screenshot of a webpage with a comment section, where people are discussing the election results.",Politics
7388205937036725537,"The video shows a person wearing a blue and white jacket with the word ""Supacell"" on it. The person is sitting in a car and appears to be trying to activate their Supacell power. The person is holding a phone and looking at it, possibly trying to figure out how to activate the power. The background of the video is a car interior, with a steering wheel and other car features visible. The person is wearing a seatbelt and appears to be focused on the task at hand.",1. News
7362611852360174881,"The video begins with a black screen displaying the text ""4TO ЛОВОВЬ выда ПЕРЕСТРЕЛКИ ЯНКУ"" in white letters, which translates to ""4TO LOVVY will give you a kiss, a kiss of the sun"". The scene then transitions to a dark, nighttime setting with a cityscape in the background. The text ""КОТОРИЙ"" appears, followed by ""КОТОРИЙ �",1. News
7368846954471640362,"A person with long red hair is standing in a kitchen, wearing a black sweatshirt with green text. They are gesturing with their hands while talking. The kitchen has white cabinets and a light fixture on the ceiling.",Comedy
7108772250320473349,"The video showcases various activities and attractions in the Greek island of Paros. It begins with a person standing in front of a scenic view of the island, with the text ""Paros 5 out of the box activities!"" displayed at the top. The person is wearing a red and white striped shirt and appears to be speaking. The video then transitions to a list of activities, each accompanied by a corresponding image. The first activity is to have a meal in the traditional village of Lefkest, followed by a 3.5 kilometer hike on the old Byzantine road to the village of Prodromos. The second activity is to visit the beach of Kalogero, which offers a natural",Travel & Events
7349908267742743854,"The video features a person wearing a red shirt with a black design, speaking into a microphone. The background is a room with shelves containing various items, including books and decorative objects. The person is discussing the legal implications of Donald Trump's actions, specifically his claim of immunity. The video includes text overlays that provide commentary on the topic, with phrases such as ""Trump works againstinh is legal team in Presidenta a Immunity claim!"" and ""Donald Trump hcmpulyely claims in Opal in Trus."" The person appears to be making a point about the legal challenges Trump's actions pose to his defense team. The video also includes a quote from a legal scholar,",Politics
7273897683918621994,"The video showcases a football game between two teams, one in white and yellow uniforms and the other in maroon and yellow uniforms. The game is played in a stadium filled with spectators, with the crowd cheering and waving flags. The players are seen running on the field, tackling each other, and making plays. The video also includes scenes of players celebrating, with one player in a white uniform raising his arms in triumph. The atmosphere is lively and energetic, with the crowd's excitement palpable.",Sports
7374631394108181806,"The video shows a woman standing in front of a bed in a bedroom. She is wearing a denim outfit and is holding a pair of shoes. The bed has a tufted headboard and is covered with a white comforter. The woman appears to be talking about packing because her spouse was brought to the USA at age 4. She mentions that her DREAMER age 19 got married in 2017, and her daughter left the USA for her appointment in Mexico in 2020. She also mentions that she and her daughter lived in the USA for a year and a half, and then they continued to live in Mexico. The woman then stands",Entertainment & Shows
7285324334934035745,"The video shows a man in a suit and tie standing in front of a group of people in a room. He is holding a microphone and appears to be speaking to the group. The room is filled with people, some of whom are standing and others are sitting. The man in the suit is wearing a suit and tie, and he is holding a microphone. He appears to be speaking to the group, and the people in the room are listening to him.",1. News
7374137745364602155,"The video features a woman in a pink jacket and a man in a black shirt inside a car. The woman is speaking, and the man is listening attentively. The woman is making a point about dating someone who wants you, not someone who doesn't. The man is wearing a black cap and a black shirt. The video is set in a car, with the woman speaking and the man listening.",1. News
7345205332383108394,"The video shows a series of scenes depicting the situation in Haiti after the U.S. Marines deployed there to airlift U.S. embassy staff out of the country. The video also highlights the government's loss of credibility and power, leading to the rise of gangs and the government's inability to restore order. The U.S. has ruled out using troops to restore order, and the government has requested foreign troops for over two years. The U.S. has agreed to finance the deployment of a thousand Kenya police officers, but the plan continues to be delayed. The video also shows the U.S. meeting with Caribbean nations at an emergency meeting in Jamaica, urging them to take action",1. News
7335427690708651272,"The video features a person standing on a city street, wearing a light-colored vest over a white shirt and blue jeans. They are holding a microphone and speaking to the camera. The background shows a busy street with people walking by. The person is seen gesturing with their hands while talking, and the text on the screen changes to indicate different points they are making. The text includes phrases like ""think makes,"" ""and I saw,"" ""came out,"" ""why is this,"" ""about it,"" ""her,"" ""of this space,"" ""not trying,"" ""a little bit,"" ""to walk by you,"" ""environment,"" ""not Korean,"" and ""Maybe that's."" The person continues",1. News
7366011789085035809,"A man in a suit and tie is standing at a podium, speaking into a microphone. He is holding a cane in his hand. There is another man standing next to him, also in a suit and tie. The background is blue and white, and there are signs on the wall that say ""CDU"" and ""tung fürer. In Verantwortung."" The man at the podium is talking about the importance of the CDU party and how it is the strongest party in Europe. He is also talking about the safety and prosperity of Germany.",Politics
7383627859803393313,"The video shows a man sitting at a desk in an office, wearing a white shirt and a black belt. He is speaking and gesturing with his hands. The background is a typical office setting with a computer monitor and other office supplies visible. The man is discussing a topic, and the text on the screen changes as he speaks, indicating different points or ideas he is discussing.",Sports
7362157037511396613,"A person is unpacking a large box of beauty products from a shipping box. The box contains various items, including a bottle of lotion, a tube of cream, and several other beauty products. The person is holding a bottle of lotion and a tube of cream, and they are discussing the products. The person is also holding a bottle of lotion and a tube of cream, and they are discussing the products. The person is holding a bottle of lotion and a tube of cream, and they are discussing the products. The person is holding a bottle of lotion and a tube of cream, and they are discussing the products. The person is holding a bottle of lotion and a",Beauty Care
7346042702347406638,"The video is a series of scenes showing a person interacting with various people and places, including a rooftop, a room, a boat, a snowy forest, a bar, and a city. The person is seen wearing different outfits and engaging in conversations with others. The text overlays provide context to the interactions, such as the person meeting a girl, going on a dog sledding trip, and trying on clothes. The video also includes humorous moments, like the person's facial hair and the person's reaction to the clothes they try on.",Travel & Events
7362203819721166123,"The video shows a group of children holding signs and protesting in front of a building. The signs read ""Thank you. Thank you. Thank you. Pro-Palestinian protests spread to even more college campuses. The protesters now getting a message of support from the people they're fighting for, the children in Gaza. We love the students of Harvard University. We hear the students of Harvard University. We respect the students of your university. Thank you, the students of Columbia University. We respect you. We hear you. We love you."" The children are wearing different colored shirts and are holding up their signs. The video also shows a woman in a green uniform holding a child in a black jacket",Education
7389277272009690401,"The video begins with a boat navigating through icy waters, with the text ""FIRST MIGRANTS SINCE ELECTION"" displayed. The scene transitions to a dock where a large white and orange boat is being unloaded, with the text ""Dover"" indicating the location. The boat is then shown in a dry dock, with workers around it, and the text ""New home secretary Coopers is currently the Border Security command is currently the Border Security command"" appears. The video then shows a large number of trucks and containers at a port, with the text ""Number 10 has warned of a challenging journey in the number of journeys made a spike in the number of journeys",News
7315533802409839914,"The video features a person with long blonde hair, wearing a dark jacket, standing in a room with a plant in the background. The person is seen gesturing with their hands while speaking, and the text on the screen changes throughout the video to convey different messages. The text includes phrases such as ""Bill Maher a well-known Islamophobe,"" ""and he completely glosses over the fact that that territory is under Israeli occupation and has been for decades now,"" and ""he kind of alludes that it is because it's under Muslim rule that Christians aren't there."" The person also mentions that the site where Jesus was born, Bethlehem in occupied Palestine, is now overwhelmingly Muslim, and",Politics
7355525427160452385,"The video features a woman performing on stage, wearing a black outfit and a cowboy hat. She is surrounded by a crowd of people, some of whom are taking pictures or videos. The text overlay reads ""When Beyoncé points at you in the crowd,"" which suggests that the woman is being recognized or admired by the audience. The video captures the woman's performance and the reactions of the crowd, with some people taking pictures or videos of her. The overall atmosphere is one of excitement and admiration for the performer.","3. Music, Singing, & D"
7368383778034601249,"The video shows a computer screen with a 3D model of a room. The room has a desk, a chair, and a bin. The desk has a computer on it. The bin is labeled ""Recycle Bin"". The text on the screen says ""Freundin: Was hast du den Garten tag gemacht? Ich: Aufgeräumt"". This translates to ""Friend: What did you do in the garden today? Me: I cleaned up"". The video is a humorous take on the friend's reaction to the friend's actions in the garden.",1. News
7386720277557742880,"The video showcases a young woman in a blue leotard performing a gymnastics routine on a green and blue mat. She begins by standing on the mat, then leaps off the mat and performs a series of flips and twists in mid-air. The video captures her movements from various angles, highlighting her athleticism and skill. The background features a crowd of spectators, some of whom are wearing blue shirts, and a red carpet on the floor. The video concludes with the woman landing on the mat and standing up, ready to continue her routine.",Sports
7297944147648924961,"The video showcases the process of making Slow Cooker French Onion Soup. It begins with a close-up of a white ceramic pot filled with sliced onions, followed by the addition of salt, pepper, garlic, and bay leaves. The ingredients are then stirred and cooked on high heat. The soup is then transferred to a slow cooker, where it simmers for 8-10 hours on high. Finally, the soup is served with a slice of bread and topped with cheese. The video emphasizes the ease and convenience of making this delicious soup, even while working.",Food
7400109280008867114,"The video features a person wearing a white t-shirt with blue and red text that reads ""HARRIS FOR PRESIDENT"" and a gold necklace. The person is sitting on a bed with a white blanket and a black headboard in the background. The person is speaking and gesturing with their hands, emphasizing the importance of checking voter registration status. The video includes text overlays that read ""DEMOCRATS MUST CHECK/VOTER REGISTRATION STATUS"" and ""HARRIS FOR PRESIDENT"" to reinforce the message. The person appears to be discussing the importance of voter registration for Democrats in red or purple states.",Politics
7331415226442730757,"The video showcases a group of individuals performing a choreographed dance routine on a stage. The stage is illuminated with vibrant lighting, creating a dynamic and energetic atmosphere. The dancers are dressed in a variety of colorful outfits, including red, green, and black, and are seen executing synchronized movements, including spins, jumps, and arm gestures. The background features a large screen displaying a colorful graphic, adding to the visual spectacle. The dancers' movements are fluid and coordinated, suggesting a high level of practice and skill. The video captures the essence of a live performance, with the dancers' energy and enthusiasm palpable.","Music, Singing, & Dancing"
7307346522234998049,"The video features a woman sitting on a couch, wearing a dark-colored top. She is speaking to the camera, and the text overlay on the screen reads, ""me when someone asks why I love to watch The Kardashians."" The woman appears to be in a casual setting, possibly a living room, and is engaged in a conversation about her love for the show. The video does not contain any additional visual elements or actions beyond the woman speaking and the text overlay.",8. Entertainment & Shows
7362216509206236449,"The video begins with a person holding a package of ""WC FRISCH Spa Moments"" in a store. The person then moves to a shelf stocked with various items, including a pack of ""Jedes Mal"" and a bottle of ""Mein Mann holmmer 7182992922 ckrdk"". The person then moves to a shelf stocked with various items, including a pack of ""Mercan"" and a bottle of ""Tiger"". The person then moves to a shelf stocked with various items, including a pack of ""Mercan"" and a bottle of ""Tiger"". The person then moves to a shelf stocked with various",1. News
7396760829498002720,"A young woman with long, wavy blonde hair is standing in front of a bookshelf filled with books. She is wearing a white tank top and is speaking directly to the camera. The text on the screen is in German and includes phrases like ""warum ich meine Bücher, die ich schon gelesen habe, nicht einfach verleihe oder verkaufe,"" which translates to ""why I don't just give away or sell my books that I have already read."" The woman gestures with her hands as she speaks, emphasizing her points.",Entertainment & Shows
7343145915886193926,"A man and a woman are standing on a cobblestone street at night. The man is wearing a red jacket and blue jeans, while the woman is wearing a black leather jacket and brown pants. They are talking to each other, and the man is holding a microphone. The woman is holding a small brown bag. The background shows a building with a sign that reads ""МУЗЕЙ"" (Museum). The man and the woman are engaged in a conversation, and the woman is gesturing with her hands. The man is holding the microphone and appears to be interviewing the woman. The woman is wearing a black leather jacket and brown pants, and she is",Entertainment & Shows
7368596585594359083,"The video is a news report about the German far-right party Alternative for Germany (AfD). It discusses the party's history, its radicalization, and its current status as a potential extremist threat. The video also mentions a recent court decision that upheld a ruling from the lower court, allowing intelligence officers to wiretap party members and recruit informants to monitor the party for extremism. The AfD is currently the second most popular party in Germany and is expected to secure big wins in several eastern states in the upcoming elections. The video encourages viewers to follow for more updates on the AfD's political activities and the ongoing surveillance efforts.",Politics
7395305751469772075,"The video shows a woman with long hair sitting in the driver's seat of a car. She is wearing a purple top and a necklace. The background is a car interior with a window showing a building outside. The woman is talking and gesturing with her hands. The video ends with a text overlay that reads ""Ready to teach more comments Trump or Harris.""",Politics
7278695690522348843,"The video features a person wearing a green hoodie with a graphic design on it, sitting in an airplane. The person is speaking and gesturing with their hands. The background shows the interior of the airplane, with seats and overhead compartments visible. The person is also wearing a ring on their left hand. The video includes text overlays with emojis and a URL, as well as a screenshot of a webpage with the text ""Mr. Beast has a net worth of $100 million."" The person appears to be discussing the topic of Mr. Beast's net worth and the controversy surrounding it.",Entertainment & Shows
7344030729531067680,"The video features a man in a suit and tie, holding an orange microphone, interviewing another man in a dark suit. They are standing in front of a building with a red sign. The man in the suit is asking questions, and the man in the dark suit is responding. The text on the screen reads ""Fabian Köstr nimmt Politiker HopPart30"" and ""Fabian Köstr nimmt Politiker HopPart30"" repeatedly. The man in the dark suit is also seen holding a microphone with a blue and orange logo. The interview takes place in a busy indoor setting with people walking around. The man in the dark suit",Politics
7395616033127648554,"The video shows a person in a black outfit standing in a room. The person is holding a black bag and appears to be taking a selfie in front of a mirror. The room has a bed with a white blanket and a dresser with a mirror. The person is wearing a black shirt and black pants. The video ends with the person still in the room, holding the bag and taking the selfie.",13. Beauty Care
7347525697591725355,"A young man wearing a green shirt stands in front of a bush with red flowers. He is talking to the camera and appears to be explaining something. The text on the screen reads, ""How Zionism is sold to non-Israeli Jews.""",Politics
7376404436505136416,"The video is a series of clips showing a woman in a police uniform interacting with various people in different settings. The woman is wearing a hat with the word ""Traffic Warden"" on it, indicating her role. She is seen giving tickets to people who have parked their vehicles in unauthorized areas, and she is also seen talking to a man in a black jacket and a man in a black shirt. The woman is seen standing in front of a building with a blue and yellow facade, and she is also seen standing in front of a red bus. The video also includes text overlays that provide context to the woman's actions and her role as a traffic warden.",Travel & Events
7341059462687509803,"The video is a compilation of various images and text overlays that suggest a narrative about the confinement of Kate Middleton in a tower. The text confirms that Kate Middleton is sedated and locked in a tower, with Camilla Parker being held responsible. The video includes images of Kate Middleton in different outfits, including a red dress, a black suit, and a blue dress, as well as images of Camilla Parker in various outfits. The video also includes text overlays that suggest the situation is serious and that Kate Middleton is under anesthesia and confined in a tower. The video also includes images of people in suits and ties, as well as images of a man in a suit and tie",1. News
7357877605581802795,"The video is a series of scenes from a video game, likely Roblox, where a character is trying to find a victim. The first scene shows a character with a flashlight in a dark hallway, and the text ""Watch me and my friend traumatize a kid in Brookhaven"" appears. The second scene shows the character in a virtual city, and the text ""Finding a victim"" appears. The third scene shows the character in a different location, and the text ""Equip a flashlight"" appears. The fourth scene shows the character in a different location, and the text ""Tf u looking at"" appears. The fifth scene shows the character in a different location, and",Gaming
7348220196772990254,"The video is a series of clips showing a person in different settings, including a cityscape, a room, and a park, with text overlays providing commentary on the censorship and restrictions in China. The person is seen using a laptop and a smartphone, with the text indicating that they are unable to access certain websites and social media platforms. The video also includes a screenshot of a website that cannot be accessed, and a screenshot of a news article from the Wall Street Journal, which is blocked in China. The person is seen making a peace sign and pointing to the text on the screen, indicating frustration with the censorship. The video concludes with the person sharing their thoughts on the situation, suggesting that there",1. News
7323547689201765664,"The video features a person in a garage, wearing a black shirt with a white design and a black cap. The person is discussing five cars from Italy, with the text ""5 CARS FROM COUNTRY ITALIAN EDITION"" displayed at the top of the screen. The person gestures with their hands while talking, and the background shows various cars and garage equipment. The person then shows a red sports car on a road, followed by a white sports car on a track, and a red sports car on a track. The person continues to discuss the cars, with the text ""5 CARS FROM COUNTRY ITALIAN EDITION"" still displayed at the top of the",Comedy
7388973620116180257,"A man in a suit is giving a speech at a podium. The text on the screen reads ""Jordan Bordeau: Je serai là, pour vous, avec vous, jusqu'à la victoire."" The man is speaking to a crowd of people who are holding French flags and taking photos.",Politics
7392691382218935583,"The video starts with a group of people in white shirts with black designs, standing in a room with a red background. They are holding a black bag with a white logo. The scene then shifts to an airport where two people are standing in front of a building with a sign that reads ""Welcome to Terminal 4"". The next scene shows two people sitting in front of a building with a sign that reads ""Welcome to Terminal 4"". The final scene shows a group of people sitting in a room with a large window, with a cityscape visible outside. The video then shows a group of people playing ping pong in a room with a green wall. The final scene shows a group of people",Sports
7323689375043243269,"The video features a white cat standing on a blue couch in a well-lit room with wooden floors and a chandelier. The cat is holding a small object in its paws and appears to be looking at the camera. The text on the screen reads ""Вам покачиваю карьерикикой у людей, что у купирующих сосредни, аккули выбравте любую домашнюю другу"" (I am",Friends
7383363724628725024,"The video shows a group of people walking down a runway in a large, industrial-style room. The people are dressed in various outfits, including some wearing black leather jackets and others in black and white clothing. The audience is seated on either side of the runway, watching the models as they walk by.",Fashion
7339981163756490030,"The video shows a person's hands with long, bright pink nails, which are being painted with a bright pink polish. The person is using a nail polish brush to apply the polish to their nails. The video also shows a nail dryer in the background, which is used to dry the nails after they are painted.",Beauty Care
7318033407785569569,"The video features a man standing next to a red Mercedes-Benz car in a parking lot. He is wearing a light blue shirt and dark pants. The background includes a parking structure and a few other cars. The man appears to be explaining something about the car, as indicated by his hand gestures and the text overlays on the screen. The text overlays change throughout the video, providing different information about the car and the man's story. The video concludes with a close-up of the car's side, showing the ""V8 TURBO"" badge, and the text ""known"" appears on the screen.",11. Autos & Vehicles
7361467847190760750,"The video features a person sitting in front of a wall covered with various posters and decorations. The person is wearing a gray hoodie and is speaking to the camera. The text overlay on the video reads: ""I'm not afraid to admit I'm not afraid to admit I'm not afraid to admit I'm not afraid to admit I'm not afraid to admit I'm not afraid to admit I'm not afraid to admit I'm not afraid to admit I'm not afraid to admit I'm not afraid to admit I'm not afraid to admit I'm not afraid to admit I'm not afraid to admit I'm not afraid to admit I'm not afraid to admit I'm not afraid to admit I'm",Entertainment & Shows
7323131799310306590,"The video is a series of interviews with Jeff Bezos, the founder and CEO of Amazon.com, conducted in various settings, including a store, a hallway, and a kitchen. Bezos is seen speaking about his early recognition of the power of the Internet, his family's influence, and his plans for the future. The video also includes text overlays that provide additional context and information about Bezos' background and achievements.",Entertainment & Shows
7353311795374738721,"The video features a person sitting on the floor, wearing a gray hoodie and black pants, with a blanket featuring a yellow and white pattern draped over their shoulders. The individual is holding a phone or tablet in their hands, and the background includes a wall with a brick pattern and a wooden shelf. The person appears to be in a relaxed state, possibly watching something on the device. The video is captioned with French text that reads, ""Pov: t'es en même temps, tu n'as vu suit sans avoir suivi, car, tu n'as d'avoir suit sans avoir suivi, car,",1. News
7329621030023089440,"The video shows a group of people standing in a room, with one person wearing a white hoodie and another wearing a black top. They are posing for a photo together.",1. Entertainment & Shows
7261278269884992795,"The video shows a man and a woman dancing on stage. The man is shirtless and the woman is wearing a white top and shorts. They are surrounded by a crowd of people, some of whom are taking pictures and videos. The stage is lit with red and blue lights, and there are other people on stage, including a man in a suit and a woman in a pink dress. The video ends with a shot of a man and a woman dancing on stage, with the man wearing a white shirt and the woman wearing a pink dress.","Music, Singing, & Dancing"
7397527101143878954,"The video shows a series of interactions between a man in a suit and a man in a blue tie, both seated at a table with microphones in front of them. The man in the suit is speaking, while the man in the blue tie is listening and occasionally responding. The background shows a sign with the date ""July 30, 2024"" and the number ""5.7M Views"". The man in the suit is asking questions about the number of Secret Service agents assigned to Donald Trump and Joe Biden, and the man in the blue tie is providing answers. The video also includes text overlays that provide context to the conversation, such as ""Sen. Cruz in heated",Politics
7353267784886897952,"The video shows two men sitting at a counter in a room. One man is wearing a yellow jacket, and the other is wearing a white hoodie. They are engaged in a conversation, with the man in the yellow jacket gesturing with his hands while speaking. The man in the hoodie listens attentively and occasionally responds. The background features a beige wall and a window with black bars. The video ends with the man in the yellow jacket continuing to speak, while the man in the hoodie listens and occasionally nods in agreement.",Entertainment & Shows
7351137146004114693,"The video captures a thrilling moment in a soccer match between Ukraine and Israel. The match is intense, with both teams displaying remarkable skill and determination. The video begins with a close-up of a player in a blue jersey, number 21, who is diving to make a save. The scene then shifts to a player in a yellow jersey, number 8, who is celebrating a goal. The video then shows a player in a blue jersey, number 20, who is being tackled by a player in a yellow jersey, number 7. The video continues with a player in a blue jersey, number 21, who is being tackled by a player",5. Sports
7312903813122280746,"The video shows a group of farmers protesting against the draconian regulations against ethm. They are using sprayers to spray the government buildings. The protest is taking place in front of a building with a sign that says ""Farmers in France are rising up against the draconian regulations against ethm. Now they are literally spraying the government buildings."" The protesters are holding signs and chanting slogans. The video also shows a group of people standing in front of a building with a sign that says ""Farmers in France are rising up against the draconian regulations against ethm. Now they are literally spraying the government buildings."" The protesters are holding signs and chanting slogans. The video also shows a",Politics
7357063093962214689,"The video features a person wearing a black jacket with white zippers and a pearl necklace. They are standing in front of a window with blinds and a wall with pictures. The person is speaking German, and the text on the screen reads ""wie ich in die Deutsche abprüfung reiß gehe am."" The person is gesturing with their hands and appears to be explaining something.",1. News
7374800691677629729,"The video features a person standing in front of a large orange truck with the text ""How do you step 4 hours and ovvk15 hours"" displayed at the top. The person is wearing headphones and appears to be speaking or singing. The background is a road with trees and a clear sky. The person then makes a gesture with their hand, and the text changes to ""It's in my blood."" The person continues to gesture and make hand movements, and the text remains the same. The video concludes with the person still gesturing and the text ""It's in my blood"" still displayed.",Comedy
7350964297381498154,"The video shows a person rummaging through a pile of trash bins in front of a large, well-manicured hedge. The trash bins are black and blue, and they are filled with various items, including food packaging, clothing, and other household items. The person is seen picking up items from the bins and examining them closely. The video also shows a close-up of a trash bin filled with a variety of items, including a box of chocolates, a bag of chips, and a plastic bag. The video ends with a close-up of a blue trash bin filled with a variety of items, including a box of chocolates, a bag of chips, and a plastic bag.",Entertainment & Shows
7405044080729787678,"The video is a series of clips from a political event, likely a debate or a speech, featuring a woman in a blue suit standing at a podium. The background is a blue and red striped backdrop with stars, and the text overlay reads ""DNC speaker briggugot at copy of Proj:2025."" The woman is speaking into a microphone, and the text at the bottom of the screen changes to indicate the topics being discussed, such as ""CHOOSE DEMOCRACY,"" ""STOP PROJECT 2025,"" ""MCMORROW,"" ""NOV,"" ""ABOUT,"" ""WHY,"" ""TERM,"" ""EXTRE",Politics
7337416931965685034,"The video features a man standing in front of a tree, wearing a plaid shirt. He is talking about the carbon footprint of a tiny rural electric cooperative in eastern Oregon. The video then shows an aerial view of a large data center in the area, with the text ""Amazon data centers in Boardman and Hermiston."" The man continues to talk about the company's plans to move to renewable energy, but mentions that it can't do so because it needs more electricity than the power grid can handle. The video ends with a call to action for viewers to read more at the Oregonian's website.",1. News
7283933352267337002,"The video features a woman wearing a white shirt with the word ""PINK"" on it. She is sitting on a couch and talking to the camera. The text on the screen reads ""Mother Gothei but make her Desi"" with a heart emoji. The woman is wearing a black headscarf and has her hands on her chest. The background is a plain wall. The video then transitions to a woman wearing a red and gold traditional outfit with intricate embroidery. She is wearing a headscarf and has a large nose ring. The background is purple and the lighting is dim. The video ends with the woman looking at the camera with a serious expression.",1. News
7353365116554956074,"The video features a person wearing a colorful jacket with a yellow and purple pattern, standing in front of a disco ball. The background is a vibrant, colorful setting with a disco ball hanging from the ceiling. The person is smiling and appears to be enjoying themselves. The video then transitions to a different person wearing a military uniform, with a framed picture of the person in the military uniform placed in the background. The text at the top of the video reads ""YOU ARE MY SUNSHINE BATTLE ROUND OF 16 #4"" and ""2. Chines sunshine."" The video continues to feature the person in the military uniform, with the same background and text.",Sports
7398943500328242463,A person is making a set of dice with glitter and pink resin. They are using a green mold and a purple mold. They are mixing the resin and glitter in a bowl. They are then using a syringe to pour the mixture into the molds. The molds are placed on a white surface. The person is wearing blue gloves. They are using a purple brush to apply the resin to the molds. The person is also using a purple brush to apply the glitter to the molds. The person is then using a purple brush to apply the glitter to the molds. The person is then using a purple brush to apply the glitter to the molds. The person is then using a purple brush to apply the glitter,Entertainment & Shows
7386453398792441131,"A young woman with long braided hair is sitting on a bed in a bedroom. She is wearing a white t-shirt with the words ""I FEEL GREAT"" printed on it. She is holding a makeup brush and a makeup palette. She is applying makeup to her face and talking to the camera. She is also holding a card that says ""Blamboni"" on it. She is showing the makeup palette to the camera and talking about it.",Beauty Care
7348462120817790240,The video shows a man shopping in a grocery store. He is looking at a shelf of snacks and picking up a box of Cathedral City cheese snacks. He then picks up a box of Dunkin' Donuts cereal and a box of Price Drop cereal. He continues to shop and picks up more boxes of Cathedral City cheese snacks. The video ends with him holding a box of Cathedral City cheese snacks in his hand.,Entertainment & Shows
7360235976494550304,"The video features a series of individuals attempting to jump over a wall in a trampoline park. The first person, wearing a white t-shirt and blue shorts, is seen jumping over the wall. The text ""あなたはないらっち"" (You are not a trampoline) appears on the screen, suggesting a humorous or ironic commentary on the person's attempt. The second person, dressed in black, attempts to jump over the wall but falls short. The third person, wearing a white t-shirt and blue shorts, is seen jumping over the wall again, with the text ""あなたは",プレイヤー
7347591598408043808,"The video showcases various scenes from Sterling, USA, including a map of the United States with ""Random City USA"" written on it, a building with the word ""Sterling"" painted on it, a statue of two people, a historic building, a scenic road, a park, a store, a street with shops, a mountain range, a city street, a tall tower, a lake, and a sunset over the water.",Travel & Events
7310063052341185823,"The video is a compilation of various scenes and statements related to the development and potential use of an invisibility cloak by China. It starts with a person standing in front of a large, transparent sheet, with the text ""not"" appearing on the screen. The scene transitions to a news article about China developing an invisibility cloak, with the text ""China and the development of science that we do not have protection from"" appearing on the screen. The article is titled ""BILBAOHAIR NEWS"" and is dated November 28, 2021.

The video then shows a man in a suit sitting in front of a window, with the text",Science & Technology
7380812058167708960,"The video is a humorous take on the transfer of a football player, Jamal, from England to Germany. It starts with a person in a blue shirt pointing at the screen, which then transitions to a collage of images showing Jamal in different sports uniforms, including a red and white uniform, a black and red uniform, and a blue and white uniform. The text overlay reads ""Germany over England"" and ""Meet Jamal. See Jamal had a problem. Was he English or was he German? See Jamal was born in Germany but he moved to Southampton at age seven after his mum got into the University of Southampton to study. As soon as he arrived he tore up the",Sports
7377701670077205803,"The video shows a person with long hair, wearing a black top and a necklace, in a room with a lamp and some pictures on the wall. The person is talking about not wanting to dye their hair pink, but the parasites in them want them to. The person then changes their hair color to red, and the text ""AMBER"" appears on the screen.",1. News
7309888375023045931,"The video features a man wearing a blue jacket with a red and white logo on the front, standing in a workshop with various tools and equipment in the background. The man is speaking, and the text overlays on the screen provide commentary on the situation. The text mentions that the man is using taxpayer dollars to hire additional staff to blur the faces of participants in the January 6th insurrection, and that the Department of Justice already has the unedited videos. The man is also accused of being complicit in the January 6th insurrection. The video ends with the man continuing to speak, with the text overlay still visible.",Politics
7312875354220285215,"The video features a man in a dark suit and red tie standing in front of a cityscape backdrop. He is seen gesturing with his hands and speaking, with a live broadcast of a political event in the background. The event takes place in Coralville, Iowa, and the man is addressing the audience. The video then transitions to a news broadcast showing a man in a suit and red tie speaking at a podium with an American flag in the background. The broadcast includes various stock market and economic indicators, such as the Dow Jones Industrial Average and unemployment rates. The video concludes with a humorous message about the economic impact of a Biden presidency, with the man in the suit and red tie appearing to",Politics
7283816318883679531,"The video is a series of frames from a video titled ""Things you didn't know about teaching in 2023."" The video features a person with long blonde hair wearing a black shirt with the word ""WAVE"" on it. The person is seen speaking and gesturing with their hands. The background is white with a list of items written in black text. The list includes items such as ""Meetings announced day of,"" ""Students growing up around technology but they literally don't know how to google,"" ""Overstimulated classrooms and lab classrooms are the normal gone are the days where students just do work quietly that doesn't exist anymore,"" and ""Out of 25 students",Education
7317764806767922475,"The video shows a woman and a child in a snowy forest. The woman is wearing a leopard print top and the child is in a blue and white outfit. They are playing with a large metal barrel filled with water. The woman is trying to get the child to jump into the barrel, but the child is hesitant. The woman then uses a black object to stir the water, creating a frothy effect. The child eventually jumps into the barrel, and the woman laughs and claps. The video ends with the woman and child standing in the snow, with the barrel still in the background.",Entertainment & Shows
7395290316569382174,"The video features a woman wearing a leopard print top and glasses, standing in front of a blurred background. She is speaking, and the text overlay on the screen provides a list of tips for surprise gifts. The text includes phrases like ""a surprise gift for your partner"" and ""a surprise gift for your mother,"" suggesting that the video is a tutorial or guide on how to give surprise gifts.",1. News
7358143601869671685,"The video showcases a breathtaking sunset over the ocean, with the sun casting a warm glow on the water and the sky. The waves gently crash against the shore, creating a serene and peaceful atmosphere. The colors in the sky range from deep oranges and yellows to soft pinks and purples, creating a stunning visual effect. The video captures the beauty of nature and the tranquility of the moment, with no text or subtitles present.",Travel & Events
7366140924629470496,"The video features a woman in a white dress with gold accents walking down a red carpet at an event. The background shows other attendees and photographers. The woman is wearing a long, flowing dress with intricate designs and has long, wavy hair. The video also shows a close-up of the woman's dress, highlighting the detailed embroidery and the flowing fabric. The video includes text overlays asking viewers to identify the woman and speculate about her identity. The video also includes tweets from people who are trying to identify the woman and speculate about her identity.",Entertainment & Shows
7380810864477130016,"The video is a compilation of images from a concert, with the text ""Can't stop the power"" and ""*Stops the power*"" appearing on the screen. The images show a person in a yellow hoodie, a person in a black hoodie, and a person in a black shirt with a red and white design. The background is a stage with red lighting and a large red object. The text appears to be a reference to a song or performance, possibly from the band ""The Black Keys.""",1. News
7346779567639498026,"The video features a person with long, wavy hair wearing a black top and pink hair clips. They are applying makeup, specifically lipstick, using a brush. The person is wearing a white top in the final frames of the video. The background is plain and light-colored. The person is seen holding a tube of lipstick and applying it to their lips. The video also includes text overlays that read ""Pov: you're watching a lip tutorial in 2016"" and ""All we did was care for each other But the night was warm, we were bold and young All around, the wind blows We would only hold on to let go Lock is, fire a",Beauty Care
7299554274827046187,"The video features a series of individuals discussing the history and identity of Palestine. The first person, wearing a white shirt and headphones, speaks about the history of Palestine, mentioning that it was not a nation before 1948. The second person, wearing a blue shirt, discusses the Palestinian identity and the struggle for independence. The third person, wearing a blue shirt and a beard, speaks about the Palestinian identity and the right to self-determination. The fourth person, wearing a blue shirt, discusses the history of Palestine and the destruction of villages in 1948. The fifth person, wearing a blue shirt, speaks about the Palestinian identity and the right to self-determination. The",1. News
7348934489122327841,"The video is a compilation of various scenes from a large public demonstration, likely a protest or rally, with a focus on political and social issues. The footage shows a diverse group of people, including individuals holding signs and banners, engaging in discussions and interactions. The text overlays provide commentary and context, suggesting that the event is related to political discussions and protests. The video includes scenes of people holding signs with messages such as ""Vote for Trump,"" ""Vote for Stein,"" and ""Vote for Stein,"" indicating a political theme. The text also mentions ""ZDF,"" which is a German television channel, suggesting that the footage may have been broadcasted on this channel. The video captures the",Politics
7282317561864260897,"The video showcases a series of scenes featuring a steam locomotive, with the text ""Steampunk conversion"" appearing at the bottom of the frames. The locomotive is seen moving along a track, surrounded by lush greenery and a clear sky. The video also includes various scenes of people, including a person in a blue jacket and another in a black jacket, as well as a person with red hair, all dressed in steampunk attire. The video concludes with a view of the steam locomotive in motion, with the text ""Steampunk conversion"" still visible at the bottom of the frames.",1. Entertainment & Shows
7343605850105318658,"The video showcases a piano being played by a person whose hands are visible on the keys. The piano is illuminated by a blue light, creating a serene and focused atmosphere. The person's hands move gracefully across the keys, producing a harmonious melody. The video captures the intricate movements of the fingers as they press down on the keys, producing a range of sounds. The person's hands are seen moving in a coordinated manner, indicating a skilled and practiced performance. The video does not contain any additional text or graphics, and the focus remains solely on the piano and the person's hands.","Music, Singing, & Dancing"
7349023065575083306,"The video shows a woman standing in a large auditorium, holding a microphone and speaking passionately. The audience is seated in rows, and the stage is lit with red lighting. The woman is wearing a red shirt and appears to be addressing the audience. The text overlay on the video reads ""In Germany: Jewish Woman yelling out Palestinians,"" ""Mr. Scholz, you cannot talk about democracy, while your money and your weapons are killing Palestinians in Gaza,"" and ""The blood of Palestinians is on your hands!"" The woman continues to speak, and the text overlay changes to ""In Germany: Jewish Woman yelling out Palestinians,"" ""I'm an Israeli and I'm telling you, Arabs!"" and ""Stop",Politics
7223384947938053418,"The video shows a person wearing glasses and a dark shirt with the word ""GUILTY"" on it. The person is standing in a kitchen with a tiled floor. In the background, there is a person holding a small animal, possibly a kitten. The video then transitions to a close-up of an armadillo, followed by a close-up of a person holding a small animal, possibly a kitten. The video then shows a close-up of an armadillo in the dirt, followed by a close-up of a person holding a small animal, possibly a kitten. The video then shows a close-up of an armadillo in the dirt, followed by",Sports
7386641138611981601,"The video features a person wearing a brown jacket and a blue and white checkered shirt. The person is being painted with makeup by another individual, who is applying makeup to the person's face. The makeup application process is shown in detail, with the person's face being covered in makeup and the makeup artist carefully applying it. The video then transitions to a close-up of the person wearing a black military-style uniform, complete with a hat and gloves. The uniform is detailed with gold accents and a belt. The video concludes with a close-up of the person wearing the black military-style uniform, with the text ""sa kurosaki"" visible on the screen.",1. Entertainment & Shows
7314163714402340102,"The video begins with a close-up of a warp gate, which is a circular structure with a glowing blue light emanating from it. The gate is surrounded by a dark background, with small white dots representing stars. The gate is shown in different angles, with the light swirling and changing colors, creating a sense of motion and energy. The text overlay reads ""This is How A Warp Gate slows down a ship dv two exit a hyper lane,"" indicating that the gate is used to slow down a ship as it exits a hyper lane. The video then transitions to a black background with white dots representing stars, and the warp gate is shown in a close-up view. The gate is glowing",This is how a warp gate slows a ship down
7385499788764040481,"The video shows a person holding a Kinder candy bar in their hand. The candy bar is white and red, and the person is holding it over a metal container. The person then places the candy bar into the container and stirs it with a spoon. The video then shows the person holding the container and stirring the candy bar inside. The person then takes the container and places it on a white surface. The video ends with the person holding the container and stirring the candy bar inside.",Entertainment & Shows
7276776260431367467,"The video shows a man in a suit and tie holding a microphone, speaking into it. The background is dimly lit, and the man appears to be in a formal setting, possibly a conference or meeting. The text on the screen changes as the man speaks, providing different statements about his actions and their consequences. The man's expressions and body language change as he speaks, indicating that he is conveying different emotions and attitudes. The video does not show any other people or objects, and the focus is solely on the man and his speech.",Film & Animation
7372265021042101550,"The video features a person with long hair, wearing a black shirt, sitting in a room with a window in the background. The person is engaged in a conversation, as indicated by the text overlay that reads ""Reply to tynesy, ca's comment"" and ""Glasgow."" The person gestures with their hands while speaking, and the camera captures their movements as they talk. The video also includes a text overlay that reads ""What did I think about Glasgow, Scotland?"" followed by a description of the person's experience in Glasgow, including their positive interactions with the people and their appreciation for the city's architecture. The video concludes with the person expressing their preference for Scotland over other parts of the",Travel & Events
7373730224879521056,"The video showcases a detailed and intricate drawing of a tiger, rendered in a variety of colors including orange, black, white, and blue. The tiger is depicted in a dynamic pose, with its mouth open and teeth bared, as if in the midst of a fierce battle. The background of the drawing is a dark, textured surface, which contrasts with the vibrant colors of the tiger. The drawing is done in a realistic style, with attention to detail in the tiger's fur and facial features. The video does not contain any additional information or context beyond the drawing itself.",7. Sports
7326266761773436166,"The video features a person wearing a black sweatshirt with white text on it, sitting in front of a wall adorned with various posters and a guitar. The individual appears to be speaking, as indicated by their mouth movements and hand gestures. The background includes a bed with a blue blanket and a window with blinds. The person's facial expressions and body language suggest they are engaged in a conversation or monologue. The video does not contain any discernible text or captions.",1. News
7371461402030034218,"The video features a man in a suit and tie standing in an office setting. He is holding a piece of paper and appears to be reading or speaking. The background includes a window with blinds, a desk, and some chairs. The man is seen gesturing with his hands as he speaks, and the text overlay on the screen reads, ""And if Jewish people are gonna vote for Joe Biden, they have to have their head examined."" The man then says, ""The last person I'm gonna take advice from as a Jewish person is a known anti-Semite who's had dinner with anti-Semites, who said there was good people on both sides after Charlottesville. He",Politics
7367380929913900320,"The video features a person wearing a black shirt and headphones, standing on a road with trees in the background. The person is wearing a necklace and has long hair. The video is a selfie, and the person is looking at the camera. The text overlay on the video reads, ""PSA I wore shorts on my walk and the only thing that cared was my mom. No one alerted the town elders at that size 12 queen wore shorts summer heat x. Literally wear your outfit."" The person is likely discussing the experience of wearing shorts during a hot summer day, and the text suggests that the person's mom was the only one who noticed the shorts.",1. News
7306264195475983622,"The video features a group of dancers performing on stage. The central figure is a woman with long, wavy hair, wearing a black top and a beige skirt with a chain belt. She is adorned with multiple gold necklaces and white gloves. The background is a vibrant, colorful display with various hues of red, green, and purple. The dancers move in sync, executing a choreographed routine. The woman in the center is the focal point, with her movements and expressions conveying a sense of energy and passion. The video captures the dancers' synchronization and the overall atmosphere of the performance.","3. Music, Singing, & D"
7360919706913525035,"The video is a series of frames showing a puzzle game with a timer counting down from 60 seconds. The game is set against a black background with a blue border. The puzzle pieces are arranged in a grid, and the player must swap them to form a specific pattern. The text overlay at the top of the screen reads ""USE THESE FILES even if it's your daftas save the effect and boost videos using them."" The player's progress is shown in the bottom right corner of the screen, with the number of moves remaining decreasing as the player makes progress. The video encourages viewers to donate and make a video about the player, who is Moe, to help",1. News
7380730540061691178,"The video begins with a black screen that transitions to a green and black logo with the text ""hulu"" and ""ORIGINAL"" in green. The logo is centered on the screen. The scene then shifts to a silhouette of a person standing in front of a bright light source, creating a silhouette effect. The person is wearing a long coat and appears to be looking out over a landscape. The video then cuts to a close-up of a person's eye, with the text ""A COURT OF THORNS & ROSE"" appearing in white letters on a black background. The final frames show a close-up of a person's eye, with the text ""A",Entertainment & Shows
7355249683469454634,"The video features a person standing on a beach during sunset, with the ocean waves gently lapping at the shore. The individual is wearing a white hoodie and a baseball cap, and is seen from the back. The person is holding a white object, possibly a phone or a camera, and appears to be looking out at the ocean. The sky is a gradient of orange and pink, indicating the time of day is either sunrise or sunset. The person's posture and the serene setting suggest a moment of reflection or contemplation. The video includes text overlays that read, ""the joy of the joy of Jesus, the security of Jesus, the peace of Jesus, the love of Jesus, the peace","the joy of jesus, the security of j"
7387743887940390177,"The video features a person wearing a white sweater with a zipper, standing in a room with a door and a light fixture in the background. The person is holding their hair up with one hand and appears to be speaking. The text overlay on the video reads, ""Someone in their twenties says they aren't voting."" The person then gestures with their hand, possibly emphasizing a point or making a statement. The video ends with the text, ""You're not really into politics? Okay, fair enough. But what are you into? Transformers? Pokemon, you fucking child?""",1. News
7297354768928853294,"The video is a series of text-based messages from a person discussing the challenges of keeping HEB store stock in Texas and the good news about the variety pack and POG. The person is using a beige t-shirt as a backdrop and is seen gesturing with their hands to emphasize their points. The video also includes a graphic with the text ""HEB's confidence in us as a young brand continues to get stronger"" and ""when we are ready to launch the new Variety Pack, they've already committed to taking it on and they're going to open us up to more new stores."" The person also mentions that they are planning to come back to Texas at the top of the",Entertainment & Shows
7374908166175280427,"The video shows a person preparing a meal in a kitchen. They start by cutting up vegetables, including tomatoes, onions, and cilantro, and then mix them together. Next, they cook shrimp in a pan with a sauce, which appears to be a combination of tomato and spices. The shrimp is then placed on a plate with tortillas, which are topped with the cooked shrimp and the mixed vegetables. The final step is to drizzle a creamy sauce over the tacos, which is likely a combination of mayonnaise and sour cream. The video ends with a close-up of the finished dish, with the can of Olipo Watermelon Lime soda in the background.",Food
7377866805823491371,"The video features a person with curly hair, wearing a dark blue shirt, standing in a room with a painting of a tree on the wall. The person is speaking, and the text overlay on the screen reads, ""You could kiss any woman in game of thrones who would it be?"" The person then points to themselves and says, ""Megan Fox."" The scene transitions to a close-up of the person, with the text overlay changing to, ""Daenerys."" The final frame shows a person sitting on a throne, with the text overlay reading, ""If you can kiss any woman in the world, feet, who would it be?"" The person on the throne is wearing a",8. Entertainment & Shows
7149700277782760746,"The video shows a person lying on a bed with a pink blanket. The person has long hair and is wearing a black shirt. The background is dark, and there is a cat on the bed. The person is holding a phone and appears to be recording themselves. The text on the screen says ""I like pauls dreams... are like this.""",Pets & Animals
7384004708165242144,"The video features a woman sitting in a chair in a room with gold wallpaper and a framed picture on the wall. She is wearing a light blue sweatshirt and has a phone in her hand. The video then transitions to a black and white photo of a Jack Russell dog sitting in a field of red flowers. The woman continues to speak, providing information about the dog and its name. The video then transitions back to the woman in the chair, who continues to speak and gesture with her hands. The video concludes with the woman still in the chair, continuing to speak and gesture.",Pets & Animals
7314367547862781226,"The video showcases a serene winter landscape, beginning with a view of a snow-covered field dotted with trees. The camera pans to reveal a dense forest of pine trees, their branches heavy with snow, creating a picturesque winter scene. The scene is tranquil, with no visible movement or activity, emphasizing the stillness of the environment. The camera then shifts to a close-up of a pine tree, highlighting the snow-covered branches and the texture of the pine needles. The video continues to focus on the pine tree, capturing the intricate details of the snow-covered branches and the texture of the pine needles. The camera then pans to reveal a snow-covered path leading through the forest, with the",Science & Technology
7340337384652934446,"The video is a series of images showcasing various celebrities and their last names. It starts with a woman in a black dress with a choker necklace, followed by a man in a tuxedo, and then a woman in a gray sweater. The text overlay reads, ""I didn't know that some of these Nepo babies change their last names to fly under the radar."" The next image shows a woman with long hair, and the text reads, ""Malia Obama recently made her directorial debut at Sundance Film Festival under the name Malia Ann."" The final image shows a man in a tuxedo and a woman in a white dress, with the text, ""Angel",Entertainment & Shows
7333801200875261185,"The video begins with a dark blue background featuring a world map with a digital texture. The text ""An Election Year Guaranteed To Divide Us"" is prominently displayed in white, capital letters. The scene transitions to a split-screen view with a man in a suit and tie on the left and a man in a suit and tie on the right. The man on the right is gesturing with his hands. The text ""A Second Term We Can All Agree On"" appears in white, capital letters. The video then shows a blue background with the text ""THE DAILY SHOW"" in white, capital letters, followed by ""MONDAYS WITH JON STEWART"" in white",8. Entertainment & Shows
7328517572679372078,"The video features a man sitting at a table in a car dealership, holding a piece of paper with handwritten text. The text on the paper includes a price of $19,000 and a trade-in value of $15,000, with a handwritten note indicating that the customer wants to pay $17,000 for the car. The man appears to be explaining the situation to the camera, with text overlays providing context and humor. The video concludes with the man signing the paper, indicating that the deal is complete, and the customer is ready to take the car home.",Comedy
7375847354341068065,"The video showcases a large crowd gathered at Hinds Hall in Garmin, with a stage set up in the center. The stage is illuminated with green and red lights, and a large screen displays various images and text. The crowd is engaged, with many people holding up their phones to capture the moment. The text overlay on the video reads ""Hinds Hall in Garmin 🇬🇧🇦🇹🇦🇹🇦🇹🇦🇹🇦🇹🇦🇹🇦🇹🇦🇹🇦🇹🇦","Music, Singing, & Dancing"
7392127900079721761,"The video showcases a woman's tour of her home, specifically her room at Estelle Manor. The room is described as dog-friendly, with a large stable room and a smaller one. The woman highlights the amenities in the room, including a mini bar area with snacks, a wine fridge, and a sewing kit. She also mentions the presence of a shower, a vanity, and a wardrobe space. The video also touches on the cost of the room, with the woman noting that the regular stable room costs £650 a night and the upgraded room, which she is currently staying in, costs £750 a night. The video ends with the woman expressing her interest in finding",Entertainment & Shows
7368121296154086688,"The video shows a table filled with various dishes, including salads, meats, and side dishes. There are also glasses of water and wine on the table. A person is standing in front of the table, talking to the camera. The person is wearing a dark sweater and glasses. The background shows a room with a window and some furniture.",1. Entertainment & Shows
7378190751211064607,"The video showcases a man demonstrating the features of an expandable camper. The camper is white and has a black wheel. The man is wearing a black t-shirt and jeans. He is kneeling on the grass next to the camper, which is parked on a grassy area with trees in the background. The man is pointing at the camper and explaining its features. He is also holding a tool, possibly a wrench, and a metal rod. The man is seen opening the door of the camper, revealing a large compartment inside. He is also seen using a tool to open a compartment on the side of the camper. The video shows the man using a tool to open",Science & Technology
7325985650140974382,"The video is a series of experiments conducted by Jamie and Adam to compare the effects of running in the rain versus walking. The experiments involve using artificial rainfall methods, adding dyes to the water, and using tight-fitting clothes to prevent sweat from mixing with rainwater. The results show that running in the rain is indeed wetter than walking, as indicated by the weight of the work clothes and the amount of water absorbed. The experiments are conducted in both windy and windless conditions, and the results are consistent across different weather conditions. The video concludes with a discussion about the rigor of the experiments and any potential improvements that could be made.",1. News
7406690692765977887,"The video is a series of clips showing a person sitting in a train or bus, with the text overlaying the video reading ""THIS STRANGER SIT MY SEAT AND DISRESPECT ME. WATCH HOW THIS BDS."" The person in the video is seen taking the seat, and the text overlays the video with various messages such as ""I THINK I'M SITTING BY THE WINDOW,"" ""I THINK I'M SITTING ON THE WINDOW,"" and ""I THINK I'M SITTING ON THE WINDOW."" The person in the video is also seen interacting with the person sitting next to them, and",Entertainment & Shows
7309290162540858667,"The video is a news report about a massive home explosion in Arlington, Virginia, outside the Capitol. Police were called to the scene, and they were there for hours trying to execute a search warrant. The explosion caused the home to turn to splinters, and human remains were found inside, believed to be the suspect. The suspect, 56-year-old James Yu, refused to surrender and discharged several rounds from a firearm as officers closed in. The FBI and ATF were on the scene, and authorities said human remains were found at the site. The suspect was inside the residence at the time of the explosion and is presumed to be deceased. The report also mentions a deleted LinkedIn page",1. News
7365274404420406571,"The video shows a man and a dog on a sailboat in New England. The man is shirtless and wearing gray shorts, and the dog is wearing a collar. The man is washing dishes in the kitchen, and the dog is sitting on the deck. The man is cooking food in the galley, and the dog is watching him. The man is sitting in the cockpit, and the dog is sitting on the deck. The man is cooking food in the galley, and the dog is watching him. The man is sitting in the cockpit, and the dog is sitting on the deck. The man is cooking food in the galley, and the dog is watching him. The man is",Entertainment & Shows
7392992201837464850,"The video starts with a woman standing in front of a glass window, talking about her daughter's first haircut. She then cuts her daughter's hair in a salon. The scene transitions to the daughter getting her hair washed in a salon, then to the woman taking a selfie with her daughter. The video then shows the woman and her daughter playing with marshmallow hot chocolate, followed by the woman taking a bath with Epsom salt. The video ends with the woman and her daughter playing with toys in a living room.",Entertainment & Shows
7395692426888891679,"The video is a series of images and scenes showing different people and events, with text overlays that provide context and commentary. The first image shows a person with a rainbow flag in the background, with the text ""Gay News"" and ""In this election, we each face a question. What kind of country do we want to live in?"" The next image shows a person with an American flag in the background, with the text ""In this election, we each face a question. What kind of country do we want to live in?"" The third image shows a person with a cityscape in the background, with the text ""What kind of country do we want to live in?"" The fourth",Politics
7335178711819373867,"The video begins with a tweet from the ICCJJ, announcing that the South African government has filed an emergency request with the International Court of Justice for additional provisional measures specific to the imminent invasion of Rafah. The tweet includes a screenshot of a document from the International Court of Justice, which outlines the legal basis for the request. The video then transitions to a close-up of the document, highlighting the specific language used in the request. The video concludes with a person speaking in a room, with the text ""and I think it's a testament to the dedication of the South African legal team in this case"" appearing on the screen.",News
7353793317437590827,The video shows a man and a woman standing in a room. The man is wearing a black shirt and the woman is wearing a black shirt and shorts. They are holding a coffee cup. The man is holding a phone and the woman is holding a remote control. The man is talking to the woman and the woman is looking at the phone. The man is saying something to the woman and the woman is looking at the phone. The man is saying something to the woman and the woman is looking at the phone. The man is saying something to the woman and the woman is looking at the phone. The man is saying something to the woman and the woman is looking at the phone. The man is,1. News
7377799778299579690,"The video features a woman standing in front of an American flag, with a clear blue sky and green trees in the background. She is wearing a black top and has tattoos on her arms. The text overlay on the video reads, ""Isn't it weird you're a fan of an American flag, but you know who you're voting for?"" The woman appears to be speaking directly to the camera, and the video seems to be a commentary on the American flag and the voting process.",1. News
7346724921361435937,"Two girls are walking down a sidewalk in a residential area. They are both wearing black jackets and carrying backpacks. The sidewalk is lined with buildings and trees. The girls are walking in a line, with one girl leading the way.",Travel & Events
7384186520351083781,"The video begins with a person in a light-colored robe sitting in a room, speaking to the camera. The person is wearing a necklace and has blonde hair. The background features a beige wall and a window with dark curtains. The person is holding a phone and appears to be explaining something.

The video then transitions to a series of text messages on a phone screen, showing a conversation between the person and another individual. The messages are in Russian and discuss the person's frustration with the other individual's actions. The person is expressing their anger and disappointment with the other individual's behavior.

The video continues with the person in the light-colored robe, still in the same",Entertainment & Shows
7396382918039457041,"A man and a woman are sitting on a bed in a modern room. The man is wearing a white shirt and black shorts, while the woman is wearing a white shirt with the word ""GIRL BOSS"" in red letters and blue jeans. The man is holding the woman's leg, and they are both looking at each other. The man is speaking, and the woman is listening. The text on the screen changes throughout the video, indicating different conversations and emotions. The man is saying things like ""Ну, отримав після того, як зі мене сказав погані с",Entertainment & Shows
7273841367351069998,"The video shows a person wearing gloves and cutting a block of bright yellow soap into smaller pieces. The soap is placed on a marble countertop. The person then holds up a piece of the soap, showing it to the camera. The soap is labeled ""AMINO A NATURA Turmeric & Kaolin Acid Brightening Soap"".",Beauty Care
7277167570946379014,"The video captures a vibrant and energetic atmosphere at a football stadium. The crowd, predominantly dressed in yellow and blue, is seen raising their hands in a celebratory manner, waving flags, and cheering enthusiastically. The stadium is filled to capacity, with the crowd's excitement palpable. The video also shows a football match in progress, with players on the field and the crowd's attention focused on the game. The atmosphere is one of excitement and anticipation, with the crowd's enthusiasm evident in their actions and expressions.",Sports
7365322515998068011,"The video begins with a group of people standing in front of a podium, with a backdrop featuring the American flag and a building with a dome. The text on the screen reads ""STITCH INCOMING WOKE ENCAMPENTS EXPOSED!!!!"" and ""we're here to discuss the little Gazas that have risen up on campuses across America. So I'm at one of these little Gazas right now and I'm here to expose it for what it really is."" The scene then transitions to a person standing in front of a tent, with the text ""I'm literally in so much danger here. I'm literally in so much danger here."" The video then shows",1. News
7362319887361903905,"The video begins with a person wearing sunglasses and a gray shirt, standing in front of a white wall. The text overlay reads, ""Seeing Rufuski during Uni ski trip trying to see Uni ski trip trying to see Uni ski trip trying to see Uni ski trip trying to see Uni ski trip trying to see Uni ski trip trying to see Uni ski trip trying to see Uni ski trip trying to see Uni ski trip trying to see Uni ski trip trying to see Uni ski trip trying to see Uni ski trip trying to see Uni ski trip trying to see Uni ski trip trying to see Uni ski trip trying to see Uni",1. Entertainment & Shows
7311332422077975840,"The video shows a woman in a leopard print coat standing in front of a fence, talking to someone off-camera. The scene then cuts to a man in a purple jacket and pink tie, also standing in front of the fence. The video then cuts to a man in a purple jacket and pink tie, standing in front of a building with greenery in the background. The video then cuts back to the woman in the leopard print coat, who is now standing in front of a fence with a man in a purple jacket and pink tie standing next to her. The video then cuts to a man in a purple jacket and pink tie, standing in front of a building with greenery in the background. The",Entertainment & Shows
7354415572626509099,"The video begins with a person wearing a maroon beanie and a white shirt, sitting in a room with a white wall and a green shelf in the background. The person is speaking, and the text on the screen reads, ""Eastern United States. Ground shaking larger in the east because of the older, more fractured rocks. In the western United States, the rocks are much younger and less fractured, so the energy of the earthquake is absorbed by the faults and the rocks are less likely to break."" The person continues to speak, and the text changes to, ""If we look at the earthquake that happened today, it was a magnitude of 4.8 and its epicenter was located around",Science & Technology
7378608951975349536,"The video captures a moment of triumph and celebration in a soccer match. The players, dressed in white jerseys, are seen running across the field, their faces filled with joy and relief. The crowd, a sea of spectators, is seen cheering and waving flags, their excitement palpable. The text overlay ""ENGLAND WIN SOCCERAID"" adds a layer of significance to the moment, suggesting that the victory was not only a personal triumph but also a collective one, as indicated by the ""SOCAID"" text. The video is a snapshot of a moment of triumph and celebration, capturing the excitement and relief of the players and the crowd alike.",Sports
7293239332167617834,"The video features a person wearing a sleeveless, light-colored top with a pattern, standing in a room with a colorful curtain and a painting of a deer on the wall. The person is seen gesturing with their hands and making various facial expressions, including smiling and looking at the camera. The text overlay on the video reads ""some of y'all m"" with a laughing emoji, suggesting a humorous or light-hearted context. The person appears to be interacting with the camera, possibly in a personal or social media setting, and is seen making a peace sign with their fingers. The video does not provide additional context or information about the person or the setting.",1. News
7372186670273137952,"The video showcases a series of food and drink experiences in various settings. It begins with a close-up of a vegan dish, followed by a menu listing vegan options. A person enjoys a burger, and the video continues with a variety of dishes, including a salad, a burger, and a dessert. The person is seen eating a burger, a salad, and a dessert, with the text ""HAN'S IN GÜLK"" appearing on the screen. The video also features a person enjoying a drink, a person eating a sandwich, and a person eating a pizza. The video concludes with a person eating a pizza outdoors, with the text ""PRETTY",1. Food
7379475961139547398,"The video features a woman in a black dress with ruffles, standing in a modern kitchen with white chairs and a dining table. She is wearing black high heels and has long blonde hair. The text on the screen reads ""Мени 60 роки"" (My 60 years) and ""Ну, чуждый 60 год"" (Well, 60 years old). The woman then demonstrates how to wear the dress, showing different poses and movements. The video ends with the woman standing confidently in the kitchen, with the text ""Активирую л",3. Entertainment & Shows
7364542326959574314,"The video shows a person lying on a bed, wearing a black shirt. They are holding their hands together and appear to be in a state of relaxation or contemplation. The background includes a bed with pillows and a blanket, as well as a wall with a painting. The person seems to be in a moment of introspection or self-reflection, possibly reflecting on their life or relationships.",1. News
7309293532467039531,"The video is a compilation of various scenes from a television show, with a recurring theme of a woman named Barbie MagA-A-Nny. The scenes show her in different settings, including a studio with a group of people, a city street, and a news studio. The video also includes text overlays that read ""Barbie MAGA-A-Nny thought she had a 'gotcha' moment"" and ""Barbie MAGA-A-Nny thought she had a 'gotcha' moment."" The video also includes a news ticker with headlines and a logo for the television network. The video also includes a caption that reads ""Hunter Biden paid his",Politics
7376360928851299590,"The video features a series of individuals discussing various topics, including skincare, hair care, and the use of retinoids. The first person, wearing a white shirt, is seen gesturing with their hands while speaking, with text overlays providing context to their statements. The second person, with long hair, is also seen gesturing while speaking, and the text overlays provide additional information. The third person, with curly hair, is seen gesturing with their hands while speaking, and the text overlays provide further context. The fourth person, with long hair, is seen gesturing with their hands while speaking, and the text overlays provide additional information. The fifth person, with long hair,",Lifestyle
7347847920151956779,"The video shows a person standing in a doorway, wearing a hat and holding a leash. They are looking at a small dog that is standing on the floor. The person then bends down and picks up the dog, carrying it into the house. The dog appears to be excited and happy, wagging its tail. The person then puts the dog down and walks away, leaving the dog on the floor. The video ends with the dog looking up at the person, who is now out of view.",7. Pets & Animals
7291696863449763078,"The video features a person wearing a beige shirt and a black headband, speaking directly to the camera. The person is seen gesturing with their hands and making various facial expressions, indicating they are engaged in a conversation or monologue. The background is a room with a window and some furniture, suggesting an indoor setting. The person's attire and the setting imply a casual, possibly personal or intimate context. The video includes text overlays with various messages, some of which are humorous or critical, such as ""I'm actually kind of offended of how stupid the Israelis think we are"" and ""Allah is aware of everything that's going on."" The person's body language and facial expressions change",1. News
7375186781999762721,"The video shows a woman in a blue floral dress and hat standing in front of a table with wine glasses, a bowl of cheese, and a plate of food. She is holding a piece of paper and appears to be reading it. The text on the screen says ""When you rock up to your friends place for a quick visit..."" and ""1pm"". The woman then takes a bite of the food and continues to read the paper. The text changes to ""When you rock up to your friends place for a quick visit... 1pm"" and then to ""When you rock up to your friends place for a quick visit... 3pm"". The woman continues to eat and read the paper",1. News
7309512164870491435,"The video is a compilation of different segments, each featuring a different person speaking about Donald Trump's plans and actions. The first segment shows a man in a suit and red tie speaking to the camera, with the text ""HANNITY ASKS TRUMP IF HE POWER WOULD ABUSE POWER"" displayed at the top. The second segment shows a man in a suit and red tie speaking to the camera, with the text ""TOWN HALWITH BREAKING NEWS"" displayed at the top. The third segment shows a man in a suit and red tie speaking to the camera, with the text ""EXCLUSIVE TOWN HALL WITH DONAL",Politics
7325003811632745761,"The video features a person wearing a green shirt, standing against a plain background. The person is making various hand gestures, including pointing, touching their chest, and pointing to their head. The text overlay in German reads ""DEUTSCHE THERAPEUTEN HATTE RECHT,"" which translates to ""German therapists had the right."" The person appears to be speaking or expressing something, possibly about the rights of German therapists. The video does not show any other objects or people, and the focus remains on the person and their gestures.",Entertainment & Shows
7355061931993992480,"The video features a person wearing a blue shirt standing in front of a calendar that reads ""MONDAY"" at the top. The person is gesturing with their hands, possibly explaining or emphasizing a point. The background is black, and there are no other objects or people visible in the scene. The person's facial expressions and hand movements suggest they are speaking or explaining something, but the specific content of their speech is not provided in the transcript.",1. News
7330624658686954795,"The video is a compilation of clips showing a person wearing a bright pink shirt, with the text overlaying the video reading ""That's his supporters Booing m & I ❤️ that 4 min."" The person is seen making various hand gestures and movements, including pointing and holding their hands up. The background is a room with shelves and various items on display. The video also includes images of a man in a suit and tie, with the text overlaying the video reading ""Trump booed loring about the Arrahan hostage."" The images show a man in a suit and tie, with the text overlaying the video reading ""Trump booed loring about the",Politics
7397794935199567135,"The video shows a woman tied to a tree in the jungle, with a man standing nearby. The woman is covered in mud and appears to be in distress. The video then shows the woman being taken to a hospital, where she is treated for her injuries. The video also shows a close-up of the woman's hand writing a letter, which reveals that she was chained to a tree for 40 days and was rescued by a local shepherd. The video also shows a close-up of the woman's hand writing a letter, which reveals that she was chained to a tree for 40 days and was rescued by a local shepherd. The video also shows a close-up",1. News
7397967668248120622,"The video shows a person with long hair wearing a black shirt and green earrings, standing in a room with a pink blanket and a sign that reads ""I'm a girl, I'm a girl, I'm a girl, I'm a girl, I'm a girl, I'm a girl, I'm a girl, I'm a girl, I'm a girl, I'm a girl, I'm a girl, I'm a girl, I'm a girl, I'm a girl, I'm a girl, I'm a girl, I'm a girl, I'm a girl, I'm a girl, I'm a girl, I'm a girl, I'm a",Beauty Care
7311858161504423214,"The video showcases a collection of BMX bikes, each with unique features and designs. The first bike, a 1987 GT Performer, is highlighted with its pink handlebars and white frame. The second bike, a 1987 GT Performer, is shown with a blue handlebar and white frame. The third bike, a 1987 GT Performer, is featured with a pink handlebar and white frame. The fourth bike, a 1987 GT Performer, is showcased with a blue handlebar and white frame. The fifth bike, a 1987 GT Performer, is presented with a pink handlebar and white",1. News
7299582823940312350,"The video begins with a man sitting on a green leather couch in a dimly lit room, wearing a gray shirt and dark pants. He is holding a black object, possibly a phone, and appears to be in a contemplative or pensive state. The background features a wooden wall with a window and some books on a shelf. The scene then transitions to a close-up of a person wearing a hooded jacket, with the hood pulled up over their head, creating a sense of mystery or secrecy. The lighting is dim, with a blue hue, adding to the enigmatic atmosphere.

The video then shifts to a man in a white shirt, standing in a room with a bright, white",1. News
7331551109649059115,"The video features a black cat playing a violin. The cat is positioned in a dark setting, with its body illuminated by the light of the violin. The cat's fur is shiny and appears to be wet, possibly due to the moisture of the instrument. The cat's eyes are closed, suggesting it is focused on the music. The video captures the cat's movements as it plays the violin, with the strings and bow visible in the frame. The cat's head is tilted slightly to the side, and its mouth is open, indicating it is singing or speaking. The video does not contain any additional text or subtitles.",Pets & Animals
7293441357169937666,"The video features a series of animated scenes with a character in a school uniform and a blonde ponytail. The character is seen interacting with various cars, each with unique designs and colors. The cars are parked in a parking lot, and the character appears to be performing actions such as jumping onto the cars and interacting with them. The background of the video is a parking lot with other cars and buildings visible. The character's actions and the cars' designs suggest a playful and dynamic interaction between the character and the cars.",1. News
7397793782122564896,"The video shows a person lying in bed, wearing a white top and a gold necklace. The person is making various hand gestures, including touching their face and holding their hand up to their face. The person is also seen wearing earrings and a bracelet. The background is a bed with a white and gray patterned blanket. The person appears to be talking or expressing something, possibly about their appearance or a story. The video ends with the person still lying in bed, continuing to make hand gestures.",Entertainment & Shows
7359943972216638736,"The video shows a group of people protesting in a city street. They are holding signs and banners, and some of them are wearing orange vests. There are police officers present, and they are trying to control the situation. The protesters are chanting slogans and waving flags. The video also shows a large banner with a message in German.",Politics
7344108969151008001,"The video shows a group of people at a wedding reception. There are tables set up with food and drinks, and people are sitting and standing around. A woman in a red dress is sitting at a table with a man in a black suit. They are holding glasses of champagne and smiling at the camera. The woman is holding a piece of paper with the words ""Damian really likes cookies I guess"" written on it. The man is wearing a black suit and a white shirt. The woman is wearing a red dress and has long hair. The man is wearing a black suit and a white shirt. The woman is holding a piece of paper with the words ""Damian really likes cookies I",Entertainment & Shows
7226368631268019482,"The video features a person with long blonde hair, wearing a black leather jacket, standing in a room with a pink towel hanging on the wall. The person is holding a phone, and the text ""Songs for your Insta Story Crush Edition"" is displayed at the top of the screen. The person then takes a selfie, and the text ""EVERY TIME WE TALK, IT'S JUST HURTS SO BAD"" appears. The person continues to take selfies, and the text changes to ""CAUSE I DON'T EVEN KNOW WHAT WE ARE"" and ""I DON'T EVEN KNOW WHERE TO START."" The person continues","3. Music, Singing, & D"
7369594137928109345,"The video shows a shelf in a grocery store with various food items, including a box of Mr. Brain's pork faggots. The box is prominently displayed and features an image of the product on the front. The price tag on the shelf indicates that the pork faggots are priced at 1.60. The video also includes a humorous comment from the person recording the video, questioning the price of the pork faggots and expressing surprise at the cost.",7. Food
7330275353325227297,"The video features a person with extensive tattoos and scars, who is seen in various settings, including a hospital, a restaurant, and a bar. The person is wearing different outfits and accessories, such as a tank top, a black shirt, and a blue and red striped shirt. The text overlays the video, providing information about the person's condition and the process of their transformation. The person is also seen performing physical activities, such as jumping rope and exercising on a treadmill. The video concludes with the person sitting at a table in a restaurant, eating food.",Sports
7327164126822763808,"The video showcases a series of military parades from different countries, featuring women in uniform marching in formation. The countries represented include China, Russia, Vietnam, South Korea, and North Korea. Each country's flag is displayed at the bottom of the screen, and the text ""women military parades"" appears at the top of the screen. The video captures the precision and discipline of the women in uniform as they march in unison, with the camera capturing the entire formation from different angles. The video also includes a person in a military uniform standing in the background, possibly a commander or instructor. The video concludes with the text ""I'm only making shit my life, I think it's too much""",Sports
7371855904813157664,"The video features two individuals standing side by side in a room, with a white wall and a bed in the background. The person on the left is wearing a white shirt with a pink design and denim shorts, while the person on the right is wearing a white shirt with a pink design and black pants. The video is titled ""pre summer sets"" and includes a list of statistics for each person, such as ""Jula"" and ""Amelie"" with their respective scores and stats. The video also includes emojis and a flower-shaped decoration on the wall.",Entertainment & Shows
7354696392129924385,"The video showcases a series of close-up shots of a red sports car at a car show. The car is detailed with a carbon fiber body and black wheels. The video begins with a close-up of the car's side, highlighting its sleek design and the ""Porsche"" logo. The car is then shown from the front, revealing its sharp lines and aerodynamic shape. The video continues with a focus on the car's front wheel, showcasing its intricate design and the ""Porsche"" logo. The final shot captures the car from the side, emphasizing its sporty aesthetic and the ""Porsche"" logo on the side. Throughout the video, the car is surrounded by a",1. News
7293639077671210286,"The video shows a person feeding fish from a white bucket filled with fish food. The person is standing on a wooden dock by a body of water, and the fish are swimming around the bucket. The person is holding the bucket with both hands and pouring the fish food into the water. The fish are swimming around the bucket and then start to swim away from the bucket. The person then walks away from the bucket and continues to feed the fish from the water.",1. Pets & Animals
7357227155979275526,"A group of people are standing on a cobblestone street at dusk. One person is holding a microphone and interviewing the group. The group consists of a man in a beige jacket, a woman in a white top and blue jeans, a young boy in a blue outfit, and a young girl in a blue outfit. The man in the beige jacket is holding a microphone and interviewing the group. The group consists of a man in a beige jacket, a woman in a white top and blue jeans, a young boy in a blue outfit, and a young girl in a blue outfit. The man in the beige jacket is holding a microphone and interviewing the group. The group consists of",Entertainment & Shows
7394532218032491808,"The video features a woman in a pink dress and a man in a black shirt standing on a sidewalk. The woman is holding a pink purse and appears to be talking to the man. The man is wearing a black shirt and has a black belt around his waist. The background shows a street with parked cars and a fence. The sky is cloudy, and the sun is setting. The woman and the man are walking together, and the woman appears to be asking the man a question. The man is then seen standing alone on the sidewalk, looking at the woman. The woman is then seen walking away from the man, and the man is standing alone on the sidewalk. The video ends with the woman",1. Entertainment & Shows
7354508802932133166,"The video features a series of individuals engaged in various activities, with text overlays providing commentary on their actions. The first individual is seen in a room with a ceiling fan, with the text ""Booktok"" and ""Stitch Inning"" appearing on the screen. The second individual is sitting in a car, with the text ""WHINING ON THE INTERNET"" and ""I'm not sure what his age has to do with anything, especially since if this was a 30-year-old man, you'd probably still disagree with him."" The third individual is seen in a library, with the text ""Over 80% of the people who purchase romance novels are women",Politics
7344855206242389280,"The video features a woman in a black blazer and white shirt, seated in a room with a wooden background. She appears to be engaged in a conversation, as indicated by her hand gestures and facial expressions. The text overlay at the top of the screen reads ""Alice Weidel reagiert auf AFD-chatterläufe,"" suggesting that the woman is reacting to comments or discussions related to the Alternative für Deutschland (AfD) party. The video captures her reactions and expressions as she listens and responds to the conversation.",Politics
7377794153071037739,"The video is a series of clips from the TV show ""The Office,"" featuring a character named Jim who is trying to demonstrate his telekinetic powers. The video starts with Jim in a tuxedo, reading from a piece of paper, and ends with him in a suit and bow tie, standing in front of a coat rack. The text in the video suggests that Jim is trying to prove that he can move objects with his mind, but the video does not show any actual telekinetic abilities. The video also includes a woman in a pink shirt and a man in a white shirt, but their roles are not clear from the captions.",Entertainment & Shows
7349706117166959879,"The video features a person standing in a natural setting, surrounded by trees and greenery. The person is wearing a light-colored shirt and appears to be speaking to the camera. The text overlays on the video include phrases such as ""What's up everyone?"", ""I am officially going into the jungle."", ""I don't know how to feel."", ""I'm excited."", ""I'm nervous."", ""You know, I'm normally a very organized and a planner and a control freak and I don't get to control anything here."", ""So I'm along for the ride and, you know, I hope they go easy on me."", and ""See you in the jungle."" The person's",1. News
7308194891656400170,"The video shows a group of people in a stadium, with a large crowd of fans wearing red shirts. The text ""FUMBLE."" is displayed at the top of the screen. The fans are cheering and celebrating, with some of them holding up signs and cheering. The atmosphere is lively and energetic, with the fans showing their support for their team.",Sports
7375105398946139398,"The video shows a woman in a light blue robe standing in a living room, talking to the camera. She is holding a phone and appears to be in a heated discussion with someone off-camera. The room is decorated with a large flat screen TV, a coffee table, and a rug. The woman is also seen in a different room, sitting on a couch and holding a remote control, possibly watching TV. The video also shows the woman in a different room, standing in front of a sliding glass door, talking to the camera. She is wearing a light blue robe and appears to be in a heated discussion with someone off-camera. The room is decorated with a large flat screen TV,",Entertainment & Shows
7387067236218916129,A woman is in a store and she is looking at a display of cakes. She is holding a cupcake and she is talking to the camera. She is saying that the cakes are very good and that she is going to sign up for the Cake Club. She is also saying that she is going to eat the cake that she got from the store.,Entertainment & Shows
7323395108378840351,"The video shows a person dancing in a hallway. The person is wearing a gray sweatshirt and jeans. The hallway has tiled floors and a Christmas tree decorated with red ornaments and a fan on the right side. The person dances energetically, moving their arms and legs in various directions.",Humor
7378610696390528289,"The video is a series of frames showing a man in a white lab coat speaking into a microphone, with various texts overlaid on the screen. The text in French explains the dissolution of the National Assembly, the impact of this decision on the upcoming elections, and the political changes that have occurred since the last dissolution in 1997. The man appears to be providing commentary or analysis on the political situation in France. The video also includes a list of names and titles, suggesting that the man is a journalist or commentator.",Politics
7292568999932529963,"The video shows a series of images of Malia and Sasha Obama walking in different settings, including a park, a street, and a beach. They are dressed in athletic clothing and carrying water bottles, indicating that they are engaged in physical activity. The video also includes images of the Obamas in different settings, such as a nighttime walk and a nighttime scene. The video concludes with a red button that says ""FOLLOW"" and a white button that says ""SUBSCRIBE,"" suggesting that the video is part of a series of videos that encourage viewers to follow and subscribe to the content creator's channel.",Fitness & Health
7360445995945037088,"The video shows a group of wild boars walking on a paved road at night. The boars are seen eating from a pile of food on the ground. A person is seen feeding the boars, and the boars are seen eating the food. The video also shows a person kneeling on the ground, feeding the boars. The boars are seen eating the food, and the person is seen holding a bottle of food. The video ends with the boars continuing to eat the food.",Sports
7356329953622822187,"The video features a person wearing a colorful cap and a gray shirt with a logo on it. The person is seen in front of a computer screen displaying a stock chart for Trump Media & Technology Group Corp. The stock price is shown to have fallen again today, with a value of 34.21 USD. The person is seen gesturing with their hands while speaking, and the text on the screen changes to provide different insights about the stock's performance. The video also includes text overlays that provide additional commentary on the stock's value and the stock market's sentiment towards Donald Trump's presidency.",Politics
7376774039899082027,"The video shows a group of elderly people in wheelchairs in a museum. They are dressed in formal clothing and are seated in a circle. The video then shows a close-up of one of the elderly people in a wheelchair, wearing a suit and a hat. The video then shows a group of elderly people in wheelchairs in a museum. They are dressed in formal clothing and are seated in a circle. The video then shows a close-up of one of the elderly people in a wheelchair, wearing a suit and a hat. The video then shows a group of elderly people in wheelchairs in a museum. They are dressed in formal clothing and are seated in a circle. The video then shows",Science & Technology
7394396617882799366,"The video features a person with curly red hair, wearing a dark top, holding a large, colorful drink in their hand. The drink is decorated with various colors and patterns, including pink, white, and blue. The person appears to be in a dimly lit room, with a dark background. The text overlay at the top of the video reads ""POV: Your cousin gives you something to do drink,"" suggesting that the person is reacting to a situation where their cousin has given them a drink. The video does not provide any additional context or information about the situation or the person's reaction.",1. News
7382929842615979296,"A woman is sitting in a room and talking to the camera. She is wearing a white shirt and has her hand resting on her chin. She is looking at the camera and talking about how she has been feeling depressed lately. She has been spending the last few hours on her laptop, looking at family, hotels, and malls. She says that she has found nothing interesting. She is frustrated and doesn't know what to do. She is looking at the camera and talking about how she has been feeling.",Entertainment & Shows
7283171808595971370,"The video features a woman with long black hair, wearing a gray tank top, standing in a room with a plant in the background. She is holding a phone and appears to be speaking, as indicated by her hand gestures. The text overlay on the video reads, ""NO BECAUSE I'M REAL AORES WHEN THE DUCK DUCK AOKING STAND THE GUY AT THE TEAMKAMAD FOR THEY MAD FAWTFIRS LMAO."" The woman's facial expressions and hand movements suggest she is reacting to something humorous or surprising.",1. News
7299771215755906312,Two women are dancing in a gym. They are wearing black jackets and pants. They are dancing in a room with wooden floors and a gray wall.,Dance
7397523950391086369,"The video begins with a black screen, where a green apple with a crown and a blueberry with a crown appear. The blueberry is wearing a red heart-shaped earring, and the apple is wearing a silver tiara. The blueberry moves closer to the apple, and the apple appears to be smiling. The scene then transitions to a black screen with colorful confetti falling from the top. The confetti includes various colors such as pink, yellow, green, and blue. The confetti continues to fall, and the apple and blueberry are no longer visible. The confetti then disperses, leaving the screen black once again. The video then shows a green apple with a crown",Film & Animation
7410518813021637930,"The video shows a man in a suit and tie sitting in a room with a woman in the background. The man is speaking, and the text overlay on the screen reads, ""Do you think Americans seriously think that this is an important question?"" The woman in the background is wearing a white blazer and appears to be listening to the man. The setting appears to be a formal or professional environment, possibly a meeting or press conference. The video does not provide any additional context or information about the man's identity or the woman's role.",Politics
