video_id,summary,category
7349900395843472672,"A man in a suit and tie is speaking into a microphone at an outdoor event. He is wearing a blue cap with a Russian flag on it. The event is crowded with people, and there are cars and trucks in the background. The man is talking to another man who is also holding a microphone. The man in the suit is wearing a tie and a white shirt. The man in the suit is wearing a blue cap with a Russian flag on it. The man in the suit is wearing a tie and a white shirt. The man in the suit is wearing a blue cap with a Russian flag on it. The man in the suit is wearing a tie and a white shirt. The man in",Politics
7326597898358066465,"The video is a humorous comparison between a person's reaction to their cat's behavior and the reaction of a smartphone. The video is divided into two parts, each showing a different reaction.

In the first part, the person is shown reacting to their cat's behavior with a surprised expression. The cat is shown with a smartphone in its mouth, and the text ""Pov: les appels avec mon chacad qui n'a jamais fait de cela"" (Pov: the calls with my cat who has never done this) is displayed. The person's reaction is shown with a surprised expression, and the text ""Moi: ハハ",7. Pets & Animals
7302484543691328810,"The video is a series of black screens with white text. The text reads ""EMERGENCY RELIEF DISTRICT OCTOBER 1TH, 2023. Stop the killing. Stop hate. Time to donate."" The text is repeated multiple times throughout the video. The video does not contain any other visual elements or audio.",1. News
7339991555408694561,"The video shows a person standing in a store, holding a brown hoodie with the word ""BALEA"" on it. The person is surrounded by shelves filled with various skincare products. The video then focuses on a shelf displaying different skincare products, including a box of Balea Vital Augencreme and a box of Balea Aqua Augen Roll-On. The video continues to show the same shelf, with the person pointing at the products and discussing their prices. The video then shows a shelf with various skincare products, including a box of Balea Aqua Augen Roll-On and a box of Balea Aqua Augen Roll-On. The video",Beauty Care
7351403366368546081,"The video showcases a series of events involving a group of humans and aliens in a battle. The humans, who are the main characters, are depicted as being highly trained and equipped with advanced weapons. They are pitted against a group of aliens who are depicted as being weaker and more vulnerable. The humans are shown to be able to defeat the aliens with ease, using their advanced weapons and tactics. The aliens, on the other hand, are shown to be vulnerable to the humans' weapons and are quickly defeated. The video also shows the humans being able to survive and even thrive in the face of overwhelming odds, with the humans being able to adapt and evolve to overcome the challenges they face. The video",1. News
7380379588242804001,A person is lying in bed with a pink pillow. They are wearing a black shirt with blue writing on it. The person is making a peace sign with their hand.,Politics
7291005324717313313,"The video features two women standing in front of a large building with a dome, discussing the rise of the Alternative for Germany (AfD) party in Germany. The woman in the pink coat explains that the AfD is on the rise in Germany, coming in second in the state elections in Hesse and third in Bavaria. She also mentions that the law allowing dual nationality and faster German passport processing is still on track. The woman in the green dress asks if the law can be stopped, and the woman in the pink coat responds that the coalition government still has the majority in the Bundestag, and the Bundesrat cannot block the law. The video concludes with the woman in the pink coat",Politics
7184540937974975786,"The video shows a person in a car, wearing a black tank top and white headphones around their neck. They are demonstrating the use of a brow lift product, which is a clear container with a brush applicator. The person is applying the product to their eyebrows, demonstrating the technique and results. The video also includes text overlays that provide information about the product and its benefits. The person appears to be satisfied with the results and recommends the product to viewers.",Beauty Care
7343334803665603883,"The video features a person with long, wavy hair wearing a dark gray sweater and a gold necklace with a pendant. They are sitting in front of a backdrop that resembles a starry night sky. The person is holding a black object, possibly a makeup product, and appears to be speaking or presenting something. The video includes text overlays that provide information about the person's social media presence, including their Twitter and Instagram accounts, and a message about the potential ban of TikTok. The person also appears to be discussing the importance of TikTok in educating people about science and space, and the potential impact of the ban on the app's users.",Science & Technology
7343662075299761440,"The video begins with a person wearing a pink sweater with a black bow tie, standing in a room with a white wall and a shelf in the background. The person is looking at the camera with a serious expression. The scene then transitions to a close-up of a person with long blonde hair, wearing a white shirt with a red tie, standing in a dimly lit room with a green hue. The person appears to be in a state of shock or fear. The video then cuts back to the person in the pink sweater, who is now looking at the camera with a more relaxed expression. The final scene shows the person in the pink sweater standing in the same room,",1. News
7394913119375527210,A person wearing a camouflage cap and a gray shirt is standing in front of a plain wall. They are holding a small object in their hand and gesturing with their other hand. The person appears to be speaking or explaining something.,Politics
7327439802637307178,"A person is standing next to a white truck, talking about the features of the truck. The person is wearing a camouflage hoodie and is holding a phone. The truck has a black interior and a black front bumper. The person is pointing at the truck and talking about the features of the truck.",Sports
7296461109572275488,"The video features a series of interviews with Trump supporters who express their disagreements with the President's stance on unions. The interviews take place in various outdoor settings, including a parking lot and a street, with the participants wearing red hats and jackets with the ""Make America Great Again"" slogan. The participants discuss their views on unions, with some expressing support for unions and others criticizing Trump's policies on the issue. The video concludes with the participants continuing their conversation, with one participant stating that they do not support Trump's policies on unions.",Politics
7385384197864557855,"The video features a series of images from a television broadcast, showing two men in suits, one with a red tie and the other with a blue tie, standing at podiums with microphones. The background is blue with the CNN logo. The text overlay reads ""My favorite prt of the debate wasa-wa-shitting whoever wasn't talking."" The images are static, with no movement or action taking place. The video does not contain any additional audio or visual elements.",Politics
7358352976639184146,"The video shows a person driving a car on a rainy day, with the windshield wipers on. The rain is falling heavily, creating a misty effect. The person is driving on a highway, and the traffic lights are visible in the distance. The video captures the changing colors of the sky as the sun sets, with the sun reflecting off the wet road and the car's windshield. The video also shows the person's reflection in the car's windshield, as well as the reflection of the traffic lights in the rain.",Science & Technology
7371030140370963713,"The video is a series of clips from a video game, specifically a first-person shooter game. The game is set in a medieval-style environment with stone buildings and cobblestone streets. The player is using a futuristic weapon with a glowing green and blue design. The player is seen navigating through the environment, taking cover behind walls and using the weapon to shoot at enemies. The player is also seen using a grappling hook to swing across the environment. The player is also seen using a grappling hook to swing across the environment. The player is also seen using a grappling hook to swing across the environment. The player is also seen using a grappling hook to swing across the environment. The player is",Sports
7328941581862473006,"The video showcases a fighter jet in flight, with the text ""HIGH"" appearing in yellow letters. The jet is seen on a runway, with a person in the background. The jet then takes off, with the text ""TARGET"" appearing in purple letters. The jet is seen on an aircraft carrier, with a green truck and a large structure in the background. The jet is then seen flying through the sky, with the text ""HIGH"" appearing in yellow letters. The jet is seen flying through the sky, with the text ""TARGET"" appearing in purple letters. The jet is seen flying through the sky, with the text ""HIGH"" appearing in yellow letters. The",1. News
7295860137162591519,"The video features a person wearing a plaid shirt, speaking in front of a blue-lit background. The person is seen discussing various topics related to power, justice, and historical events. The text overlays on the screen provide context and commentary on the topics being discussed. The person appears to be making a point about the injustices committed by different groups throughout history, and the video ends with a message about the importance of remembering the feelings of righteousness that can lead to harmful actions.",Politics
7407540452611640606,"The video shows a person in a blue shirt and black gloves sitting at a desk in an office. The person is wearing a black suit and is seated in a black leather chair. The desk has a keyboard, a mouse, and a box. The person is holding a passport and a pen. The person is wearing black gloves and is seated in a black leather chair. The desk has a keyboard, a mouse, and a box. The person is holding a passport and a pen. The person is wearing black gloves and is seated in a black leather chair. The desk has a keyboard, a mouse, and a box. The person is holding a passport and a pen. The person is wearing black",Science & Technology
7372987016914455841,"The video shows a cricket match between Pakistan and England. The players are wearing different colored uniforms, with the Pakistan team in green and the England team in orange. The game is taking place in a large stadium with a crowd of spectators. The players are actively engaged in the game, with some running and others standing. The video captures the excitement and intensity of the match, with the players competing against each other.",Sports
7366561209996332320,"A person with long black hair is sitting in a room with a yellow wall and a white ceiling. They are wearing a white shirt and have a gold watch on their left wrist. They are making various hand gestures, including pointing and touching their face.",News
7334130841016274222,"The video features a black sports car parked in a parking lot. The car is sleek and has a low profile, with a prominent front grille and large alloy wheels. The background of the video is a typical parking lot scene, with trees and a fence visible. The video is overlaid with text that reads, ""I don't reverse park to look cool, a mufti can't park forward..."" This text suggests that the person filming the video is frustrated with their own parking skills and is trying to convey that they are not as skilled as others. The video does not provide any additional context or information about the person filming or the location.",1. News
7380389929790033185,"The video is a series of scenes from a video game, showing two characters dancing in a dark, dimly lit room. The characters are dressed in elaborate costumes, with one character wearing a white dress and the other wearing a blue outfit. The video is accompanied by a song with lyrics that suggest a romantic or dramatic theme. The video ends with the characters continuing to dance, with the text ""You may have my number, you can say my name But you'll never have my heart Let the sky fall, let me crumble We will stand tall, I'll face it all Together, let the sky fall Let me crumble"" appearing on the screen.",Sports
7343754603927850245,"The video is a series of images that appear to be from a protest or rally, with people holding signs and flags. The images are overlaid with text that reads ""FREE PALESTINE"" and ""PALESTINIAN RIGHTS."" The images also show people wearing headbands with the Palestinian flag on them. The video is likely a call to action for viewers to support the Palestinian cause.",Politics
7357827492289465646,"A person wearing a white t-shirt with a cartoon character on it is standing in a kitchen. The person is making hand gestures and talking to the camera. The text on the screen reads, ""I don't personally think this is a hot take but some people might if I never had to eat again like I could just survive without putting food in my body I would and before everybody in the comments no it's inconvenient grocery shopping inconvenient cooking inconvenient fucking sitting down eating a goddamn meal inconvenient dude I don't want to do it anymore like I don't want to decide, dude. I don't want to decide what to eat. I don't want to cook. I don",Entertainment & Shows
7366736772253977889,"The video starts with an aerial view of a coastal town, surrounded by lush green trees and a body of water. The text overlay reads, ""Is a country still a country if it sinks?"" This sets the stage for the discussion of Tuvalu, a small island nation in the Pacific. The video then transitions to a map of the Pacific, highlighting Tuvalu and its surrounding islands. The text overlay reads, ""Is a country still a country if it sinks?"" This question is posed again, emphasizing the vulnerability of Tuvalu to rising sea levels. The video then shows a group of people walking along a beach, with the text overlay reading, ""30 years ago, it was",Politics
7342750088902511915,"The video shows a person standing in a bathroom, taking a selfie with a phone. The person is wearing a black t-shirt and black shorts. The bathroom has a tiled wall with blue and yellow stripes, and there is a mirror above a sink. The person is holding a colorful phone case with a floral design.",1. News
7325461211653492010,"A person is wearing a purple hoodie with the word ""CRAZY"" written on it. They have long braids and are standing in front of a wooden door. They are talking to the camera and showing their hair.",Entertainment & Shows
7363144949442825518,"The video features a person with long blonde hair, wearing a black shirt with a graphic design. The person is standing in a room with a door in the background. The person is speaking, and the text overlay on the video reads, ""why is finding a girl friend no im not trying to fall in love with, im trying to fall in love with."" The person appears to be talking about their feelings and intentions regarding finding a romantic partner.",1. Entertainment & Shows
7375972216707484960,"The video is a series of frames showing a man in a white shirt standing in front of a screen with a list of Labour's policy steps for change. The man is gesturing with his hands as he speaks, and the background is a red and white flag. The text on the screen reads ""Thanks for the plug Rishi 👍"" and ""Thanks for the plug Rishi 👍"" with a thumbs up emoji. The man is also seen writing on a piece of paper with a blue pen. The video ends with the man standing in front of a black background, with the text ""Thanks for the plug Rishi 👍"" and a thumbs up emoji.",Politics
7363604482355137799,A woman is unpacking a box in her kitchen. She is using a tablet to search for deals on Amazon. She finds a deal for a stainless steel double-walled glass coffee maker for $18.76. She then uses a vacuum sealer to package the coffee maker.,Entertainment & Shows
7341253553245408558,"The video features a person in a light blue shirt with white trim, wearing a necklace and pearl earrings, standing in a room with a beige wall and a window in the background. The person is seen applying makeup, using a brush and a bottle of foundation. They are also seen holding a small object, possibly a makeup brush or a makeup product, and using it to apply makeup to their face. The person is seen talking and gesturing with their hands while applying makeup. The video also includes text overlays that provide context to the person's actions and thoughts. The text overlays include phrases such as ""So we bought a house for my entire family, but who's paying for",Beauty Care
7346960504490937642,"The video starts with a woman lying on a bed, wearing a light gray tank top. The text overlay reads, ""When you wanted your engagement song to be 'Sun's so low' ok."" The scene transitions to a black and white image of a car driving down a road, with a woman in a white dress and a man in a suit sitting in the back. The car is a classic model with a large trunk. The scene then shifts to a close-up of a woman's hand, showing a ring on her finger. The final scene shows a couple dancing on a boat, with the woman in a white dress and the man in a suit. The video ends with a close-",Entertainment & Shows
7203774185322188037,"The video begins with a person standing in front of a door with a sign that reads ""A STUDENT'S HOME."" The person is wearing a dark blue shirt and gray pants. The door is open, and the person is holding a piece of paper. The scene then transitions to the person sitting at a desk in a room with a wooden floor. The person is wearing a dark blue shirt and gray pants. The desk has a computer monitor, keyboard, and some papers on it. The person is looking at the computer screen and typing on the keyboard. The video ends with the person still sitting at the desk, typing on the keyboard.",1. Entertainment & Shows
7324373228028300577,"The video is a series of humorous and exaggerated scenarios that highlight the challenges and frustrations of working in finance. It starts with a man walking down a rainy street, reflecting on his job and the monotony of his daily routine. The video then transitions to a series of scenes that illustrate the various aspects of working in finance, including the physical toll it takes on the body, the challenges of working with models, and the difficulties of maintaining a dating life. The video also touches on the importance of research and the potential consequences of making mistakes in the office. Throughout the video, the text overlays provide commentary on the situations, adding a humorous and relatable touch to the scenes. The video ends with a man",Entertainment & Shows
7404376866108312865,"The video starts with a chaotic scene outside a bus at night, where a group of people, including police officers, are trying to manage a situation involving a person in a wheelchair. The text overlay reads ""Das sagen lässt sich nur zur Kursk-Offensive"" (The situation only allows for the Kursk Offensive). The scene then shifts to an outdoor setting where a man in a denim jacket is speaking to the camera, with a cityscape and a sign for a restaurant in the background. The text overlay remains the same. The scene then transitions to a woman in a white shirt standing in front of a colorful poster with the text """,Politics
7379002112652660014,"The video features a person wearing a white shirt with a graphic design, standing in front of a window with blinds. The person is seen holding a necklace with the name ""RITANA"" written on it. The necklace is displayed on a white card with the text ""Fashion Jewelry"" and a logo. The person appears to be expressing gratitude towards someone named Sarah, as indicated by the text on the card. The video concludes with a close-up of the necklace on the card, emphasizing the name ""RITANA"".",1. News
7394618529569344811,"The video starts with a woman standing in front of a backdrop featuring the American flag and the text ""KAMALA."" She is wearing a black blazer and a light-colored top. The date ""7/22/24"" is displayed in the top left corner. The woman is speaking into a microphone, and the scene transitions to another woman with long blonde hair, wearing a light blue shirt and a necklace, standing in a room with a gold-colored shelf, a vase with greenery, and a window with white blinds. The date ""7/22/24"" is still displayed in the top left corner. The woman in the light blue shirt continues",Politics
7366286242406829345,A man in a grey hoodie is DJing in an office. He is standing in front of a DJ controller with a laptop on it. He is wearing headphones and has a microphone in his hand. He is playing music and dancing.,"Music, Singing, & Dancing"
7325205573941710111,"A person wearing a black t-shirt with a picture of a man on it is sitting in a room. The room has a dark color scheme with a dark dresser and a white door in the background. The person is talking to the camera and gesturing with their hands. The text on the screen reads ""I've only recorded during daylight hours so far... 9 hours so far... I'm not sure what's going on tonight... stay tuned.""",Science & Technology
7352304151897951521,"The video starts with a person standing in a living room, wearing a black shirt and red pants. The room has a large window, a chandelier, and a rug on the floor. The person is holding a pair of shoes and talking to the camera. The text on the screen says ""POV: Du chilst bst im 'Ich bin nicht recht' Freud."" The person then walks away from the camera, leaving the living room.

The next scene shows the person sitting on a couch in the living room, wearing the same black shirt and red pants. The person is talking to the camera and gesturing with their hands. The text on the screen",Entertainment & Shows
7365063366907333921,"The video showcases a breathtaking view of a city skyline at sunset. The sky is painted with hues of pink, purple, and orange, creating a stunning backdrop for the city's illuminated buildings. The city's lights reflect off the water, adding to the beauty of the scene. The video captures the city's skyline from a distance, allowing viewers to appreciate the architectural details and the city's layout. The video also includes a voice-over that repeats the phrase ""I'm the way you are, I'm the way you are, I'm the way you are,"" which could be a part of a song or a motivational message.",1. News
7346235933882076448,The video shows a man in a green hoodie and blue jeans using a blue mechanical device to work on a wooden post in a field. He is seen bending over and using the device to work on the post. The background includes trees and a grassy area.,1. Sports
7305148019727420718,"The video features a woman wearing a white turtleneck and a beige coat, standing in front of a movie poster for the film ""Watcher."" The poster displays the title ""WATCHER"" in large white letters, with the tagline ""Striking a Sensation"" and the names of the actors, ""Ava Adrien"" and ""Monroe."" The woman appears to be speaking or reacting to the movie poster, as indicated by her hand gestures and facial expressions. The background of the poster is dark and rainy, with a building visible in the distance. The video repeats this scene multiple times, with the woman's gestures and expressions changing slightly with each repetition.",Entertainment & Shows
7395252325104766216,"The video begins with a first-person perspective of a player in a video game, showcasing a virtual environment with buildings and a clear sky. The player's health is at 100%, and the score is 0-0. The scene then transitions to a close-up of a cat's face, which is superimposed onto the player's avatar, giving the impression that the player is a cat. The cat's face is white with orange patches, and it is wearing a green helmet. The cat is holding a sniper rifle, and the scene is set in a virtual environment with buildings and a clear sky. The cat's face is superimposed onto the player's avatar, giving",0:01
7354853011887312160,"The video begins with a person sitting at a table with two pizzas in front of them. The person is wearing a dark blue sweater and has their hands clasped together. The text overlay reads ""It's pizza night on @xxtvfox But what are our favorites??!"" The person then eats a slice of pizza with pineapple on it, and the text overlay changes to ""Pineapple doesn't belong on pizza...."" The person continues to eat the pizza with pineapple on it, and the text overlay changes to ""Pineapple doesn't belong on pizza...."" The person then eats a slice of pizza with pineapple on it, and the text overlay changes to ""P",Entertainment & Shows
7355938811429260550,"A person is sitting in front of a colorful, fluffy, multicolored blanket. They are wearing headphones and appear to be speaking or singing. The background is dimly lit with a purple hue. The person is wearing a black top with floral patterns. The text overlay at the bottom of the screen reads, ""I ate a whole bag of chips and my tummy hurts real bad. This is a song about feeling sad because they were damn good. No regerts."" The person is also wearing a microphone attached to their top. The video is a commentary on the song ""I ate a whole bag of chips and my tummy hurts real bad"" by Death in Space.","Music, Singing, & Dancing"
7363655590524226862,"The video starts with a person sitting at a desk with a keyboard and a mug with a zebra design. The background is a blue and purple neon sign. The person is wearing a dark shirt with the words ""LOVE HOPE CURVE"" written on it. The video then transitions to a screen with the text ""Welcome to Spypet"" and a description of the Discord service. The video then shows a list of statistics about Discord, including the number of servers, users, and messages. The video then shows a screenshot of a Discord chat window with a message from a user named ""Spy.pet"" that says ""I'm sorry, but I can't",News
7337977691611696417,"The video shows a person driving a car, wearing a white sweater and a gray shirt. The person is driving through a city street, with buildings and cars visible through the windows. The person is seen gesturing with their hands, possibly talking or expressing frustration. The video ends with the person still driving, with the same gestures and expressions.",1. News
7335864619187146016,"The video is a series of maps and graphics that compare the population and geography of Wyoming and Colorado. It starts with a map of the United States, highlighting the states of Wyoming and Colorado, and then zooms in on the Rocky Mountains, showing the border between the two states. The video then provides a detailed comparison of the two states, including their population, geography, and economy. It highlights the differences in population density, climate, and economic development between the two states. The video concludes with a map of the Rocky Mountains, showing the location of Gannett Peak and Yellowstone National Park, and a red box with the text ""WYOMING'S FOUR YEAR UNIVERS",Science & Technology
7356565580603870497,"The video features a conversation between two individuals, one in a dark suit and the other in a light pink outfit, set against a backdrop of a microphone and a teal-colored background. The conversation revolves around the topic of mental health, with the person in the dark suit expressing concern and empathy for the person in the light pink outfit, who is struggling with mental health issues. The person in the light pink outfit shares their personal struggles with mental health, including the challenges of finding a therapist and the impact of the COVID-19 pandemic on their mental well-being. The conversation also touches on the political context, with the person in the dark suit expressing concern about the Labour Party's role in",Politics
7407322364309949728,"The video shows a group of people performing on stage. They are dressed in casual clothing and are dancing energetically. The stage is brightly lit with colorful lights, and the background features a large screen with a pink and blue design. The performers are moving in sync with each other, and the audience can be seen in the foreground, watching the performance. The video also includes a text overlay that reads ""I don't wanna die Before we love, we love, this feeling, babe Cause it's enough, enough, can't be this way Before we love, we love, this feeling, babe I love it, I like it, but I don't wanna die Ooh,","Music, Singing, & Dancing"
7395058028594122014,"The video features a series of individuals in various settings, each with a caption that appears at the bottom of the screen. The captions are in English and discuss different topics, such as the importance of the election issues, the impact of Wade's take on RfJr, and the challenges of living in Brooklyn. The individuals are seen in different environments, including a blue background, a podium, a car, a beach, a store, and a room. The video concludes with a black screen displaying the text ""I want to thank you for joining us.""",Politics
7357035995667107114,"The video shows a woman in a black t-shirt with the word ""Tropical"" on it, standing in a fast food restaurant. She is holding a drink in her hand and appears to be talking to someone off-camera. The background shows a menu board with various drink options, including a drink called ""Fruity"" priced at $2.99. The woman then takes a drink from the cup and continues to talk to someone off-camera. She then walks away from the counter and is seen holding a drink in her hand. She then walks towards a table where another woman is sitting, and they appear to be having a conversation. The woman in the black t-shirt",Entertainment & Shows
7322958700291853614,"A man in a suit and red tie is speaking at a podium on a news set. He is surrounded by two other people, one of whom is a woman in a white suit. The man in the suit is gesturing with his hands as he speaks. The background is blue with the words ""Iowa Town Hall"" and ""Donal Trump"" visible. The man in the suit is wearing a red tie and a white shirt. The woman in the white suit is wearing a black blazer. The man in the suit is speaking into a microphone. The woman in the white suit is listening attentively. The man in the suit is gesturing with his hands as he speaks. The background",Politics
7333721172363922734,"The video shows a man in a blue shirt and khaki pants standing in front of a black Toyota CUV. He is wearing sunglasses and a blue jacket. The man is dancing and moving his arms and legs around. He is also making various hand gestures, such as pointing and holding up his hands. The background of the video is a parking lot with other cars and palm trees. The man is trying to get the attention of the camera, as he is dancing and moving around.",1. News
7320342127790148907,"The video depicts a police officer in a black uniform with a badge and a name tag standing in front of a row of blue lockers. The officer is wearing a black beanie and sunglasses on their head. The background includes a window with a view of the outside, and the floor is tiled. The text ""TYRANT COPS MAKE BIG MISTAKE"" appears at the top of the screen, followed by ""silverthorne Colorado - fIslam amendment"" and ""Amaganset Press."" The officer is seen gesturing with their hands, possibly explaining something. The video continues with the officer standing in front of the lockers, still gesturing and talking.",News
7287998089279917345,"The video begins with a person standing outdoors, wearing a dark jacket and a white shirt with a black design. The person is holding a smartphone and appears to be speaking, with text overlaid on the video indicating that they are discussing saving money on Amazon. The scene transitions to a computer screen displaying the Amazon website, showing various products and categories. The text overlay continues to emphasize the benefits of shopping on Amazon, particularly during Prime Day. The video then shifts to a close-up of the computer screen, focusing on the Amazon Outlet section, where discounted items are displayed. The text overlay suggests that these discounted items are available for purchase on the regular Amazon site. The video concludes with a message encouraging",13. Entertainment & Shows
7340766599860849926,"The video shows a man in a military uniform standing at a podium with a microphone in front of him. He is wearing a dark blue uniform with various medals and insignia on the left side of his chest. The background features a large building with the words ""The Pentagon"" and ""Washington, D.C."" written on it. The man appears to be giving a speech or statement, as indicated by his hand gestures and the presence of a microphone. The video also includes a caption that reads, ""Patrick Ryder, U.S. Air Force Brigadier General,"" which suggests that the man is a military officer.",News
7324688586807201070,"The video shows a young woman sitting in a classroom, wearing a white sweater and a beige scarf. She is looking at a piece of paper in front of her. The text on the screen reads ""Special Ed teacher trying to figure out whether their student is crying."" The woman appears to be in a classroom setting, with books and other educational materials visible in the background. The video does not provide any additional context or information about the woman or the situation.",1. News
7195058735914519809,"A video showing a tall building being demolished. The building is being demolished by a crane and a bulldozer. The demolition is taking place in a construction site. The video shows the demolition from different angles, including a close-up of the demolition site and a view from a balcony. The demolition is taking place in a city, and the video shows the demolition from different angles, including a close-up of the demolition site and a view from a balcony. The demolition is taking place in a city, and the video shows the demolition from different angles, including a close-up of the demolition site and a view from a balcony. The demolition is taking place in a city, and the video",1. News
7360854136440540459,"The video starts with a man in a light gray polo shirt standing in a doorway, looking out at a lush green landscape. He is joined by another man in a dark jacket with red accents, who is also looking out at the same landscape. The man in the polo shirt then turns to face the man in the dark jacket, and they begin to converse. The text ""HUELL?"" appears on the screen, followed by ""WHAT'S THIS ABOUT?"" and ""I'LL TELL YOU WHAT THIS IS ABOUT, MR. BENEKE."" The man in the polo shirt then says, ""I'll tell you what this is about, Mr. Bene",Entertainment & Shows
7408631372044111135,"The video shows a person with tattoos petting a cat. The cat is lying on a white surface with a bowl of food nearby. The person is holding the cat's paw and appears to be comforting it. The cat has a bandage on its leg, indicating it has been injured. The person is also holding a kitten, which is also bandaged. The video is a plea for help, as the person is asking for donations to replace the medications that were lost during a power outage.",Pets & Animals
7383460841204534534,A person is using a power tool to cut a piece of wood. The wood is being held in place by a clamp. The person is using a chisel to make a hole in the wood. The wood is being held in place by a clamp. The person is using a power tool to cut a piece of wood. The wood is being held in place by a clamp. The person is using a power tool to cut a piece of wood. The wood is being held in place by a clamp. The person is using a power tool to cut a piece of wood. The wood is being held in place by a clamp. The person is using a power tool to cut a piece of wood.,Science & Technology
7340748820130647326,"The video shows two people sitting at a table in an office environment. One person is wearing a dark jacket and the other is wearing a striped shirt. They are discussing California's new $20 minimum wage for fast food restaurants. The person in the striped shirt asks why there is a specific exemption for fast food chains that have bakeries. The person in the dark jacket responds that they just felt like that was fair. The person in the striped shirt then asks if the sandwich is from Panera Bread, and the person in the dark jacket responds that it is not. The video also includes text overlays that provide additional information about the topic being discussed.",Politics
7289539647825382698,"The video features a woman in a kitchen, wearing a peach-colored shirt and dark shorts, dancing energetically. She is surrounded by various kitchen items, including a stove and a refrigerator. The text overlay on the video reads, ""Me, with 0% Palestinan blowdow, withstanding the 10 pesetas Palestine -"" indicating a humorous or satirical context. The woman's movements are animated and expressive, suggesting a lively and engaging performance.",1. News
7390878944012045598,"The video is a series of clips from a video game, where a person is competing in a fashion challenge. The person is dressed in various outfits and poses in front of a virtual backdrop, with the theme of the challenge being ""Cover of Vogue"". The person is seen in different outfits, including a black outfit with a yellow headpiece, a red outfit, and a green outfit. The person is also seen interacting with other characters in the game, and the video includes text overlays that provide commentary on the fashion challenge. The person is also seen in a real-life setting, wearing a black hoodie and headphones, and the video includes text overlays that provide commentary on the fashion challenge",Gaming
7390133152670420266,The video shows a person wearing a black shirt with a skull design and a necklace with a cross pendant. The person is standing in a room with a wooden dresser and various items on it. The person is wearing hoop earrings and has long hair. The person is also wearing a necklace with a cross pendant. The person is standing in front of a wall with a black curtain. The person is wearing a necklace with a cross pendant. The person is wearing hoop earrings. The person is wearing a necklace with a cross pendant. The person is wearing hoop earrings. The person is wearing a necklace with a cross pendant. The person is wearing hoop e,1. News
7373916497896377617,"The video showcases the process of making a delicious dessert, starting with a close-up of a partially eaten slice of a rich, creamy dessert with a caramel topping. The text overlay reads ""Biscuit"" and ""Biscuit"" in Hebrew, indicating the type of cookies used in the recipe. The scene transitions to a close-up of a bowl filled with crushed biscuits, which are then mixed with a creamy white substance, likely a type of custard or cream. The mixture is whisked until smooth, and a golden spoon is used to stir it, adding a touch of color to the scene. The mixture is then poured into a round, clear glass pie dish, and a",Entertainment & Shows
7303250453079280927,"The video is a promotional video for the Air Tahiti Nui Tiare Pass, which offers four round-trip tickets to Tahiti, Paris, Auckland, and Tokyo in economy class. The pass costs $1,525, and if you do the math, assuming each round-trip ticket costs $750, it's a very good deal. However, there's a catch: you have to fly out of LAX or Seattle for your flights, and there are only 250 passes available, which go on sale on November 25th at 9 a.m. Pacific time. The video also includes a graphic with the Air Tahiti Nui logo",Travel & Events
7330776298576514347,A man and a woman are sitting at a table with a spinning wheel. The wheel has different colored sections and a red button in the center. The man is wearing a dark blue shirt and the woman is wearing a white shirt. They are both smiling and pointing at the wheel. The man is holding a pen and pointing at the wheel. The woman is holding a piece of paper. The background is a plain white wall.,Entertainment & Shows
7386716685945900320,"The video begins with a man in a suit and tie walking through a crowd of people, with a green background and a logo in the corner. The man is then seen sitting in a stadium, wearing a suit and tie, with a woman in a white outfit standing next to him. The man is then seen standing in a stadium, wearing a suit and tie, with a woman in a white outfit standing next to him. The man is then seen sitting in a stadium, wearing a suit and tie, with a woman in a white outfit standing next to him. The man is then seen standing in a stadium, wearing a suit and tie, with a woman in a white outfit standing next to him",Sports
7390820226562084139,"The video shows a group of cartoon characters standing under an umbrella in the rain. One character is wearing a yellow dress and another is wearing a blue shirt. The background is a fence and trees. The characters are talking to each other and one of them is holding a sign that says ""POOL HOURS 9-5 MON-FRI 0-6 SATURDAY CLOSED SUNDAY"". The characters are trying to have a conversation but the rain is making it difficult. One of the characters is holding a sign that says ""Have some peace and quiet?"" and the other character is looking at them with a serious expression.",Film & Animation
7361435694725696810,"The video starts with a person standing on a stage in front of a large audience, surrounded by bright lights and colorful lights. The person is wearing a blue and black outfit and is holding a microphone. The text on the screen reads, ""Every headline show I make my vip pledge to be a friend to anyone who came alone to show that night."" The person then says, ""All day long which I will get into that later, but the only thing that's gonna help right here, right now in this exact moment in time, is if every single person in the room, or I guess we're outside, so whatever the fuck this is, feels like they're safe, and that",Entertainment & Shows
7317028968568343850,"The video is a series of humorous and instructional clips that demonstrate various ways to improve one's social skills, particularly when it comes to talking to girls. The first clip shows a person using a drill to attach a bolt to a wooden block, with the text ""how do I talk to girls I'm shy?"" displayed at the top. The person then uses a drill to attach a bolt to a wooden block, with the text ""I'm shy..."" displayed at the bottom. The next clip shows a person using a drill to attach a bolt to a wooden block, with the text ""I'll give you guys the best advice"" displayed at the top. The person then uses a drill to attach a",Science & Technology
7393735339996712225,"The video features a person wearing a white and blue striped shirt with a blue collar, standing in front of a door. The person is holding a phone and appears to be speaking or reacting to something. The background is a plain wall with a door visible. The person is wearing a watch on their left wrist. The video has a humorous tone, as indicated by the text overlay that reads ""QUAND ON A 11 DE VUE LE \""M\"" VENTE E \""MILLION\"" MAISQUAND ON A 1 K DE VUE, SE L'ELLE \""K\"" VIENT DE QUE MOT ?"" (When you see \""M\"" on the",Sports
7286953369133174062,"The video shows a man in a yellow shirt and black pants standing on a sidewalk next to a road. He is holding onto a large, black and white parachute. The parachute is attached to a harness that he is wearing. The man begins to run towards the road, and as he gets closer, he starts to lift off the ground. He then starts to fly through the air, with the parachute billowing behind him. The video ends with the man still flying through the air, with the parachute still billowing behind him.",Sports
7210197949433892142,"The video showcases a picturesque beach scene with a clear blue sky and calm ocean waters. The beach is bustling with people enjoying the sunny weather, with some lounging on beach chairs and others walking along the shore. The beach is lined with umbrellas and beach towels, indicating a popular spot for relaxation and sunbathing. The video is overlaid with text in Italian, providing a list of the beach's favorite attributes, such as its ""iconic and icy"" feel, its ""reasonable"" food options, and its ""delicious"" atmosphere. The text also mentions the presence of ""great peach Bellinis"" and ""Bagni Internazionale Clifton umbrell",Favorite beach in Capri
7317451980497046826,"The video is a compilation of morbid facts about the Church of Scientology. It starts with a split-screen format, showing two individuals in different settings. The top half of the screen displays the title ""Morbid Scientology Facts"" and the bottom half shows the same title. The background of the top half is black, while the bottom half is white. The video then transitions to a black and white format, showing two individuals in different settings. The top half of the screen displays the title ""Morbid Scientology Facts"" and the bottom half shows the same title. The background of the top half is black, while the bottom half is white. The video continues with a black and white",Science & Technology
7346304747646848288,A group of people are shopping in a grocery store. They are looking at the shelves and picking up items. One of the people is wearing a blue vest and is holding a box of cookies. The other people are also picking up items from the shelves.,Entertainment & Shows
7357381570371603717,"The video shows a group of women dancing in a living room. One of the women is wearing a white dress and the others are in casual clothing. The video then cuts to a man in a white shirt and a beige jacket, who is speaking to the camera. He is gesturing with his hands and pointing to the text on the screen. The text on the screen says ""I want to flirt with finance bros, but if you can't use Excel, get them a job at Goldman Sachs, or help them commit large-scale securities fraud, I guarantee they won't be interested.""",1. News
7319635608945675528,"A person is dancing on a stage with a dark background. They are wearing a white sweatshirt with a black design, black and white striped pants, and red sneakers. The person is performing a dance routine, moving their arms and legs in various ways. The audience is watching the performance, and some people are taking photos or videos.",3
7288048371019926814,"The video shows a person standing outside in front of a house, wearing a white shirt. The person is holding a thermometer and pointing it at the ground, which is covered in snow. The thermometer is showing a temperature of -20 degrees Fahrenheit. The person is talking about the temperature being -20 degrees Fahrenheit and how it's cold outside.",1. News
7302492057975688490,"The video features a person wearing a tie-dye tank top with a watermelon pattern. The person is standing in front of a white wall with a ceiling fan. The person is wearing a pair of sunglasses on their head. The video includes text overlays that read ""From the river to the sea"" and ""From the river to the sea."" The video also includes a logo for the Filter Creator Fund, which is a non-profit organization that supports Palestine.",Entertainment & Shows
7289320054347468078,"The video features a person sitting at a desk with a laptop, wearing a dark shirt. The background includes a painting with a red and orange color scheme. The person is seen gesturing with their hands while speaking, and the text on the screen reads, ""Hobart Archie Burke's head will explode."" The person continues to speak and gesture, emphasizing their points. The video also includes a TikTok clip with the text, ""I did a TikTok earlier tonight. Um, you know, the speaker's race in, in the house among Republicans was basically between Jim Jordan and Steve Scalise. Do we want the insurrectionist who conspired with Donald Trump to overturn the",News
7346011922946510126,"A person wearing a beige hoodie is standing in an outdoor setting, with trees and buildings in the background. The person is wearing a backpack and has sunglasses on their face. The video then transitions to a news article from CNN, which discusses RFK Jr.'s VP prospect and the shared conspiracy theories between Aaron Rodgers and SandHook. The article mentions that Rodgers has been speaking continuously with Rogers for the last month or so, and that Rogers has no governing experience. The video then shows a screenshot of a CNN article about Rodgers' VP prospect, with the headline ""RFK Jr.'s VP prospect prospect Aaron Rodgers has shared conspiracy theories with SandHook."" The article",Politics
7366304208150121774,"The video features a series of individuals making heart shapes with their hands in front of their faces. Each person is dressed in a different style of clothing, and the video is set in a room with various decorations, including a cactus plant, a framed picture, and a chandelier. The text overlay at the top of the video reads ""Millennials try new Gen Z handcart,"" and the text at the bottom of the video reads ""Laurana 1998."" The video appears to be a humorous or nostalgic take on the fashion trends of different generations.",Entertainment & Shows
7360733570232552710,"The video features a person standing outdoors, holding a large, intricately designed clock with the text ""КУРАЕНКА"" (Ukraine) and ""КУРАЕНКА II"" (Ukraine II) on it. The person is dressed in casual attire, including a black shirt and light blue jeans. The background consists of greenery and trees, suggesting an outdoor setting. Throughout the video, the person appears to be speaking, as indicated by the text overlay. The video also includes text in Russian, providing contact information for the person. The overall atmosphere of the video is calm","1. Music, Singing, & D"
7369576124948548897,"The video shows a dog wearing a red shirt with a logo on it. The dog is standing in a grassy field and appears to be barking or growling. The text in the video is in Russian and appears to be a translation of the dog's actions. The dog is shown in various close-up shots, with the text overlaying the images. The video does not provide any additional context or information about the dog or the scene.",7. Pets & Animals
7393839173922327841,A screenshot of a political polling app showing the results of a poll on the 2020 election.,Politics
7388205937036725537,"The video shows a person wearing a blue and white jacket with the word ""Supacell"" on it. The person is sitting in a car and appears to be trying to activate their Supacell power. The person is holding a phone and looking at it, possibly trying to figure out how to activate the power. The background of the video is a car interior, with a steering wheel and other car features visible. The person is wearing a seatbelt and appears to be focused on the task at hand.",1. News
7362611852360174881,"The video begins with a black screen displaying the text ""4TO ЛОВОВЬ выда ПЕРЕСТРЕЛКИ ЯСНОЙ"" in white letters, which translates to ""4TO LOVVY will give you a kiss of fire, a fiery kiss"". The scene then transitions to a dark, nighttime setting with a cityscape in the background. The text ""КОТОРИЙ"" appears, which translates to ""What"". The video then shows a red sports car driving through",1. News
7368846954471640362,"A person with long red hair is standing in a kitchen, wearing a black sweatshirt with green text. They are gesturing with their hands while talking. The kitchen has white cabinets and a light fixture on the ceiling.",Entertainment & Shows
7108772250320473349,"The video showcases various activities and attractions in the Greek island of Paros. It begins with a person standing in front of a scenic view of the island, with the text ""Paros 5 out of the box activities!"" displayed at the top. The person is wearing a red and white striped shirt and is seen gesturing and speaking. The video then transitions to a series of numbered activities, each accompanied by a brief description and a scenic view of the island. The activities include:

1. ""Have a meal in the traditional village of Lefkest. From Lefkest you can make a 3.5 kilometer hike on the old Byzantine road which leads to the even more traditional village",Travel & Events
7349908267742743854,"The video features a person wearing a red shirt with a black design, speaking into a microphone. The background is a room with shelves containing various items, including books and decorative objects. The person is seen gesturing with their hands while speaking, and the text on the screen provides commentary on the legal situation involving President Trump and his immunity claim. The text includes phrases such as ""Trump worksagainstin this is legal team in PresidentTrump a legal claim!"", ""Donald Trump completely destroyed his immunity claim."", and ""Donald Trump did all the work for Jack Smith and the prosecution and made the work of his defense team that much harder."" The video also includes a quote from a legal scholar, ""C",Politics
7273897683918621994,"The video begins with a person sitting cross-legged on the field, wearing a navy blue sweatshirt with yellow text and white sneakers. The person is wearing headphones and has their hands clasped together. The background shows a football field with yellow and white markings. The scene transitions to a football player in a white jersey with yellow stripes and a black helmet, running on the field. The player is wearing a white helmet with a yellow logo. The background shows a stadium with red seats and a crowd of people. The player is seen running towards the end zone, with the crowd cheering and waving flags. The player catches the ball and runs towards the end zone, with the crowd cheering",Sports
7374631394108181806,"The video shows a woman standing in front of a bed in a bedroom. She is wearing denim shorts and a striped shirt. The bed has a tufted headboard and is made with white sheets and pillows. The woman appears to be talking about packing because her spouse was brought to the U.S. at age 4. She mentions that her DREAMER age 19 got married in 2017, and her daughter left the USA for h h in 2020. She also mentions that she has been living in the USA since 2017, and she has been living in the USA since 2017. She talks about",Entertainment & Shows
7285324334934035745,"The video shows a man in a gym, wearing a black shirt, bending over a machine. He is surrounded by people, some of whom are watching him. The man is then seen lying on the machine, with his head on the floor. The video ends with the man standing up and walking away.",1. News
7374137745364602155,"The video features a woman in a pink jacket and a man in a black shirt inside a car. The woman is speaking, and the man is listening attentively. The woman is making a point about dating someone who wants you, not someone who doesn't. The man is wearing a black cap and a black shirt. The video is set in a car, with the woman speaking and the man listening.",1. News
7345205332383108394,"The video shows a group of people gathered around a table in a room with a stone wall in the background. The people are signing documents and appear to be involved in a humanitarian effort. The text on the screen reads ""A CATASTROPIC: HUMANITARIAN,"" indicating that the situation is dire and that the people are working to address the humanitarian crisis.",1. News
7335427690708651272,A person wearing a white sweater with black trim and blue jeans is standing on a city street. They are being interviewed by someone holding a microphone. The person is talking about the concept of personal space in Korea.,1. News
7366011789085035809,"A man in a suit and tie is standing at a podium on a stage at a conference. He is holding a cane and speaking into a microphone. There is a large screen behind him that displays the text ""antwortung führen. In Verantwortung."" The man is wearing a purple tie and brown shoes.",Politics
7383627859803393313,"The video shows a man sitting at a desk in an office, wearing a white polo shirt and black pants. He is speaking to the camera, and the text on the screen changes as he talks. The text includes phrases like ""A ENCORE,"" ""SON PORTRAT,"" ""LE SUCCES,"" ""LES ATTENTES,"" ""SEPTEMBRE,"" ""LE SIFFLE,"" ""DU MATCH,"" ""ET PUS,"" ""LACTUALITÉA,"" ""CETAI PUS,"" ""SYNOCOGUES PRÉS,"" ""CUIS,"" ""CHAQUE GOIS,"" ""LES,"" ""ENFANTS",Sports
7362157037511396613,"A person is unpacking a large box of beauty products from a shipping box. They are sitting on the floor in a living room, surrounded by various boxes and products. The person is holding a pink bottle of body mist and a yellow bottle of body spray. They are also holding a pink tube of body cream and a pink tube of body lotion. The person is talking about the products and how to use them.",Beauty Care
7346042702347406638,"The video starts with a person sitting on a rooftop in a city with red-tiled roofs and a church with a clock tower in the background. The person is wearing a black hoodie and white sneakers. The scene transitions to a person sitting on the ground in front of a building with a red roof, holding a phone. The text ""That's Anya"" appears on the screen. The person then jumps off the roof and lands on a wooden platform. The scene shifts to a person sitting on a bench in a room with a window and curtains, wearing a black hoodie and white sneakers. The text ""I met a girl at the airport and we got to spend a day",Travel & Events
7362203819721166123,"The video shows a group of people gathered in a public space, holding signs and protesting. The signs express support for the students of Harvard University and Columbia University, and a message of love and respect for the students of the university. The video also shows a woman in a police uniform interacting with a person on the ground, and a group of people gathered around a tent. The video concludes with a child making a heart shape with their hands.",Education
7389277272009690401,"The video begins with a view of a large white boat with a red stripe on the side, moving through a body of water. The boat is surrounded by a large cloud of white foam, indicating it is moving at high speed. The sky is overcast, and the water is calm. The boat is moving towards the camera, and the text ""sky news"" is visible in the top left corner of the frame. The scene then transitions to a view of a large white boat with a red stripe on the side, moving through a body of water. The boat is surrounded by a large cloud of white foam, indicating it is moving at high speed. The sky is overcast, and the water",1. News
7315533802409839914,"The video features a person with long, wavy blonde hair, wearing a dark-colored jacket, standing in a room with a light-colored wall and a plant in the background. The person is seen gesturing with their hands while speaking, and the text on the screen provides commentary on various topics related to Islamophobia and the treatment of Christians in Palestine. The video covers a range of topics, including the mass migration of Arab Jews to Israel, the expansion of the Muslim empire through trade, and the dangers of spreading harmful rhetoric about Muslims. The person emphasizes the importance of prioritizing truth over entertainment and warns against the dangers of spreading harmful rhetoric about Muslims. The video concludes with a call to action",News
7355525427160452385,"The video features a woman performing on stage, wearing a black outfit and a black hat. She is surrounded by a crowd of people, some of whom are taking pictures or videos with their phones. The woman is holding a microphone and singing into it. The background is brightly lit with spotlights, and the crowd is cheering and waving their hands. The text ""When Beyoncé points at you in the crowd"" appears at the top of the screen, suggesting that the woman is being recognized or admired by the crowd. The video captures the energy and excitement of the performance, as well as the reactions of the audience.","3. Music, Singing, & D"
7368383778034601249,"The video shows a computer screen with a 3D model of a room. The room has a desk, a chair, and a trash can. The desk has a computer on it. The trash can is labeled ""Recycle Bin."" The computer screen is showing a 3D model of a room. The room has a desk, a chair, and a trash can. The desk has a computer on it. The trash can is labeled ""Recycle Bin."" The computer screen is showing a 3D model of a room. The room has a desk, a chair, and a trash can. The desk has a computer on it. The trash can is labeled ""Recycle Bin.""",1. News
7386720277557742880,"The video showcases a series of gymnastics performances, featuring a female gymnast in a blue leotard performing on a green and blue gymnastics mat. The gymnast is seen executing a series of flips and jumps, demonstrating her athleticism and skill. The video captures the gymnast's movements in detail, highlighting her strength and control. The background of the video is a gymnasium filled with spectators, adding to the competitive atmosphere. The gymnast's performance is well-received by the audience, with the video ending on a note of applause and admiration.",Sports
7297944147648924961,"The video showcases the process of making Slow Cooker French Onion Soup. It begins with a close-up of a white ceramic pot filled with golden brown onions, followed by the addition of sliced bread, butter, and seasonings. The video then shows the soup being cooked on high in a slow cooker, with the text ""8-10 hours on high"" indicating the cooking time. The soup is then removed from the slow cooker, topped with cheese, and grilled for eight minutes. Finally, the video shows the finished soup being served in a bowl, with the text ""Serves 6"" indicating the serving size.",17. Food
7400109280008867114,"The video features a person wearing a white t-shirt with blue and red text that reads ""HARRIS FOR PRESIDENT"" and a gold necklace. The person is sitting on a bed with a white blanket and a black headboard in the background. The person is speaking and gesturing with their hands, emphasizing the importance of checking voter registration status. The video also includes text overlays that read ""DEMOCRATS MUST CHECK/VOTER REGISTRATION STATUS"" and ""HARRIS FOR PRESIDENT"" along with a hashtag ""#HARRISFORPRESIDENT"". The person appears to be discussing the importance of",Politics
7331415226442730757,"The video showcases a vibrant and energetic performance by a group of individuals, likely a band or a group of dancers, on a stage with a dynamic and colorful background. The stage is illuminated with various colored lights, creating a visually striking atmosphere. The performers are dressed in a variety of outfits, including camouflage jackets, white shirts, and red and white outfits, adding to the dynamic and colorful visual appeal. The performers are seen dancing energetically, with some holding microphones and others engaging in synchronized movements. The video captures the energy and excitement of the performance, with the performers moving in sync and creating a lively and engaging atmosphere.","Music, Singing, & Dancing"
7307346522234998049,"The video features a woman sitting on a white couch in a living room. She is wearing a dark blue shirt and has long dark hair. The background is a simple, neutral color with a white wall and a white chair. The woman is speaking, and the text overlay on the screen reads, ""me when someone asks why I love to watch The Kardashians."" The woman appears to be talking about her love for the show, and the text overlay suggests that she is sharing her thoughts on why she enjoys watching it.",8. Entertainment & Shows
7362216509206236449,"The video showcases a person's shopping trip, starting with a close-up of a hand holding a package of ""Spa Frish"" bath bombs. The person then moves to a shelf stocked with various items, including a box of ""Cien"" bath bombs, a pack of ""Bake & Creme"" soap, and a bag of ""Kakos & Pripschaft"" chips. The person picks up a bag of ""Mercan"" chips and a pack of ""Head & shoulders"" shampoo, with the text ""Mein Mann holmmer 7182992922 ckirdek"" appearing on the screen. The person",1. News
7396760829498002720,"A woman with long, wavy blonde hair is standing in front of a bookshelf filled with books. She is wearing a white tank top and is gesturing with her hands as she speaks. The text on the screen is in German and includes phrases like ""warum ich die Bücher nicht mehr verkaufe"" (why I no longer buy books), ""warum ich nicht einfach in die Bücherei gehe"" (why I don't just go to the bookstore), and ""warum ich nicht einfach in die Bücherei kaufe"" (why I don't just buy books). The woman is",Entertainment & Shows
7343145915886193926,"A man and a woman are standing on a cobblestone street at night. The man is wearing a red jacket and blue jeans, while the woman is wearing a black leather jacket and brown pants. They are talking to each other, and the man is holding a microphone. The background shows a building with a sign that reads ""Зазвичай, коли до мене підходять і кажуть, можна вам розказати залог? На наступний день мені пишу",Entertainment & Shows
7368596585594359083,"The video starts with a person in a studio setting, speaking into a microphone, with a background featuring a neon sign that reads ""POWERED BY FREEDOM."" The person is wearing a white shirt and is surrounded by a blue and red background with the words ""POWERED BY FREEDOM"" and ""POWERED BY PRIMETIME"" visible. The scene transitions to a large crowd of people gathered in a public space, with a large banner reading ""STOP STUPIDEN DEN NAZI"" and a red flag with a white swastika symbol. The text ""EXTREMIST TRIAL"" appears on the screen, followed by",Politics
7395305751469772075,"The video shows a woman sitting in the driver's seat of a car, wearing a purple top and a necklace. She has long, wavy hair and is looking at the camera. The background is a car interior with a window showing a building outside. The woman is talking about selling her vote and asking for offers on social media.",Politics
7278695690522348843,"The video shows a person wearing a green hoodie with a graphic on it, sitting in an airplane. The person is talking to the camera and gesturing with their hands. The background shows the interior of the airplane, with seats and overhead compartments visible. The person is also seen looking at a screen with a news article about Mr. Beast's net worth. The article states that Mr. Beast has a net worth of $100 million and provides a link to the article. The person continues to talk to the camera, gesturing with their hands. The video ends with the person still talking to the camera.",Entertainment & Shows
7344030729531067680,A man in a suit and tie is talking to another man in a suit and tie. They are in a room with a lot of people in the background. The man in the suit and tie is holding a microphone. The man in the suit and tie is talking to the man in the suit and tie. The man in the suit and tie is talking to the man in the suit and tie. The man in the suit and tie is talking to the man in the suit and tie. The man in the suit and tie is talking to the man in the suit and tie. The man in the suit and tie is talking to the man in the suit and tie. The man in the suit and,Politics
7395616033127648554,"The video shows a person in a black outfit standing in a room. The person is holding a black bag and appears to be taking a selfie in front of a mirror. The room has a bed with a white blanket and a dresser with a mirror. The person is wearing a black shirt and black pants. The video ends with the person still in the room, holding the bag and taking the selfie.",1. News
7347525697591725355,"A person wearing a green shirt with the text ""THEY'RE NOT THEY'RE NOT THEY'RE NOT THEY'RE NOT THEY'RE NOT THEY'RE NOT THEY'RE NOT THEY'RE NOT THEY'RE NOT THEY'RE NOT THEY'RE NOT THEY'RE NOT THEY'RE NOT THEY'RE NOT THEY'RE NOT THEY'RE NOT THEY'RE NOT THEY'RE NOT THEY'RE NOT THEY'RE NOT THEY'RE NOT THEY'RE NOT THEY'RE NOT THEY'RE NOT THEY'RE NOT THEY'RE NOT",Politics
7376404436505136416,"The video is a humorous take on the ""London Traffic Warden"" sketch, where a traffic warden is seen interacting with a person in a blue hat and black jacket. The warden is seen talking to the person, who is wearing a black jacket and a blue hat. The warden is seen holding a ticket and talking to the person, who is seen holding a phone. The warden is seen talking to the person, who is seen holding a phone. The warden is seen talking to the person, who is seen holding a phone. The warden is seen talking to the person, who is seen holding a phone. The warden is seen talking to the person, who is",Entertainment & Shows
7341059462687509803,"The video is a compilation of various images and text that suggest that Kate Middleton is confined in a tower, possibly deceased, and that Camilla Parker may be responsible for this situation. The text confirms that Kate Middleton is sedated and locked in a tower, with Camilla Parker being held responsible. The video also includes images of Kate Middleton and Camilla Parker, as well as various other people, some of whom are wearing hats and sunglasses. The video suggests that the situation is serious and that there may be a conspiracy behind it.",Politics
7357877605581802795,"A video game scene where a character is being chased by another character. The first character is running through a cityscape, while the second character is following closely behind. The first character is wearing a white shirt and black pants, while the second character is wearing a black outfit with red and white stripes. The first character is carrying a flashlight, and the second character is carrying a gun. The first character is trying to escape, but the second character is determined to catch up. The first character eventually stops running and turns around, facing the second character. The first character then starts to run again, and the second character follows closely behind. The first character continues to run through the cityscape, while the",Gaming
7348220196772990254,"The video starts with a person wearing a black cap and glasses, sitting in front of a laptop. The person is wearing a light blue shirt with a graphic design and a black cap with a logo. The background shows a window with white curtains and a beige wall. The person is holding a pen and pointing at the laptop screen, which displays a website that cannot be reached. The website is trying to access the Google.com domain, but it is blocked. The person is also trying to access other websites like Facebook.com, Instagram.com, and YouTube.com, but they are also blocked. The person is frustrated and trying to find a way to access the blocked websites. The video",Politics
7323547689201765664,"The video showcases a person in a garage, wearing a black shirt with a white logo and a black cap. The person is standing in front of a green sports car and a white sports car, with a garage in the background. The person is talking about the cars and the person's collection. The video also includes text overlays that read ""5 Cars from Country Italian Edition"" and ""Classic"" with a list of cars. The person is also seen pointing at the cars and talking about them. The video ends with the person saying that they need to do another list because they couldn't include cars they own.",Sports
7388973620116180257,"A man in a suit and tie is giving a speech at a podium. The text on the screen reads ""Jordan Brable: 'Vous, je serais, vous, jusqu'à la victoire'"".",Politics
7392691382218935583,"The video starts with a group of people in white shirts with black designs, standing in a room with a red background. They are holding a black bag with a white logo. The scene then shifts to an airport where a man and a woman are standing in front of a building with a sign that reads ""Welcome to Terminal 4"". The video then shows two men sitting in front of a building with a sign that reads ""Welcome to Terminal 4"". The next scene shows a group of people in black shirts with white designs, standing in front of a building with a sign that reads ""Welcome to Terminal 4"". The video then shows a group of people in black shirts with white designs, standing",Sports
7323689375043243269,"The video features a white cat standing on a blue couch in a well-lit room with wooden floors and a chandelier. The cat is holding a small object in its paws and appears to be looking at the camera. The text on the screen reads ""Вам покачиваю кабардинкой и убиомору"" (I am playing with the cat and eating it), suggesting that the cat is being fed to the cat. The cat's expression changes from neutral to slightly annoyed as the text progresses, indicating that the cat is not enjoying the situation. The video ends with the cat looking away from the",Friends
7383363724628725024,"The video shows a group of people walking down a runway in a large, industrial-looking room. The people are dressed in various outfits, including some in black and others in different colors. The runway is surrounded by a crowd of people sitting and standing, watching the fashion show.",1. Entertainment & Shows
7339981163756490030,"The video shows a person's hands with long, bright pink nails, which are being painted with a bright pink polish. The person is using a nail polish brush to apply the polish to their nails. The video also shows a nail dryer in the background, which is used to dry the nails after they are painted.",Beauty Care
7318033407785569569,"The video showcases a red Mercedes-Benz car parked in a parking lot. A man in a light blue shirt and dark pants stands next to the car, gesturing as he speaks. The background features a concrete structure with multiple levels. The text on the screen changes throughout the video, providing context and information about the car and the man's story. The video concludes with a close-up of the car's side, highlighting the ""V8 BITURBO"" badge, indicating the car's engine type.",11. Entertainment & Shows
7361467847190760750,"A person is sitting in front of a wall covered with various posters and pictures. They are wearing a gray hoodie and are speaking to the camera. The text on the screen reads, ""I'm not afraid to admit I'm not afraid to admit I'm not afraid to admit I'm not afraid to admit I'm not afraid to admit I'm not afraid to admit I'm not afraid to admit I'm not afraid to admit I'm not afraid to admit I'm not afraid to admit I'm not afraid to admit I'm not afraid to admit I'm not afraid to admit I'm not afraid to admit I'm not afraid to admit I'm not afraid to admit I'm not afraid to admit",Entertainment & Shows
7323131799310306590,"The video is a series of interviews with Jeff Bezos, the founder and CEO of Amazon.com, conducted in 2000. The video begins with a man in a blue shirt and gray pants walking down a hallway, followed by another man in a blue shirt and gray pants. The text on the screen reads ""Jeff Bezos interview on Amazon in 2000."" The man in the blue shirt and gray pants is then seen sitting in a chair, talking to another man in a blue shirt and gray pants. The text on the screen reads ""Jeff Bezos interview on Amazon in 2000."" The man in the blue shirt and gray",Entertainment & Shows
7353311795374738721,"The video features a person sitting on the floor, wearing a gray hoodie and black pants, with their legs crossed. They are surrounded by a room with a brick wall and a curtain with a yellow pattern. The person is holding a phone and appears to be in a state of contemplation or frustration, as indicated by the text overlay. The text reads: ""Pov: t'es en même temps, tu n'as vu suit sans avoir suivi, car, mais n'a vu suit sans avoir suivi, car, mais n'a vu suit sans avoir suivi, car, mais",1. News
7329621030023089440,"The video shows a group of people standing in a room, with one person wearing a white hoodie and another wearing a black top. They are posing for a photo together.",1. Entertainment & Shows
7261278269884992795,"The video shows a group of people on stage, with one person in the center wearing a white top and black shorts. The stage is lit with red and blue lights, and there are other people on stage, some of whom are holding drinks. The audience is visible in the foreground, with some people taking photos or clips of the event. The video also shows a person in a white top and black shorts dancing on stage, with the audience cheering and taking photos.","Music, Singing, & Dancing"
7397527101143878954,"A man in a suit and tie is speaking at a podium in a formal setting. He is addressing a group of people, likely in a congressional hearing or a similar formal event. The man is wearing a blue suit and a light blue tie, and he is standing behind a podium with a nameplate that reads ""RONALD REYER, JUDGE."" The background is a typical formal setting with a wooden panel and a large screen displaying the date ""July 30, 2024"" and the number ""5.7M Views."" The man is speaking into a microphone, and there is a small American flag visible on the podium. The text on",Politics
7353267784886897952,"Two men are sitting at a counter in a room. One man is wearing a yellow jacket, and the other is wearing a white hoodie. They are talking to each other.",Entertainment & Shows
7351137146004114693,"The video showcases a thrilling soccer match between two teams, one in yellow and the other in blue. The match is intense, with players from both teams displaying remarkable athleticism and skill. The video captures a series of key moments, including a player in a blue jersey falling to the ground, a player in a yellow jersey scoring a goal, and a player in a blue jersey being tackled by a player in a yellow jersey. The video also highlights the referee's decision to award a goal, as well as the players' reactions to the game's outcome. The video concludes with a player in a blue jersey celebrating a goal, while the player in a yellow jersey is seen",5. Sports
7312903813122280746,"The video shows a group of farmers protesting against the draconian regulations against ethm. They are using a tractor to spray the area, and the police are present to keep the peace. The protesters are holding signs and chanting slogans, and the police are trying to keep them from getting too close to the buildings. The protesters are angry and frustrated, and they are demanding that the government take action to protect their rights.",Politics
7357063093962214689,"The video features a person wearing a black jacket with white zippers and a pearl necklace. They are standing in front of a window with blinds and a wall with pictures. The person is speaking in German, and the text on the screen reads ""wie ich in die Deutsche abprüfung reiß gehe am."" The person is gesturing with their hands and appears to be explaining something.",1. News
7374800691677629729,"The video features a person standing in front of a large orange truck with the text ""How do you step 4 hours and ovvk15 hours"" displayed at the top. The person is wearing headphones and appears to be speaking or singing. The background is a road with trees, and the truck is parked. The person's actions are not clearly visible, but they seem to be interacting with the camera or the truck. The video continues with the same person in front of the truck, still wearing headphones and speaking or singing. The background remains the same, with the road and trees. The person's actions are not clearly visible, but they seem to be interacting with the camera or the truck",Comedy
7350964297381498154,"A person is rummaging through a trash bin, looking for items. The trash bin is full of various items, including a box of chocolates, a box of macaroons, a box of pizza, and a box of pizza crusts. The person is also looking for a laptop, which is partially visible in the trash bin.",Entertainment & Shows
7405044080729787678,"The video shows a woman standing at a podium, holding a book and speaking into a microphone. The background is a blue and red background with stars, and the text at the top of the screen reads ""DNC speaker briggugugat at copy of Proj:2025."" The woman is wearing a blue suit and has long hair. The text at the bottom of the screen changes as she speaks, with words like ""THIS,"" ""DOCUMENT,"" ""WHY,"" ""BECAUSE,"" ""TERM,"" ""EXTREME,"" ""THAN,"" ""WANTS,"" ""YEARS,"" ""THEN,"" ""PUTTING",Politics
7337416931965685034,"The video features a person standing in front of a tree, wearing a plaid shirt. The person is speaking and gesturing with their hands. The background is a natural setting with trees and a wooden bench. The person is discussing the topic of renewable energy and the carbon footprint of Umatilla Electric Cooperative. They mention that Amazon has built data centers in Boardman and Hermiston, which require a lot of electricity. The person also mentions that Amazon plans to build more data centers in eastern Oregon in the coming years. The video concludes with a call to action for viewers to read more at the Oregonian's website.",Science & Technology
7283933352267337002,"The video features a woman wearing a white shirt with the word ""PINK"" on it. She is sitting on a couch and talking to the camera. The text on the screen reads ""Mother Gothei but make her Desi"" with a heart emoji. The woman is wearing a black headscarf and has her hands on her chest. The background is a plain wall. The video then transitions to a woman wearing a red and gold traditional outfit with intricate embroidery. She is wearing a headscarf and has a large nose ring. The background is purple and the lighting is dim. The video then transitions back to the woman in the white shirt, who is now wearing a black head",1. News
7353365116554956074,"A person wearing a colorful jacket with yellow, green, and blue colors is standing in front of a disco ball. The background is a vibrant, colorful, and reflective surface, possibly a dance floor or a stage. The person is smiling and appears to be enjoying themselves. The text at the top of the screen reads ""YOU ARE MY SUNSHINE BATTLE ROUND OF 16 #4"" and ""2. Chines sunshine."" The person is wearing sunglasses and has a beard. The video is a humorous take on the concept of a ""sunshine battle"" where two people are competing to see who can make the other person happier. The person in the video is",1. News
7398943500328242463,A person is making a set of dice with glitter and pink resin. They are using a green mold and pink resin to create the dice. The person is also using a purple mold to create a set of dice with pink resin. They are using a purple liquid to fill the molds and then pouring the resin into the molds. The person is using a purple liquid to fill the molds and then pouring the resin into the molds. They are using a purple liquid to fill the molds and then pouring the resin into the molds. They are using a purple liquid to fill the molds and then pouring the resin into the molds. They are using a purple liquid to fill the molds and then pouring the resin into the,Entertainment & Shows
7386453398792441131,"A person with long braided hair is sitting on a bed with a blue blanket. They are wearing a white t-shirt with the words ""I FEEL GREAT"" written on it. The person is holding a makeup brush and a makeup palette. They are applying makeup to their face and talking to the camera. The person is also holding a makeup brush and a makeup palette. They are talking to the camera and showing the makeup palette to the camera. The person is also holding a makeup brush and a makeup palette. They are talking to the camera and showing the makeup palette to the camera. The person is also holding a makeup brush and a makeup palette. They are talking to the camera and",Beauty Care
7348462120817790240,The video shows a man in a blue jacket shopping in a grocery store. He is looking at a shelf of snacks and picks up a box of Cathedral City cheese. He then picks up a box of Cathedral City cheese sticks and continues to shop. The video ends with a close-up of the man holding the box of Cathedral City cheese sticks.,Entertainment & Shows
7360235976494550304,"The video features a series of individuals attempting to jump over a wall in a trampoline park. The first person, wearing a white t-shirt and blue shorts, is seen jumping over the wall. The text ""あなたはないらっち"" (You are not a trampoline) appears on the screen, suggesting a humorous or ironic commentary on the person's attempt. The second person, dressed in black, attempts to jump over the wall but falls short. The third person, also in black, attempts to jump over the wall but falls short. The final person, wearing a white t-shirt and blue shorts, attempts to",プレイヤー
7347591598408043808,"A video showcasing various scenes from Sterling, Colorado. The video starts with a map of the United States, highlighting the state of Colorado, and then transitions to a city map of Sterling, Colorado, with the text ""Random City USA"" displayed. The map highlights the city's location in the state of Colorado. The video then shows a large building with the text ""Sterling"" on it, followed by a view of a residential area with a flagpole and a street sign. The video then shows a view of a railroad track in the snow, with a sunset in the background. The video then shows a panoramic view of a city, with a grassy area and a road in the",Travel & Events
7310063052341185823,"The video starts with a person in a gray shirt standing in front of a wooden structure, holding a large, transparent, rectangular object. The object is shown to be a panel that can bend light, making it invisible. The text on the screen reads ""has been announced"" and ""China and the development of science than magic."" The scene transitions to a news article from Bilibili, a Chinese video-sharing website, titled ""China and the development of science than magic."" The article discusses the development of an invisibility cloak by a physicist named Chu. The video then shows a person in a suit and tie speaking at a podium, with the text ""with"" and ""presentation",Science & Technology
7380812058167708960,"The video is a humorous and informative comparison of two football players, Jamal and Jude Bellingham, from Germany and England, respectively. The video is divided into several sections, each highlighting different aspects of the players' careers and personalities.

The first section introduces Jamal, who was born in Germany but moved to Southampton at age seven. It mentions that he scored six goals in his first 10 minutes and was offered a trial by Southampton and then Saints Academy. The video humorously suggests that Jamal was a decent player but was eventually signed by Bayern Munich for 180,000.

The second section focuses on Jude Bellingham,",Sports
7377701670077205803,"The video shows a person with long hair, wearing a black top and a necklace, in a room with a lamp and some pictures on the wall. The person is talking about not wanting to dye their hair pink, but the parasites in them want them to. The person then changes their hair color to red, and the text ""AMBER"" appears on the screen.",1. News
7309888375023045931,"The video features a person wearing a blue jacket with a red and white logo on the left side of the chest, standing in front of a pegboard wall with various tools hanging on it. The person is wearing a beanie and has a beard. The video is divided into several segments, each with different text overlays. The text overlays include phrases such as ""don't escalate,"" ""republican take,"" ""republican take,"" ""republican take,"" ""republican take,"" ""republican take,"" ""republican take,"" ""republican take,"" ""republican take,"" ""republican take,"" ""republican take,"" ""rep",Politics
7312875354220285215,"The video starts with a man in a dark suit, white shirt, and red tie standing in front of a night cityscape backdrop. He is speaking and gesturing with his hands. The scene transitions to a live broadcast of a political event in Iowa, where a man in a dark suit, white shirt, and red tie is speaking at a podium with the text ""Trump rallies supporters"" and ""Live coverage"" displayed. The scene then returns to the man in the dark suit, who continues to speak and gesture. The video then shows a stock market ticker with the text ""DOW ON PACE FOR CORPORATE CARE"" and ""DOW 4,7",Politics
7283816318883679531,"The video is a series of frames showing a person with long blonde hair wearing a black shirt with the word ""NAKED"" on it. The person is standing in front of a white background with a list of things that you might not know about teaching in 2023. The list includes items such as meetings just to announce the day of, students growing up around technology but they literally don't know how to google, overstimulated classrooms and lab classrooms are the normal gone are the days where students just do work quietly that doesn't exist anymore, overstimulated at all hours of every single day, and out of 25 students, 17 don't turn in",Education
7317764806767922475,"A woman and a child are playing in a snowy forest. The woman is standing in a metal barrel filled with ice, while the child is sitting in a plastic container filled with ice. The woman is using a black tool to break the ice, and the child is playing with the ice. The woman is wearing a leopard print top and light gray leggings, while the child is wearing a blue and white patterned outfit. The woman is smiling and laughing as she plays with the ice, and the child is also smiling and laughing. The video ends with the woman standing in the ice barrel, and the child sitting in the plastic container, both smiling and laughing.",Entertainment & Shows
7395290316569382174,"The video features a woman wearing a leopard print top and glasses, standing in front of a blurred background. She is speaking, and the text overlay on the screen provides a list of tips for surprise gifts. The text includes phrases like ""a surprise gift for your partner,"" ""a surprise gift for your mother,"" ""a surprise gift for your best friend,"" and ""a surprise gift for your parents."" The woman gestures with her hands as she speaks, and the video appears to be a tutorial or advice on how to give surprise gifts.",1. News
7358143601869671685,"The video showcases a breathtaking sunset over the ocean, with the sun setting in the horizon and casting a warm glow over the water. The sky is painted with hues of orange, yellow, and pink, creating a stunning visual effect. The waves gently crash against the shore, adding to the serene atmosphere. The video captures the beauty of nature in its most tranquil state, with the sun's rays reflecting off the water and the sky's vibrant colors.",Travel & Events
7366140924629470496,"The video shows a woman in a white outfit standing next to another woman in a long, elegant dress with intricate designs and gold accents. The dress has a long train and is worn by a woman with long, dark hair. The background is a red carpet event with people in formal attire. The woman in the white outfit is smiling and gesturing towards the camera. The video also shows a close-up of the woman in the dress, with the text ""Vogue"" visible in the top right corner.",Entertainment & Shows
7380810864477130016,"The video is a series of images showing a person in a yellow hoodie standing in front of a large, red, glowing object. The person appears to be in a state of shock or awe, as indicated by the text ""Can't stop th power *Stops the power*"" displayed on the screen. The background is dark, and the object is surrounded by flames, suggesting a dramatic or intense scene. The person's hair is visible, and they are wearing a yellow hoodie. The video does not provide any additional context or information about the location or event.",1. News
7346779567639498026,"A person with long, wavy hair is wearing a black top and has pink hair clips in their hair. They are holding a lip gloss tube and applying it to their lips. The background is plain and light-colored. The person is wearing a black top and has pink hair clips in their hair. They are holding a lip gloss tube and applying it to their lips. The background is plain and light-colored. The person is wearing a black top and has pink hair clips in their hair. They are holding a lip gloss tube and applying it to their lips. The background is plain and light-colored. The person is wearing a black top and has pink hair clips in their hair. They",Beauty Care
7299554274827046187,"The video features a person wearing a dark blue shirt and red glasses, speaking in front of a plain background. The person discusses the history of Palestine, mentioning that the region was known as Palestine for over 3,000 years before the Ottomans, and that the Ottomans referred to it as the ""Philistines."" The person also discusses the history of the Palestinians, mentioning that they have a long and rich history, and that the British Empire divided up the land and called it Palestine. The person also discusses the current situation of Palestinians, mentioning that they are denied the right to live in Palestine and that their culture is made up of the diverse peoples that inhabited the region for over 3,",History
7348934489122327841,"The video is a compilation of various scenes from a large public demonstration, likely a protest or rally, with a focus on political and social issues. The footage shows a diverse group of people, including individuals holding signs and banners, engaging in discussions and interactions. The signs and banners contain messages such as ""We want peace,"" ""We want justice,"" ""We want freedom,"" and ""We want democracy."" The participants are dressed in casual clothing, and the setting appears to be an urban area with buildings and trees in the background. The video also includes text overlays with messages such as ""UNTERVEGS auter FRIENDSDEMO"" and ""Heute Show-Friedens",Politics
7282317561864260897,"The video showcases a series of scenes featuring a steam locomotive train, with the text ""Steampunk conversion"" displayed at the bottom of the screen. The train is seen traveling through a forested area, emitting smoke from its chimney, and passing by a brick wall with people standing on top. The train is also seen inside a train car, with passengers seated and looking out the windows. The video also features a steampunk-themed chair, a collection of steampunk accessories, and a person dressed in a steampunk costume, including a hat and a birdcage on their back. The video concludes with a person with red hair, wearing a necklace, and a close-up of a train engine.",1. Entertainment & Shows
7343605850105318658,"A person is playing the piano with their hands. The piano is illuminated by a blue light, and the person's hands are visible on the keys.","Music, Singing, & Dancing"
7349023065575083306,"A woman in a red dress is standing on a stage at a conference, speaking to the audience. She is holding a microphone and gesturing with her hands. The audience is seated in rows of chairs, and some of them are holding signs. The woman is wearing a red dress and has long hair. She is standing on a stage at a conference, speaking to the audience. She is holding a microphone and gesturing with her hands. The audience is seated in rows of chairs, and some of them are holding signs. The woman is wearing a red dress and has long hair. She is standing on a stage at a conference, speaking to the audience. She is holding a microphone and gesturing",Politics
7223384947938053418,"The video shows a person wearing a dark blue shirt with green text on it. The person is standing in a kitchen with a tiled floor. There are two armadillos on the floor, one is light-colored and the other is dark-colored. The text on the screen reads, ""Armadillos have been given a reputation, specifically the nine banded armadillo that is from the American South. And the reason for this is because they are known for being able to carry leprosy. Leprosy is a very ancient disease that is actually in modern times, not only very curable, but it's actually kind of a weak disease. It basically, if it's too",Science & Technology
7386641138611981601,"The video features a person wearing a brown jacket and a blue and white checkered shirt. The person is being painted with makeup by another individual, who is applying makeup to the person's face. The makeup application process is shown in detail, with the person's face being covered in makeup and the makeup artist carefully applying it. The video then transitions to a close-up of the person wearing a black military-style uniform, complete with a hat and gloves. The uniform is detailed with gold accents and a belt. The video concludes with a close-up of the person wearing the black military-style uniform, with the text ""sa kurosaki"" visible on the screen.",1. Entertainment & Shows
7314163714402340102,"The video begins with a close-up of a warp gate, which is a circular structure with a glowing blue light emanating from it. The gate is surrounded by a dark background, with small white dots representing stars. The gate is shown in different angles, with the light swirling and changing colors, creating a sense of motion and energy. The text overlay reads ""This is How A Warp Gate slows down a ship dv two exit a hyper lane,"" indicating that the gate is used to slow down a ship traveling through a hyper lane. The video then transitions to a black background with white dots representing stars, and the warp gate is shown in a close-up view. The gate is glowing blue",This is how a warp gate slows a ship down
7385499788764040481,A person is holding a Kinder chocolate bar in a white container. They are trying to melt the chocolate by dipping it into a metal container filled with water. The chocolate starts to melt and the person uses a pair of scissors to cut the chocolate into smaller pieces. The melted chocolate is then poured into a metal container and stirred with a spoon. The melted chocolate is then poured into a glass bowl and stirred with a spoon. The melted chocolate is then poured into a glass bowl and stirred with a spoon. The melted chocolate is then poured into a glass bowl and stirred with a spoon. The melted chocolate is then poured into a glass bowl and stirred with a spoon. The melted chocolate is then poured into,Entertainment & Shows
7276776260431367467,"The video is a montage of a man in a suit and tie speaking into a vintage microphone, with text overlaid on the screen. The text appears to be a list of statements made by the man, which include things like ""Anything I've done in my guise as an SS colonel was sanctioned by the OSS as a necessary evil to establish my cover with the Germans,"" and ""I want my full military pension and benefits under my proper rank."" The man is seen in various settings, including a dark room and a bar, and the text changes to reflect the different statements he is making. The video does not contain any audio, as the text is the only source of information.",Politics
7372265021042101550,"The video is a series of clips showing a person with long hair, wearing a black shirt, in a room with a window with blinds and a wooden piece of furniture. The person is making various hand gestures and movements, and there is text overlaid on the screen that reads ""Reply to tynesy, ca's comment"" and ""Glasgow."" The person appears to be engaged in a conversation or reacting to something, as indicated by their hand movements and facial expressions. The video also includes a text overlay that reads ""What did I think about Glasgow, Scotland? Well, let me tell you, Glasgow probably got the most tens out of any place I went in the UK in terms",Travel & Events
7373730224879521056,"The video features a tiger, depicted in a striking color scheme of orange, black, and white, with a blue object in its mouth. The tiger is positioned on a dark background, with a light-colored surface beneath it. The tiger's body is detailed with stripes and spots, and its face is prominently displayed. The video appears to be a close-up of the tiger, with the tiger's mouth open and the blue object in its mouth. The tiger's eyes are focused, and its mouth is slightly open, as if it is roaring or growling. The video does not contain any text or subtitles.",1. Entertainment & Shows
7326266761773436166,"The video features a person wearing a black sweatshirt with white text on it, sitting in front of a wall adorned with various posters and a guitar. The individual appears to be speaking, as indicated by their mouth movements and hand gestures. The background includes a bed with a blue blanket and a window with blinds. The person's facial expressions and body language suggest they are engaged in a conversation or monologue. The video does not contain any discernible text or captions.",1. News
7371461402030034218,"The video shows a man in a suit and tie standing in an office, holding a piece of paper. He is speaking to the camera and the text on the screen reads, ""And if Jewish people are gonna vote for Joe Biden, they have to have their head examined."" The man then says, ""The last person I'm gonna take advice from as a Jewish person is a known anti-Semite who's had dinner with anti-Semites, who said there was good people on both sides after Charlottesville. He's the last person I'm gonna take advice from."" The video ends with the man saying, ""I'm going to take advice from him.""",Politics
7367380929913900320,"The video features a person wearing a black shirt and headphones, standing on a road with trees and a clear blue sky in the background. The person is wearing a necklace and has long hair. The text overlay on the video reads: ""PSA I wore shorts on my walk and the only thing that cared was my mom. No one alerted the town elders at that size 12 queen wore shorts summer heat x. Literally wear your outfit."" The person is seen wearing a black shirt and headphones, standing on a road with trees and a clear blue sky in the background. The person is wearing a necklace and has long hair. The text overlay on the video reads: ""PSA I wore",1. News
7306264195475983622,"The video showcases a group of dancers performing on stage. The central figure is a woman with long, wavy hair, wearing a black top and a beige skirt with a chain belt. She is adorned with multiple gold necklaces and white gloves. The background is a vibrant, colorful display with various hues of red, green, and purple. The dancers move in sync, executing a choreographed routine that includes spins, arm gestures, and synchronized steps. The video captures the energy and coordination of the performance, with the central figure taking center stage.","3. Music, Singing, & D"
7360919706913525035,"The video is a series of frames showing a puzzle game with a timer counting down from 00:00 to 00:01. The game is set against a black background with a blue border. The puzzle pieces are red and white, and the timer is displayed at the top of the screen. The text ""USE THESE FILES"" is shown in red at the top of the screen, and ""even if it's your daft's save the effect and boost videos using them"" is shown in white. The text ""LISTEN"" is shown in red at the top of the screen, and ""even if it's your daft's save the",1. News
7380730540061691178,"The video begins with a black screen that gradually reveals a green and black gradient, followed by the text ""hulu"" in green. The text then changes to ""hulu originals"" in green, indicating the platform and content type. The scene transitions to a silhouette of a person standing against a dark background, with the text ""A Court of Thorns and Roses"" appearing in white letters. The video concludes with a black screen, suggesting a transition or a pause in the narrative.",Entertainment & Shows
7355249683469454634,"The video features a person standing on a beach during sunset, with the ocean waves gently lapping at the shore. The individual is wearing a white hoodie and a baseball cap, and is seen from the back. The person is holding a white object, possibly a phone or a camera, and appears to be looking out at the ocean. The sky is a gradient of orange and pink hues, indicating either sunrise or sunset. The person is standing on the wet sand, which is slightly darker than the wet sand near the water. The person is wearing a white hoodie with a logo on the left side of the chest, and a baseball cap with a logo on the front. The person is holding","the joy of jesus, the security of j"
7387743887940390177,"The video features a person wearing a white sweater with a zipper, standing in a room with a door and a light fixture in the background. The person is holding their hair up with one hand and appears to be speaking. The text overlay on the video reads, ""Someone in their twenties says they aren't voting."" The person then gestures with their hand, possibly emphasizing a point or making a statement. The video ends with the text, ""You're not really into politics? Okay, fair enough. But what are you into? Transformers? Pokemon, you fucking child?""",1. News
7297354768928853294,"The video is a series of text-based messages from a person discussing their experiences with buying and stocking HEB (Hong Kong Express) products. The person mentions difficulties in keeping store stock, the importance of variety packs and POG (Pure Oatmeal Gummies), and the launch of new Buc-ee's test stores. They also express excitement about upcoming events and the availability of new products. The person seems to be sharing their experiences and plans with the community, encouraging others to join their VIP phone number list for updates.",Entertainment & Shows
7374908166175280427,"The video showcases a series of steps in preparing a dish, likely tacos, with a focus on the preparation of the shrimp and the final presentation of the dish. The video begins with a close-up of a hand holding a piece of shrimp, which is then placed into a bowl of sauce. The shrimp is then coated in the sauce, which appears to be a spicy mixture. The video continues with a close-up of a hand holding a piece of shrimp, which is then placed into a bowl of sauce. The shrimp is then coated in the sauce, which appears to be a spicy mixture. The video then shows a close-up of a hand holding a piece of shrimp, which is",Food
7377866805823491371,"The video features a person with curly hair, wearing a dark blue shirt, standing in a room with a painting of a tree on the wall. The person is speaking, and the text overlay on the screen reads, ""You could kiss any woman in game of thrones who would it be?"" The person then points to themselves and says, ""Megan Fox."" The scene transitions to a close-up of the person, with the text overlay changing to, ""Daenerys."" The final frame shows a person sitting on a throne, with the text overlay reading, ""If you can kiss any woman in the world, feet, who would it be?"" The person on the throne is wearing a",8. Entertainment & Shows
7149700277782760746,"The video shows a person lying on a bed with pink lighting. The person has long hair and is wearing a black shirt. There is a cat on the bed, and the person is holding a phone. The text on the screen says ""I like like like like like like like like like like like like like like like like like like like like like like like like like like like like like like like like like like like like like like like like like like like like like like like like like like like like like like like like like like like like like like like like like like like like like like like like like like like like like like like like like like like like like like like like like like like",Pets & Animals
7384004708165242144,"The video features a person sitting in a chair in a room with wallpaper and framed pictures on the walls. The person is wearing a light blue sweater and is holding a phone. The person is talking about a black and white dog named Mika, who is sitting in a field of tall grass with red flowers. The person describes Mika as a ""live wire"" and a ""fairy godmother"" and talks about her wide paws and potential issues with her back leg. The person also mentions that Mika is a ""adorable"" and ""loved"" dog.",Entertainment & Shows
7314367547862781226,"The video begins with a view of a snowy forest, with trees covered in snow and a path leading through the woods. The camera pans across the forest, showing the snow-covered ground and the trees in the background. The scene then shifts to a close-up of a pine tree, with snow covering its branches. The camera then pans to show the forest from a different angle, with the snow-covered ground and trees in the background. The video then shows a close-up of a pine tree, with snow covering its branches. The camera then pans to show the forest from a different angle, with the snow-covered ground and trees in the background. The video then shows a close-",Science & Technology
7340337384652934446,"The video is a series of images showcasing various individuals with captions providing information about their names and relationships. The captions include names such as Malia Obama, Angelina Jolie, Redfoo, Sky Blue, Nicolas Cage, and Francis Ford Coppola. The captions also mention that Angelina Jolie's birth name is Angelina Jolie Voight, and that she changed her last name to Angelina Jolie after her debut at Sundance Film Festival. The captions also mention that Redfoo and Sky Blue from LMFAO are related to the founder of Motown Records, Barry Gordy Jr. and that Nicolas Cage is actually a stage name for Francis Ford Cop",Entertainment & Shows
7333801200875261185,"The video begins with a dark blue background featuring a world map with a digital texture. The text ""An Election Year Guaranteed To Divide Us"" is displayed in white, bold letters. The scene transitions to a split screen with a man in a suit and tie on the left and a man in a suit and tie on the right. The text ""A Second Term We Can All Agree On"" appears in white, bold letters. The video then shows a blue background with the text ""The Daily Show with Jon Stewart"" in white and yellow letters, followed by the text ""Mondays with Jon Stewart"" in white letters. The video concludes with the Comedy Central logo and the text ""Com",8. Entertainment & Shows
7328517572679372078,"A man is sitting at a table in a car dealership, holding a piece of paper with handwritten text. He is talking to the camera, and the text on the screen reads ""POV: The customer never stops negotiating."" The man gestures with his hands as he speaks, and the camera zooms in on the paper, showing the handwritten text. The man continues to talk, and the camera zooms out to show the man sitting at the table, still talking to the camera. The text on the screen remains the same, and the man continues to gesture with his hands as he speaks. The camera zooms in on the paper, showing the handwritten text. The man continues to talk,",Comedy
7375847354341068065,"The video showcases a large crowd gathered at Hinds Hall in Garmin, watching a live concert. The stage is brightly lit with green and red lights, and the crowd is enthusiastic, with many people holding up their phones to capture the moment. The text overlay on the video reads ""Hinds Hall in Garmin"" and ""Hinds Hall Problem isn't the protests what they're protesting it goes against what our country is funding White supremacy is finally on blast. Free Palestine to the home and land. The next but never ended to colonize the rise. The students in tents, posted on the lawn. Occupying the quad, really against the law. Ain't no reason to call",Politics
7392127900079721761,"The video showcases a woman's room at Estelle Manor, highlighting the luxurious amenities and the cost of staying in the room. The room is described as a large stable room, which is more expensive than the regular stable room. The woman, who has tattoos on her arms, is seen taking a selfie in the room, which is decorated with a bed, a lamp, and a rug. She is wearing a black sleeveless top and light blue jeans. The video also includes text overlays that provide information about the room and its amenities, such as the cost of staying in the room and the type of room.",Entertainment & Shows
7368121296154086688,"The video shows a table filled with various dishes, including salads, meats, and side dishes. There are also glasses of water and wine on the table. A person is standing in front of the table, talking to the camera. The person is wearing a dark sweater and glasses. The background shows a room with a window and some furniture.",1. Entertainment & Shows
7378190751211064607,"The video showcases a man demonstrating the features of an expandable camper. He begins by showing the camper's size and the triple-section design, emphasizing its versatility and ease of use. The man then explains the importance of a seven-way wiring harness and electric brakes, highlighting the camper's safety features. He also discusses the camper's lightweight aluminum construction and the presence of a GoSun power center, which allows for portable solar panel charging. The video concludes with a detailed look at the camper's compartments, including a solar cooker and a storage compartment, showcasing its practical design and functionality.",Science & Technology
7325985650140974382,"The video is a humorous take on the idea that running in the rain is better than running on rainy days. It starts with a split-screen comparison of running and walking, with the text ""It's said that vat is better than running on rainy days"" at the top. The video then shows a person running in a gym, with the text ""definitely get more rain than walking"" at the bottom. The person is wearing a white outfit and running on a track, with the text ""definitely get more rain than walking"" at the bottom. The video then shows a person walking in a gym, with the text ""but it will increase the area where the body is drenched",Science & Technology
7406690692765977887,"The video is a series of clips showing a person sitting in a train or bus, with a stranger sitting in the seat next to them. The person in the seat next to them is talking to the person in the seat next to them, and the person in the seat next to them is responding to the person in the seat next to them. The person in the seat next to them is also talking to the person in the seat next to them, and the person in the seat next to them is responding to the person in the seat next to them. The person in the seat next to them is also talking to the person in the seat next to them, and the person in the seat next to",Travel & Events
7309290162540858667,"The video starts with a news broadcast from a news anchor in a studio, discussing an investigation after a massive home explosion in Arlington, Virginia. The anchor is dressed in a dark suit and tie, and the background features a blue-toned graphic with the text ""HOME EXPLOSION ROCKS NEIGHBORHOOD"" and the ABC logo. The scene transitions to a close-up of the anchor, with the same text and logo. The video then shows a dramatic scene of a house engulfed in flames, with the text ""BREAKING NEWS"" and ""HOME EXPLOSION ROCKS NEIGHBORHOOD"" still visible. The anchor",News
7365274404420406571,"The video starts with a person on a sailboat, wearing a black shirt and gray pants, working on the boat's deck. The person is seen cleaning the boat, and the text ""morning"" appears on the screen. The scene then transitions to the person in a different outfit, wearing a black shirt and gray shorts, standing on the boat's deck. The text ""morning"" appears again. The person then takes a shower, and the text ""morning"" appears once more. The video then shows the person in a different outfit, wearing a black shirt and gray shorts, standing on the boat's deck. The text ""morning"" appears again. The person then takes a",Pets & Animals
7392992201837464850,"The video starts with a woman standing in front of a glass door, talking to the camera. She is wearing a floral dress and has long, dark hair. The background shows a room with a wooden floor and a bookshelf. The woman is holding a camera and talking to the camera. The scene then transitions to a woman sitting in a salon chair, getting her hair cut. The woman is wearing a white cape and has long, dark hair. The salon is well-lit and has a modern design. The woman is talking to the camera while getting her hair cut. The scene then transitions to a woman standing in a hallway, holding a white bag. The hallway is",Travel & Events
7395692426888891679,"The video starts with a person wearing a colorful shirt with a rainbow design, standing in front of a large American flag. The text ""In this election, we each face a question"" appears on the screen. The scene then shifts to a cityscape at sunset, with the text ""What kind of country do we want to live in?"" appearing on the screen. The person is then seen in front of a crowd holding signs that read ""KAMALA KAMP"" and ""KAMALA HARIS."" The scene transitions to a close-up of a person wearing a blue suit with a red tie, with the text ""We choose freedom"" appearing on the screen. The person",Politics
7335178711819373867,"The video shows a series of tweets from the ICCJICJ (@CICJ_Africa) about the South African government filing an emergency request with the International Court of Justice for additional provisional measures specific to the imminent invasion of Rafah. The tweets provide information about the case and the legal team involved. The video also includes a screenshot of a document from the International Court of Justice, which discusses the case and the legal arguments being made. The final frame shows a person in a brown shirt speaking, with the text ""and I think it's a testament to the dedication of the South African legal team in this case.""",News
7353793317437590827,The video shows a man and a woman standing in a room. The man is wearing a black shirt and the woman is wearing a black shirt and shorts. They are holding a coffee cup and a phone. The man is talking to the woman. The woman is holding a phone and talking to the man. The man is talking to the woman. The woman is talking to the man. The man is talking to the woman. The woman is talking to the man. The man is talking to the woman. The woman is talking to the man. The man is talking to the woman. The woman is talking to the man. The man is talking to the woman. The woman is talking to the man,1. News
7377799778299579690,"The video features a woman standing in front of an American flag, with a serene background of trees and a clear sky. She is wearing a black top and has tattoos on her arms. The text overlay on the video reads, ""Isn't it weird you're a fan of an American flag, but you know who you're voting for?"" This suggests that the woman is expressing her confusion or surprise about her political affiliation. The video does not provide any additional context or information about the woman or her political views.",1. News
7346724921361435937,"Two girls are walking down a sidewalk in front of a building. They are both wearing black jackets and carrying backpacks. The girls are walking in a line, with one girl leading the way. The sidewalk is lined with trees and grass. The girls are walking towards a building with a fence in front of it.",Travel & Events
7384186520351083781,"Якщо ви думаєте, що в мене не йшла мова про викуп цього бренду, ще раніше до цієє конфліктної ситуації. Ось я пишу вище. Я тобі ще куди-то предложила продати свою ча",Entertainment & Shows
7396382918039457041,"A man and a woman are sitting on a bed in a modern room. The man is wearing a white shirt and black shorts, while the woman is wearing a white shirt with red text and blue jeans. The man is holding the woman's leg and they are talking to each other. The text on the screen changes to different messages, such as ""Не видалось чесь"" (I didn't see anything), ""Не видалось чесь"" (I didn't see anything), ""Не видалось чесь"" (I didn",Entertainment & Shows
7273841367351069998,"The video shows a person wearing gloves and cutting a block of bright yellow soap into smaller pieces. The soap is placed on a marble countertop. The person then holds up a piece of the soap, showing it to the camera. The soap is labeled ""Ammonia Naturals Turmeric & Kaolin Brightening Soap.""",Beauty Care
7277167570946379014,"The video captures the vibrant atmosphere of a large stadium filled with enthusiastic fans. The crowd is predominantly dressed in yellow and blue, with some wearing black and white stripes. The fans are seen raising their hands in the air, waving flags, and cheering enthusiastically. The stadium is well-lit, and the atmosphere is electric. The video also shows a close-up of the crowd, highlighting the excitement and energy of the event.",Sports
7365322515998068011,"The video starts with a person standing in front of a podium, with a backdrop of the U.S. Capitol building. The text on the screen reads ""STITCH INCOMING WOKE ENCAMPENTS EXPOSED!!!!"" and ""we're here to discuss the little Gazas that have risen up on campuses across America."" The person is then shown standing in front of a tent, with the text ""I'm literally in so much danger here. Follow me if you want me to continue exposing these encampments for what they really are. And please pray for my safety. I'm literally in so much danger here."" The video then shows a close-up of",Politics
7362319887361903905,"The video begins with a person wearing sunglasses and a gray shirt, standing in front of a black background. The text overlay reads, ""Seeing Rufuski during Uni ski trip trying to see Uni ski trip trying to see Uni ski trip trying to see Uni ski trip trying to see Uni ski trip trying to see Uni ski trip trying to see Uni ski trip trying to see Uni ski trip trying to see Uni ski trip trying to see Uni ski trip trying to see Uni ski trip trying to see Uni ski trip trying to see Uni ski trip trying to see Uni ski trip trying to see Uni ski trip trying to see Uni",1. Entertainment & Shows
7311332422077975840,"The video shows a series of interactions between a woman and a man in a purple jacket and a man in a purple jacket and a pink tie. The woman is wearing a leopard print coat and a white top with a red pattern. The man in the purple jacket and the man in the pink tie are seen standing in front of a fence, with the man in the purple jacket having his arms crossed. The man in the pink tie is also seen with his arms crossed. The woman is seen talking to the man in the purple jacket, and the man in the pink tie is seen talking to the woman. The video also shows the man in the purple jacket and the man in the pink tie standing in",Entertainment & Shows
7354415572626509099,"The video starts with a person wearing a maroon beanie and a white t-shirt, sitting in a room with a white wall, a green shelf, and a rack of clothes. The person is speaking, and the text on the screen provides information about earthquakes in the United States, particularly in the eastern part of the country. The text explains that the eastern United States is older and has a higher concentration of earthquakes, which can cause more damage over a larger area. The person then discusses the composition of the Earth's crust in the eastern United States, which is denser and older, and how this affects the distribution of earthquake energy. The person also mentions that the New York City area is particularly",Science & Technology
7378608951975349536,"The video captures a moment of triumph and celebration on a soccer field. The players, dressed in white jerseys, are seen running and embracing each other in a jubilant display of joy. The crowd, a sea of spectators, is seen cheering and waving flags, their faces filled with excitement and relief. The text overlay ""ENGLANDWIN SOCCERAID"" is prominently displayed, indicating the significance of the moment. The video is a snapshot of a victorious moment, capturing the emotions and reactions of the players and the crowd.",Sports
7293239332167617834,"The video features a person wearing a sleeveless, light-colored top with a pattern, standing in a room with a colorful curtain and a painting of a deer on the wall. The person is seen gesturing with their hands and making various facial expressions, including smiling and looking at the camera. The text overlay on the video reads ""some of y'all m"" with a laughing emoji, suggesting a humorous or light-hearted context. The person appears to be interacting with the camera, possibly in a personal or social media setting, and is seen making a peace sign with their fingers. The video does not provide additional context or information about the person or the setting.",1. News
7372186670273137952,"The video showcases a series of food-related experiences in various locations. It begins with a person holding a pizza box, followed by a close-up of a pizza with a slice taken out. The scene transitions to a person eating a vegan pizza, then to a person enjoying a burger and fries, and finally to a person eating a dessert. The video continues with a person eating a vegan pizza, followed by a person eating a vegan pizza with a side of salad, and then a person eating a vegan pizza with a side of salad and a side of pasta. The video ends with a person eating a vegan pizza with a side of salad and a side of pasta, followed by a person eating",Food
7379475961139547398,"The video features a woman in a black dress with ruffles, standing in a modern kitchen with white chairs and a dining table. She is wearing black high heels and has long blonde hair. The text on the screen reads ""Мени 60 покир"" (My 60 years old) and ""Ну, чуждый 60 года"" (Well, 60 years old). The woman demonstrates how to style her dress, showing different poses and movements. The video ends with the text ""Активирую КИТТИ",3. Entertainment & Shows
7364542326959574314,"The video shows a person lying on a bed, holding their hands up to their face. The person is wearing a black shirt and has long hair. The background includes a bed with a white blanket and a stuffed animal. The person appears to be in a state of relaxation or contemplation.",1. News
7309293532467039531,"The video is a compilation of various scenes from a television show, with a recurring theme of a woman named Barbie MagA-Nny. The scenes show her sitting on a white couch with a group of people, and she is often seen reacting to something off-screen. The background of the scenes is a studio set with a cityscape visible through a window. The video also includes a news ticker at the bottom of the screen with headlines and updates. The video also includes a graphic overlay with the text ""Barbie MAGA-Nny thought she had a 'gotcha' moment"" and a news ticker with headlines and updates. The video also includes a graphic overlay with the",Politics
7376360928851299590,"The video features a series of individuals discussing various topics related to hair care and hair loss. The first person, wearing a white shirt, is seen gesturing with their hands while speaking, and the text on the screen provides information about hair loss and the use of retinoids. The second person, with curly hair, is also seen gesturing and speaking, and the text on the screen provides information about hair loss and the use of retinoids. The third person, with long hair, is seen gesturing and speaking, and the text on the screen provides information about hair loss and the use of retinoids. The fourth person, with long hair, is seen gesturing and speaking, and the text",Lifestyle
7347847920151956779,"The video shows a person standing in a doorway, wearing a hat and holding a leash. They are looking at a small dog that is standing on the floor. The person then bends down and picks up the dog, carrying it into the house. The dog appears to be excited and happy to be reunited with its owner.",7. Pets & Animals
7291696863449763078,"The video features a person wearing a beige shirt and a black headband, speaking directly to the camera in a room with a window and a curtain in the background. The person uses hand gestures to emphasize their points, and the text overlays provide context and commentary on the topics being discussed. The video covers a range of topics, including the Israeli-Palestinian conflict, the use of rockets, and the impact of these events on the people involved. The person's expressions and body language convey a sense of frustration and disbelief, as they express their opinions on the events and their perceived impact on the world.",Politics
7375186781999762721,"A woman in a blue floral dress is standing in front of a table with wine glasses, a bowl of cheese, and a plate of food. She is holding a piece of paper and talking to the camera.",1. News
7309512164870491435,"The video is a compilation of various news segments and commentary pieces discussing Donald Trump's potential use of government power and abuse of authority. It includes quotes from Fox News, CNN, and a woman named Alayna Treene, who is identified as a CNN Reporter. The video also features a woman with long, wavy hair, wearing a black turtleneck, who is likely providing commentary or analysis on the topic. The video is presented in a news-like format, with text overlays and transitions between different segments.",Politics
7325003811632745761,"A person wearing a green shirt is talking to the camera. The text at the top of the screen says ""DEUTSCHE THERAPEUTEN HATTEN RECHT"" (German therapists had the right). The person is gesturing with their hands and pointing to their head.",Entertainment & Shows
7355061931993992480,"The video features a person wearing a blue shirt standing in front of a calendar that reads ""MONDAY"". The person is gesturing with their hands, possibly explaining or emphasizing a point. The background is black, and there is a red dot at the top of the calendar. The text on the calendar reads ""Me mentally preparing myself for work tomorrow"". The person appears to be speaking or explaining something, as indicated by the hand gestures.",1. News
7330624658686954795,"A person wearing a bright pink shirt is sitting in front of a red shelf with various items on it. The person is making hand gestures and pointing at the screen, which shows a news article about Trump's behavior during a meeting. The text on the screen reads ""That's his supporters Booing him & I ❤️ that 4 min"" and ""Trump booed lording about the American hostage USA! USA! USA! USA! USA! USA! USA! USA! USA! USA! USA! USA! USA! USA! USA! USA! USA! USA! USA! USA! USA! USA! USA! USA! USA! USA! USA! USA!",Politics
7397794935199567135,"The video shows a woman tied to a tree in a jungle, with a man in a leopard print shirt standing nearby. The woman is covered in mud and appears to be in distress. The video then shows a close-up of the woman's hand writing on a piece of paper. The text on the paper is in a foreign language, and the woman's hand is dirty and covered in mud. The video then shows a close-up of the woman's face, with mud on her face and neck. The video then shows a close-up of the woman's hand writing on a piece of paper. The text on the paper is in a foreign language, and the woman's hand is dirty",1. News
7397967668248120622,"The video showcases a person with long, wavy hair, wearing a black shirt and green cactus earrings, in a room with a bed, a door, and some framed pictures on the wall. They are holding a red box with a white label and a pink box with a white label. The person is wearing blue nail polish with white designs. They open the red box, revealing a small white object, and then open the pink box, revealing a small pink object. They show the small white object to the camera, which appears to be a makeup product. The person then opens the pink box, revealing a small pink object, and shows it to the camera. They continue to open the",Beauty Care
7311858161504423214,"The video showcases a collection of BMX bikes, each with distinct features and designs. The first bike, a 1987 GT Performer, is highlighted with its pink and white color scheme and chrome components. The video then transitions to a different bike, the 1990 GT Performer, which is also pink and white but with a more modern design. The video continues to feature the 1990 GT Performer, focusing on its pink and white color scheme and chrome components. The final bike, the 2000 GT Performer, is also pink and white but with a more modern design. The video concludes with a close-up of",1. News
7299582823940312350,"The video begins with a man sitting on a green leather couch in a dimly lit room, wearing a gray shirt and dark pants. He is holding a black object, possibly a phone, and appears to be in a contemplative or pensive state. The room has a wooden wall and a bookshelf in the background. The scene then transitions to a close-up of a person wearing a hooded jacket, with the hood pulled up over their head, creating a sense of mystery or secrecy. The lighting is dim, and the person's face is not visible. The next scene shows a man in a white shirt, standing in a bathroom with a shower curtain in the background. He is holding a",1. News
7331551109649059115,"The video features a black cat playing a violin. The cat is positioned in a dark setting, with its body illuminated by the light of the violin. The cat's fur is matted and appears wet, suggesting it has been playing for a while. The cat's eyes are wide open, and it appears focused on the music. The video is a montage of the cat playing the violin, with no other objects or people visible.",Pets & Animals
7293441357169937666,"The video features a series of animated scenes with a character in a school uniform and a blonde ponytail. The character is seen in various poses and settings, including standing in front of a car, running, and jumping. The cars shown in the video are of different colors and designs, including orange, white, and blue. The character's actions and the cars' appearances change throughout the video, creating a dynamic and engaging visual experience.",1. News
7397793782122564896,"The video features a person lying down on a bed, wearing a white top with lace details and a gold necklace. The person is wearing a gold ring and has their hair tied up. They are seen adjusting their hair and making hand gestures, possibly to emphasize a point or express emotion. The background includes a pillow with a black and white pattern. The person's nails are painted white, and they are wearing earrings. The video includes text overlays that read ""Leute, ich hatte einfach gerade eine Realisation. What the fuck? Ich hoffe es eigentlich auszusprechen, aber mir ist aufgefallen",Entertainment & Shows
7359943972216638736,"A police officer is walking down a street with a group of people. The people are wearing orange vests and holding signs. The signs say things like ""Palestina"" and ""Widerstand ist Völkerrecht!"" The police officer is wearing a blue uniform and a hat.",14. Nonprofits & Activism
7344108969151008001,"The video shows a group of people at a wedding reception. There are tables set up with food and drinks, and people are sitting and standing around. A woman in a red dress is sitting at a table with a man in a black suit. They are holding glasses of champagne and smiling at the camera. The woman is holding a piece of paper with the words ""Damian really likes cookies I guess"" written on it. The man is wearing a black suit and a white shirt. The woman is wearing a red dress and has long hair. The man is wearing a black suit and a white shirt. The woman is holding a piece of paper with the words ""Damian really likes cookies I",Entertainment & Shows
7226368631268019482,"The video features a person with long blonde hair, wearing a black leather jacket, standing in a room with a pink towel hanging on the wall. The person is holding a phone, and the text ""Songs for your Insta Story Crush Edition"" is displayed at the top of the screen. The person is seen adjusting their hair and looking at the camera. The video then transitions to a screen with the text ""EVERY TIME WE TALK, IT JUST HURTS SO BAD"" and shows a close-up of the person's face. The next frame displays ""CAUSE I DON'T EVEN KNOW WHAT WE ARE"" and shows a different angle of","3. Music, Singing, & D"
7369594137928109345,"The video shows a shelf in a grocery store with various food items, including a box of Mr. Brain's pork faggots. The box is prominently displayed and features an image of the product on the front. The price tag on the shelf indicates that the pork faggots are priced at 1.60. The video also includes a humorous comment from the person recording the video, questioning the price of the pork faggots and expressing surprise at the cost.",7. Food
7330275353325227297,"The video features a person with extensive tattoos, who is seen in various settings, including a bar, a restaurant, and an outdoor setting. The person is described as having a unique appearance, with tattoos covering their entire body. The video includes text overlays in German that provide humorous and exaggerated descriptions of the person's appearance and actions. The person is seen performing various activities, such as sitting on a bench, exercising, and eating, with the text overlays providing commentary on their appearance and actions. The video also includes text overlays in English that provide additional commentary on the person's appearance and actions. The video concludes with the person sitting at a table in a restaurant, with the text overlay """,Entertainment & Shows
7327164126822763808,"The video showcases a series of military parades from different countries, featuring women in uniform marching in formation. The countries represented include China, Russia, Vietnam, South Korea, and North Korea. The women are dressed in various uniforms, including green, black, white, and beige, and are seen marching in unison, with flags and national emblems visible in the background. The video also includes a person in a military uniform standing in the background, observing the parade.",Entertainment & Shows
7371855904813157664,"The video features two individuals standing side by side in a room, with a white wall and a bed in the background. The person on the left is wearing a white shirt with a pink design and denim shorts, while the person on the right is wearing a white shirt with a pink design and black pants. The text overlay at the top of the video reads ""pre summer stats"" with emojis. The text at the bottom of the video lists various statistics for each person, including their age, height, weight, and other personal information. The video appears to be a fun and lighthearted way to compare the two individuals' stats.",Entertainment & Shows
7354696392129924385,"The video showcases a series of close-up shots of a red sports car at a car show. The car is detailed with a carbon fiber body and black wheels. The video begins with a close-up of the car's side, highlighting its sleek design and the reflection of the showroom lights on its glossy surface. The car is then shown from the rear, revealing its distinctive rear spoiler and the ""TORQUE CROSSFLOW"" badge on the trunk. The video continues with a focus on the car's front, showcasing its aggressive design and the ""Porsche"" logo on the grille. The final shot captures the car from a side angle, emphasizing its aerodynamic shape",1. News
7293639077671210286,"The video shows a person feeding fish from a white bucket filled with fish food. The person is standing on a wooden dock by a body of water, and the fish are swimming around the bucket. The person is holding the bucket with both hands and pouring the fish food into the water. The fish are swimming around the bucket and then start to swim away from the bucket. The person then walks away from the bucket and continues to feed the fish. The video ends with the person standing on the dock, watching the fish swim around.",1. Pets & Animals
7357227155979275526,"A group of people are standing on a cobblestone street at dusk. The group consists of a man in a beige jacket, a woman in a white jacket, a child in a light blue outfit, and another child in a light blue outfit. The man is holding a microphone and appears to be interviewing the children. The children are holding orange cups. The background shows a building with awnings and people walking around. The atmosphere is lively and festive.",Entertainment & Shows
7394532218032491808,"The video features a woman in a pink dress and a man in a black shirt standing on a sidewalk. The woman is holding a pink purse and appears to be talking to the man. The man is wearing a black shirt and has a black belt around his waist. The background shows a street with parked cars and a fence. The sky is cloudy, and the sun is setting. The woman is wearing a necklace and has blonde hair. The man is wearing a black shirt and has a black belt around his waist. The woman is holding a pink purse. The man is standing on the sidewalk. The woman is talking to the man. The man is standing on the sidewalk. The woman is talking",1. Entertainment & Shows
7354508802932133166,"The video starts with a person in a room, wearing a light-colored shirt, with a background of a bookshelf filled with books. The text ""Booktok"" appears at the top of the screen, followed by ""Stitch Inning"" and then ""Booktok Stitch Inning."" The person is seen gesturing with their hands, possibly explaining or discussing something. The scene then transitions to a person sitting in a car, wearing a light-colored shirt, with a background of trees and a fence outside the window. The text ""That video is two things and it is two things only it's misogyny and it's laziness. Here we go."" appears at the",Entertainment & Shows
7344855206242389280,A woman in a black blazer and white shirt is sitting in front of a wooden background. She is talking to the camera.,Politics
7377794153071037739,"The video is a series of clips from the TV show ""The Office,"" featuring various characters in an office setting. The characters are engaged in conversations and interactions, with the text overlay providing context and dialogue. The video includes scenes of people in formal attire, such as a man in a tuxedo and a woman in a pink striped shirt, as well as a man in a white shirt and tie. The text overlay provides humorous commentary on the characters' actions and dialogue, adding a comedic element to the scenes. The video concludes with a man in a tuxedo looking surprised and confused, with the text overlay reading ""Oh my god. You can't be serious. That's ridiculous.",Entertainment & Shows
7349706117166959879,"The video features a person standing in a natural setting, surrounded by trees and foliage. The person is wearing a light-colored shirt and is speaking to the camera. The text overlays on the video include phrases such as ""I'm going into the jungle,"" ""I don't know how to feel,"" ""I'm excited,"" ""I'm nervous,"" ""You know, I'm normally a very organized and a planner and a control freak and I don't get to control anything here,"" ""So I'm along for the ride,"" ""And you know, I hope they go easy on me,"" and ""That's for sure."" The person appears to be speaking about their experience of going into",Entertainment & Shows
7308194891656400170,"The video is a compilation of images from a sports event, likely a basketball game, as indicated by the text ""FUMBLE."" The images show a crowd of people, mostly wearing red, cheering and celebrating. The crowd is diverse, with some wearing hats and others with their hands raised in the air. The background is a stadium filled with spectators, and the atmosphere is lively and energetic. The text ""FUMBLE"" is displayed at the top of the images, suggesting that the event is related to the FUMBLE brand or competition. The images are taken from different angles, showing the crowd's excitement and the excitement of the event.",Sports
7375105398946139398,"The video shows a person in a light blue robe standing in a living room, talking to the camera. The person is wearing a checkered shirt and has curly hair. The living room has a large window with orange curtains, a couch, and a coffee table. The person is holding a phone and talking to the camera. The video also shows the person in the living room, standing in front of a door, talking to the camera. The person is wearing a light blue robe and has curly hair. The living room has a large window with orange curtains, a couch, and a coffee table. The person is holding a phone and talking to the camera. The video also shows the person in",Entertainment & Shows
7387067236218916129,A woman is standing in front of a purple and pink cake box in a store. She is wearing a white shirt and a green and white patterned skirt. She is holding a pink cake box with a heart-shaped cake inside. The cake is decorated with white frosting and red cherries. The woman is smiling and looking at the camera.,Entertainment & Shows
7323395108378840351,"The video shows a person dancing in a hallway. The person is wearing a gray sweatshirt and jeans. The hallway has tiled floors and a Christmas tree decorated with red ornaments and a fan on the right side. The person dances energetically, moving their arms and legs in various directions.",Humor
7378610696390528289,"A man in a white lab coat is speaking into a microphone in front of a large screen. The screen shows a picture of a man in a suit and tie, and the text ""Hugo Décrypte"" is displayed in the top right corner. The man in the lab coat is talking about Emmanuel Macron's announcement of the dissolution of the National Assembly. He mentions that the dissolution will end the mandate of the current deputies and that new elections will be held. He also mentions that the announcement was made in the context of the 1997 dissolution of the National Assembly, which was presided over by Jacques Chirac. The man in the lab coat continues to speak",Politics
7292568999932529963,"The video shows a woman walking on a sidewalk, holding a green water bottle and a small object. She is wearing a black t-shirt with a logo, black shorts, and black sneakers. Another woman is walking beside her, wearing a black sports bra, black leggings, and black sneakers. They are walking on a paved path surrounded by greenery. The video also shows the two women walking on a dirt path surrounded by tall grass and trees.",Fitness & Health
7360445995945037088,"The video shows a group of wild boars walking on a sidewalk at night. The boars are eating food from a person's hand, and the person is feeding them. The boars are black and brown, and they are eating from a pile of food on the ground. The person is wearing a light-colored shirt and dark pants, and they are holding a piece of food in their hand. The boars are eating the food from the person's hand, and they are also eating from a pile of food on the ground. The person is feeding the boars, and the boars are eating the food from the person's hand. The person is wearing a light-colored shirt and",Entertainment & Shows
7356329953622822187,"The video features a person wearing a colorful cap and a gray shirt with a logo on it. The person is standing in front of a computer screen displaying a stock chart for Trump Media & Technology Group Corp. The stock price is shown to be falling, with a value of 34.21 USD. The person is seen speaking and gesturing with their hands, and the text on the screen changes to provide commentary on the stock's performance. The video also includes a series of text overlays that provide additional commentary on the stock's performance and the person's thoughts on the situation.",Sports
7376774039899082027,"The video shows a group of elderly people in wheelchairs in a museum. They are dressed in various outfits, including suits, military uniforms, and traditional clothing. The video also shows a man in a suit and tie sitting in a wheelchair, holding a cane. The text on the screen reads ""This art installation lets elderly world leaders roam around a museum in electric wheelchairs."" The video also shows a man in a suit and tie sitting in a wheelchair, holding a cane. The text on the screen reads ""Old People's Home is a 2007 artwork by Sun Yuan and Peng Yu, currently on show at the Borster Commerce Pinot Collections The World As It Goes exhibition in Paris",Science & Technology
7394396617882799366,"The video features a person with curly red hair, wearing a dark top, holding a large, colorful drink in their hand. The drink is decorated with various colors and patterns, including pink, white, and blue. The person appears to be in a dimly lit room, with a dark background. The text overlay on the video reads ""POV: Your cousin gives you something to do drink,"" suggesting that the person is reacting to a situation where someone has given them a drink. The video does not provide any additional context or information about the situation or the person's reaction.",1. News
7382929842615979296,A person is sitting in a room and talking to the camera. They are wearing a white shirt and have a ring on their finger. The room has white walls and a mirror in the background. The person is talking about how they are feeling tired and have been working on a project for the last few hours. They are not finding anything useful and are feeling frustrated.,Entertainment & Shows
7283171808595971370,"The video features a woman with long black hair, wearing a gray tank top, standing in a room with a plant in the background. She is holding a phone and appears to be speaking, as indicated by her hand gestures. The text overlay on the video reads, ""NO BECAUSE I'M REAL AORES WHEN THE DUCK DUCK DUCK AROUND THE STANDING GUY AT THE TEAMKAMADO FOR THE FIRST TIME. THEY MAD FAWTFIRS. I'M FAWTFIRS."" The woman's facial expressions and hand movements suggest she is reacting to something humorous or surprising.",1. News
7299771215755906312,Two women are dancing in a gym. They are wearing black jackets and pants. They are dancing in a room with wooden floors and a gray wall.,Entertainment & Shows
7397523950391086369,"A group of animated fruits, including a green apple, a blueberry, and a pineapple, are gathered together against a black background. The apple is the centerpiece, adorned with a tiara and a crown, and is surrounded by the other fruits, which are also adorned with small crowns. The fruits are arranged in a line, with the apple in the center, and they all have happy expressions on their faces. The scene is festive, with colorful confetti falling from the top of the screen. The confetti is in various colors, including pink, blue, green, and yellow. The fruits are all smiling and appear to be enjoying the celebration. The video ends with the fruits still in",Film & Animation
7410518813021637930,"The video shows a man in a suit and tie sitting in a room with a woman in the background. The man is speaking, and the text overlay on the screen reads, ""Do you think Americans seriously think that this is an important question?"" The woman in the background is wearing a white blazer and appears to be listening to the man. The setting appears to be a formal event, possibly a press conference or a meeting. The video does not provide any additional context or information about the Vice President's accent or the question being asked.",Politics
