video_id,summary,category
7349900395843472672,"A man in a suit and tie is standing in front of a crowd, holding a microphone. He is wearing a blue cap with a Russian flag on it. The crowd is holding flags and signs, and there are trees and buildings in the background. The man is talking into the microphone, and the crowd is listening to him.",Politics
7326597898358066465,"The video is a humorous comparison between a person's reaction to their cat's behavior and the reaction of a smartphone. The video is divided into two parts, each showing a different reaction.

In the first part, the person is shown in a room with a cat sitting on a bed. The person is holding a smartphone and looking at it with a surprised expression. The text on the screen reads ""Pov: Les appels avec mon chachet qui n'a jamais fait de cela"" (Pov: The calls with my cat who has never done this). The person's reaction is shown in a split-screen format, with the left side showing the",7. Pets & Animals
7302484543691328810,"The video is a series of black screens with white text. The text reads ""EMERGENCY RELIEF DISTRICT OCTOBER 1TH, 2023 STOP THE KILLING STOP HATE. TIME TO DONATE."" The text is repeated multiple times throughout the video. The video does not contain any other visual elements or audio.",1. News
7339991555408694561,"The video shows a person shopping in a store, specifically looking at the skincare products. The person is holding a box of Balea's Vital Augencreme, which is priced at 3,85 Euro. The person then moves on to the Aqua Augen Roll-On, which is priced at 2,45 Euro. Next, the person looks at the Vital Plus straffende Augencreme, which is priced at 3,95 Euro. Finally, the person looks at the Q10 Anti-Falten Augencreme, which is priced at 1,95 Euro. The video also shows the prices of other products in",Beauty Care
7351403366368546081,"The video showcases a series of events involving a group of humans and aliens participating in a battle. Initially, the humans are depicted as being sent to the aliens as losers, but they are not as defeated as expected. The aliens, however, are not pleased with the humans and are determined to defeat them. The humans are shown to be highly trained soldiers from multiple countries, and the aliens are surprised by their abilities. The humans are able to defeat the aliens, but the aliens are not pleased with the humans' victory. The aliens are shown to be using a variety of weapons, including grenades and bullets, to defeat the humans. The humans are shown to be using a variety of weapons,",Entertainment & Shows
7380379588242804001,A person is lying in bed with a pink pillow. They are wearing a black shirt with blue writing on it. The person is making a peace sign with their hand.,Politics
7291005324717313313,"The video features two women standing in front of a large building with a dome, discussing the rise of the Alternative for Germany (AfD) party in Germany. The woman in the pink coat explains that the AfD is on the rise in Germany, coming in second in the state elections in Hesse and third in Bavaria. She also mentions that the law allowing dual nationality and faster German passport processing is still on track. The woman in the green dress asks if the law can be stopped, and the woman in the pink coat responds that the coalition government still has the majority in the Bundestag, and the Bundesrat cannot block the law. The video concludes with the woman in the pink coat",Politics
7184540937974975786,"The video shows a person in a car, wearing a black tank top and white headphones around their neck. They are demonstrating the use of a brow lift product, which is a clear container with a brush applicator. The person applies the product to their eyebrows, demonstrating the technique and results. The video also includes text overlays that provide information about the product and its benefits. The person appears to be satisfied with the results and recommends the product to viewers.",Beauty Care
7343334803665603883,"The video features a person with long, wavy hair, wearing a dark sweater and a gold necklace, sitting in front of a cosmic-themed background. The person is holding a black object, possibly a makeup product, and appears to be speaking or presenting. The background is a vibrant mix of pink, orange, and purple hues, resembling a nebula or galaxy. The person gestures with their hands while speaking, and the video includes text overlays that provide context and information. One text overlay reads, ""Scroll mindlessly through TikTok and you're likely to come across across the same old memes and jokes. But you might also learn something you didn't know about earth or space.",Science & Technology
7343662075299761440,"The video begins with a person wearing a pink sweater with a black bow tie, standing in a room with a white wall and a shelf in the background. The text ""Me (a huge horror freak) thinking no scene could ever affect me"" appears at the top of the screen. The scene then transitions to a person in a white shirt and tie, covered in blood, standing in a dimly lit room with a green hue. The text ""This scene"" appears at the top of the screen. The video then cuts back to the person in the pink sweater, who appears to be reacting to the scene.",1. News
7394913119375527210,A person wearing a camouflage cap and a gray shirt is standing in front of a plain wall. They are holding a small object in their hand and gesturing with their other hand. The person appears to be speaking or explaining something.,Politics
7327439802637307178,"A person is standing next to a white truck, talking about the features of the truck. The person is wearing a camouflage hoodie and is holding a phone. The truck has a black interior and a black front bumper. The person is pointing at the truck and talking about the features of the truck.",Sports
7296461109572275488,"The video features a series of interviews with Trump supporters who express their disagreements with the President's stance on unions. The interviews take place in various outdoor settings, including a parking lot and a street with a building in the background. The participants are wearing red hats with the slogan ""MAKE AMERICA GREAT AGAIN"" and red shirts with the slogan ""MAKE AMERICA GREAT AGAIN"" and the American flag. The video includes text overlays in yellow that provide context to the interviews, such as the participants' names and their statements about unions. The participants express their views on the impact of Trump's policies on unions, with some stating that Trump supports unions and others",Politics
7385384197864557855,"The video features a series of images from a television broadcast, showing two men in suits, one with a red tie and the other with a blue tie, standing at podiums with microphones. The background is blue with the CNN logo. The text overlay reads ""My favorite prt of the debate wasa-wa-shitting whoever wasn't talking."" The images are static, with no movement or action taking place. The video does not contain any audio.",Politics
7358352976639184146,"The video shows a person driving a car on a rainy day. The car is driving on a highway, and the windshield wipers are on. The person is driving in the rain, and the windshield wipers are moving back and forth to clear the rain from the windshield. The person is also driving in a rainstorm, and the windshield wipers are moving back and forth to clear the rain from the windshield. The person is driving in a rainstorm, and the windshield wipers are moving back and forth to clear the rain from the windshield. The person is driving in a rainstorm, and the windshield wipers are moving back and forth",Science & Technology
7371030140370963713,"The video is a series of clips from a video game, specifically a first-person shooter game. The game is set in a medieval-style environment with stone buildings and cobblestone streets. The player is using a futuristic weapon with a glowing green and blue design. The player is seen navigating through the environment, taking cover behind walls and using the weapon to shoot at enemies. The player is also seen using a grappling hook to swing across the environment. The player is also seen using a grappling hook to swing across the environment. The player is also seen using a grappling hook to swing across the environment. The player is also seen using a grappling hook to swing across the environment. The player is",Sports
7328941581862473006,"The video showcases a fighter jet in flight, with the text ""HIGH"" appearing in yellow letters. The jet is seen on a runway, with a person in the background. The jet then takes off, with the text ""TARGET"" appearing in purple letters. The jet is seen on an aircraft carrier, with a green tug vehicle attached to its tail. The jet is then seen flying through the sky, with the text ""HIGH"" appearing in yellow letters. The jet is seen flying through a cloudy sky, with the text ""TARGET"" appearing in purple letters. The jet is seen flying through a clear sky, with the text ""HIGH"" appearing in yellow letters. The",1. News
7295860137162591519,"The video features a person wearing a plaid shirt, speaking in front of a blue-lit background. The person is seen discussing various topics related to politics and social justice, including the treatment of indigenous people, the justification of violence, and the impact of power imbalances in society. The person expresses frustration with the way people justify violence and the unaliving of children, and emphasizes the importance of remembering the feelings of righteousness that can lead to harmful actions. The video concludes with the person reiterating the importance of remembering the feelings of righteousness and the potential for these feelings to lead to harmful actions.",Politics
7407540452611640606,"The video shows a person in a blue shirt and black gloves sitting at a desk in an office. The person is wearing a black suit and is seated in a black leather chair. The desk has a keyboard, a mouse, and a box. The person is holding a passport and a pen. The person is wearing black gloves and is seated in a black leather chair. The desk has a keyboard, a mouse, and a box. The person is holding a passport and a pen. The person is wearing black gloves and is seated in a black leather chair. The desk has a keyboard, a mouse, and a box. The person is holding a passport and a pen. The person is wearing black",Science & Technology
7372987016914455841,"The video shows a cricket match between Pakistan and England. The players are dressed in their respective team uniforms. The crowd is visible in the background, cheering and watching the game. The text ""FREE FREE..."" is displayed at the top of the screen, suggesting a theme or event related to the match.",Sports
7366561209996332320,A person with long black hair is sitting in a room with a yellow wall and a white ceiling. They are wearing a white shirt and have a gold watch on their left wrist. They are talking to the camera and gesturing with their hands.,News
7334130841016274222,"The video features a black sports car parked in a parking lot. The car is sleek and has a low profile, with a prominent front grille and large alloy wheels. The background of the video is a typical parking lot with trees and a clear sky. The video is overlaid with text that reads, ""I don't reverse park to look cool, a mufti can't park forward..."" This text suggests that the person filming the video is frustrated with their own parking skills and is trying to convey that they are not as skilled as others. The video does not provide any additional context or information about the person filming or the location.",1. News
7380389929790033185,"The video features a dramatic dance scene between two characters in a dark, dimly lit setting. The male character is dressed in a blue outfit with a cape, while the female character wears a white dress with a crown. The dance is intense and passionate, with the male character holding the female character in a close embrace. The background is dark, with a few lights visible, adding to the dramatic atmosphere. The video ends with the male character holding the female character in a close embrace, with the text ""You may have my number, you can say my name But you'll never have my heart Let the sky fall, let me crumble We will stand tall, I'll face it all Together",Sports
7343754603927850245,"The video is a series of images that appear to be from a protest or rally, with people holding signs and flags. The images are overlaid with text that reads ""FREE PALESTINE"" and ""Remember, you can post one video each day using this filter and it will still count. So, if you post once every Monday, Tuesday, Wednesday, private or public, it will count as three quotes."" The images show people in various poses, some holding signs and others holding flags. The colors in the images are mostly red, white, and black, with the flags being green, white, and black.",Politics
7357827492289465646,"A person wearing a white t-shirt with a cartoon character on it is standing in a kitchen. The person is gesturing with their hands and talking about how they don't want to eat or cook food. They mention that they don't want to spend money on takeout or meal prep, and that they don't want to spend time deciding what to eat. They also mention that they don't want to pay taxes or have bills, and that they don't want to feed themselves three times a day. The person seems frustrated and annoyed by the idea of eating and cooking food.",Entertainment & Shows
7366736772253977889,"The video starts with an aerial view of a coastal area, showing a road, buildings, and a body of water. The text ""Is a country still a country if it sinks?"" appears, followed by ""Is a country still a country if it sinks?"" and ""Is a country still a country if it sinks?"" The text ""Is a country still a country if it sinks?"" is repeated. The scene then shifts to a person in a white shirt and black shorts standing on a concrete structure in the water, with the text ""Is a country still a country if it sinks?"" appearing. The scene transitions to a map of the Pacific Ocean, with the text ""Tuvalu"" and",Politics
7342750088902511915,"The video shows a person standing in a bathroom, taking a selfie with a phone. The person is wearing a black t-shirt and black shorts. The bathroom has a tiled wall with blue and yellow stripes, and there is a mirror above a sink. The person is also wearing a blue wristband and has colorful nail polish on their nails.",1. News
7325461211653492010,"A person is wearing a purple hoodie with the word ""CRAZY"" written on it. They have long braids and are standing in front of a wooden door. They are talking to the camera and showing their hair.",Entertainment & Shows
7363144949442825518,"The video features a young woman with long blonde hair, wearing a black top with a graphic design. She is standing in a room with a white door in the background. The text overlay on the video reads, ""why is finding a girl friend no im not trying to fall in love with, im trying to fall in love with her."" The woman appears to be speaking directly to the camera, expressing her thoughts on finding a romantic partner. The video does not contain any additional visual elements or actions beyond the woman's speech and the text overlay.",1. Entertainment & Shows
7375972216707484960,"The video is a series of frames showing a man in a white shirt standing in front of a screen with a list of Labour's policy steps for change. The man is holding a pen and pointing at the screen, which displays a list of policy steps. The list includes:

1. Deliver economic stability
2. Cut NHS waiting times
3. Launch a new Boer
4. Set up Great British Energy
5. Crave down on alcohol
6. Recruit 6,500 new nurses

The man is seen pointing at each item on the list, and the text ""Thanks for the plug Rishi 👍"" appears at the top of the",Politics
7363604482355137799,"A woman is unpacking a box in her kitchen. She is holding a white object, possibly a lamp, and talking to the camera.",Entertainment & Shows
7341253553245408558,"The video features a person in a light blue shirt with white patterns, wearing a necklace and pearl earrings, standing in a room with a beige wall and a window in the background. The person is seen applying makeup, using a brush and a bottle of foundation. They are also seen holding a small object, possibly a makeup brush or a makeup product, and using it to apply makeup to their face. The person is seen talking and gesturing with their hands while applying makeup. The video also includes text overlays that provide context to the person's actions and thoughts. The text overlays include phrases such as ""So we bought a house for my entire family, but who's paying for",Beauty Care
7346960504490937642,"The video starts with a woman lying on a bed, wearing a light gray tank top. She is holding her hand to her face, and the text on the screen reads, ""When you wanted your engagement song to be 'Sun's so low' ok."" The scene transitions to a black and white image of a car driving down a road, with a woman in a white dress and a man in a suit sitting in the back seat. The car is driving on a road with trees and a fence in the background. The scene then shows a close-up of a woman in a white dress and a man in a suit sitting in the back seat of a car. The car is driving on a",Entertainment & Shows
7203774185322188037,"The video begins with a person standing in front of a door with a sign that reads ""A STUDENT'S HOME."" The person is wearing a dark blue shirt and gray pants. The door is open, and the person is holding a piece of paper. The scene then transitions to the person standing in front of a door with a sign that reads ""A STUDENT'S HOME."" The person is wearing a dark blue shirt and gray pants. The door is open, and the person is holding a piece of paper. The scene then transitions to the person standing in front of a door with a sign that reads ""A STUDENT'S HOME."" The person is wearing a dark",1. Entertainment & Shows
7324373228028300577,"The video is a humorous and satirical take on the challenges and realities of working in finance. It starts with a person walking down a street at night, with the text ""things you need to know before getting a job finance"" displayed at the top. The video then transitions to a close-up of a person's hand holding a shirt, with the text ""things you need to know before getting a job finance"" displayed at the top. The video then shows a shelf with various skincare products, with the text ""things you need to know before getting a job finance"" displayed at the top. The video continues with a person walking down a street at night, with the text ""things you need to",Entertainment & Shows
7404376866108312865,"The video starts with a chaotic scene at night, where a group of people, including police officers, are gathered around a bus. The text ""Das sagen lässt sich nur zur Kursk-Offensive"" (The only thing that can be said is the Kursk Offensive) appears at the top of the screen. The scene then shifts to a group of people standing on a street, with one person in a wheelchair. The text ""Kursk-Offensive"" (Kursk Offensive) appears at the top of the screen. The video then shows a man in a denim jacket sitting at a table, with the text """,Politics
7379002112652660014,"The video features a person wearing a white shirt with a graphic design, standing in front of a window with blinds. The person is holding a necklace with the name ""RITANA"" written on it. The necklace is displayed on a white card with the text ""Fashion Jewelry"" and a logo. The person appears to be expressing gratitude to someone named Sarah, as indicated by the text on the card. The video concludes with a close-up of the necklace on the card, emphasizing the name ""RITANA"".",1. News
7394618529569344811,"The video starts with a woman standing in front of a backdrop featuring the American flag and the text ""KAMALA."" She is wearing a black blazer and a light-colored top. The date ""7/22/24"" is displayed in the top left corner. The woman is speaking into a microphone, and the scene transitions to another woman with long blonde hair, wearing a light blue shirt and a necklace, standing in a room with a gold-colored shelf, a vase with greenery, and a window with white blinds. The date ""7/22/24"" is still displayed in the top left corner. The woman in the light blue shirt continues",Politics
7366286242406829345,A man in a grey hoodie is DJing in an office. He is standing in front of a DJ controller with a laptop on a table. He is wearing headphones and has a microphone in his hand. He is playing music and dancing.,"Music, Singing, & Dancing"
7325205573941710111,"A person wearing a black t-shirt with a picture of a man on it is sitting in a room. The room has a dark color scheme with a dark dresser and a white door in the background. The person is talking to the camera and there is text on the screen that says ""did you catch that?"" and ""let me slow it down."" The person is also wearing a necklace with a pendant.",Science & Technology
7352304151897951521,"The video starts with a person standing in a living room, wearing a black shirt and red pants. The room has a large window, a chandelier, and a rug on the floor. The person is holding a pair of shoes and appears to be talking to the camera. The text on the screen reads ""POV: Du chilst bst im 'Ich bin nicht recht' Freud."" The person then walks away from the camera, leaving the room.

The next scene shows the person sitting on a couch in the living room, wearing the same black shirt and red pants. The room is decorated with a rug, a fireplace, and a television. The person",Entertainment & Shows
7365063366907333921,"The video showcases a breathtaking view of a city skyline at sunset. The sky is painted with hues of pink, purple, and orange, creating a stunning backdrop for the city's illuminated buildings. The city's lights reflect off the water, adding to the beauty of the scene. The video captures the city from a distance, allowing viewers to appreciate the architectural details and the vibrant colors of the sunset. The video does not contain any text or additional information.",1. News
7346235933882076448,"The video shows a man in a green hoodie and blue jeans using a blue mechanical device to work on a wooden post in a field. He is seen bending over and using the device to work on the post, which is surrounded by a dirt ground and some trees in the background.",1. Sports
7305148019727420718,"The video features a woman wearing a white turtleneck and a beige coat, standing in front of a movie poster for the film ""Watcher."" The poster displays the title ""WATCHER"" in large white letters, with the tagline ""Striking a Sensation"" and the names of the actors, ""Ava Adrien"" and ""Monroe."" The woman appears to be speaking or reacting to the movie poster, as indicated by her hand gestures and facial expressions. The background of the poster is dark and rainy, with a building visible in the distance. The video repeats this scene multiple times, with the woman's gestures and expressions changing slightly with each repetition.",Entertainment & Shows
7395252325104766216,"The video begins with a first-person perspective of a player in a video game, showcasing a virtual environment with buildings and a clear sky. The player's health is at 100%, and the score is 0-0. The scene then transitions to a close-up of a cat's face, which is superimposed onto the player's avatar. The cat's face is white with orange patches, and it is wearing a green helmet. The cat appears to be holding a sniper rifle, which is superimposed onto the player's avatar. The cat's face is in the foreground, while the player's avatar is in the background. The cat's face is also superimposed onto",0:01
7354853011887312160,"The video shows a man sitting at a table with two pizzas in front of him. He is wearing a dark blue sweater and has a serious expression on his face. The text on the screen reads ""It's pizza night on @xxtvfox But what are our favorites??!"" and ""Pineapple doesn't belong on pizza...."" The man then eats a slice of pizza with pineapple on it, and the text changes to ""Why did you eat the then-pineapple pizza?"" The man continues to eat the pizza, and the text changes to ""Looks like you do like it pizza...."" The man then puts on a blue hoodie and eats the pizza again",Entertainment & Shows
7355938811429260550,"A person is sitting in front of a colorful, fluffy blanket and wearing headphones. They are reacting to a song about eating a whole bag of chips and feeling sad. The person is making various hand gestures and expressions while talking.","Music, Singing, & Dancing"
7363655590524226862,"The video starts with a person sitting at a desk with a keyboard and a mug with a zebra design. The background is a vibrant blue with a neon sign. The person is wearing a dark t-shirt with the words ""LOVE HOPE CUR"" printed on it. The scene transitions to a screen displaying information about Discord, including the number of servers, users, and messages. The text on the screen reads ""Welcome to Spypet, a Discord data scraping website. Discover a fresh approach to find Discord users."" The person is then shown again, with the text ""Missed Disco.rs"" appearing on the screen. The video continues with the person sitting",News
7337977691611696417,"The video shows a person driving a car, wearing a white sweater and a gray shirt. The person is driving through a city street with buildings and cars visible through the windows. The person is making hand gestures and talking to the camera, expressing frustration and frustration with the situation.",1. News
7335864619187146016,"The video is a series of maps and graphics that compare the population and geography of Wyoming and Colorado. It starts with a map of the United States, highlighting the states of Wyoming and Colorado, and then zooms in on the Rocky Mountains, showing the border between the two states. The video then provides a detailed comparison of the two states, including their population, geography, and economy. It highlights the differences in population density, climate, and economic development between the two states. The video concludes with a map of the Rocky Mountains, showing the location of Gannett Peak and Yellowstone National Park, and a red box highlighting Wyoming's O'Neil Four-Wheel Drive.",Science & Technology
7356565580603870497,"The video features a conversation between two individuals, one in a dark suit and the other in a light pink outfit, set against a backdrop of a microphone and a teal-colored background. The conversation revolves around the topic of mental health, with the person in the dark suit expressing concern and empathy for the person in the light pink outfit, who is struggling with mental health issues. The person in the light pink outfit shares their personal story, including their current situation and the challenges they face in accessing mental health services. The conversation also touches on the political context, with the person in the dark suit expressing concern about the Labour Party's role in the Welsh NHS and the government's response to the situation.",Politics
7407322364309949728,"The video shows a group of people performing on stage. They are dressed in casual clothing and are dancing energetically. The stage is brightly lit with colorful lights, and the background features a large screen with a pink and blue design. The performers are moving in sync with each other, and the audience can be seen in the foreground, watching the performance. The video also includes a text overlay that reads ""I don't wanna die Before we love, we love, this feeling, babe Cause it's enough, enough, can't be this way Before we love, we love, this feeling, babe I love it, I like it, but I don't wanna die Ooh,","Music, Singing, & Dancing"
7395058028594122014,"The video features a series of individuals in various settings, each with a caption that appears at the bottom of the screen. The captions are in English and discuss different topics, such as the importance of the election issues, the impact of Wade's take on RfJr, and the challenges of living in Brooklyn. The individuals are seen in different environments, including a blue background, a podium, a car, a beach, a store, and a room. The video concludes with a black screen displaying the text ""I want to thank you for joining us.""",Politics
7357035995667107114,"The video shows a woman in a black t-shirt with the words ""Tropical"" and ""Delicious"" on it, standing in a fast food restaurant. She is holding a drink in her hand and appears to be talking to someone off-camera. The video then shows the woman in a red shirt, also standing in the same fast food restaurant. She is holding a drink in her hand and appears to be talking to someone off-camera. The video then shows the woman in a black t-shirt with the words ""Tropical"" and ""Delicious"" on it, standing in the same fast food restaurant. She is holding a drink in her hand and appears to be talking to",Entertainment & Shows
7322958700291853614,"The video is a news broadcast featuring a man in a suit and red tie speaking at a podium. The background is blue with the words ""Iowa Town Hall"" and ""Donal Trump"" visible. The man is speaking to a woman in a white suit and another man in a suit. The broadcast is from Fox News, as indicated by the logo in the bottom left corner. The man is discussing various topics, including the origins of the coronavirus, the death of a woman in Italy, and the potential impact of a second term of a Donald Trump presidency. The video also includes text overlays with questions about the coronavirus, the death of a woman in Italy, and the potential impact of",Politics
7333721172363922734,"The video shows a man in a blue shirt and khaki pants standing in front of a black Toyota CUV. He is wearing sunglasses and a name tag. The man is dancing and moving his arms and legs around. The background is a parking lot with other cars and palm trees. The text ""Toyota coulver"" is displayed at the top of the screen, and there are emojis of a smiley face with sunglasses. The man continues to dance and move his arms and legs around.",1. News
7320342127790148907,"The video depicts a police officer in a black uniform with a badge and a name tag standing in front of a row of blue lockers. The officer is wearing a black beanie and sunglasses on their head. The background includes a window with blinds and a door. The text ""TYRANT COPS MAKE BIG MISTAKE"" is displayed at the top of the screen, followed by ""silverthorne Colorado - fIslam amendment"" and ""Amaganset Press."" The officer appears to be speaking or explaining something, gesturing with their hands. The video continues with the officer standing in front of the lockers, still speaking and gesturing. The text ""TY",News
7287998089279917345,"The video begins with a person standing outdoors, wearing a dark jacket and a white shirt with a black design. The person is holding a smartphone and appears to be speaking. The background shows a park-like setting with trees and grass. The scene transitions to a close-up of a computer screen displaying the Amazon website. The text on the screen reads, ""Amazon Fashion Sale 0 - 20 EUR,"" indicating a sale on clothing items. The video then shows a close-up of a laptop screen displaying the Amazon website, with the text, ""Amazon Fashion Sale 0 - 20 EUR,"" and a list of discounted clothing items. The video concludes with a close-up of",13. Entertainment & Shows
7340766599860849926,"The video shows a man in a military uniform standing at a podium with a microphone in front of him. He is wearing a dark blue uniform with various medals and insignia on the left side of his chest. The background features a large building with the words ""The Pentagon"" and ""Washington, D.C."" written on it. The man appears to be giving a speech or statement, as indicated by his hand gestures and the presence of a microphone. The video also includes a caption that reads, ""Patrick Ryder, U.S. Air Force Brigadier General,"" which suggests that the man is a military officer.",News
7324688586807201070,"The video shows a young woman sitting in a classroom, wearing a white sweater and a beige scarf. She is looking at a piece of paper in front of her. The text on the screen reads ""Special Ed teacher trying to figure out whether their student is crying."" The woman appears to be in a classroom setting, with books and other educational materials visible in the background. The video does not provide any additional context or information about the woman or the situation.",1. News
7195058735914519809,A large building is being demolished. A crane is lifting a large piece of the building. The building is being demolished by a crane. The crane lifts a large piece of the building. The crane lifts a large piece of the building. The crane lifts a large piece of the building. The crane lifts a large piece of the building. The crane lifts a large piece of the building. The crane lifts a large piece of the building. The crane lifts a large piece of the building. The crane lifts a large piece of the building. The crane lifts a large piece of the building. The crane lifts a large piece of the building. The crane lifts a large piece of the building. The crane lifts,1. News
7360854136440540459,"The video starts with a man in a light gray polo shirt standing in a doorway, looking out at a lush green landscape. He is joined by another man in a dark jacket with red accents. The man in the polo shirt asks, ""Can I help you?"" The man in the dark jacket responds, ""Yeah, what's this about?"" The man in the polo shirt then says, ""This is about you and me doing our best to keep Huel happy."" The man in the dark jacket replies, ""Huel? Who's Huel?"" The man in the polo shirt then says, ""This is Huel. Huel! You happy? Crazy. What would",Entertainment & Shows
7408631372044111135,"The video shows a person with tattoos petting a cat. The cat is lying on a white surface with a bowl of food nearby. The person is holding the cat's paw and petting it. The cat appears to be in a state of distress, with its eyes closed and a bandage on its head. The person is also holding a small kitten in a purple outfit. The video ends with a message asking for help to replace medications for the kittens.",Pets & Animals
7383460841204534534,"A person is using a metal file to sharpen a nail on a wooden surface. The video shows the process of filing the nail, with sparks flying as the file makes contact with the nail. The person is using a green file to sharpen the nail, and the background shows a workbench with various tools.",Science & Technology
7340748820130647326,"The video shows two people sitting at a table in an office setting. One person is wearing a dark jacket and the other is wearing a striped shirt. They are discussing California's new $20 minimum wage for fast food restaurants. The person in the striped shirt asks why there is a specific exemption for fast food chains that have bakeries. The person in the dark jacket responds that they just felt like that was fair. The person in the striped shirt then asks if the sandwich is from Panera Bread, and the person in the dark jacket responds that it is not. The video also includes text overlays that provide additional information about the topic being discussed.",Politics
7289539647825382698,"The video features a woman in a kitchen, wearing a peach-colored shirt with a floral pattern and dark blue shorts. She is dancing energetically, moving her arms and body in various directions. The kitchen is well-lit, with a white countertop and cabinets in the background. The woman's movements are lively and expressive, with her arms raised and her body swaying to the rhythm of the music. The video does not contain any text or subtitles.",1. News
7390878944012045598,"The video is a series of clips from a game where a person is competing in a fashion challenge. The person is dressed in various outfits and poses in front of a backdrop that changes throughout the video. The person is also seen interacting with other characters in the game, and the video includes text overlays that provide commentary on the fashion choices and the competition. The person is also seen in a real-life setting, wearing a black hoodie and headphones, and the video includes text overlays that provide commentary on the fashion choices and the competition. The video also includes a final scene where the person is standing in front of a backdrop that says ""Vogue"" and is wearing a black outfit with a",Gaming
7390133152670420266,The video shows a person wearing a black shirt with a skull design and a necklace with a cross pendant. The person is standing in a room with a wooden dresser and various items on it. The person is wearing hoop earrings and has long hair. The person is also wearing a necklace with a cross pendant. The person is standing in front of a wall with a black curtain. The person is wearing a necklace with a cross pendant. The person is wearing hoop earrings. The person is wearing a necklace with a cross pendant. The person is wearing hoop earrings. The person is wearing a necklace with a cross pendant. The person is wearing hoop e,1. News
7373916497896377617,"The video showcases the process of making a delicious dessert, starting with a close-up of a partially eaten slice of a cake with a creamy, caramel-like filling. The cake is made with a graham cracker crust, and the filling is smooth and rich. The video then shows the ingredients being mixed together, including a creamy white substance, a brown liquid, and a white powder. The graham cracker crust is then placed in a pie dish, and the creamy filling is poured over it. The video continues with the graham cracker crust being placed in a pie dish, and the creamy filling is poured over it. The video then shows the graham cracker crust being placed",Entertainment & Shows
7303250453079280927,"The video is a promotional video for the Air Tahiti Nui Tiare Pass, which offers four round-trip tickets to Tahiti, Paris, Auckland, and Tokyo in economy class. The pass costs $1,525, and if you do the math, assuming each round-trip ticket costs $750, it's a very good deal. However, there's a catch: you have to fly out of LAX or Seattle for your flights, and there are only 250 passes available, which go on sale on November 25th at 9 a.m. Pacific time. The video also includes a graphic with the Air Tahiti Nui Ti",Travel & Events
7330776298576514347,"Two people are sitting at a table with a spinning wheel in front of them. The wheel has different colored sections and a red button in the center. The person on the left is wearing a white shirt and the person on the right is wearing a dark shirt. The person on the right is holding a piece of paper with the word ""Eagles"" written on it. The person on the left is pointing at the wheel and the person on the right is looking at the wheel. The person on the left is then holding the piece of paper with the word ""Eagles"" written on it and the person on the right is looking at the wheel. The person on the left is then holding the piece",Entertainment & Shows
7386716685945900320,"The video begins with a man in a suit and tie walking through a stadium, with a crowd of people in the background. The man is then seen sitting in a stadium, with a woman in a white jacket standing next to him. The man is then seen standing up and walking away from the woman. The video continues with the man walking through the stadium, with a crowd of people in the background. The man is then seen sitting in a stadium, with a woman in a white jacket standing next to him. The man is then seen standing up and walking away from the woman. The video continues with the man walking through the stadium, with a crowd of people in the background. The man is",Sports
7390820226562084139,"The video shows a group of cartoon characters standing under an umbrella in the rain. One character is wearing a yellow dress and another is wearing a blue shirt. The text on the screen says ""When you're just trying to have a brasummer"" and ""I thought these people were my friends. Little did I know, I was swimming with a pack of thieves. Calm down, DW. Someone probably put it in the lost and found. We'll have to come back Monday. The office is closed. But today's Saturday. That's almost two whole days away. All my important stuff is in that backpack. My glitter, my merry moo cow, and my crazy bus",Film & Animation
7361435694725696810,"The video starts with a person standing on a stage in front of a large audience, surrounded by bright lights and colorful lights. The person is wearing a blue and black outfit and is holding a microphone. The text on the screen reads, ""Every headline show I make my vip pledge to be a friend to anyone who came alone to show that night."" The person then says, ""All day long which I will get into that later, but the only thing that's gonna help right here, right now in this exact moment in time, is if every single person in the room, or I guess we're outside, so whatever the fuck this is, feels like they're safe, and that",Entertainment & Shows
7317028968568343850,"The video is a series of humorous and instructional clips that demonstrate various ways to improve one's social skills, particularly when it comes to talking to girls. The first clip shows a person using a drill to create a hole in a wooden block, with the text ""how do I talk to girls I'm shy?"" displayed at the top. The person then uses a drill to create a hole in a wooden block, with the text ""I'm shy..."" displayed at the bottom. The next clip shows a person using a drill to create a hole in a wooden block, with the text ""I'll give you guys the best advice"" displayed at the top. The person then uses a drill to create a",Comedy
7393735339996712225,"The video features a person wearing a white and blue striped shirt with a blue collar, standing in front of a door. The person is holding a phone and appears to be speaking or reacting to something. The background is a plain wall with a door visible. The person is wearing a watch on their left wrist. The video includes text overlays in French, which appear to be a conversation or a question. The text reads: ""QUAND ON A 11 DE VUE LE \""M\"" VENTE E \""MILLION\"" MAISQUAND ON A 1 K DE VUE, SE L'ELLE K \""VIENT DE QUE MOI\"" ?"" (",Sports
7286953369133174062,"The video shows a man in a yellow shirt and black pants standing on a sidewalk next to a road. He is holding onto a blue and black paraglider. The background features a mountainous landscape with trees and buildings. The man begins to run towards the road, and as he gets closer, the paraglider starts to lift off the ground. However, instead of flying away, the paraglider floats in mid-air, and the man appears to be struggling to control it. The video ends with the paraglider still floating in the air, and the man looking up at it.",Sports
7210197949433892142,"The video showcases a picturesque beach scene with a clear blue sky and calm ocean waters. The beach is bustling with people enjoying the sunny weather, with some lounging on beach chairs and others walking along the shore. The beach is lined with umbrellas and beach towels, indicating a popular spot for relaxation and sunbathing. The video is overlaid with text in Italian, providing a list of the beach's favorite attributes, such as its ""iconic and icy"" feel, its ""reasonable"" food options, and its ""delicious"" umbrellas. The text also mentions the beach's ""great peachy bellies"" and its ""reasonable"" prices. The video concludes",Favorite beach in Capri
7317451980497046826,"The video is a compilation of morbid facts about the Church of Scientology. It starts with a split-screen format, showing two individuals in different settings. The top half of the screen displays the title ""Morbid Scientology Facts"" and the bottom half shows the same title. The background of the top half is black, while the bottom half is white. The video then transitions to a black and white format, showing two individuals in different settings. The top half of the screen displays the title ""Morbid Scientology Facts"" and the bottom half shows the same title. The background of the top half is black, while the bottom half is white. The video continues with a black and white",Science & Technology
7346304747646848288,A group of people are shopping in a grocery store. They are looking at the shelves and picking up items. One of the people is wearing a blue vest and is holding a box of cookies. The other people are also picking up items from the shelves.,Entertainment & Shows
7357381570371603717,"The video shows a group of women dancing in a living room. One of the women is wearing a white dress and the others are wearing different outfits. The video then cuts to a man in a white shirt and a beige jacket, who is talking to the camera. He is gesturing with his hands and pointing at the screen. The text on the screen says ""I want to flirt with finance bros, but if you can't use Excel, get them a job at Goldman Sachs, or help them commit large-scale securities fraud, I guarantee they won't be interested.""",1. News
7319635608945675528,"A person is dancing on a stage with a dark background. They are wearing a white sweatshirt with a black design, black and white striped pants, and red sneakers. The person is performing a dance routine, moving their arms and legs in various ways. The audience is watching the performance, and some people are taking photos or videos.",3
7288048371019926814,"The video shows a person standing outside in front of a house, wearing a white shirt. The person is holding a thermometer and pointing it towards the ground. The thermometer is showing a temperature of 65 degrees Fahrenheit. The person is talking about the temperature being 65 degrees Fahrenheit and how it's cold outside.",1. News
7302492057975688490,"The video features a person wearing a tie-dye tank top with a watermelon pattern. The person is standing in front of a white wall with a ceiling fan. The person is wearing a pair of sunglasses on their head. The video includes text overlays that read ""From the river to the sea"" and ""From the river to the sea."" The video also includes a logo for the Filter Creator Fund, which is a non-profit organization that supports Palestine.",Entertainment & Shows
7289320054347468078,"The video features a person sitting at a desk with a laptop, wearing a dark shirt. The background includes a painting with a red and orange color scheme. The person is seen typing on the laptop and gesturing with their hands while speaking. The text on the screen reads ""Hobart Archie Burke's head will explode."" The person appears to be discussing or explaining something, possibly related to politics or current events. The video continues with the same person, and the text on the screen remains the same. The person continues to speak and gesture, maintaining the same background and setting. The video concludes with the person still speaking and gesturing, with the text on the screen remaining the same.",News
7346011922946510126,"The video starts with a person wearing a beige hoodie and a backpack, standing outdoors in a park-like setting with trees and a street in the background. The person is wearing sunglasses and has a backpack on their back. The scene transitions to a news article from NBC News, which discusses RFK Jr.'s consideration of Aaron Rodgers as his vice presidential running mate. The article mentions Rodgers' lack of experience and his views on the Sandy Hook school shooting. The video then shows a screenshot of a CNN article about RFK Jr.'s VP prospect, mentioning Rodgers' views on conspiracy theories. The video continues with a screenshot of a CNN article about RFK Jr.'s VP",Politics
7366304208150121774,"The video features a series of individuals making heart shapes with their hands in front of their faces, with the text ""Millennials try new Gen Z handcart"" appearing at the top of the screen. The individuals are dressed in various outfits, including a red shirt with white text, a red jacket with ""Los Angeles"" written on it, a beige plaid jacket, a yellow jacket, and a blue plaid shirt. The background of each frame is different, with some showing a wall with a cactus plant and others showing a wall with a framed picture. The video also includes text at the top of the screen that reads ""Laurana 1998"" and ""L",Entertainment & Shows
7360733570232552710,"The video features a person standing outdoors, holding a large, intricately designed clock with the text ""КУРАЕНА"" (Ukraine) on it. The clock has Roman numerals and is surrounded by decorative elements, including wheat stalks and flowers. The person is dressed in casual attire, including a black shirt and light blue jeans. The background consists of greenery and trees, suggesting an outdoor setting. Throughout the video, the person appears to be speaking, as indicated by the text overlay on the screen. The text provides contact information, including a phone number and email address, suggesting that the person is promoting the clock or related products. The video does","1. Music, Singing, & D"
7369576124948548897,"The video shows a dog wearing a red shirt with a logo on it. The dog is standing in a grassy field and appears to be barking or growling. The text in the video is in Russian and appears to be a translation of the dog's actions. The dog's actions are described as ""подвигаться"" (to dive), ""забыть туда моими подружками"" (to forget my friends), and ""подружками"" (friends). The dog's actions are also described as ""подружками"" (friends)",7. Pets & Animals
7393839173922327841,A screenshot of a political map showing the results of a poll.,Politics
7388205937036725537,"The video shows a person wearing a blue and white jacket with the word ""Supacell"" on it. The person is driving a car and appears to be trying to activate their Supacell power. The person is seen looking at the dashboard and the steering wheel, and they are wearing a seatbelt. The background of the video is a dark interior of the car.",1. News
7362611852360174881,"The video begins with a black screen displaying the text ""4TO ЛОВОВЬ выда ПЕРЕСТРЕЛКИ ЯНКУ"" in white letters, which translates to ""4TO LOVVY will give you a kiss, a kiss of the sun"". The scene then transitions to a dark, nighttime setting with a cityscape in the background. The text ""КОТОРИЙ"" appears, followed by ""КОТОРИЙ �",1. News
7368846954471640362,"A person with long red hair is standing in a kitchen, wearing a black sweatshirt with green text. The person is gesturing with their hands while talking. The kitchen has white cabinets and a light fixture on the ceiling.",Entertainment & Shows
7108772250320473349,"The video showcases various activities and attractions in the Greek island of Paros. It begins with a person standing in front of a scenic view of the island, with the text ""Paros 5 out of the box activities!"" displayed at the top. The person is wearing a red and white striped shirt and is seen gesturing and speaking. The video then transitions to a series of numbered activities, each accompanied by a brief description and a scenic view of the island. The activities include:

1. ""Have a meal in the traditional village of Lefkest. From Lefkest you can make a 3.5 kilometer hike on the old Byzantine road which leads to the even more traditional village",Travel & Events
7349908267742743854,"The video features a person wearing a red shirt with a black design, speaking into a microphone. The background is a room with shelves containing various items, including books and decorative objects. The person is discussing the legal implications of President Trump's actions, specifically his immunity claim. The video includes text overlays that provide commentary on the topic, with phrases such as ""Trump worksagainstin is legal team in PresidentTrump a Immunity claim!"" and ""Donald Trump completely destroyed his immunity claim."" The person is seen gesturing with their hands while speaking, emphasizing their points. The video also includes a quote from a legal scholar, ""Donald Trump has long since crossed over that very sacred threshold, un",Politics
7273897683918621994,"The video begins with a person sitting cross-legged on the field, wearing a navy blue sweatshirt with yellow text and headphones. The scene transitions to a football player in a white jersey with yellow stripes, running on the field. The player is then seen celebrating with his arms raised, followed by a close-up of the player's face. The video then shows a football player in a white jersey with yellow stripes, running on the field and being tackled by a player in a red jersey. The player in the white jersey is then seen holding a football and running with the ball. The video concludes with a football player in a white jersey with yellow stripes, running on",Sports
7374631394108181806,"The video shows a woman standing in front of a bed in a bedroom. She is wearing denim shorts and a striped shirt. The bed has a tufted headboard and is made with white sheets and pillows. The woman appears to be talking about packing because her spouse was brought to the U.S. at age 4. She mentions that her DREAMER age 19 got married in 2017, and her daughter left the USA for h h in 2022. She also mentions that she has been living in the USA since 2017, and she has been living in the USA since 2017. She talks about",Entertainment & Shows
7285324334934035745,"The video shows a man in a suit and tie standing in front of a group of people in a room. He is holding a microphone and appears to be speaking to the group. The room is filled with people, some of whom are standing and others are sitting. The man in the suit is wearing a suit and tie, and he is holding a microphone. He appears to be speaking to the group, and the people in the room are listening to him.",1. News
7374137745364602155,"The video features a woman in a pink jacket and a man in a black shirt inside a car. The woman is speaking, and the man is listening attentively. The woman is making a point about dating someone who wants you, not someone who doesn't. The man is wearing a black cap and a black shirt. The video is set in a car, with the woman speaking and the man listening. The video is a commentary on dating and relationships.",1. News
7345205332383108394,"The video starts with a view of the Earth from space, showing the Caribbean islands and the surrounding waters. The text ""MARINES DEPLOYED"" appears, followed by ""TO HAITI"" and ""TO AIRLIFT US."" The scene shifts to a crowded street in Haiti, with people carrying large objects on their heads. The text ""MARINES DEPLOYED"" reappears, followed by ""TO AIRLIFT US."" The scene transitions to a view of the city of Port-au-Prince, with the text ""TO AIRLIFT US"" and ""TO AIRLIFT US."" The scene shifts to a crowded street in Haiti, with people carrying large",1. News
7335427690708651272,A person wearing a white sweater with black trim and blue jeans is standing on a city street. They are being interviewed by someone holding a microphone. The person is talking about the concept of personal space in Korea.,1. News
7366011789085035809,"A man in a suit and tie is standing at a podium on a stage. He is holding a cane and speaking into a microphone. There is a large screen behind him that displays the text ""antwortung führen. In Verantwortung."" The man is wearing a purple tie and brown shoes.",Politics
7383627859803393313,"The video shows a man sitting at a desk in an office, wearing a white polo shirt and black pants. He is speaking to the camera, and the text on the screen changes as he talks. The text includes phrases like ""A ENCORE,"" ""SON PORTRAT,"" ""LE SUCCES,"" ""LES ATTENTES,"" ""SEPTEMBRE,"" ""LE SIFFLE,"" ""DU MATCH,"" ""ET PUS,"" ""LACTUALITÉA,"" ""CETAI LACTUALITÉE,"" ""APRES,"" ""SYNOGOGUES PRÉSÉCTES,"" ""CHAQUE GOIS,"" ""L",Sports
7362157037511396613,"A person is unpacking a large box in a living room. The box contains various items, including a bottle of lotion, a tube of body mist, and several other cosmetic products. The person is unboxing the items and discussing the prices of the products.",Beauty Care
7346042702347406638,"The video starts with a person sitting on a rooftop in a city with red-tiled roofs and a church with a clock tower in the background. The person is wearing a black hoodie and white sneakers, and they are holding a phone. The scene transitions to a person sitting on the ground, holding a phone and looking at it. The next scene shows a person sitting on the ground, holding a phone and looking at it. The scene then transitions to a person sitting on a rooftop, holding a phone and looking at it. The next scene shows a person sitting on the ground, holding a phone and looking at it. The scene then transitions to a person sitting on the ground, holding",Travel & Events
7362203819721166123,"The video shows a group of children holding signs in front of a tent, with one child wearing a pink shirt and another wearing a yellow shirt. The children are surrounded by adults, some of whom are wearing uniforms. The children are holding signs that read ""Thank you"" and ""We love you."" The adults are also holding signs that read ""Thank you"" and ""We respect you."" The children are standing on a grassy area with a tent in the background. The video also shows a group of children holding signs in front of a tent, with one child wearing a pink shirt and another wearing a yellow shirt. The children are surrounded by adults, some of whom are wearing uniforms. The children are",Education
7389277272009690401,"The video begins with a view of a large white boat with a red stripe on the side, moving through a body of water. The boat is surrounded by a large cloud of white foam, indicating it is moving at high speed. The water is calm, and the sky is overcast. The boat is moving towards the camera, and the text ""First migrants ashore since election"" appears on the screen, suggesting that the boat is carrying migrants who have arrived in the area since the election.

The scene then transitions to a view of a large white boat with a red stripe on the side, moving through a body of water. The boat is surrounded by a large cloud of white foam, indicating",News
7315533802409839914,"The video features a person with long, wavy blonde hair, wearing a dark-colored jacket, standing in a room with a light-colored wall and a plant in the background. The person is seen gesturing with their hands while speaking, and the text on the screen provides commentary on various topics related to Islamophobia and the treatment of Christians in Palestine. The video covers a range of topics, including the mass migration of Arab Jews to Israel, the expansion of the Muslim empire through trade, and the dangers of spreading harmful rhetoric about Muslims. The person emphasizes the importance of prioritizing truth over entertainment and warns against the dangers of spreading harmful rhetoric about Muslims. The video concludes with a call to action",News
7355525427160452385,"The video features a woman performing on stage, wearing a black hat and a black outfit. She is holding a microphone and singing into it. The background is a large crowd of people, some of whom are taking photos or clips with their phones. The text ""When Beyoncé points at you in the crowd"" appears at the top of the screen, suggesting that the woman is being recognized or admired by the audience. The video captures the woman's performance and the reactions of the crowd, with some people taking photos or clips with their phones.","3. Music, Singing, & D"
7368383778034601249,"The video shows a computer screen with a 3D model of a room. The room has a desk, a chair, and a bin. The bin is labeled ""Recycle Bin"". The text on the screen reads ""Freundin: Was hast du den Garten tag gemacht? Ich: Aufgeräumt"" (Friend: What did you do in the garden today? Me: Dirty). The video is a humorous take on a common situation where someone asks their friend what they did in the garden, and the friend responds with a sarcastic comment.",1. News
7386720277557742880,"The video showcases a series of gymnastics performances, featuring a female gymnast in a blue leotard performing on a green and blue gymnastics mat. The gymnast is seen executing a series of flips and jumps, demonstrating her athleticism and skill. The video captures the gymnast's movements in detail, highlighting her form and technique. The background of the video is a gymnasium filled with spectators, adding to the competitive atmosphere of the event. The gymnast's performance is a highlight of the video, showcasing her talent and dedication to the sport.",Sports
7297944147648924961,"The video showcases the process of making Slow Cooker French Onion Soup. It begins with a close-up of a white ceramic pot filled with golden-brown, crispy bread slices, followed by a close-up of a white ceramic pot filled with a creamy, brown soup. The video then shows a hand holding a piece of bread above the pot, ready to be dipped into the soup. The final scene features a hand holding a piece of bread above a black ceramic pot filled with the same creamy, brown soup, with the text ""Serves 6"" indicating the serving size. The video emphasizes the ease and convenience of making this soup, with the text ""What is nicer than soup",17. Food
7400109280008867114,"The video features a person wearing a white t-shirt with blue and red text that reads ""HARRIS FOR PRESIDENT"" and a gold necklace. The person is sitting on a bed with a white blanket and a black headboard in the background. The person is speaking and gesturing with their hands, emphasizing the importance of checking voter registration status. The video also includes text overlays that provide additional information and encouragement for Democrats in red or purple states to check their voter registration status.",Politics
7331415226442730757,"The video showcases a vibrant and energetic performance by a group of individuals, likely a band or a group of dancers, on a stage with a dynamic and colorful background. The performers are dressed in a variety of outfits, including camouflage jackets, red and white outfits, and black and white outfits, and are seen engaging in dynamic dance moves, including spins, jumps, and synchronized movements. The stage is illuminated with bright lights, creating a lively atmosphere. The performers are seen interacting with each other, with some holding microphones and others gesturing energetically. The video also includes text overlays in Korean, which provide context and commentary on the performance, such as ""아침반","Music, Singing, & Dancing"
7307346522234998049,"The video features a woman sitting on a couch in a living room, wearing a dark-colored top. She is speaking to the camera, and the text overlay on the screen reads, ""me when someone asks me why I love to watch The Kardashians."" The woman appears to be in a casual setting, possibly a home environment, and is engaged in a conversation about her interest in watching the reality TV show ""The Kardashians."" The video does not contain any additional visual or audio elements, such as music or other people, and the focus remains on the woman's reaction to the question about her love for the show.",8. Entertainment & Shows
7362216509206236449,"The video showcases a person's shopping trip, starting with a close-up of a hand holding a package of ""Spa Fresh"" bath bombs. The person then moves to a shelf stocked with various items, including a box of ""Cien"" bath bombs, a pack of ""Bake & Pops"" popcorn, and a bottle of ""Head & Shoulders"" shampoo. The person picks up a bottle of ""Head & Shoulders"" shampoo and a bottle of ""Seinz"" anti-perspirant, and then a box of ""Pasta"" tomato sauce. The video concludes with a close-up of a hand holding a can of ""Red Bull"" energy drink",1. News
7396760829498002720,"A woman with long, wavy blonde hair is standing in front of a bookshelf filled with books. She is wearing a white tank top and is gesturing with her hands as she speaks. The text on the screen is in German and includes phrases like ""warum ich die Bücher nicht meine Bücher kaufen"" (why I don't buy my books), ""warum ich nicht einfach in die Bücherei gehe"" (why I don't just go to the bookstore), and ""warum sollte ich mir dann noch mein Regal vollstellen"" (why I should buy more of my",Entertainment & Shows
7343145915886193926,"A man and a woman are standing on a cobblestone street at night. The man is wearing a red jacket and blue jeans, while the woman is wearing a black leather jacket and brown pants. They are talking to each other, and the man is holding a microphone. The background shows a building with a sign that reads ""Зазвичай, коли до мене підходять і кажуть, можна вам розказати залог? На наступний день мені пишу",Entertainment & Shows
7368596585594359083,"The video starts with a person in a studio setting, speaking into a microphone, with a background featuring a neon sign that reads ""POWERED BY FRIENDLY TV."" The person is wearing a white shirt and is gesturing with their hands while speaking. The scene transitions to a large crowd of people gathered in a public space, holding signs and banners, with a large building in the background. The text ""IN BG"" appears at the top of the screen, followed by ""INTERNATIONAL"" and ""YOUTUBE: DW NEWS."" The person continues to speak, with the text ""IF A U.S."" appearing on the screen. The scene then",Politics
7395305751469772075,"The video shows a woman sitting in the driver's seat of a car, wearing a purple top and a necklace. She is talking to the camera and appears to be making a humorous or sarcastic comment about voting. The video ends with the woman continuing to talk and gesture with her hands.",Politics
7278695690522348843,"The video features a person wearing a green hoodie with a graphic on it, sitting in an airplane. The person is speaking and gesturing with their hands. The background shows the interior of the airplane, with seats and overhead compartments visible. The person is also seen holding a small object, possibly a phone or a remote control. The video includes a series of images and text overlays that provide information about Mr. Beast's net worth and his contributions to the entertainment industry. The person in the video appears to be discussing Mr. Beast's net worth and his impact on the entertainment industry.",Entertainment & Shows
7344030729531067680,A man in a suit and tie is interviewing a man in a suit and tie. The man in the suit and tie is holding a microphone. The man in the suit and tie is talking to the man in the suit and tie. The man in the suit and tie is wearing a tie. The man in the suit and tie is wearing a suit. The man in the suit and tie is wearing a tie. The man in the suit and tie is wearing a tie. The man in the suit and tie is wearing a tie. The man in the suit and tie is wearing a tie. The man in the suit and tie is wearing a tie. The man in the suit and tie is wearing,Politics
7395616033127648554,"The video shows a person in a black outfit standing in a room. The person is holding a black bag and appears to be taking a selfie in front of a mirror. The room has a bed with a white blanket and a dresser with a mirror. The person is wearing a black shirt and black pants. The video ends with the person still in the room, holding the bag and taking the selfie.",13. Beauty Care
7347525697591725355,"A person wearing a green shirt with the text ""THE WORLD IS NOT ENOUGH"" is standing in front of a bush with red flowers. The person is talking about how Zionism is sold to non-Israeli Jews.",Politics
7376404436505136416,"The video is a humorous take on the ""London Traffic Warden"" sketch, where a traffic warden is seen interacting with a person in a blue hat and black jacket. The warden is seen talking to the person, who is wearing a black jacket and a blue hat, and later a black jacket and a yellow hat. The warden is seen holding a ticket and talking to the person, who is seen holding a black bag. The warden is also seen talking to a person in a black jacket and a blue hat, and later a person in a black jacket and a yellow hat. The warden is seen talking to a person in a black jacket and a blue hat, and later",Entertainment & Shows
7341059462687509803,"The video is a compilation of various images and text that suggest that Kate Middleton is confined in a tower, possibly deceased, and that Camilla Parker may be responsible for this situation. The text confirms that Kate Middleton is sedated and locked in a tower, with Camilla Parker being held responsible. The video also includes images of Kate Middleton and Camilla Parker, as well as various other people, suggesting that they are all involved in the situation. The video also includes text that suggests that Kate Middleton is being anesthetized and confined in a tower, with Camilla Parker being held responsible. The video also includes text that suggests that Kate Middleton and Camilla Parker seem to be",News
7357877605581802795,"A video game scene where a character is being chased by another character. The first character is running through a cityscape, while the second character is following closely behind. The first character is wearing a white shirt and black pants, while the second character is wearing a black outfit with red and white stripes. The first character is also carrying a flashlight. The first character is trying to find a place to hide, but the second character is determined to catch them. The first character eventually finds a hiding spot behind a wall, but the second character manages to find them and they engage in a fight. The first character eventually wins the fight and escapes.",Gaming
7348220196772990254,"The video starts with a person wearing a black cap and glasses, sitting in front of a laptop. The person is wearing a light blue shirt with a graphic design and a black cap with a logo. The person is holding a pen and pointing at the laptop screen, which displays a website that cannot be reached. The website is trying to reach a site that is blocked by the Great Firewall of China. The person is talking about the censorship and the lack of access to information in China. The video then shows a view of a park with white birds on the grass, and the text ""law enforcement, of course, is everywhere"" is displayed. The video continues with the person talking about the government",Politics
7323547689201765664,"The video showcases a person in a garage, wearing a black shirt with a white logo and a black cap. The person is standing in front of a green sports car and a white sports car, with a garage in the background. The person is talking about the cars and the person's collection. The video also includes text overlays that read ""5 Cars from Country Italian Edition"" and ""Classic"" with a list of cars. The person is also seen pointing at the cars and talking about them. The video ends with the person looking at the camera and talking about the cars.",Sports
7388973620116180257,"A man in a suit and tie is giving a speech at a podium. The text on the screen reads ""Jordan Bordea: 'vous seraiez, vous jusqu'à la victoire'"".",Politics
7392691382218935583,"The video starts with a group of people in white shirts with black designs, standing in a room with a red background. They are holding a black bag with a white logo. The scene then transitions to an airport where two people are standing in front of a sign that reads ""Welcome to Terminal 4"". The next scene shows two people sitting in front of a building with a sign that reads ""Welcome to Terminal 4"". The final scene shows a group of people sitting in a room with a large window, with one person holding a microphone. The video then shows a group of people playing ping pong in a room with a green wall. The final scene shows a group of people sitting in a",Sports
7323689375043243269,"The video features a white cat standing on a blue couch in a well-lit room with wooden floors and a chandelier. The cat is holding a small object in its paws, possibly a toy or a treat. The cat appears to be interacting with someone off-camera, as it is looking towards the person. The text on the screen reads ""Вам покачиваю карьерикикой у людей, что у купирующих сосредни, аккули выбравте лю",Friends
7383363724628725024,"The video showcases a fashion show featuring a group of models walking down a runway in a large, industrial-style room. The models are dressed in a variety of outfits, including black leather jackets, black and white striped pants, and black boots. The audience is seated on either side of the runway, watching the show.",1. Entertainment & Shows
7339981163756490030,"The video shows a person's hands with long, bright pink nails, which are being painted with a bright pink polish. The person is using a nail polish brush to apply the polish to their nails. The video also shows a nail dryer in the background, which is used to dry the nails after they are painted.",Beauty Care
7318033407785569569,"The video showcases a red Mercedes-Benz car parked in a parking lot, with a person standing next to it. The person is wearing a light blue shirt and dark pants, and is gesturing with their hands while speaking. The background features a concrete structure with multiple levels. The video also includes text overlays that provide information about the car and the person, such as ""Brabus"" and ""BUSCHMANN,"" as well as phrases like ""he didn't like the way how his parents treated him"" and ""he started tuning it and then people noticed it asked him if you can tune the same car for him for those people and so came Brabus to life",11. Entertainment & Shows
7361467847190760750,"A person is sitting in front of a wall covered with various posters and pictures. They are wearing a gray hoodie and are speaking to the camera. The text on the screen reads, ""I'm not afraid to admit I'm not a fan of him. Used to go to his house on my fans but such a Loverhim vibe."" The person is gesturing with their hands while speaking, and the background is filled with colorful posters and pictures.",Entertainment & Shows
7323131799310306590,"The video is a series of interviews with Jeff Bezos, the founder and CEO of Amazon.com, conducted in 2000. The video begins with a man in a blue shirt and gray pants walking down a hallway, followed by another man in a blue shirt and gray pants. The text ""Jeff Bezos interview on Amazon in 2000"" appears at the top of the screen, and the logo ""Everything30"" is visible in the bottom right corner. The video then shows a man in a blue shirt and gray pants sitting in a chair, with the text ""Jeff Bezos interview on Amazon in 2000"" at the",Entertainment & Shows
7353311795374738721,"The video features a person sitting on the floor, wearing a gray hoodie and black pants, with a blanket with yellow and white patterns draped over their legs. The person is holding their knees with their hands, and there is text overlaid on the video. The text reads: ""Pov: t'es en même temps, tu n'as vu suit sans avoir suivi, car, tu n'as vu suit sans avoir suivi, car, tu n'as vu suit sans avoir suivi, car, tu n'as vu suit sans avoir suivi, car,",1. News
7329621030023089440,"The video shows a group of people standing in a room, with one person wearing a white hoodie and another wearing a black top. They are posing for a photo together.",1. Entertainment & Shows
7261278269884992795,"The video shows a group of people on stage, with one person in the center holding a microphone. The stage is lit with red and blue lights, and there are people in the audience taking pictures and videos. The person in the center is wearing a white shirt and black pants, and the person next to them is wearing a white shirt and black shorts. The person in the center is holding a microphone and appears to be speaking or singing. The person next to them is holding a phone and appears to be taking a picture or video. The person in the center is wearing a white shirt and black pants, and the person next to them is wearing a white shirt and black shorts. The person in the","Music, Singing, & Dancing"
7397527101143878954,"A man in a suit and tie is speaking at a podium in a formal setting. He is addressing a group of people, likely in a congressional hearing or a similar formal event. The man is wearing a blue suit and a light blue tie, and he is standing behind a podium with a nameplate that reads ""RONALD ROE, JUDGE."" The background is a typical formal setting with a wooden panel and a large screen displaying the date ""July 30, 2024"" and the number ""5.7M Views."" The man is speaking into a microphone, and there is a coffee cup on the podium in front of him. The text",Politics
7353267784886897952,"Two men are sitting at a counter in a room. One man is wearing a yellow jacket, and the other is wearing a white hoodie. They are talking to each other.",Entertainment & Shows
7351137146004114693,"The video showcases a thrilling soccer match between two teams, one in yellow and the other in blue. The match is intense, with players from both teams displaying remarkable athleticism and skill. The video captures a series of key moments, including a player in blue being tackled by a player in yellow, a player in yellow attempting to score a goal, and a player in blue attempting to score a goal. The video also highlights the referee's decision to award a goal, as well as the players' reactions to the game's outcome. The video concludes with a player in blue celebrating a goal, while the player in yellow is seen lying on the ground, possibly injured.",5. Sports
7312903813122280746,The video shows a group of farmers in France protesting against the draconian regulations against ethm. Now they are literally spraying cow shit at government officials.,Politics
7357063093962214689,"The video features a person wearing a black jacket with white zippers and a pearl necklace. They are standing in front of a window with blinds and a wall with pictures. The person is speaking German, and the text on the screen reads ""wie ich in die Deutsche abprüfung reiß gehe am."" The person is gesturing with their hands while speaking.",1. News
7374800691677629729,"The video features a person standing in front of a large orange truck with the text ""How do you step 4 hours and ovvk15 hours"" displayed at the top. The person is wearing headphones and appears to be speaking or singing. The background is a road with trees, and the truck is parked. The person then makes a gesture with their hand, and the text changes to ""It's in my blood."" The person continues to gesture and make hand movements, and the text remains the same. The video concludes with the person still gesturing and the text ""It's in my blood"" still displayed.",Comedy
7350964297381498154,"A person is rummaging through a trash bin, looking for items. The trash bin is full of various items, including a box of chocolates, a box of macaroons, a box of pizza, and a box of pizza crusts. The person is also looking for a laptop, which is partially visible in the trash bin.",Entertainment & Shows
7405044080729787678,"The video shows a woman standing at a podium, holding a book. She is wearing a blue suit and has long hair. The background is a stage with a blue and white background featuring stars. The text on the screen reads ""DNC speaker briggugugat at copy of Proj:2025"" and ""2023"". The woman is speaking into a microphone. The video then shows a close-up of the woman speaking, with the text ""2023"" and ""2025"" appearing on the screen. The video continues with the woman speaking at the podium, with the text ""2023"" and ""20",Politics
7337416931965685034,"The video features a person standing outdoors, wearing a plaid shirt, and speaking to the camera. The background is a natural setting with trees and a wooden bench. The person is gesturing with their hands while speaking, and the text on the screen changes throughout the video to provide different information. The text includes statements about the tiny rural electric cooperative in eastern Oregon, its carbon footprint, and the reasons for Amazon's data center construction in the area. The video also provides a website for more information, OregonLive.com/business.",Science & Technology
7283933352267337002,"The video features a woman in a white t-shirt with the word ""PINK"" on it, wearing a black hair wrap. She is sitting on a couch and talking to the camera. The text ""Mother Gothei but make her Desi"" appears on the screen, suggesting that the woman is a mother who is proud of her daughter's cultural identity. The video then transitions to a woman in a traditional Indian outfit, wearing a red and gold sari with intricate embroidery and jewelry. She is standing in front of a purple background, and the text ""Rapunzel, look at that now. You know what I see? I see a strong, confident, beautiful young lady.",1. News
7353365116554956074,"A person is standing in front of a disco ball, wearing a colorful jacket. The background is a vibrant, colorful setting with a disco ball and a person in a military uniform. The person in the military uniform is wearing a green shirt and has a beard. The person in the military uniform is standing in front of a framed picture. The person in the military uniform is wearing a green shirt and has a beard. The person in the military uniform is standing in front of a framed picture. The person in the military uniform is wearing a green shirt and has a beard. The person in the military uniform is standing in front of a framed picture. The person in the military uniform is wearing a",1. News
7398943500328242463,"The video showcases the process of creating glittery dice, starting with a green mold filled with pink glitter. The hands of a person wearing blue gloves are seen pressing the glitter into the mold, creating a pattern of raised faces. The video then transitions to a purple mold filled with pink glitter, where the hands of the person wearing blue gloves are seen pressing the glitter into the mold, creating a pattern of raised faces. The video continues with the person wearing blue gloves pressing the glitter into the purple mold, creating a pattern of raised faces. The video then transitions to a blue mold filled with pink glitter, where the hands of the person wearing blue gloves are seen pressing the glitter into the mold, creating a",Entertainment & Shows
7386453398792441131,"A person with long braided hair is sitting on a bed with a blue blanket. They are wearing a white t-shirt with the words ""I FEEL GREAT"" written on it. The person is holding a makeup brush and a makeup palette. They are applying makeup to their face and talking to the camera. The person is also holding a makeup brush and a makeup palette. They are talking to the camera and showing the makeup palette to the camera. The person is also holding a makeup brush and a makeup palette. They are talking to the camera and showing the makeup palette to the camera. The person is also holding a makeup brush and a makeup palette. They are talking to the camera and",Beauty Care
7348462120817790240,The video shows a man in a blue jacket shopping in a grocery store. He is looking at a shelf of snacks and picks up a box of Cathedral City cheese. He then picks up a box of Cathedral City cheese sticks and continues to shop. The video ends with the man holding a box of Cathedral City cheese sticks in his hand.,Entertainment & Shows
7360235976494550304,"The video features a series of individuals attempting to jump over a wall in a trampoline park. The first person, wearing a white t-shirt and blue shorts, is seen jumping over the wall. The text ""あなたはないよ"" (You don't exist) appears on the screen, suggesting a humorous or ironic comment. The second person, dressed in black, attempts to jump over the wall but falls. The third person, wearing a white t-shirt and blue shorts, is seen jumping over the wall again. The text ""あなたはないよ"" (You don't exist) appears again",プレイヤー
7347591598408043808,"The video starts with a map of the United States, showing all 50 states. The text ""Random City USA"" is overlaid on the map. The map is then zoomed in on a specific state, and the text ""Sterling, CO"" appears, indicating the name of the city. The city's name is then displayed on a sign, followed by a view of a large building with the name ""Sterling"" on it. The video then shows a view of a residential area with a flagpole, a street with a train track, and a panoramic view of a city with mountains in the background. The video then shows a view of a street intersection with a",Travel & Events
7310063052341185823,"The video starts with a person in a gray shirt standing in front of a wooden structure, holding a large, transparent, rectangular object. The object is shown to be a panel that can bend light, making it invisible. The text on the screen reads ""has been announced"" and ""China and the development of science than magic."" The scene transitions to a news article from Bilibili, which reports on the development of an invisibility cloak by a physicist named Chu. The article is titled ""China and the development of science than magic"" and is dated November 28, 2020. The article discusses the potential use of the invisibility cloak in combat and the potential",Science & Technology
7380812058167708960,"The video is a humorous and informative comparison of two football players, Jamal and Jude Bellingham, from Germany and England, respectively. The video is divided into several sections, each highlighting different aspects of the players' careers and personalities.

The first section introduces Jamal, who was born in Germany but moved to Southampton at age seven. It mentions that he scored six goals in his first 10 minutes and was offered a trial by Southampton and then Saints Academy. The video humorously suggests that Jamal was a decent player but was eventually signed by Bayern Munich for 180,000 for Musiala.

The second section focuses on Jude",Sports
7377701670077205803,"The video shows a person with long hair, wearing a black top and a necklace, in a room with a lamp and some pictures on the wall. The person is talking about not wanting to dye their hair pink, but the parasites in them want them to. The person then changes their hair color to red, and the text ""AMBER"" appears on the screen.",1. News
7309888375023045931,"The video features a person wearing a blue jacket with the NFL logo on it, standing in front of a garage door. The person is wearing a beanie and has a beard. The background includes a pegboard with various tools hanging on it. The person is speaking, and the text on the screen changes throughout the video. The text includes phrases such as ""don't be fooled by the lies,"" ""republican take,"" ""don't be fooled by the lies,"" ""republican take,"" ""don't be fooled by the lies,"" ""republican take,"" ""don't be fooled by the lies,"" ""republican take,"" ""don't be fool",Politics
7312875354220285215,"The video starts with a man in a dark suit, white shirt, and red tie standing in front of a night cityscape backdrop. He is speaking and gesturing with his hands. The scene transitions to a live broadcast of a political event in Iowa, where a man in a dark suit, white shirt, and red tie is speaking at a podium with the text ""Trump rallies supporters"" and ""Live coverage"" displayed. The scene then returns to the man in the dark suit, who continues to speak and gesture. The video then shows a stock market ticker with the Dow Jones Industrial Average at 4,705.20, and the text ""DOW ON P",Politics
7283816318883679531,"The video is a series of frames showing a person with long blonde hair wearing a black shirt with the word ""SWA"" on it. The person is standing in front of a white background with a list of things that you might not know about teaching in 2023. The list includes items such as meetings just to announce the day of, students growing up around technology but they literally don't know how to google, overstimulated classrooms and lab classrooms are the normal gone are the days where students just do work quietly that doesn't exist anymore, overstimulated at all hours of every single day, and out of 25 students, 17 don't turn in work",Education
7317764806767922475,"A woman and a child are playing in a snowy forest. The woman is standing in a metal barrel filled with ice, while the child is sitting in a plastic container filled with ice. The woman is using a black tool to break the ice, and the child is playing in the water. The woman is wearing a leopard print top and light gray leggings, while the child is wearing a blue and white patterned outfit. The woman is smiling and laughing, and the child is also smiling and laughing. The woman is holding a red apple, and the child is holding a blue toy. The woman is also holding a blue toy, and the child is holding a blue toy. The woman is also",Entertainment & Shows
7395290316569382174,"The video features a woman wearing a leopard print top and glasses, standing in front of a blurred background. She is speaking, and the text overlay on the screen reads, ""Я давально сделаем приз с лавальным сделаем приз тк калановый тк оставим в комментарии, кидайте разкивишися по директору."" This translates to ""We will make a surprise with a leopard print, we",1. News
7358143601869671685,"The video showcases a breathtaking sunset over the ocean, with the sun setting in the horizon and casting a warm glow over the water. The sky is painted with hues of orange, yellow, and pink, creating a stunning visual effect. The waves gently crash against the shore, adding to the serene atmosphere. The video captures the beauty of nature in its most peaceful state, with the sun's rays reflecting off the water and the sky's vibrant colors.",Travel & Events
7366140924629470496,"The video shows a woman in a white outfit standing in front of a crowd at an event. She is wearing a white outfit and has long blonde hair. The background shows a crowd of people, some of whom are taking pictures. The woman is smiling and appears to be enjoying the event. The video also shows a close-up of the woman in the white outfit, with a picture of a woman in a gold dress with intricate designs and long sleeves. The woman in the gold dress is wearing a long, flowing dress with a high slit and has long, flowing hair. The background of the picture is a green wall with a window. The video also shows a picture of a woman in a",Entertainment & Shows
7380810864477130016,"The video is a series of images showing a person in a yellow hoodie standing in front of a large, red, glowing object. The person appears to be in a state of shock or awe, as indicated by the text ""Can't stop th power *Stops the power*"" displayed on the screen. The background is dark, and the object is surrounded by flames, suggesting a dramatic or intense scene. The person's hair is visible, and they are wearing a yellow hoodie. The video does not provide any additional context or information about the scene or the person's actions.",1. News
7346779567639498026,"A person with long, wavy hair is wearing a black top and has pink hair clips in their hair. They are holding a lip gloss tube and applying it to their lips. The background is plain and light-colored. The person is wearing a black top and has pink hair clips in their hair. They are holding a lip gloss tube and applying it to their lips. The background is plain and light-colored. The person is wearing a black top and has pink hair clips in their hair. They are holding a lip gloss tube and applying it to their lips. The background is plain and light-colored. The person is wearing a black top and has pink hair clips in their hair. They",Beauty Care
7299554274827046187,"The video features a person in a dark blue shirt with a necklace and a pendant, speaking in front of a plain background. The person is wearing red-framed glasses and has curly hair. The video includes text overlays that provide information about the history of Palestine and the Palestinian people. The person discusses the history of Palestine, including the Ottoman Empire, the British Mandate, and the Palestinian identity. The person also mentions the Palestinian struggle for independence and the historical context of the region. The video includes references to books and authors, such as ""Nur Masila Palestine"" and ""Rasikh Al Khalidi."" The person also discusses the Palestinian identity and the right to self",1. News
7348934489122327841,"The video shows a man in a dark coat interviewing a woman in a green jacket with a sign that reads ""Wir sind Völker"" (We are citizens). The woman is holding a sign that says ""We are citizens"" and ""We are citizens"" in red letters. The man is holding a microphone and appears to be asking her questions. The background shows a crowd of people, some holding signs, and a police car. The text on the screen reads ""UNTERVEGS auter FRIEDENSDEMO"" and ""heute Show-Friedensbotschafter"" (today's show-peace show). The woman is also seen holding a sign",Politics
7282317561864260897,"The video showcases a series of scenes featuring a steam locomotive train, with the text ""Steampunk conversion"" displayed at the bottom of the screen. The train is seen traveling through a forested area, emitting smoke from its chimney, and passing by a brick wall with people standing on top. The train is also seen inside a train car, with passengers seated and looking out the windows. The video also features a steampunk-themed chair, a collection of steampunk accessories, and a person dressed in a steampunk costume, including a hat and a birdcage on their back. The video concludes with a person with red hair, wearing a necklace, and a close-up of a train engine.",1. Entertainment & Shows
7343605850105318658,"A person is playing the piano with their hands. The piano is illuminated by a blue light, and the person's hands are visible on the keys.","Music, Singing, & Dancing"
7349023065575083306,"A woman in a red dress is standing on a stage at a conference, speaking to the audience. She is holding a microphone and gesturing with her hands. The audience is watching her and listening to her speech. The woman is wearing a red dress and is standing on a stage at a conference. She is holding a microphone and gesturing with her hands. The audience is watching her and listening to her speech. The woman is wearing a red dress and is standing on a stage at a conference. She is holding a microphone and gesturing with her hands. The audience is watching her and listening to her speech. The woman is wearing a red dress and is standing on a stage at a conference.",Politics
7223384947938053418,"The video shows a person wearing a dark blue shirt with green text on it. The person is standing in a kitchen with a tiled floor. There are two armadillos on the floor, one is light-colored and the other is dark-colored. The text on the screen reads, ""Armadillos have been given a reputation, specifically the nine banded armadillo that is from the American South. And the reason for this is because they are known for being able to carry leprosy. Leprosy is a very ancient disease that is actually in modern times, not only very curable, but it's actually kind of a weak disease. It basically, if it's too",Sports
7386641138611981601,"The video features a person wearing a brown jacket and a blue and white checkered shirt. The person is being painted with makeup by another individual, who is applying makeup to the person's face. The makeup application process is shown in detail, with the person's face being covered in makeup and the makeup artist carefully applying it. The video then transitions to a close-up of the person wearing a black military-style uniform, complete with a hat and gloves. The uniform is detailed with gold accents and a belt. The video concludes with a close-up of the person wearing the black military-style uniform, with the text ""sa kurosaki"" visible on the screen.",1. Entertainment & Shows
7314163714402340102,"The video begins with a close-up of a warp gate, which is a circular structure with a glowing blue light emanating from it. The gate is surrounded by a dark background, with small white dots representing stars. The gate is shown in different angles, with the light swirling and changing colors, creating a sense of motion and energy. The text overlay reads, ""This is How A Warp Gate slows down a ship dv two exit a hyper lane."" The video then transitions to a scene from a movie or TV show, where a spaceship is seen entering the warp gate. The spaceship is shown in a close-up, with the warp gate in the background. The spaceship is depicted as moving",This is how a warp gate slows a ship down
7385499788764040481,A person is holding a Kinder chocolate bar in a white container. The person is then seen cutting the chocolate bar into smaller pieces. The video shows the person's hands as they cut the chocolate bar into smaller pieces.,Entertainment & Shows
7276776260431367467,"The video is a montage of a man speaking into a microphone, with text overlaid on the screen. The man is wearing a suit and tie, and the background is dark and out of focus. The text on the screen is in white and appears to be a list of things the man wants. The video does not contain any other objects or people.",Politics
7372265021042101550,"The video features a person with long hair, wearing a black shirt, in a room with a window with blinds and a decorative item on the wall. The person is seen making various hand gestures and movements, including pointing, touching their face, and holding their hand up to their face. The text overlay at the top of the screen reads ""Reply to tynesy, ca's comment"" and ""Glasgow,"" indicating that the person is responding to a comment from someone named Tynesy from Glasgow. The person's actions and the text overlay suggest that they are engaged in a conversation or reacting to something mentioned in the comment. The video does not show any other people or objects, and",Travel & Events
7373730224879521056,"The video features a tiger, depicted in a striking color scheme of orange, black, and white, with a blue object in its mouth. The tiger is positioned on a dark background, with a light-colored surface beneath it. The tiger's body is detailed with stripes and spots, and its face is expressive, with visible whiskers and a fierce expression. The blue object in its mouth appears to be a sword or a similar weapon, adding to the dynamic nature of the scene. The tiger's stance suggests it is in motion, possibly attacking or defending itself. The video does not contain any additional text or subtitles.",7. Sports
7326266761773436166,"The video features a person wearing a black sweatshirt with white text on it, sitting in front of a wall adorned with various posters and a guitar. The individual appears to be speaking, as indicated by their mouth movements and hand gestures. The background includes a bed with a blue blanket and a window with blinds. The person's facial expressions and body language suggest they are engaged in a conversation or monologue. The video does not contain any discernible text or captions.",1. News
7371461402030034218,"The video shows a man in a suit and tie standing in an office, holding a card. He is speaking to the camera and the text on the screen reads, ""And if Jewish people are gonna vote for Joe Biden, they have to have their head examined."" The man then says, ""The last person I'm gonna take advice from as a Jewish person is a known anti-Semite who's had dinner with anti-Semites, who said there was good people on both sides after Charlottesville. He's the last person I'm gonna take advice from."" The video ends with the man saying, ""I'm going to take advice from him.""",Politics
7367380929913900320,"The video features a person standing outdoors, wearing a black shirt and headphones. The person is holding a phone and appears to be recording themselves. The background shows a clear sky with some clouds and trees. The person is wearing a necklace and has long hair. The video includes text overlays that read ""PSA I wore shorts on my walk and the only thing that cared was my mom. No one alerted the town elders at that size 12 queen wore shorts summer heat x"" and ""Literally wear your outfit."" The person seems to be talking about wearing shorts in a warm climate, possibly during a summer event or gathering.",1. News
7306264195475983622,"The video showcases a group of dancers performing on stage. The central figure is a woman with long, wavy hair, wearing a black top and a beige skirt with a chain belt. She is adorned with multiple gold necklaces and white gloves. The background is a vibrant, colorful display with various hues of red, green, and purple. The dancers move in sync, executing a choreographed routine that includes spins, arm gestures, and synchronized steps. The video captures the energy and coordination of the performance, with the central figure taking center stage.","3. Music, Singing, & D"
7360919706913525035,"The video is a series of frames showing a puzzle game with a watermelon pattern. The game is set against a black background with a blue border. The numbers 00:00 to 00:30 are displayed at the top of the screen, indicating the time. The numbers increase as the game progresses, and the watermelon pattern becomes more complex. The puzzle pieces are arranged in a grid, and the player must move them to form a complete watermelon pattern. The game is challenging, and the player must use their skills to complete the puzzle. The video also includes text that reads ""USE THESE FILES even if it's your daft rtas save the effect and",1. News
7380730540061691178,"The video begins with a black screen that gradually reveals a green and black gradient, followed by the text ""hulu"" in green. The text then changes to ""hulu originals"" in green, indicating the platform and content type. The scene transitions to a silhouette of a person standing against a dark background, with the text ""A Court of Thorns and Roses"" appearing in white letters. The video concludes with a black screen, suggesting a transition or a pause in the narrative.",Entertainment & Shows
7355249683469454634,"The video features a person standing on a beach during sunset, with the ocean waves gently lapping at the shore. The individual is wearing a white hoodie and a baseball cap. The person is seen from the back, with their head slightly tilted to the side, and they are holding a white object in their hand. The background is a serene beach scene with the sun setting in the sky, casting a warm glow over the water. The person appears to be speaking, as indicated by the text overlay on the screen. The text reads: ""the joy of the joy of the joy of jesus, the security of jesus, the peace of jesus, the love of jesus, the","the joy of jesus, the security of j"
7387743887940390177,"The video features a person wearing a white sweater with a zipper, standing in a room with a door and a light fixture in the background. The person is holding their hair up with one hand and appears to be speaking. The text overlay on the video reads, ""Someone in their twenties says they aren't voting."" The person then gestures with their hand, possibly emphasizing a point or making a statement. The video ends with the text, ""You're not really into politics? Okay, fair enough. But what are you into? Transformers? Pokemon, you fucking child?""",1. News
7297354768928853294,"The video is a series of text-based messages from a person discussing their experiences with buying and stocking HEB (Hong Kong Express) products. The person mentions difficulties in keeping store stock, the importance of variety packs and POG (Pure Oatmeal Grits), and the launch of new Buc-ee's test stores. They also express excitement about upcoming events and the availability of new products. The person seems to be sharing their experiences and plans with the community, encouraging others to join their VIP phone number list for updates.",Entertainment & Shows
7374908166175280427,"The video showcases a series of steps in preparing a dish, likely tacos, with a focus on the preparation of the shrimp and the final presentation of the dish. The video begins with a close-up of a hand holding a piece of shrimp, which is then placed into a bowl of sauce. The shrimp is shown being coated in the sauce, which appears to be a spicy mixture. The video then transitions to a close-up of a hand holding a piece of shrimp, which is then placed into a bowl of sauce. The shrimp is shown being coated in the sauce, which appears to be a spicy mixture. The video then shows a close-up of a hand holding a piece of shrimp",Food
7377866805823491371,"The video features a person with curly hair, wearing a dark blue shirt, standing in a room with a painting of a tree on the wall. The person is speaking, and the text overlay on the screen reads, ""You could kiss any woman in game of thrones who would it be?"" The person then points to themselves and says, ""Megan Fox."" The scene transitions to a close-up of the person, with the text overlay changing to, ""Daenerys."" The final frame shows a person sitting on a throne, with the text overlay reading, ""If you can kiss any woman in the world, feet, who would it be?"" The person on the throne is wearing a",8. Entertainment & Shows
7149700277782760746,"The video shows a person lying on a bed with a pink blanket. The person has long hair and is wearing a black shirt. The person is lying on their side, with their head resting on the bed. The person is also wearing a necklace. The person is lying on their side, with their head resting on the bed. The person is wearing a black shirt. The person is lying on their side, with their head resting on the bed. The person is wearing a black shirt. The person is lying on their side, with their head resting on the bed. The person is wearing a black shirt. The person is lying on their side, with their head resting on the bed. The person",Pets & Animals
7384004708165242144,"The video features a person sitting in a chair in a room with gold wallpaper and framed pictures on the walls. The person is wearing a light blue sweater and is holding a phone. The person is talking about a black and white dog named Mika, who is sitting in a field of tall grass with red flowers. The person describes Mika as a ""live wire"" and a ""fairy godmother"" with wide paws. The person also mentions that Mika has a ""separated"" hip and that she is ""adorable"" and ""loved."" The person concludes by saying that Mika is ""adorable"" and ""loved"" and that they ""love her name.""",Entertainment & Shows
7314367547862781226,"The video begins with a view of a snowy forest, showcasing tall pine trees covered in snow. The camera pans across the forest, revealing a winding path through the snow-covered ground. The scene is serene, with the forest's trees standing tall against the overcast sky. The camera then focuses on a close-up of a pine tree, highlighting its snow-covered branches and the texture of the snow. The camera then pans to show a wider view of the forest, with the snow-covered ground and the winding path visible. The video continues with a view of a snowy forest, showcasing tall pine trees covered in snow. The camera pans across the forest, revealing a winding path through the snow",Science & Technology
7340337384652934446,"The video is a series of images showcasing various individuals with captions providing information about their names and connections. The captions include names such as Malia Obama, Angelina Jolie, Redfoo, Sky Blue, Nicolas Cage, and Francis Ford Coppola. The images depict people in different settings, including formal events and casual gatherings. The captions provide context about the individuals' backgrounds and relationships, such as their birth names, family connections, and stage names. The video appears to be a compilation of information about these individuals, possibly for entertainment or educational purposes.",Entertainment & Shows
7333801200875261185,"The video begins with a dark blue background featuring a world map with a digital texture. The text ""An Election Year Guaranteed To Divide Us"" is prominently displayed in white, capital letters. The scene transitions to a split screen with a man in a suit and tie on the left and a man in a suit and tie on the right. The man on the right is gesturing with his hands. The text ""A Second Term We Can All Agree On"" appears in white, capital letters. The video then shows a blue background with the text ""THE DAILY SHOW"" in white, capital letters, followed by ""MONDAYS WITH JON STEWART"" in white, capital",8. Entertainment & Shows
7328517572679372078,"A person is sitting at a table in a car dealership, holding a piece of paper with handwritten text. The person is wearing a gray jacket and a red shirt. The text on the paper reads ""POV: The customer never stops negotiating."" The person is talking to another person who is not visible in the frame. The person at the table is gesturing with their hands while talking. The background shows a car dealership with a glass window and a car visible through it.",Comedy
7375847354341068065,"The video showcases a large crowd gathered at Hinds Hall in Garmin, watching a live concert. The stage is brightly lit with green and red lights, and the crowd is enthusiastic, waving their hands and cheering. The performers on stage are dressed in blue and white, and the crowd is engaged with the music. The text overlay on the video reads ""Hinds Hall in Garmin"" and ""Hinds Hall Problem isn't the protests what they're protesting it goes against what our country is funding White supremacy is finally on blast. Free Palestine to the home and land. The next but never ended to colonize the rise. The students in tents, posted on the lawn. Occupying the",Politics
7392127900079721761,"The video showcases a woman's room at Estelle Manor, highlighting the luxurious amenities and the cost of staying in the room. The room is described as a large stable room, which is more expensive than the regular stable room. The woman, who has tattoos on her arms, is seen taking a selfie in the room, which is decorated with a bed, a lamp, and a rug. She is wearing a black sleeveless top and light blue jeans. The video also includes text overlays that provide information about the room and its amenities, such as the cost of staying in the room and the type of room.",Entertainment & Shows
7368121296154086688,"The video shows a table filled with various dishes, including salads, meats, and side dishes. There are also glasses of water and wine on the table. A person is standing in front of the table, talking to the camera. The person is wearing a dark sweater and glasses. The background shows a room with a window and some furniture.",1. Entertainment & Shows
7378190751211064607,"The video showcases a man demonstrating the features of an expandable camper. He begins by showing the camper's size and the man's size, emphasizing the camper's triple-sized interior. The man then opens the camper's door, revealing its interior, which includes a solar panel, a GoSun power center, and a GoSun cooker. He demonstrates the camper's electrical system, including a seven-way wiring harness and an electric brake controller. The man also shows the camper's compartments, including a storage compartment and a cooking compartment. Throughout the video, the man emphasizes the camper's features, such as its size, electrical system, and storage capabilities.",Science & Technology
7325985650140974382,"The video is a humorous take on the idea that running in the rain is better than running on rainy days. It shows a series of experiments conducted by Jamie and Adam to test this theory. The experiments involve weighing work clothes, using artificial rainfall, and comparing the results to walking. The video ends with a humorous note about the results of the experiments.",Science & Technology
7406690692765977887,"The video is a series of clips showing a person sitting in a train or bus, with a stranger sitting in the seat next to them. The stranger is talking to the person in the seat, and the person in the seat is trying to get them to stop talking. The person in the seat is wearing a black shirt and a bandana, and they are holding a phone. The video also shows the person in the seat talking to someone off-camera, and they are wearing a black shirt and a chain necklace. The video ends with the person in the seat sitting in the seat, and the person in the seat talking to someone off-camera.",Travel & Events
7309290162540858667,"The video starts with a news broadcast from a news anchor in a studio, discussing an investigation after a massive home explosion in Arlington, Virginia. The anchor is dressed in a dark suit and tie, and the background features a cityscape with a large building and a bridge. The text on the screen reads ""INVESTIGATION AFTER ARLINGTON EXPLOSION, IRONVILLE"" and ""HOME EXPLOSION ROCKS NEIGHBORHOOD"" with the ABC logo and the hashtag #WorldNewscast. The anchor provides updates on the investigation, including the presence of police and the FBI at the scene. The scene transitions to a nighttime view",News
7365274404420406571,"The video starts with a person on a sailboat, wearing a black shirt and gray pants, working on the boat's deck. The person is seen cleaning the boat, and the text ""I live on a shrink wrap sailboat in New England"" appears on the screen. The person then takes a break and sits on the boat, with a black and white dog lying next to them. The person continues to work on the boat, and the text ""the first thing I do in the morning is soak up the sun with Phoebe"" appears on the screen. The person then does some chores, and the text ""honestly, I hate washing dishes, so this is proof that I",Pets & Animals
7392992201837464850,"The video starts with a woman standing in front of a glass door, talking about her daughter's first haircut. She is wearing a floral dress and has long, dark hair. The scene transitions to a hair salon where a woman is getting her hair cut. The video then shows a young girl with long, dark hair sitting in a salon chair, getting her hair cut. The scene shifts to a young girl with long, dark hair standing in front of a white wall, holding a phone and taking a selfie. The video then shows a young girl with long, dark hair walking down a hallway, holding a white bag. The scene transitions to a young girl with long, dark",Travel & Events
7395692426888891679,"The video starts with a person wearing a colorful shirt with a rainbow design, standing in front of a microphone. The scene transitions to a close-up of the same person, followed by a view of a cityscape at sunset. The person is then seen in a crowded room, surrounded by people holding signs that read ""KAMALA KAMP."" The scene shifts to a close-up of the person in front of a large screen displaying a man in a suit, with the text ""KAMALA KAMP"" appearing on the screen. The person is then shown in a crowd, with the text ""We choose freedom"" appearing on the screen. The video continues with the person in",Politics
7335178711819373867,"The video shows a series of tweets from the ICCJICJ (@CICJ_Africa) about the South African government filing an emergency request with the International Court of Justice for additional provisional measures specific to the imminent invasion of Rafah. The tweets provide information about the case and the legal team involved. The video also includes a screenshot of a document from the International Court of Justice, which discusses the case and the legal arguments being made. The final frame shows a person in a brown shirt speaking, with the text ""and I think it's a testament to the dedication of the South African legal team in this case.""",News
7353793317437590827,The video shows a man and a woman standing in a room. The man is wearing a black shirt and the woman is wearing a black shirt and shorts. They are holding a coffee cup and a phone. The man is talking to the woman. The woman is holding a phone and talking to the man. The man is talking to the woman. The woman is talking to the man. The man is talking to the woman. The woman is talking to the man. The man is talking to the woman. The woman is talking to the man. The man is talking to the woman. The woman is talking to the man. The man is talking to the woman. The woman is talking to the man,1. News
7377799778299579690,"The video features a woman standing in front of an American flag, with a clear blue sky and green trees in the background. She is wearing a black top and has tattoos on her arms. The text overlay on the video reads, ""Isn't it weird you're a fan of an American flag, but you know who you're voting for?"" The woman appears to be speaking directly to the camera, and the video seems to be a commentary on the American flag and the voting process.",1. News
7346724921361435937,"Two girls are walking down a sidewalk in a residential area. They are both wearing black jackets and carrying backpacks. The sidewalk is lined with buildings and trees. The girls are walking in a line, with one girl leading the way.",Travel & Events
7384186520351083781,"Якщо ви думаєте, що в мене не йшла мова про викуп цього бренду, ще раніше до цієє конфліктної ситуації. Ось я пишу вище. Я тобі ще куди-то предложила продати свою ча",Entertainment & Shows
7396382918039457041,"A man and a woman are sitting on a bed in a modern room. The man is wearing a white shirt and black shorts, while the woman is wearing a white shirt with red text and blue jeans. The man is holding the woman's leg and they are talking to each other. The text on the screen changes to different messages, such as ""Не видалось чуть-чуть"" (I couldn't hear a bit) and ""Не видалось чуть-чуть"" (I couldn't hear a bit). The man and woman are also shown with",Entertainment & Shows
7273841367351069998,"The video shows a person wearing gloves and cutting a block of bright yellow soap into smaller pieces. The soap is placed on a marble countertop. The person then holds up a piece of the soap, which has a label on it. The label reads ""AMINO NATURA Turmeric & Kaolin Acid Brightening Soap"".",Beauty Care
7277167570946379014,"The video captures the vibrant atmosphere of a large stadium filled with enthusiastic fans. The crowd is predominantly dressed in yellow and blue, with some wearing black and white stripes. The fans are seen raising their hands in the air, waving flags, and cheering enthusiastically. The stadium is well-lit, and the atmosphere is electric. The video also shows a close-up of a banner with the text ""Ucrânica"" and a flag with the Union Jack, indicating a possible national or international event. The fans' energy and excitement are palpable, creating a lively and dynamic scene.",Sports
7365322515998068011,"The video starts with a person standing in front of a podium, with a backdrop of the U.S. Capitol building. The text on the screen reads ""STITCH INCOMING WOKE ENCAMPFENTS EXPOSED!!!!"" and ""we're here to discuss the little Gazas that have risen up on campuses across America."" The person is then shown standing in front of a tent, with the text ""I'm literally in so much danger here."" The video then shows a close-up of a sign that reads ""JEWS AGAINST GENOCIDE"" and ""check out these anti-Semitic signs."" The person is then shown standing in front",Politics
7362319887361903905,"The video begins with a person wearing sunglasses and a gray shirt, standing in front of a white wall. The text overlay reads, ""Seeing Rufuski during Uni ski trip trying to see Uni ski trip trying to see Uni ski trip trying to see Uni ski trip trying to see Uni ski trip trying to see Uni ski trip trying to see Uni ski trip trying to see Uni ski trip trying to see Uni ski trip trying to see Uni ski trip trying to see Uni ski trip trying to see Uni ski trip trying to see Uni ski trip trying to see Uni ski trip trying to see Uni ski trip trying to see Uni",1. Entertainment & Shows
7311332422077975840,"The video shows a series of interactions between a woman and a man in a purple jacket and a man in a purple jacket and a pink tie. The woman is wearing a leopard print coat and a white top with a red pattern. The man in the purple jacket and the man in the pink tie are seen standing in front of a fence, with the woman speaking to the man in the purple jacket. The man in the pink tie is also seen in a different setting, sitting at a table with a white shirt and glasses. The video also shows the man in the purple jacket and the man in the pink tie standing in front of a fence, with the woman speaking to the man in the purple jacket",Entertainment & Shows
7354415572626509099,"The video starts with a person wearing a maroon beanie and a white t-shirt, sitting in a room with a white wall, a green shelf, and a rack of clothes in the background. The person is speaking, and the text on the screen provides information about earthquakes in the United States, particularly in the eastern part of the country. The text explains that the eastern United States is older and has a higher concentration of earthquakes, and that the energy of earthquakes is more efficiently carried by the Earth's crust in this area. The person then discusses the earthquake that occurred in New Jersey, which was a magnitude of 4.8 and had its epicenter in Lebanon, New Jersey. The",Science & Technology
7378608951975349536,"The video captures a moment of triumph and celebration on a soccer field. The players, dressed in white jerseys, are seen running and embracing each other in a jubilant display of joy. The crowd, dressed in various colors, watches the scene unfold with excitement. The text overlay ""ENGLANDWIN SOCCERAID"" is prominently displayed, indicating the source of the footage. The video also features a text overlay ""Thank you"" at the end, suggesting a message of gratitude or conclusion.",Sports
7293239332167617834,"The video features a person wearing a sleeveless, light-colored top with a pattern, standing in a room with a colorful curtain and a painting of a deer on the wall. The person is seen gesturing with their hands and making various facial expressions, including smiling and looking at the camera. The text overlay on the video reads ""some of y'all m"" with a laughing emoji, suggesting a humorous or light-hearted context. The person appears to be interacting with the camera, possibly in a personal or social media setting, and is seen making a peace sign with their fingers. The video does not provide additional context or information about the person or the setting.",1. News
7372186670273137952,"The video showcases a series of food-related experiences in various locations. It begins with a person holding a pizza box, followed by a close-up of a pizza with a slice taken out. The scene transitions to a person eating a vegan pizza, then to a person enjoying a vegan pizza roll, and finally to a person eating a vegan pizza. The video continues with a person eating a vegan pizza roll, followed by a person eating a vegan pizza, and then a person eating a vegan pizza roll. The video ends with a person eating a vegan pizza roll, followed by a person eating a vegan pizza roll, and finally a person eating a vegan pizza roll.",Food
7379475961139547398,"The video features a woman in a black dress with ruffles, standing in a modern kitchen with white chairs and a dining table. She is wearing black high heels and has long blonde hair. The text on the screen reads ""Мени 60 покир"" (My 60 years old) and ""Ну, чуждый 60 год"" (Well, 60 years old). The woman then demonstrates how to wear the dress, showing different poses and movements. The video ends with the woman standing confidently in the kitchen, with the text ""Активирую �",3. Entertainment & Shows
7364542326959574314,"The video shows a person lying on a bed, wearing a black shirt. They are holding their hands together and appear to be in a state of relaxation or contemplation. The background includes a bed with pillows and a blanket, as well as a wall with a painting. The person seems to be in a moment of introspection or self-reflection, possibly reflecting on their life or relationships.",1. News
7309293532467039531,"The video is a compilation of various scenes from a television show, with a recurring theme of a woman named Barbie MagA-Nny. The scenes show her sitting on a white couch with a group of people, and she is often seen reacting to something off-screen. The background of the scenes is a studio set with a cityscape visible through a window. The video also includes a news ticker at the bottom of the screen with headlines and updates. The video also includes a graphic overlay with the text ""Barbie MAGA-Nny thought she had a 'gotcha' moment"" and a news ticker with headlines and updates. The video also includes a graphic overlay with the",Politics
7376360928851299590,"The video features a series of individuals discussing various topics related to hair care and hair loss. The first person, with long brown hair, is seen wearing a white shirt and a black watch, and is seated at a table with a glass of water. They are engaged in a conversation, gesturing with their hands and using hand gestures to emphasize their points. The background features a bookshelf filled with books and decorative items.

The second person, with curly hair, is also wearing a white shirt and a black watch, and is seated at a table with a glass of water. They are engaged in a conversation, using hand gestures to emphasize their points. The background features a bookshelf filled with",Lifestyle
7347847920151956779,"The video shows a person standing in a doorway, wearing a hat and holding a leash. They are looking at a small dog that is standing on the floor. The person then bends down and picks up the dog, carrying it into the house. The dog appears to be excited and happy to be reunited with its owner.",7. Pets & Animals
7291696863449763078,"The video features a person wearing a beige shirt and a black headband, speaking directly to the camera in a room with a window and a curtain in the background. The person uses hand gestures to emphasize their points, and the text overlays provide context and commentary on the topics being discussed. The video covers a range of topics, including the Israeli-Palestinian conflict, the use of rockets, and the impact of these events on the people involved. The person also discusses the psychological impact of the situation on the victims and the need for unity and hope in the face of adversity. The video concludes with a message of strength and resilience, emphasizing the importance of unity and hope in the face of",Politics
7375186781999762721,"A woman in a blue floral dress is standing in front of a table with wine glasses, a bowl of cheese, and a plate of food. She is holding a piece of paper and appears to be talking to someone.",1. News
7309512164870491435,"The video is a compilation of different segments, each with a different person speaking. The first segment features a man in a suit and red tie, with the text ""FOX NEWS"" and ""DAWNEMPT, IOWA DECEMBER 5"" at the top. The text ""HANNITY ASKS TRUMP IF HE WOULD POWER ABUSE POWER"" appears at the bottom. The man is shown speaking, with the text changing to ""TOWN HALWITH HANNITY"" and then ""TOWN HALWITH HANNITY BREAKING NEWS.""

The second segment shows a man in a suit and",Politics
7325003811632745761,"A person wearing a green shirt is talking to the camera. The text at the top of the screen says ""DEUTSCHE THERAPEUTEN HATTE RECHT"" (German therapists have been right). The person is gesturing with their hands and pointing to their head. The background is a plain wall.",Entertainment & Shows
7355061931993992480,"The video features a person wearing a blue shirt standing in front of a calendar that reads ""MONDAY"" at the top. The person is gesturing with their hands, possibly explaining or emphasizing a point. The background is black, and there are no other objects or people visible in the scene. The person's actions and the calendar suggest that they are discussing or preparing for work on Monday.",1. News
7330624658686954795,"A person wearing a bright pink shirt is sitting in front of a red shelf with various items on it. The person is making hand gestures and pointing at the screen. The video is a meme that shows a picture of a man in a suit and tie with the text ""Trump booed lording about the American hostage"" and ""Every time I see him on TV he's like 'I'm the President of the United States'."" The person in the video is making a funny face and pointing at the screen.",Politics
7397794935199567135,"The video shows a woman tied to a tree in a jungle, with a man in a leopard print shirt standing nearby. The woman is covered in mud and appears to be in distress. The video then shows a close-up of the woman's hand writing on a piece of paper. The text on the paper is in a foreign language, and the woman's hand is dirty and covered in mud. The video then shows a close-up of the woman's face, with mud on her face and neck. The video then shows a close-up of the woman's hand writing on a piece of paper. The text on the paper is in a foreign language, and the woman's hand is dirty",1. News
7397967668248120622,"The video showcases a person with long, wavy hair, wearing a black shirt and green cactus earrings, in a room with a bed, a door, and some framed pictures on the wall. They are holding a red box with a white label and a pink box with a white label. The person is wearing blue nail polish with white designs. They open the red box, revealing a small white object, and then open the pink box, revealing a small pink object. The person examines the objects closely, showing them to the camera. They then open a white box with a blue label, revealing a small white object, and continue to examine it. The person holds up the small white object",Beauty Care
7311858161504423214,"The video showcases a collection of BMX bikes, each with unique features and designs. The first bike, a 1987 GT Performer, is highlighted with its pink and white color scheme and chrome components. The video then transitions to a different bike, the 1990 GT Performer, which is also pink and white but with a more modern design. The video continues to feature the 1990 GT Performer, highlighting its chrome components and pink and white color scheme. The video concludes with a close-up of the 1990 GT Performer, showcasing its pink and white color scheme and chrome components.",1. News
7299582823940312350,"The video begins with a man sitting on a green leather couch in a dimly lit room, wearing a gray shirt and dark pants. He is holding a black object, possibly a phone, and appears to be in a contemplative or pensive state. The background features a wooden wall with a window and some books on a shelf. The scene then transitions to a close-up of a person wearing a hooded jacket, with the hood pulled up over their head, creating a sense of mystery or secrecy. The lighting is dim, with a blue hue, adding to the dramatic effect. The next scene shows a man in a white shirt, standing in a room with a bright light source, possibly a",1. News
7331551109649059115,"The video features a black cat playing a violin. The cat is positioned against a dark background, with its fur appearing wet and shiny, suggesting it is in a wet environment. The cat's eyes are wide open, and it appears to be focused on the music. The video is in black and white, which emphasizes the cat's fur and the violin. The cat's movements are fluid and graceful, and it seems to be enjoying the music.",Pets & Animals
7293441357169937666,"The video features a series of animated scenes with a character in a school uniform and a blonde ponytail. The character is seen interacting with various cars, each with unique designs and colors. The cars are parked in a parking lot, and the character appears to be performing actions such as jumping onto the cars and interacting with them. The background of the video is a parking lot with other cars and buildings visible. The character's actions and the cars' designs suggest a playful and dynamic interaction between the character and the cars.",1. News
7397793782122564896,"The video features a person lying down on a bed, wearing a white top with lace details and a gold necklace. The person is wearing a gold ring and has their hair tied up. They are seen adjusting their hair and making hand gestures, possibly to emphasize a point or express emotion. The background includes a pillow with a black and white pattern. The person's nails are painted white, and they are wearing earrings. The video includes text overlays that read ""Leute, ich hatte einfach gerade eine Realisation. What the fuck? Ich hoffe es eigentlich auszusprechen, aber mir ist aufgefallen",Entertainment & Shows
7359943972216638736,"A police officer is walking down a street with a group of people. The people are wearing orange vests and holding signs. The signs say things like ""Palestina"" and ""Widerstand ist Völkerrecht!"" The police officer is wearing a blue jacket with the word ""POLIZEI"" on the back.",14. Nonprofits & Activism
7344108969151008001,"The video shows a group of people at a wedding reception. There are tables set up with food and drinks, and people are sitting and standing around. A woman in a red dress is sitting at a table with a man in a black suit. They are holding glasses of champagne and smiling at the camera. The woman is holding a piece of paper with the words ""Damian really likes cookies I guess"" written on it. The man is wearing a black suit and a white shirt. The woman is wearing a red dress and has long hair. The man is wearing a black suit and a white shirt. The woman is holding a piece of paper with the words ""Damian really likes cookies I",Entertainment & Shows
7226368631268019482,"The video features a person with long blonde hair, wearing a black leather jacket, standing in a room with a pink towel hanging on the wall. The person is holding a phone, and the text ""Songs for your Insta Story Crush Edition"" is displayed at the top of the screen. The person is seen adjusting their hair and looking at the camera. The video then transitions to a screen with the text ""EVERY TIME WE TALK, IT JUST HURTS SO BAD"" and shows a close-up of the person's face. The next frame displays ""CAUSE I DON'T EVEN KNOW WHAT WE ARE,"" followed by ""I DON","3. Music, Singing, & D"
7369594137928109345,"The video shows a shelf in a grocery store with various food items, including a box of Mr. Brain's pork faggots. The box is prominently displayed and features an image of the product on the front. The price tag on the shelf indicates that the pork faggots are priced at 1.60. The video also includes a humorous comment from the person recording the video, questioning the price of the pork faggots and expressing surprise at the cost.",7. Food
7330275353325227297,"The video features a person with extensive tattoos, who is seen in various settings, including a bar, a restaurant, and an outdoor setting. The person is described as having a unique appearance, with tattoos covering their entire body. The video includes text overlays in German, which provide humorous and exaggerated descriptions of the person's appearance and actions. The person is seen performing various actions, such as sitting on a chair, jumping rope, and eating pizza, with the text overlays providing commentary on their appearance and behavior. The video also includes text overlays in English, which provide additional commentary on the person's appearance and actions. The video concludes with the person sitting at a table in a restaurant, with",Entertainment & Shows
7327164126822763808,"The video showcases a series of military parades from different countries, featuring women in uniform marching in formation. The countries represented include China, Russia, Vietnam, South Korea, and North Korea. The women are dressed in various uniforms, including green, black, beige, and gray, and are seen marching in unison, with the flags of their respective countries displayed prominently. The video also includes a person in a military uniform standing in the background, observing the parade.",Entertainment & Shows
7371855904813157664,"The video features two individuals standing side by side in a room, with a white wall and a bed in the background. The person on the left is wearing a white shirt with a pink design and denim shorts, while the person on the right is wearing a white shirt with a pink design and black pants. The video is titled ""pre summer sets"" and includes a list of statistics for each person, such as ""Jula"" and ""Amelie"" with various numbers and symbols. The video also includes emojis, such as a heart and a star, to add a playful touch. The individuals appear to be posing for the camera, with the person on the left making a peace",Entertainment & Shows
7354696392129924385,"The video showcases a series of close-up shots of a red sports car at a car show. The car is detailed with a carbon fiber body and black wheels. The video begins with a close-up of the car's side, highlighting its sleek design and the reflection of the showroom lights on its glossy surface. The car is then shown from the rear, revealing its distinctive rear spoiler and the ""TORQUE CROSSFLOW"" badge on the trunk. The video continues with a focus on the car's front, showcasing its aggressive design and the ""Porsche"" logo on the grille. The final shot captures the car from a side angle, emphasizing its aerodynamic shape",1. News
7293639077671210286,"The video shows a person feeding fish from a white bucket filled with fish food. The person is standing on a wooden dock by a body of water, and the fish are swimming around the bucket. The person is holding the bucket with one hand and feeding the fish with the other. The fish are swimming around the bucket and some are jumping out of the water. The person is smiling and enjoying the experience.",1. Pets & Animals
7357227155979275526,"A group of people are standing on a cobblestone street at dusk. The group consists of a man in a beige jacket, a woman in a white jacket, a child in a light blue outfit, and another child in a light blue outfit. The man in the beige jacket is holding a microphone and appears to be interviewing the group. The woman in the white jacket is holding a microphone and appears to be recording the interview. The children are holding orange cups. The background shows a building with awnings and people walking around. The atmosphere is lively and festive.",Entertainment & Shows
7394532218032491808,"The video features a woman in a pink dress and a man in a black shirt standing on a sidewalk. The woman is holding a pink purse and appears to be talking to the man. The man is wearing a black shirt and has a black belt around his waist. The background shows a street with parked cars and a fence. The sky is cloudy, and the sun is setting. The woman is wearing a necklace and has her hair down. The man is wearing a black belt and has a black belt around his waist. The woman is wearing a necklace and has her hair down. The man is wearing a black shirt and has a black belt around his waist. The woman is wearing a necklace and has",1. Entertainment & Shows
7354508802932133166,"The video starts with a person in a room, wearing a light-colored shirt, with a background of a bookshelf filled with books. The text ""Booktok"" appears at the top of the screen, followed by ""Stitch Incoming"" in red. The person gestures with their hands, and the TikTok username '@emmiesh' is displayed at the bottom of the screen. The scene transitions to a person sitting in a car, wearing a light-colored shirt, with a background of trees and a fence outside the window. The text ""I'm not sure why you're talking about this"" appears at the bottom of the screen. The person continues to speak, and",Entertainment & Shows
7344855206242389280,A woman in a black blazer and white shirt is sitting in front of a wooden background. She is talking to the camera.,Politics
7377794153071037739,"The video is a series of clips from the TV show ""The Office,"" featuring various characters in an office setting. The characters are engaged in conversations and interactions, with the text overlay providing context and dialogue. The video captures the characters' reactions and emotions, creating a humorous and engaging narrative.",Entertainment & Shows
7349706117166959879,"The video features a person standing in a natural setting, surrounded by trees and foliage. The person is wearing a light-colored shirt and is speaking directly to the camera. The text overlays on the video include phrases such as ""What's up everyone?"", ""It is Frankie Muniz here and I am officially going into the jungle."", ""I don't know how to feel."", ""I'm excited."", ""I'm nervous."", ""You know, I'm normally a very organized and a planner and a control freak and I don't get to control anything here."", ""So I'm along for the ride and, you know, I hope they go easy on me."", and ""That's",1. News
7308194891656400170,"The video shows a group of people in a stadium, with a large crowd of fans wearing red and white. The fans are cheering and celebrating, with some holding up signs and others taking photos. The atmosphere is lively and energetic, with the fans showing their support for their team.",Sports
7375105398946139398,"The video shows a person in a light blue robe standing in a living room, talking to the camera. The person is wearing a checkered shirt and brown shoes. The living room has a large window with orange curtains, a couch, and a coffee table. The person is holding a remote control and a phone. The person is also seen sitting on a chair in the living room, holding a phone and looking at it. The person is wearing a ring on their finger. The person is also seen standing in a doorway, wearing a light blue robe. The person is holding a phone and looking at it. The person is also seen standing in a doorway, wearing a light blue robe. The",Entertainment & Shows
7387067236218916129,"A woman is standing in front of a purple and pink cake box in a store. She is wearing a white shirt and a green and white patterned skirt. The store has a sign that says ""Cake Box"" and a display case with various cakes. The woman is holding a cupcake and talking to the camera.",Entertainment & Shows
7323395108378840351,"The video shows a person dancing in a hallway. The person is wearing a gray sweatshirt and jeans. The hallway has a tiled floor and a Christmas tree decorated with red ornaments and a fan. The person dances energetically, moving their arms and legs in various directions.",Humor
7378610696390528289,"A man in a white lab coat is speaking into a microphone in front of a large screen. The screen shows a man in a suit and tie, and the text ""Hugo Décrypte"" is displayed in the top right corner. The man in the lab coat is talking about Emmanuel Macron's announcement of the dissolution of the National Assembly. He mentions that the announcement was made on June 30 and July 7, and that Emmanuel Macron will be the new Prime Minister. The man in the lab coat also mentions that the announcement was made in 1997 under the presidency of Jacques Chirac.",Politics
7292568999932529963,"The video shows a woman walking in a park, wearing a black t-shirt with a logo, black shorts, and holding a green water bottle. She is followed by another woman wearing a black sports bra and black leggings, also holding a green water bottle. They are walking on a path surrounded by trees and grass. The video then shows the two women walking on a dirt path in a park, with one woman wearing a black t-shirt with a logo, black shorts, and holding a green water bottle. The other woman is wearing a black sports bra and black leggings, also holding a green water bottle. They are walking on a dirt path surrounded by grass and trees.",Fitness & Health
7360445995945037088,"The video shows a group of wild boars walking on a paved surface at night. The boars are black and have a shiny coat. They are seen eating food from a person's hand, which is placed on the ground. The person is wearing a light-colored shirt and has a camera in their hand. The boars are curious and approach the person, sniffing and eating the food. The person is seen holding a can of food and a spoon, which they use to feed the boars. The boars are seen eating the food from the ground and from the person's hand. The person is also seen holding a camera and taking pictures of the boars. The boars are",Entertainment & Shows
7356329953622822187,"The video features a person wearing a colorful cap and a gray shirt with a logo on it. The person is standing in front of a computer screen displaying a stock chart for Trump Media & Technology Group Corp. The stock price is shown to be falling, with a value of 34.21 USD. The person is seen speaking and gesturing with their hands, and the text on the screen changes to provide commentary on the stock's performance. The video also includes a series of text overlays that provide additional commentary on the stock's performance.",Sports
7376774039899082027,"The video shows a group of elderly people in wheelchairs in a museum, with some of them holding objects like a drum and a cane. The text on the screen suggests that the artwork is a 2007 installation by Sun Yuan and Peng Yu, which features 13 realistic sculptures of elderly world leaders. The sculptures are displayed in electric wheelchairs, and the video humorously compares them to world leaders, dictators, politicians, and religious and military figures from recent history. The video also mentions that the artwork is currently on show at the Borster Commerce Pinot Collections The World As It Goes exhibition in Paris.",Science & Technology
7394396617882799366,"The video features a person with curly red hair, wearing a dark top, holding a large, colorful drink in their hand. The drink is decorated with various colors and patterns, including pink, white, and blue. The person appears to be in a dimly lit room, with a dark background. The text overlay at the top of the video reads ""POV: Your cousin gives you something to do drink,"" suggesting that the person is reacting to a situation where someone has given them a drink. The video does not provide any additional context or information about the situation or the person's reaction.",1. News
7382929842615979296,A person is sitting in a room and talking to the camera. They are wearing a white shirt and have a ring on their finger. The room has white walls and a mirror in the background. The person is talking about how they are feeling tired and have been working on the computer for the last few hours. They are not finding anything useful and are feeling frustrated.,Entertainment & Shows
7283171808595971370,"The video features a woman with long black hair, wearing a gray tank top, standing in a room with a plant in the background. She is holding a phone and appears to be speaking, as indicated by her hand gestures. The text overlay on the video reads, ""NO BECAUSE I'M REAL AORES WHEN THE DUCK DUCK AOKING STAND THE GUY AT THE TEAMKAMAD FOR THEY MAD FAWTFIRS LMAO."" The woman's facial expressions and hand movements suggest she is reacting to something humorous or surprising.",1. News
7299771215755906312,Two women are dancing in a gym. They are wearing black jackets and pants. They are dancing in a room with wooden floors and a gray wall.,Entertainment & Shows
7397523950391086369,"A group of cartoon fruits, including apples, oranges, and a pineapple, are gathered together in a dark room. The fruits are animated and have happy expressions on their faces. They are arranged in a line, with the apple in the center. The apple is wearing a tiara and has a crown on its head. The other fruits are smaller and have different colored hats on their heads. The background is black, and the fruits are brightly colored. The fruits are all smiling and appear to be happy. The video ends with the fruits still smiling and the background remaining black.",Film & Animation
7410518813021637930,"The video shows a man in a suit and tie sitting in a room with a woman in the background. The man is speaking, and the text overlay on the screen reads, ""Do you think Americans seriously think that this is an important question?"" The woman in the background is wearing a white blazer and appears to be listening to the man. The setting appears to be a formal or professional environment, possibly a meeting or press conference. The video does not provide any additional context or information about the man's identity or the woman's role.",Politics
